MCC,MNC,PLMN,TMSI,LMSI,TLLI,LAI,RAI,Network_Type
240,1,24001,35227596,86561349,51822494,240-01,240-01,5G
240,1,24001,87439894,61802281,72821687,240-01,240-01,5G
240,1,24001,56516684,54762761,43834669,240-01,240-01,3G
240,1,24001,59895540,77410319,36102122,240-01,240-01,5G
240,1,24001,37625000,12939301,45544629,240-01,240-01,3G
240,1,24001,92165463,29606481,47671140,240-01,240-01,5G
240,1,24001,34616318,44766754,83687343,240-01,240-01,4G
240,1,24001,51373726,87275836,61078195,240-01,240-01,5G
240,1,24001,65227895,97360518,83177388,240-01,240-01,5G
240,1,24001,63662574,25164338,35499999,240-01,240-01,3G
240,1,24001,92232863,90193905,52704445,240-01,240-01,4G
240,1,24001,52250849,16513791,61439836,240-01,240-01,5G
240,1,24001,36764200,46160370,63558591,240-01,240-01,3G
240,1,24001,91046047,66715114,13874492,240-01,240-01,5G
240,1,24001,80422222,48419424,87136375,240-01,240-01,3G
240,1,24001,38023212,12982462,87087883,240-01,240-01,4G
240,1,24001,85757850,92405739,81928071,240-01,240-01,5G
240,1,24001,70866550,64984214,85852637,240-01,240-01,4G
240,1,24001,20446333,30878917,32031011,240-01,240-01,4G
240,1,24001,91856117,51173244,80978909,240-01,240-01,5G
240,1,24001,72784120,27090168,33827105,240-01,240-01,5G
240,1,24001,57120242,81097466,84085203,240-01,240-01,5G
240,1,24001,79617772,50651019,11737648,240-01,240-01,3G
240,1,24001,62873708,40441934,56040495,240-01,240-01,4G
240,1,24001,46788669,99805361,62947643,240-01,240-01,5G
240,1,24001,46462145,77110058,13998970,240-01,240-01,3G
240,1,24001,20479220,35892958,19651417,240-01,240-01,3G
240,1,24001,31016430,59500373,75157265,240-01,240-01,5G
240,1,24001,80078329,77575721,73884232,240-01,240-01,3G
240,1,24001,66763645,28361147,68333328,240-01,240-01,3G
240,1,24001,59652341,30729914,65522056,240-01,240-01,3G
240,1,24001,24932588,26094565,34722537,240-01,240-01,5G
240,1,24001,84640188,74704472,16437848,240-01,240-01,3G
240,1,24001,56937745,28873594,61756770,240-01,240-01,3G
240,1,24001,85101277,53202718,99686171,240-01,240-01,3G
240,1,24001,76021308,17615725,49781775,240-01,240-01,3G
240,1,24001,73887159,71185853,16225289,240-01,240-01,4G
240,1,24001,41755647,76434447,18206060,240-01,240-01,3G
240,1,24001,66990358,69492959,47732685,240-01,240-01,3G
240,1,24001,65599035,64219649,95595625,240-01,240-01,5G
240,1,24001,81337090,64338790,95070542,240-01,240-01,5G
240,1,24001,69582170,41400006,59051538,240-01,240-01,5G
240,1,24001,29895764,75236232,90901046,240-01,240-01,3G
240,1,24001,48054484,99002320,83117020,240-01,240-01,3G
240,1,24001,86532216,54346068,94315180,240-01,240-01,5G
240,1,24001,35886464,42406521,13467983,240-01,240-01,3G
240,1,24001,87626848,23404656,42288306,240-01,240-01,3G
240,1,24001,53304715,24157326,28575630,240-01,240-01,5G
240,1,24001,51079038,84386507,14607766,240-01,240-01,4G
240,1,24001,50095619,68763065,16015957,240-01,240-01,4G
240,1,24001,11636556,12795318,69266307,240-01,240-01,3G
240,1,24001,79848960,64423909,81866836,240-01,240-01,5G
240,1,24001,47599792,50663813,71853999,240-01,240-01,4G
240,1,24001,79512579,19976098,64303440,240-01,240-01,5G
240,1,24001,18454710,50536141,73226449,240-01,240-01,4G
240,1,24001,57401916,97457915,20051763,240-01,240-01,3G
240,1,24001,54874708,74759745,83716622,240-01,240-01,5G
240,1,24001,80989847,52757016,78950968,240-01,240-01,3G
240,1,24001,18099465,25447858,17257718,240-01,240-01,3G
240,1,24001,32326216,30510127,92721482,240-01,240-01,5G
240,1,24001,41002936,53174963,21774243,240-01,240-01,5G
240,1,24001,45480916,61093775,86609723,240-01,240-01,5G
240,1,24001,94338295,88823588,58157096,240-01,240-01,5G
240,1,24001,92373451,92570611,76479255,240-01,240-01,4G
240,1,24001,65265241,82657200,83594589,240-01,240-01,4G
240,1,24001,47644245,32015142,58897663,240-01,240-01,4G
240,1,24001,90059150,61758547,63943485,240-01,240-01,5G
240,1,24001,93669494,52754704,18462122,240-01,240-01,4G
240,1,24001,87043806,25984510,98683400,240-01,240-01,3G
240,1,24001,37207753,35669265,81931876,240-01,240-01,5G
240,1,24001,20463528,63285256,23262353,240-01,240-01,5G
240,1,24001,50956507,56653478,41051037,240-01,240-01,5G
240,1,24001,88759943,12556127,18365571,240-01,240-01,3G
240,1,24001,29954156,84002407,28162128,240-01,240-01,3G
240,1,24001,58786765,87222882,24714880,240-01,240-01,5G
240,1,24001,67630695,12291518,11602093,240-01,240-01,3G
240,1,24001,10921823,17229891,67567853,240-01,240-01,4G
240,1,24001,66595092,47158429,38631413,240-01,240-01,3G
240,1,24001,63669688,32161331,30964924,240-01,240-01,5G
240,1,24001,30028316,95303259,86742440,240-01,240-01,3G
240,1,24001,31223177,62152213,89807196,240-01,240-01,5G
240,1,24001,25972268,80273899,79483001,240-01,240-01,3G
240,1,24001,49727525,55335920,61782471,240-01,240-01,5G
240,1,24001,82246765,84664690,97322847,240-01,240-01,4G
240,1,24001,30379740,83091013,21594930,240-01,240-01,3G
240,1,24001,92472964,85159153,99237298,240-01,240-01,3G
240,1,24001,95789089,19543901,14962952,240-01,240-01,5G
240,1,24001,17622509,89678649,54272619,240-01,240-01,5G
240,1,24001,17533774,30263820,64968583,240-01,240-01,4G
240,1,24001,23253683,49494567,73345299,240-01,240-01,3G
240,1,24001,30405709,12448051,41417156,240-01,240-01,4G
240,1,24001,24910985,50493779,45662106,240-01,240-01,4G
240,1,24001,50857225,55245285,99862175,240-01,240-01,4G
240,1,24001,81617429,98470700,86773382,240-01,240-01,3G
240,1,24001,71999113,38082805,15722754,240-01,240-01,5G
240,1,24001,66849053,30893891,96471235,240-01,240-01,3G
240,1,24001,67314516,49200051,75338358,240-01,240-01,3G
240,1,24001,45711362,34816404,14219278,240-01,240-01,4G
240,1,24001,37112953,31419300,90630628,240-01,240-01,4G
240,1,24001,70895002,56563040,15578915,240-01,240-01,3G
240,1,24001,41327334,23828028,60267861,240-01,240-01,4G
240,1,24001,14742507,24248283,35604699,240-01,240-01,5G
240,1,24001,15988521,53921055,10816804,240-01,240-01,5G
240,1,24001,90191723,71824676,62097935,240-01,240-01,4G
240,1,24001,56828243,80947048,87060282,240-01,240-01,3G
240,1,24001,18451458,37181557,37300601,240-01,240-01,5G
240,1,24001,96170326,56256005,18491022,240-01,240-01,4G
240,1,24001,96874867,47803556,19280751,240-01,240-01,4G
240,1,24001,32305914,62175237,37141122,240-01,240-01,4G
240,1,24001,54474161,74766362,92098777,240-01,240-01,4G
240,1,24001,61588819,97079466,24393568,240-01,240-01,4G
240,1,24001,11794175,45020692,58059106,240-01,240-01,4G
240,1,24001,27988663,79721042,63780690,240-01,240-01,3G
240,1,24001,75396806,93156542,59048903,240-01,240-01,4G
240,1,24001,60584484,81922869,93341902,240-01,240-01,5G
240,1,24001,45822393,42617168,62068298,240-01,240-01,4G
240,1,24001,12664610,17068937,48540398,240-01,240-01,3G
240,1,24001,82992825,19059173,10635390,240-01,240-01,4G
240,1,24001,53026956,39298347,50709398,240-01,240-01,3G
240,1,24001,94269164,11390583,50126669,240-01,240-01,4G
240,1,24001,61244135,84864693,22720439,240-01,240-01,5G
240,1,24001,42584635,92868419,98508852,240-01,240-01,5G
240,1,24001,40285126,79447051,65101927,240-01,240-01,3G
240,1,24001,10984932,67395301,48978779,240-01,240-01,4G
240,1,24001,39945123,70540660,89534319,240-01,240-01,3G
240,1,24001,49831908,30486591,16961850,240-01,240-01,4G
240,1,24001,86425897,35149742,67698523,240-01,240-01,5G
240,1,24001,91517667,83823433,74609283,240-01,240-01,4G
240,1,24001,95467258,25601316,99734664,240-01,240-01,3G
240,1,24001,45296189,67388936,11504808,240-01,240-01,5G
240,1,24001,79104106,27787949,97536174,240-01,240-01,5G
240,1,24001,29189976,65969553,23481484,240-01,240-01,5G
240,1,24001,24670273,59438152,55410975,240-01,240-01,5G
240,1,24001,14272964,49737084,45006467,240-01,240-01,3G
240,1,24001,13556080,82486148,41167751,240-01,240-01,4G
240,1,24001,63574777,80718771,10528276,240-01,240-01,5G
240,1,24001,30055330,84476283,49143881,240-01,240-01,5G
240,1,24001,22508306,43625852,12110538,240-01,240-01,4G
240,1,24001,63755712,16628767,17295267,240-01,240-01,3G
240,1,24001,87834708,19755072,65331878,240-01,240-01,5G
240,1,24001,10037012,87712148,50888288,240-01,240-01,4G
240,1,24001,95348374,89462490,60894953,240-01,240-01,5G
240,1,24001,91599704,49362859,86562426,240-01,240-01,3G
240,1,24001,28727558,39096259,43300552,240-01,240-01,5G
240,1,24001,33651257,54506434,63844762,240-01,240-01,5G
240,1,24001,60754620,70698838,82847315,240-01,240-01,5G
240,1,24001,43384435,66137737,98555480,240-01,240-01,5G
240,1,24001,54787878,42714377,71390736,240-01,240-01,3G
240,1,24001,58680595,91392938,58601520,240-01,240-01,4G
240,1,24001,56814971,25371665,39366345,240-01,240-01,5G
240,1,24001,80729178,17153530,77107861,240-01,240-01,3G
240,1,24001,23406959,91032905,12304753,240-01,240-01,3G
240,1,24001,99986783,63382896,19938454,240-01,240-01,4G
240,1,24001,53831252,58541332,20825629,240-01,240-01,5G
240,1,24001,67823657,16771548,38436646,240-01,240-01,3G
240,1,24001,18440877,26125491,83224444,240-01,240-01,3G
240,1,24001,92758814,61477433,77160416,240-01,240-01,5G
240,1,24001,19171702,73035676,49426568,240-01,240-01,5G
240,1,24001,66832292,54666201,58880042,240-01,240-01,3G
240,1,24001,72134336,30973945,77781979,240-01,240-01,5G
240,1,24001,10928203,40271409,48276040,240-01,240-01,3G
240,1,24001,31898120,17388684,82196251,240-01,240-01,4G
240,1,24001,80028660,19198407,50333838,240-01,240-01,4G
240,1,24001,64828652,69120407,19591045,240-01,240-01,4G
240,1,24001,55229893,24648650,21471606,240-01,240-01,3G
240,1,24001,74760772,22094693,40044413,240-01,240-01,4G
240,1,24001,81967151,50145242,46046737,240-01,240-01,3G
240,1,24001,91401959,21269606,50775877,240-01,240-01,3G
240,1,24001,19282841,77294880,59392991,240-01,240-01,5G
240,1,24001,55184258,95906119,76555799,240-01,240-01,3G
240,1,24001,32371329,98971015,46854537,240-01,240-01,5G
240,1,24001,39348623,74883685,18493492,240-01,240-01,5G
240,1,24001,24326415,84868889,77588018,240-01,240-01,5G
240,1,24001,56825709,28758882,39689528,240-01,240-01,3G
240,1,24001,66228262,89048251,76417962,240-01,240-01,5G
240,1,24001,96354395,13832583,91089817,240-01,240-01,4G
240,1,24001,38465030,12174592,26464547,240-01,240-01,3G
240,1,24001,51159321,71260015,51583948,240-01,240-01,3G
240,1,24001,65212634,41669694,71724160,240-01,240-01,5G
240,1,24001,44962253,68670848,73598396,240-01,240-01,5G
240,1,24001,75577541,68493455,93520422,240-01,240-01,4G
240,1,24001,91954016,32943711,62235809,240-01,240-01,4G
240,1,24001,29860849,39357260,33858245,240-01,240-01,3G
240,1,24001,43237131,57587098,79473171,240-01,240-01,5G
240,1,24001,66607808,85662879,16813548,240-01,240-01,5G
240,1,24001,88007295,53476493,99535891,240-01,240-01,5G
240,1,24001,66377474,46516147,34973263,240-01,240-01,5G
240,1,24001,82235822,68302211,30977013,240-01,240-01,4G
240,1,24001,45676470,19339345,42447972,240-01,240-01,3G
240,1,24001,61764722,99071263,29594766,240-01,240-01,3G
240,1,24001,73381808,12199169,23796504,240-01,240-01,3G
240,1,24001,12507319,34960747,57963735,240-01,240-01,3G
240,1,24001,25987381,48210516,41816990,240-01,240-01,5G
240,1,24001,14714360,85164327,15688328,240-01,240-01,4G
240,1,24001,12429422,69319814,40348122,240-01,240-01,4G
240,1,24001,40391058,16074515,23070865,240-01,240-01,3G
240,1,24001,53333904,73685782,38902774,240-01,240-01,3G
240,1,24001,83347810,98823114,68183518,240-01,240-01,3G
240,1,24001,89304277,81042950,87385109,240-01,240-01,5G
240,1,24001,76184791,59571822,63656701,240-01,240-01,4G
240,1,24001,63517902,80958698,56609004,240-01,240-01,5G
240,1,24001,74943947,45220530,93759971,240-01,240-01,4G
240,1,24001,53471699,65674138,93282078,240-01,240-01,4G
240,1,24001,54281111,90110768,41493949,240-01,240-01,4G
240,1,24001,60038055,64749713,48173205,240-01,240-01,3G
240,1,24001,86932372,72310079,35045866,240-01,240-01,3G
240,1,24001,47243126,68234985,35494256,240-01,240-01,4G
240,1,24001,26125370,43693116,48160752,240-01,240-01,5G
240,1,24001,51949021,29761075,30016622,240-01,240-01,4G
240,1,24001,75455525,65930753,41131675,240-01,240-01,5G
240,1,24001,64598612,59789468,99650861,240-01,240-01,5G
240,1,24001,42631431,59327955,27143923,240-01,240-01,4G
240,1,24001,12784062,20914375,44376554,240-01,240-01,3G
240,1,24001,93894659,94054370,55001142,240-01,240-01,5G
240,1,24001,37860950,50453803,56403344,240-01,240-01,5G
240,1,24001,33308821,24109354,47536949,240-01,240-01,5G
240,1,24001,86666709,81406503,98962617,240-01,240-01,3G
240,1,24001,25578731,42177337,29393210,240-01,240-01,5G
240,1,24001,83217995,16576822,81058187,240-01,240-01,3G
240,1,24001,11614440,65363552,30901757,240-01,240-01,5G
240,1,24001,56978770,49838046,52542810,240-01,240-01,5G
240,1,24001,26835270,59340886,86500849,240-01,240-01,3G
240,1,24001,91754387,17923937,30448471,240-01,240-01,4G
240,1,24001,22622255,51823208,62872331,240-01,240-01,4G
240,1,24001,35289622,48913045,21159518,240-01,240-01,5G
240,1,24001,92091957,63804913,52285358,240-01,240-01,5G
240,1,24001,16268431,78987025,93061230,240-01,240-01,3G
240,1,24001,87993330,78699457,57607333,240-01,240-01,4G
240,1,24001,91857347,32334235,51060545,240-01,240-01,4G
240,1,24001,49237023,45071097,86770787,240-01,240-01,5G
240,1,24001,48353571,74475926,86900747,240-01,240-01,4G
240,1,24001,18649310,17403724,34708076,240-01,240-01,3G
240,1,24001,72005118,26647703,40065231,240-01,240-01,5G
240,1,24001,34908947,18410144,23625218,240-01,240-01,3G
240,1,24001,44111689,46664055,25705101,240-01,240-01,5G
240,1,24001,44618972,81016653,15755360,240-01,240-01,4G
240,1,24001,18487784,12996697,88877893,240-01,240-01,4G
240,1,24001,38246349,82281490,45837685,240-01,240-01,4G
240,1,24001,10876795,95801636,71383863,240-01,240-01,4G
240,1,24001,82164401,80347763,23377974,240-01,240-01,3G
240,1,24001,52152621,82060842,32369116,240-01,240-01,5G
240,1,24001,55385178,34820809,96840860,240-01,240-01,3G
240,1,24001,45390742,72492235,34337565,240-01,240-01,3G
240,1,24001,69380143,85936873,79291515,240-01,240-01,3G
240,1,24001,47279884,88138610,33621200,240-01,240-01,5G
240,1,24001,44183041,33237845,27499771,240-01,240-01,4G
240,1,24001,65961372,75449587,90822123,240-01,240-01,4G
240,1,24001,91403952,13544678,89635982,240-01,240-01,4G
240,1,24001,46863927,40508248,41179792,240-01,240-01,5G
240,1,24001,53258931,27675757,55598289,240-01,240-01,5G
240,1,24001,83205863,99856328,87373873,240-01,240-01,5G
240,1,24001,99242221,29911247,62245200,240-01,240-01,4G
240,1,24001,28566151,94833022,88061593,240-01,240-01,5G
240,1,24001,32553603,48364965,76561156,240-01,240-01,3G
240,1,24001,65060122,54591769,70462886,240-01,240-01,3G
240,1,24001,53577645,22908805,49361851,240-01,240-01,5G
240,1,24001,73790672,23980849,34257219,240-01,240-01,3G
240,1,24001,59615711,29771753,40416907,240-01,240-01,3G
240,1,24001,28769895,92861744,57019700,240-01,240-01,3G
240,1,24001,32203956,57997910,47997471,240-01,240-01,4G
240,1,24001,53563382,94161774,16815341,240-01,240-01,3G
240,1,24001,41659444,72087832,48286927,240-01,240-01,5G
240,1,24001,17232937,10823335,64151498,240-01,240-01,5G
240,1,24001,85340769,99895179,32437180,240-01,240-01,4G
240,1,24001,71480347,83032500,75251084,240-01,240-01,5G
240,1,24001,32228447,12600770,91638650,240-01,240-01,3G
240,1,24001,75234771,56114154,88078250,240-01,240-01,5G
240,1,24001,79600741,55636741,87804085,240-01,240-01,5G
240,1,24001,52940827,64144237,21709806,240-01,240-01,4G
240,1,24001,55222879,68786872,26070591,240-01,240-01,5G
240,1,24001,28316298,73053696,90475546,240-01,240-01,5G
240,1,24001,23808430,94114880,30631007,240-01,240-01,5G
240,1,24001,36163617,59338049,16075748,240-01,240-01,3G
240,1,24001,28318026,50031756,25244681,240-01,240-01,4G
240,1,24001,29995756,19483116,52876758,240-01,240-01,5G
240,1,24001,98094139,87683293,26820691,240-01,240-01,4G
240,1,24001,17424680,65814545,57698645,240-01,240-01,5G
240,1,24001,81688886,49318668,99694191,240-01,240-01,3G
240,1,24001,19980758,20025621,41248449,240-01,240-01,3G
240,1,24001,88768380,14531854,25502068,240-01,240-01,4G
240,1,24001,37256236,56719511,34883031,240-01,240-01,5G
240,1,24001,89048576,87110995,29530165,240-01,240-01,5G
240,1,24001,11226366,80340120,83025342,240-01,240-01,3G
240,1,24001,84968506,76625915,51158853,240-01,240-01,4G
240,1,24001,64373107,97678730,45179375,240-01,240-01,4G
240,1,24001,11561522,66995447,56099311,240-01,240-01,3G
240,1,24001,61674229,26160597,36199951,240-01,240-01,3G
240,1,24001,38487949,35686581,11939533,240-01,240-01,4G
240,1,24001,33380275,46313505,53100699,240-01,240-01,5G
240,1,24001,49873413,52926965,11571994,240-01,240-01,4G
240,1,24001,81931239,33089697,66892003,240-01,240-01,4G
240,1,24001,61794476,54760508,21315819,240-01,240-01,5G
240,1,24001,99058804,47843348,10894191,240-01,240-01,3G
240,1,24001,76433414,77778730,48089466,240-01,240-01,4G
240,1,24001,50586437,89674610,27620635,240-01,240-01,5G
240,1,24001,77989701,96000846,64930358,240-01,240-01,3G
240,1,24001,20961250,80252956,55475857,240-01,240-01,5G
240,1,24001,46336303,22706384,23459571,240-01,240-01,3G
240,1,24001,78092417,51908038,10231716,240-01,240-01,4G
240,1,24001,29040633,86652401,76240063,240-01,240-01,4G
240,1,24001,41788301,75452769,22330899,240-01,240-01,5G
240,1,24001,37181363,13289606,56585550,240-01,240-01,4G
240,1,24001,27942280,21803915,50297944,240-01,240-01,5G
240,1,24001,60305158,42927022,80628366,240-01,240-01,5G
240,1,24001,48923189,62258254,44127071,240-01,240-01,3G
240,1,24001,74197824,93025415,89770755,240-01,240-01,5G
240,1,24001,86840648,77246335,36421124,240-01,240-01,3G
240,1,24001,10298822,79584618,98998860,240-01,240-01,3G
240,1,24001,47334326,41479494,34890787,240-01,240-01,3G
240,1,24001,71678667,94580882,63616216,240-01,240-01,5G
240,1,24001,62248533,92980860,70267383,240-01,240-01,5G
240,1,24001,45576353,60028274,80169102,240-01,240-01,3G
240,1,24001,57508785,89430739,66145467,240-01,240-01,5G
240,1,24001,99444401,17020866,16376765,240-01,240-01,5G
240,1,24001,24214197,78905699,30621296,240-01,240-01,5G
240,1,24001,97903447,61311838,39482498,240-01,240-01,4G
240,1,24001,92868521,18722699,59401733,240-01,240-01,4G
240,1,24001,90039049,33921732,51487988,240-01,240-01,5G
240,1,24001,81908422,50146728,45769892,240-01,240-01,5G
240,1,24001,69578952,65969797,29674135,240-01,240-01,3G
240,1,24001,99733431,92770134,18049008,240-01,240-01,5G
240,1,24001,52006782,79892433,85858072,240-01,240-01,5G
240,1,24001,92300398,28695510,15829240,240-01,240-01,4G
240,1,24001,31412847,20974881,95465221,240-01,240-01,5G
240,1,24001,59963791,53676310,95309881,240-01,240-01,4G
240,1,24001,30698681,70622642,31116491,240-01,240-01,4G
240,1,24001,70397199,86830128,26124394,240-01,240-01,4G
240,1,24001,35145413,60741375,58900850,240-01,240-01,3G
240,1,24001,72757394,26110301,11049368,240-01,240-01,5G
240,1,24001,28393858,87822989,34924011,240-01,240-01,4G
240,1,24001,49538837,74191712,16765160,240-01,240-01,5G
240,1,24001,34065324,59153419,75992386,240-01,240-01,5G
240,1,24001,30134255,47378029,90233270,240-01,240-01,4G
240,1,24001,25797849,68168781,16043879,240-01,240-01,3G
240,1,24001,73435486,26281614,37008237,240-01,240-01,3G
240,1,24001,78433467,10081735,25607882,240-01,240-01,4G
240,1,24001,51910940,18206574,63418471,240-01,240-01,5G
240,1,24001,80416806,41571516,46446594,240-01,240-01,5G
240,1,24001,83247419,76420277,45525203,240-01,240-01,5G
240,1,24001,62629426,97566277,44065531,240-01,240-01,3G
240,1,24001,36303793,31346368,41225215,240-01,240-01,4G
240,1,24001,76664109,35583824,51015652,240-01,240-01,5G
240,1,24001,15459220,56020761,22916471,240-01,240-01,5G
240,1,24001,52082188,54829328,67305629,240-01,240-01,5G
240,1,24001,91860970,26364494,50498338,240-01,240-01,3G
240,1,24001,83496848,24860861,13175783,240-01,240-01,5G
240,1,24001,82982554,34800044,80704270,240-01,240-01,4G
240,1,24001,56076705,19766383,14989851,240-01,240-01,4G
240,1,24001,38437295,60465898,20359514,240-01,240-01,4G
240,1,24001,22437777,32474210,28726470,240-01,240-01,4G
240,1,24001,27878197,53472710,70448278,240-01,240-01,3G
240,1,24001,75447049,11570173,14607062,240-01,240-01,3G
240,1,24001,54983146,83390678,12746683,240-01,240-01,5G
240,1,24001,38884695,88315059,46579486,240-01,240-01,4G
240,1,24001,92940183,90535810,43970789,240-01,240-01,4G
240,1,24001,56810797,94706093,92715899,240-01,240-01,4G
240,1,24001,63149673,77472694,73644368,240-01,240-01,5G
240,1,24001,36793075,42904793,62571536,240-01,240-01,5G
240,1,24001,50514048,33901790,50824010,240-01,240-01,4G
240,1,24001,53114331,16867529,51923853,240-01,240-01,3G
240,1,24001,43974355,58050783,87094537,240-01,240-01,5G
240,1,24001,72741396,95218031,70004537,240-01,240-01,4G
240,1,24001,38709905,86069382,70402031,240-01,240-01,5G
240,1,24001,32527682,20607293,46914748,240-01,240-01,5G
240,1,24001,42342068,34452313,88017899,240-01,240-01,4G
240,1,24001,46216993,13162875,21681800,240-01,240-01,4G
240,1,24001,69509956,83342245,81068618,240-01,240-01,3G
240,1,24001,67164090,56802547,96479280,240-01,240-01,5G
240,1,24001,19102788,38698627,48365548,240-01,240-01,4G
240,1,24001,41508262,61110589,94963370,240-01,240-01,5G
240,1,24001,89363798,73930860,19317461,240-01,240-01,3G
240,1,24001,32404410,82500574,88890354,240-01,240-01,3G
240,1,24001,11861257,96764821,39154032,240-01,240-01,5G
240,1,24001,39473899,86026690,50307043,240-01,240-01,5G
240,1,24001,56924335,98146979,42248006,240-01,240-01,4G
240,1,24001,15103198,22038501,28291043,240-01,240-01,4G
240,1,24001,96464120,29788310,24116116,240-01,240-01,5G
240,1,24001,27053372,13307525,20347399,240-01,240-01,3G
240,1,24001,95993058,33520521,31928096,240-01,240-01,4G
240,1,24001,27367378,95087876,13152788,240-01,240-01,3G
240,1,24001,63582363,43238869,35454835,240-01,240-01,3G
240,1,24001,10467173,58173355,44430235,240-01,240-01,4G
240,1,24001,16887885,98667818,72212620,240-01,240-01,5G
240,1,24001,24570213,34326938,80182482,240-01,240-01,5G
240,1,24001,49713437,44035129,77945189,240-01,240-01,4G
240,1,24001,43087762,70754351,29496385,240-01,240-01,3G
240,1,24001,63697247,63379280,11169359,240-01,240-01,4G
240,1,24001,45770069,90582277,13067992,240-01,240-01,4G
240,1,24001,68128604,94014010,46357733,240-01,240-01,3G
240,1,24001,30177682,79690001,99833507,240-01,240-01,5G
240,1,24001,16727708,81180253,33975236,240-01,240-01,4G
240,1,24001,82982235,51339593,93461020,240-01,240-01,3G
240,1,24001,49719949,85262946,26338985,240-01,240-01,5G
240,1,24001,16544282,76405770,39880787,240-01,240-01,5G
240,1,24001,26383921,70757788,85158022,240-01,240-01,4G
240,1,24001,80560858,96546623,76968700,240-01,240-01,3G
240,1,24001,59392689,84014245,56025620,240-01,240-01,5G
240,1,24001,29093126,96628708,64778022,240-01,240-01,5G
240,1,24001,65308553,35081821,74364523,240-01,240-01,5G
240,1,24001,98293077,71354659,66894994,240-01,240-01,3G
240,1,24001,12039147,53620352,83082097,240-01,240-01,5G
240,1,24001,20690941,36886628,23975665,240-01,240-01,3G
240,1,24001,21962238,83161206,89751454,240-01,240-01,4G
240,1,24001,79278231,39313068,75094589,240-01,240-01,4G
240,1,24001,84347264,58148763,11140685,240-01,240-01,5G
240,1,24001,93939798,37171463,14566257,240-01,240-01,5G
240,1,24001,20208550,36899094,16586479,240-01,240-01,4G
240,1,24001,93061907,53240012,79497678,240-01,240-01,3G
240,1,24001,57592286,53451769,14391099,240-01,240-01,3G
240,1,24001,97064030,92433774,61232404,240-01,240-01,4G
240,1,24001,21435783,68099574,75400420,240-01,240-01,5G
240,1,24001,96100132,36343799,74510134,240-01,240-01,5G
240,1,24001,82765019,49755059,66413133,240-01,240-01,5G
240,1,24001,69953060,43369987,69115833,240-01,240-01,4G
240,1,24001,33681826,15790030,24452373,240-01,240-01,3G
240,1,24001,15599824,35570040,99024039,240-01,240-01,5G
240,1,24001,13082579,29277889,67385596,240-01,240-01,4G
240,1,24001,40198805,25963367,35622342,240-01,240-01,5G
240,1,24001,81408885,57363434,26989345,240-01,240-01,5G
240,1,24001,41439355,49617866,54858913,240-01,240-01,5G
240,1,24001,85253755,97266958,20547534,240-01,240-01,3G
240,1,24001,14759263,31961658,67840156,240-01,240-01,4G
240,1,24001,56997746,17909321,25795434,240-01,240-01,4G
240,1,24001,60690912,22057325,60462782,240-01,240-01,3G
240,1,24001,27762307,42502327,91048729,240-01,240-01,4G
240,1,24001,97039702,87641209,16129134,240-01,240-01,5G
240,1,24001,88553351,47187591,78329194,240-01,240-01,4G
240,1,24001,13977477,80341912,88888660,240-01,240-01,4G
240,1,24001,83831468,85613061,81139091,240-01,240-01,5G
240,1,24001,14113547,63405158,18575249,240-01,240-01,3G
240,1,24001,71832269,43118038,22974629,240-01,240-01,3G
240,1,24001,68750872,34740952,31711296,240-01,240-01,5G
240,1,24001,71080810,52407174,12611186,240-01,240-01,5G
240,1,24001,55870760,36045820,77798379,240-01,240-01,5G
240,1,24001,46841296,64319383,26758432,240-01,240-01,5G
240,1,24001,43612245,18736492,47661180,240-01,240-01,4G
240,1,24001,26115547,88749824,28425231,240-01,240-01,4G
240,1,24001,28959938,11918697,42490090,240-01,240-01,3G
240,1,24001,61284985,91099555,74289952,240-01,240-01,4G
240,1,24001,86071485,19305478,74021460,240-01,240-01,4G
240,1,24001,82931281,80473991,66203859,240-01,240-01,3G
240,1,24001,32224745,71320890,96089122,240-01,240-01,5G
240,1,24001,26092942,14781519,62196248,240-01,240-01,3G
240,1,24001,54336317,31463846,70571476,240-01,240-01,3G
240,1,24001,32569265,66445369,39379796,240-01,240-01,4G
240,1,24001,10310311,56856147,28854146,240-01,240-01,4G
240,1,24001,67456346,35060881,23004906,240-01,240-01,5G
240,1,24001,64363702,55765752,80564023,240-01,240-01,4G
240,1,24001,80447924,74949363,80607043,240-01,240-01,3G
240,1,24001,78500413,12457884,75616772,240-01,240-01,3G
240,1,24001,38640453,48096498,74027474,240-01,240-01,4G
240,1,24001,37445263,89160319,13523773,240-01,240-01,3G
240,1,24001,80144849,40443442,36274968,240-01,240-01,4G
240,1,24001,42115109,84175696,98165510,240-01,240-01,3G
240,1,24001,17588946,40237022,99698000,240-01,240-01,4G
240,1,24001,71768561,73232828,53660548,240-01,240-01,4G
240,1,24001,74094959,65744446,85832027,240-01,240-01,4G
240,1,24001,77791733,48079890,43017813,240-01,240-01,5G
240,1,24001,62241882,94866729,62481436,240-01,240-01,3G
240,1,24001,87129449,56235780,54286468,240-01,240-01,3G
240,1,24001,38265165,30097347,38812554,240-01,240-01,5G
240,1,24001,93686293,26572694,56297803,240-01,240-01,3G
240,1,24001,84266676,21431492,25642562,240-01,240-01,4G
240,1,24001,54273173,62413774,93588223,240-01,240-01,5G
240,1,24001,17003722,49416134,12310031,240-01,240-01,3G
240,1,24001,46508634,70198032,41678695,240-01,240-01,4G
240,1,24001,56621379,82360729,50352227,240-01,240-01,3G
240,1,24001,32271645,83934284,92737034,240-01,240-01,3G
240,1,24001,81527938,82929062,93848617,240-01,240-01,3G
240,1,24001,52676152,19691928,50524091,240-01,240-01,4G
240,1,24001,30340529,39981270,59117318,240-01,240-01,3G
240,1,24001,95063154,63289090,52236963,240-01,240-01,5G
240,1,24001,83488697,71421883,22265303,240-01,240-01,5G
240,1,24001,96401179,90797708,34249869,240-01,240-01,5G
240,1,24001,76922413,48424918,85796440,240-01,240-01,4G
240,1,24001,38403806,12408612,47229335,240-01,240-01,5G
240,1,24001,38129080,78956272,14017622,240-01,240-01,4G
240,1,24001,15388460,60863042,60462604,240-01,240-01,3G
240,1,24001,13143190,36510153,37753968,240-01,240-01,5G
240,1,24001,11204639,70545501,97700073,240-01,240-01,4G
240,1,24001,33035749,44418605,96464035,240-01,240-01,3G
240,1,24001,21166024,67665936,52164240,240-01,240-01,3G
240,1,24001,90164516,70241968,30545530,240-01,240-01,4G
240,1,24001,10638807,83245484,32823248,240-01,240-01,5G
240,1,24001,33320120,21569667,58657501,240-01,240-01,4G
240,1,24001,33723680,59498675,77254340,240-01,240-01,4G
240,1,24001,58606582,15101036,79752252,240-01,240-01,5G
240,1,24001,37104371,52530473,73023019,240-01,240-01,3G
240,1,24001,22851244,42268743,59115919,240-01,240-01,3G
240,1,24001,69112292,50931743,34758483,240-01,240-01,3G
240,1,24001,88903916,67678523,89823507,240-01,240-01,5G
240,1,24001,74119286,63199033,55509773,240-01,240-01,4G
240,1,24001,33651487,69818283,47702757,240-01,240-01,4G
240,1,24001,76794475,21683950,76200692,240-01,240-01,3G
240,1,24001,26702904,32183356,92104283,240-01,240-01,4G
240,1,24001,63939504,39938568,20682693,240-01,240-01,3G
240,1,24001,95295076,87153846,48899555,240-01,240-01,3G
240,1,24001,47724483,52280624,27595395,240-01,240-01,5G
240,1,24001,50083727,66028948,32027743,240-01,240-01,4G
240,1,24001,22378634,40262788,55288671,240-01,240-01,4G
240,1,24001,30850552,22684071,47711773,240-01,240-01,4G
240,1,24001,27319298,41372267,44995065,240-01,240-01,4G
240,1,24001,43982207,46338356,62323968,240-01,240-01,5G
240,1,24001,54093390,53356614,55518793,240-01,240-01,3G
240,1,24001,97310727,72830220,41275064,240-01,240-01,5G
240,1,24001,29882093,82306356,39127524,240-01,240-01,3G
240,1,24001,90473840,45172022,77636796,240-01,240-01,5G
240,1,24001,28326080,24436881,37327459,240-01,240-01,4G
240,1,24001,88383110,86179870,46909436,240-01,240-01,5G
240,1,24001,73049045,53617077,73413051,240-01,240-01,5G
240,1,24001,74552032,22771702,80713926,240-01,240-01,4G
240,1,24001,17318224,45683321,77826262,240-01,240-01,4G
240,1,24001,58877980,50259025,24057011,240-01,240-01,3G
240,1,24001,82971270,37731426,62612158,240-01,240-01,4G
240,1,24001,51117028,46507491,45860777,240-01,240-01,4G
240,1,24001,68140647,45962414,62622618,240-01,240-01,5G
240,1,24001,41976021,86365571,43657542,240-01,240-01,3G
240,1,24001,54811321,77051587,99456556,240-01,240-01,4G
240,1,24001,31369310,82661434,84104617,240-01,240-01,4G
240,1,24001,28928313,12283881,33503492,240-01,240-01,3G
240,1,24001,83601390,78410457,46461052,240-01,240-01,4G
240,1,24001,74950270,94251908,59258415,240-01,240-01,4G
240,1,24001,56198721,28310124,24663087,240-01,240-01,3G
240,1,24001,70094847,64385926,90667435,240-01,240-01,5G
240,1,24001,51089656,26514871,78024436,240-01,240-01,4G
240,1,24001,48318718,66121617,40098536,240-01,240-01,4G
240,1,24001,43859558,37474078,36897872,240-01,240-01,5G
240,1,24001,80285914,82217402,35180558,240-01,240-01,3G
240,1,24001,59739226,96995116,16521730,240-01,240-01,4G
240,1,24001,55720286,12651921,74607505,240-01,240-01,5G
240,1,24001,96106060,93147087,15174122,240-01,240-01,3G
240,1,24001,98640490,86872863,81683676,240-01,240-01,3G
240,1,24001,96231437,52558557,26058087,240-01,240-01,3G
240,1,24001,94512665,63837595,48109250,240-01,240-01,4G
240,1,24001,74234326,92365189,22742182,240-01,240-01,3G
240,1,24001,50460397,66564570,96890195,240-01,240-01,4G
240,1,24001,14588164,76214637,63206257,240-01,240-01,4G
240,1,24001,41846163,11141941,79578258,240-01,240-01,5G
240,1,24001,12956700,38080345,46039265,240-01,240-01,3G
240,1,24001,40228439,82042649,98197706,240-01,240-01,4G
240,1,24001,75266862,75199870,45465958,240-01,240-01,3G
240,1,24001,28347357,45899276,12715438,240-01,240-01,5G
240,1,24001,72913538,65275273,31496512,240-01,240-01,3G
240,1,24001,80712569,50338696,21948786,240-01,240-01,4G
240,1,24001,57711803,60221736,79634794,240-01,240-01,3G
240,1,24001,71085015,59620930,56639365,240-01,240-01,5G
240,1,24001,62617677,71735709,71838078,240-01,240-01,5G
240,1,24001,55424060,91551375,93506424,240-01,240-01,5G
240,1,24001,29186450,78983673,41891566,240-01,240-01,5G
240,1,24001,45026319,54053777,86926984,240-01,240-01,5G
240,1,24001,31897097,33726369,33701622,240-01,240-01,3G
240,1,24001,69708878,16253741,20359870,240-01,240-01,5G
240,1,24001,86181022,60892277,60741039,240-01,240-01,4G
240,1,24001,28829225,54596276,49785653,240-01,240-01,4G
240,1,24001,33042445,90418355,41137554,240-01,240-01,5G
240,1,24001,41361164,98341867,46238530,240-01,240-01,5G
240,1,24001,97384563,83441038,85602405,240-01,240-01,4G
240,1,24001,17313215,60923738,52946794,240-01,240-01,5G
240,1,24001,70238548,14774592,86091958,240-01,240-01,3G
240,1,24001,21391059,68145078,59198271,240-01,240-01,4G
240,1,24001,33669339,28888210,54470732,240-01,240-01,5G
240,1,24001,90356254,28841056,53825712,240-01,240-01,5G
240,1,24001,33561810,10649787,95364953,240-01,240-01,5G
240,1,24001,16555090,80928432,35586234,240-01,240-01,5G
240,1,24001,26416552,25845420,86772014,240-01,240-01,3G
240,1,24001,52988020,47975876,93487930,240-01,240-01,4G
240,1,24001,51364929,12626194,76859617,240-01,240-01,5G
240,1,24001,35678805,31094024,52566010,240-01,240-01,3G
240,1,24001,24881037,38369260,39161618,240-01,240-01,5G
240,1,24001,67116372,99327938,98083701,240-01,240-01,5G
240,1,24001,98850134,12152463,45216238,240-01,240-01,5G
240,1,24001,64329637,63639078,49344132,240-01,240-01,5G
240,1,24001,29106632,51499888,35246480,240-01,240-01,4G
240,1,24001,74786451,84043049,58451207,240-01,240-01,4G
240,1,24001,75543963,40495257,11005908,240-01,240-01,4G
240,1,24001,54773401,17418998,54510158,240-01,240-01,4G
240,1,24001,34013863,50800752,13378105,240-01,240-01,5G
240,1,24001,81879097,55907777,26746033,240-01,240-01,3G
240,1,24001,83535285,58206169,98946140,240-01,240-01,3G
240,1,24001,84683784,86513045,45067348,240-01,240-01,3G
240,1,24001,74650911,10512206,75999911,240-01,240-01,4G
240,1,24001,62339513,66153980,25461129,240-01,240-01,4G
240,1,24001,14510990,15536330,94927748,240-01,240-01,4G
240,1,24001,83484077,41170826,74862929,240-01,240-01,4G
240,1,24001,85352173,80885861,27924730,240-01,240-01,4G
240,1,24001,27864211,77130494,20235963,240-01,240-01,5G
240,1,24001,20002777,32557499,81841798,240-01,240-01,3G
240,1,24001,20214368,36266665,93287208,240-01,240-01,4G
240,1,24001,66255336,15337549,73189728,240-01,240-01,5G
240,1,24001,45248551,71123176,40761245,240-01,240-01,3G
240,1,24001,82510300,46022439,79056455,240-01,240-01,4G
240,1,24001,85065802,20880532,71924162,240-01,240-01,3G
240,1,24001,13183662,16072047,45801787,240-01,240-01,3G
240,1,24001,41509886,30511196,83114233,240-01,240-01,5G
240,1,24001,59615125,13103247,20742974,240-01,240-01,3G
240,1,24001,68571492,84415910,22353495,240-01,240-01,3G
240,1,24001,49928106,35165048,15223849,240-01,240-01,5G
240,1,24001,31321272,11316813,78417724,240-01,240-01,3G
240,1,24001,84880545,57877654,22485160,240-01,240-01,5G
240,1,24001,74802869,18164967,65266426,240-01,240-01,3G
240,1,24001,52375840,18621321,21872383,240-01,240-01,3G
240,1,24001,40245468,51453540,41136267,240-01,240-01,3G
240,1,24001,87207566,31403285,59421804,240-01,240-01,3G
240,1,24001,40810353,27489123,38643659,240-01,240-01,5G
240,1,24001,53116073,11843522,89289762,240-01,240-01,4G
240,1,24001,23064594,98771053,87164403,240-01,240-01,5G
240,1,24001,46217531,45296179,45366329,240-01,240-01,5G
240,1,24001,36673070,26824906,36690942,240-01,240-01,3G
240,1,24001,51010289,87967559,19076839,240-01,240-01,3G
240,1,24001,77784826,88654421,45316188,240-01,240-01,4G
240,1,24001,72447820,70339946,26960066,240-01,240-01,4G
240,1,24001,44786945,43634747,67937480,240-01,240-01,5G
240,1,24001,66946774,58167675,12619179,240-01,240-01,4G
240,1,24001,18114386,89809817,77757354,240-01,240-01,3G
240,1,24001,67556246,60883585,78606150,240-01,240-01,5G
240,1,24001,62016237,23881847,51517094,240-01,240-01,3G
240,1,24001,16994625,38766334,58552871,240-01,240-01,5G
240,1,24001,63625748,26251667,20395581,240-01,240-01,5G
240,1,24001,90460960,36988494,31752244,240-01,240-01,4G
240,1,24001,21992160,96927645,11510280,240-01,240-01,4G
240,1,24001,82263461,18363667,63490519,240-01,240-01,4G
240,1,24001,62533785,57483557,26735199,240-01,240-01,5G
240,1,24001,46001486,84232219,67102059,240-01,240-01,3G
240,1,24001,95350104,73727032,82928912,240-01,240-01,5G
240,1,24001,17625317,18905129,72668347,240-01,240-01,4G
240,1,24001,16539412,37155759,46202061,240-01,240-01,3G
240,1,24001,70212667,79177044,90560548,240-01,240-01,3G
240,1,24001,85582106,28695259,34164319,240-01,240-01,5G
240,1,24001,11892295,12249472,98447472,240-01,240-01,3G
240,1,24001,87986815,54006674,57242353,240-01,240-01,3G
240,1,24001,27272115,26007650,11802848,240-01,240-01,3G
240,1,24001,89604180,89213657,54246210,240-01,240-01,5G
240,1,24001,14596420,21799803,27251439,240-01,240-01,3G
240,1,24001,41712124,95381060,17456144,240-01,240-01,3G
240,1,24001,25283754,19791542,94547427,240-01,240-01,3G
240,1,24001,14817697,39416825,44568786,240-01,240-01,5G
240,1,24001,39705122,85257792,77562740,240-01,240-01,5G
240,1,24001,78877275,95146948,73421747,240-01,240-01,3G
240,1,24001,17790099,72323631,27004464,240-01,240-01,5G
240,1,24001,12987305,19519692,95358846,240-01,240-01,3G
240,1,24001,20468926,16798504,98387083,240-01,240-01,5G
240,1,24001,17115368,99051648,76474149,240-01,240-01,3G
240,1,24001,42293908,39673644,61299188,240-01,240-01,3G
240,1,24001,83503450,71251578,82271516,240-01,240-01,3G
240,1,24001,24984675,60472425,39634808,240-01,240-01,4G
240,1,24001,64688795,44578855,63921004,240-01,240-01,3G
240,1,24001,10861848,75199415,80144688,240-01,240-01,5G
240,1,24001,75444480,78510775,52832732,240-01,240-01,5G
240,1,24001,96954913,98030230,36580828,240-01,240-01,4G
240,1,24001,29652235,78348631,73254422,240-01,240-01,3G
240,1,24001,66927829,92507051,50928647,240-01,240-01,3G
240,1,24001,18353383,26333336,46964601,240-01,240-01,4G
240,1,24001,92115579,30769412,30010898,240-01,240-01,4G
240,1,24001,72890848,40671442,43876715,240-01,240-01,5G
240,1,24001,99673891,80889682,79907504,240-01,240-01,3G
240,1,24001,45350030,37115614,86594137,240-01,240-01,5G
240,1,24001,95323800,84927531,37650935,240-01,240-01,5G
240,1,24001,61754391,84340498,70187003,240-01,240-01,5G
240,1,24001,14863482,94988728,83437766,240-01,240-01,3G
240,1,24001,29255457,54030987,95408340,240-01,240-01,3G
240,1,24001,87735491,26506813,22287309,240-01,240-01,3G
240,1,24001,38636224,57391208,88224589,240-01,240-01,5G
240,1,24001,91687604,33577023,36112637,240-01,240-01,4G
240,1,24001,92724438,38886263,29477935,240-01,240-01,3G
240,1,24001,16460823,45520581,76785825,240-01,240-01,3G
240,1,24001,83009795,46513721,85288344,240-01,240-01,4G
240,1,24001,28432774,59648875,92115943,240-01,240-01,3G
240,1,24001,34479378,91125918,91247738,240-01,240-01,3G
240,1,24001,83190443,60834013,39538542,240-01,240-01,5G
240,1,24001,64843956,46685031,21528373,240-01,240-01,3G
240,1,24001,45783474,20534725,60019302,240-01,240-01,4G
240,1,24001,56829410,65949506,37581736,240-01,240-01,3G
240,1,24001,91623555,99341134,43344069,240-01,240-01,4G
240,1,24001,42316376,73621801,66092849,240-01,240-01,3G
240,1,24001,11727765,26816233,83423835,240-01,240-01,4G
240,1,24001,40424404,64033725,49027144,240-01,240-01,3G
240,1,24001,99960082,47735749,32691286,240-01,240-01,4G
240,1,24001,47830705,21531427,98941637,240-01,240-01,3G
240,1,24001,45781221,22872163,95144687,240-01,240-01,5G
240,1,24001,62299983,11765574,71561665,240-01,240-01,3G
240,1,24001,45894244,88846054,28072885,240-01,240-01,4G
240,1,24001,90481378,38678986,33395070,240-01,240-01,5G
240,1,24001,23947585,66002106,62870864,240-01,240-01,4G
240,1,24001,61845039,31884706,23089974,240-01,240-01,5G
240,1,24001,49211386,47215514,42487435,240-01,240-01,3G
240,1,24001,34113345,38284997,61685166,240-01,240-01,4G
240,1,24001,95762942,27992911,88717913,240-01,240-01,5G
240,1,24001,95822604,55624007,13724087,240-01,240-01,3G
240,1,24001,94285757,80542403,34357761,240-01,240-01,4G
240,1,24001,76128965,71873722,44667580,240-01,240-01,3G
240,1,24001,96616016,58144734,29852384,240-01,240-01,4G
240,1,24001,95560742,11871215,92646073,240-01,240-01,3G
240,1,24001,31317941,14300339,99418553,240-01,240-01,5G
240,1,24001,82129264,24095815,38385292,240-01,240-01,3G
240,1,24001,89732384,22392753,37677586,240-01,240-01,3G
240,1,24001,21382274,51623706,19955008,240-01,240-01,5G
240,1,24001,21921283,37338829,82085967,240-01,240-01,3G
240,1,24001,35446030,94703551,46336706,240-01,240-01,3G
240,1,24001,10284566,10442537,61703555,240-01,240-01,5G
240,1,24001,54126080,14554477,20302602,240-01,240-01,3G
240,1,24001,48191015,65718870,22071832,240-01,240-01,5G
240,1,24001,86424722,58494904,36524568,240-01,240-01,5G
240,1,24001,35997633,80921688,39347539,240-01,240-01,4G
240,1,24001,41687364,49481939,63284325,240-01,240-01,3G
240,1,24001,45077154,73320911,85206841,240-01,240-01,3G
240,1,24001,22825173,25727538,19775739,240-01,240-01,5G
240,1,24001,84101041,37191891,69666562,240-01,240-01,5G
240,1,24001,23335038,45636650,62915131,240-01,240-01,4G
240,1,24001,75857112,61456153,14226465,240-01,240-01,3G
240,1,24001,35720783,15589484,16131298,240-01,240-01,3G
240,1,24001,72522805,22409569,53556832,240-01,240-01,5G
240,1,24001,34928180,63954113,64350098,240-01,240-01,4G
240,1,24001,16539974,75440972,14890247,240-01,240-01,4G
240,1,24001,21083472,36560862,53893589,240-01,240-01,3G
240,1,24001,15738736,18341814,76078757,240-01,240-01,5G
240,1,24001,32714747,25708908,25725216,240-01,240-01,4G
240,1,24001,92794489,72559854,92607372,240-01,240-01,5G
240,1,24001,48326573,35351200,66524023,240-01,240-01,4G
240,1,24001,92357532,87485317,59620879,240-01,240-01,5G
240,1,24001,60616199,48471509,62850937,240-01,240-01,5G
240,1,24001,39725694,25752929,37737685,240-01,240-01,5G
240,1,24001,86220330,22847975,46404828,240-01,240-01,4G
240,1,24001,18602916,41450465,22607069,240-01,240-01,3G
240,1,24001,60505944,13923571,23704972,240-01,240-01,3G
240,1,24001,39298724,80481731,22442504,240-01,240-01,4G
240,1,24001,84660600,90716980,50193785,240-01,240-01,3G
240,1,24001,22069566,72727663,53567246,240-01,240-01,5G
240,1,24001,72354813,92005105,61265225,240-01,240-01,4G
240,1,24001,64529190,47024241,63929069,240-01,240-01,4G
240,1,24001,63816617,60299008,63304126,240-01,240-01,3G
240,1,24001,55647576,23277347,28721445,240-01,240-01,5G
240,1,24001,62499099,60210377,17903500,240-01,240-01,3G
240,1,24001,58824966,81978626,59574692,240-01,240-01,3G
240,1,24001,78050591,59721616,71235990,240-01,240-01,5G
240,1,24001,95249787,53258165,11470802,240-01,240-01,5G
240,1,24001,67292261,14896900,34327706,240-01,240-01,3G
240,1,24001,29506492,22161104,68990735,240-01,240-01,3G
240,1,24001,79697189,35292101,58989888,240-01,240-01,4G
240,1,24001,48247411,22855539,78544979,240-01,240-01,4G
240,1,24001,90365044,47383119,42234658,240-01,240-01,3G
240,1,24001,61260542,29722689,94633805,240-01,240-01,3G
240,1,24001,78616837,32834848,64483709,240-01,240-01,4G
240,1,24001,89984038,41449204,40075935,240-01,240-01,3G
240,1,24001,92169929,22416382,58196581,240-01,240-01,4G
240,1,24001,41268682,29670553,92035056,240-01,240-01,3G
240,1,24001,66908262,31516781,82522471,240-01,240-01,5G
240,1,24001,41173195,12231061,75070390,240-01,240-01,5G
240,1,24001,48316888,42749618,27807485,240-01,240-01,4G
240,1,24001,56505942,76944377,60683024,240-01,240-01,5G
240,1,24001,95552812,69899284,30237370,240-01,240-01,4G
240,1,24001,37690047,59908597,29214406,240-01,240-01,5G
240,1,24001,23597419,68922769,24585430,240-01,240-01,4G
240,1,24001,57841477,91582266,90713293,240-01,240-01,4G
240,1,24001,15858444,21107205,51889357,240-01,240-01,5G
240,1,24001,63814766,53495205,84226315,240-01,240-01,5G
240,1,24001,71676215,34148438,19458647,240-01,240-01,5G
240,1,24001,49462884,15049832,78061651,240-01,240-01,3G
240,1,24001,26847765,56842071,91414668,240-01,240-01,4G
240,1,24001,99271146,40778282,63197235,240-01,240-01,4G
240,1,24001,85851490,64364633,66786828,240-01,240-01,5G
240,1,24001,75988523,16280727,18304399,240-01,240-01,5G
240,1,24001,74998132,18816332,79088816,240-01,240-01,4G
240,1,24001,37172768,49539911,74354801,240-01,240-01,5G
240,1,24001,21839716,45392774,17956984,240-01,240-01,5G
240,1,24001,82602216,51699660,49824314,240-01,240-01,3G
240,1,24001,63954082,33001737,88650783,240-01,240-01,3G
240,1,24001,18485412,42077665,72424044,240-01,240-01,4G
240,1,24001,48649765,56390262,10847823,240-01,240-01,5G
240,1,24001,37221049,20682911,71915124,240-01,240-01,4G
240,1,24001,30528606,28208542,22446007,240-01,240-01,5G
240,1,24001,17613880,15049255,25296710,240-01,240-01,4G
240,1,24001,58439101,34069457,33456437,240-01,240-01,4G
240,1,24001,87521062,32452109,65091283,240-01,240-01,4G
240,1,24001,46918542,95923622,78887008,240-01,240-01,3G
240,1,24001,35245078,78454719,65511464,240-01,240-01,3G
240,1,24001,36145524,48710309,72532427,240-01,240-01,5G
240,1,24001,17452036,95935343,41171287,240-01,240-01,3G
240,1,24001,11064984,44557255,13362409,240-01,240-01,5G
240,1,24001,64212988,62776978,98943729,240-01,240-01,3G
240,1,24001,51271342,88651173,30885700,240-01,240-01,3G
240,1,24001,14287819,85215267,28197282,240-01,240-01,3G
240,1,24001,87212965,69418216,45636794,240-01,240-01,3G
240,1,24001,68142594,69488491,20647157,240-01,240-01,4G
240,1,24001,98701677,48210453,36979796,240-01,240-01,3G
240,1,24001,70160522,45570259,55671964,240-01,240-01,4G
240,1,24001,76730246,28340989,24582970,240-01,240-01,5G
240,1,24001,40029346,42343995,18162680,240-01,240-01,4G
240,1,24001,32517048,80611130,60931106,240-01,240-01,5G
240,1,24001,15525711,45078439,48406581,240-01,240-01,4G
240,1,24001,74571692,93648781,38413802,240-01,240-01,5G
240,1,24001,98356071,33064132,54618925,240-01,240-01,5G
240,1,24001,36034492,75553132,74693425,240-01,240-01,4G
240,1,24001,55696750,69931385,97666432,240-01,240-01,5G
240,1,24001,65510220,19152956,89440449,240-01,240-01,5G
240,1,24001,58777563,38939387,63384655,240-01,240-01,3G
240,1,24001,27231616,89427296,88534362,240-01,240-01,4G
240,1,24001,62899703,61684460,63532866,240-01,240-01,5G
240,1,24001,58188648,27421328,61564807,240-01,240-01,5G
240,1,24001,26902845,79486297,73512293,240-01,240-01,5G
240,1,24001,48517505,47593762,45092442,240-01,240-01,3G
240,1,24001,66818523,69494393,53281180,240-01,240-01,4G
240,1,24001,95220141,64049987,60600289,240-01,240-01,3G
240,1,24001,30724779,13979129,42819826,240-01,240-01,5G
240,1,24001,55871215,25972653,56527780,240-01,240-01,3G
240,1,24001,52735303,98213683,16945784,240-01,240-01,3G
240,1,24001,68672520,57710556,36828787,240-01,240-01,5G
240,1,24001,20532698,40858370,87908707,240-01,240-01,5G
240,1,24001,76239368,53485905,81562202,240-01,240-01,3G
240,1,24001,61776547,20064618,57369252,240-01,240-01,4G
240,1,24001,75004373,38050067,62845668,240-01,240-01,5G
240,1,24001,22060974,58037021,50854158,240-01,240-01,3G
240,1,24001,39389184,23863111,47295100,240-01,240-01,4G
240,1,24001,19929571,19502045,24975385,240-01,240-01,5G
240,1,24001,77045359,47152623,48492716,240-01,240-01,4G
240,1,24001,97015591,46897073,95524247,240-01,240-01,5G
240,1,24001,57432530,43566693,40969568,240-01,240-01,4G
240,1,24001,75863826,18399532,88391029,240-01,240-01,5G
240,1,24001,13332097,51714697,43004201,240-01,240-01,5G
240,1,24001,16586263,71319728,44291495,240-01,240-01,3G
240,1,24001,43058457,38629313,31222192,240-01,240-01,5G
240,1,24001,50385986,96647770,72034854,240-01,240-01,4G
240,1,24001,80268105,75355909,51683880,240-01,240-01,5G
240,1,24001,44057522,45283055,51137813,240-01,240-01,4G
240,1,24001,52781524,58840505,75785320,240-01,240-01,5G
240,1,24001,73028051,29390732,59494834,240-01,240-01,4G
240,1,24001,74351237,49717741,38891652,240-01,240-01,5G
240,1,24001,64581196,32271837,93543460,240-01,240-01,4G
240,1,24001,35818122,32072104,21799122,240-01,240-01,4G
240,1,24001,26584017,33038983,20764042,240-01,240-01,5G
240,1,24001,99192912,59028684,69199142,240-01,240-01,3G
240,1,24001,62343568,59925360,98904304,240-01,240-01,3G
240,1,24001,93997182,81059023,74489673,240-01,240-01,5G
240,1,24001,15627837,47583260,34982615,240-01,240-01,5G
240,1,24001,92281050,67253324,17945593,240-01,240-01,5G
240,1,24001,49087445,26691580,17042816,240-01,240-01,3G
240,1,24001,97988981,49711929,34584012,240-01,240-01,3G
240,1,24001,92733409,33651978,62121710,240-01,240-01,5G
240,1,24001,87286607,73805921,11749702,240-01,240-01,4G
240,1,24001,38130375,42221521,28729534,240-01,240-01,4G
240,1,24001,62409683,34700307,33350009,240-01,240-01,3G
240,1,24001,19468924,34515269,44587467,240-01,240-01,4G
240,1,24001,81728869,47507742,72824492,240-01,240-01,5G
240,1,24001,67179253,76066664,89549048,240-01,240-01,4G
240,1,24001,63951513,89791706,36240327,240-01,240-01,5G
240,1,24001,93306528,63083332,52213540,240-01,240-01,5G
240,1,24001,74501345,64804804,94695728,240-01,240-01,4G
240,1,24001,21444613,70412710,87860243,240-01,240-01,5G
240,1,24001,88090588,48016761,43358637,240-01,240-01,4G
240,1,24001,78530180,80645251,61221564,240-01,240-01,4G
240,1,24001,40011438,19817036,89129765,240-01,240-01,4G
240,1,24001,21942655,25671585,62912680,240-01,240-01,5G
240,1,24001,50828719,61959448,86351844,240-01,240-01,4G
240,1,24001,84765369,67366883,21871548,240-01,240-01,3G
240,1,24001,83871527,60362465,89510947,240-01,240-01,5G
240,1,24001,84428528,28711762,48570741,240-01,240-01,4G
240,1,24001,52372938,65840708,41189556,240-01,240-01,4G
240,1,24001,33555445,45531873,79026354,240-01,240-01,5G
240,1,24001,53700727,80088136,18998422,240-01,240-01,3G
240,1,24001,85476689,26567056,12091043,240-01,240-01,5G
240,1,24001,95866397,16529834,35255804,240-01,240-01,3G
240,1,24001,41670219,57996707,27391318,240-01,240-01,4G
240,1,24001,77944924,60968840,12555159,240-01,240-01,5G
240,1,24001,27715821,12645289,70430598,240-01,240-01,5G
240,1,24001,38116587,26290405,73147998,240-01,240-01,5G
240,1,24001,46504138,10601795,73883779,240-01,240-01,5G
240,1,24001,45676067,29154959,77625156,240-01,240-01,4G
240,1,24001,51002823,95809983,93325714,240-01,240-01,4G
240,1,24001,38151264,80416922,22488735,240-01,240-01,3G
240,1,24001,33797500,19531189,74025595,240-01,240-01,4G
240,1,24001,73864620,19934898,86111942,240-01,240-01,3G
240,1,24001,80608839,38115250,87167934,240-01,240-01,5G
240,1,24001,66931350,88540418,16278096,240-01,240-01,4G
240,1,24001,69119146,23630659,74281753,240-01,240-01,3G
240,1,24001,44758547,25399297,59207938,240-01,240-01,4G
240,1,24001,72308608,72881880,28492042,240-01,240-01,3G
240,1,24001,72366570,99871377,31200617,240-01,240-01,4G
240,1,24001,72203664,98775831,19513271,240-01,240-01,3G
240,1,24001,35933810,39612573,36090886,240-01,240-01,3G
240,1,24001,67760758,99834554,72472417,240-01,240-01,4G
240,1,24001,67370197,44972068,31655761,240-01,240-01,5G
240,1,24001,13275791,67989144,18900834,240-01,240-01,5G
240,1,24001,50916790,67599336,82104138,240-01,240-01,3G
240,1,24001,58418119,85427675,26039621,240-01,240-01,4G
240,1,24001,68847006,85521892,18208146,240-01,240-01,5G
240,1,24001,80201911,59397684,60537261,240-01,240-01,3G
240,1,24001,13347490,98777154,73384819,240-01,240-01,5G
240,1,24001,42931845,49151349,24091555,240-01,240-01,5G
240,1,24001,58285555,79670134,22874165,240-01,240-01,3G
240,1,24001,37593629,66241226,29870430,240-01,240-01,3G
240,1,24001,98309331,65741231,69906896,240-01,240-01,4G
240,1,24001,57905175,91202758,25246903,240-01,240-01,3G
240,1,24001,12694481,30738944,59062659,240-01,240-01,5G
240,1,24001,26591146,25495722,77009308,240-01,240-01,4G
240,1,24001,10959426,28051993,61726363,240-01,240-01,4G
240,1,24001,80913542,35052480,38989580,240-01,240-01,5G
240,1,24001,96035238,40537174,54125051,240-01,240-01,4G
240,1,24001,39661434,39073894,10937204,240-01,240-01,3G
240,1,24001,31374875,96418773,92337542,240-01,240-01,4G
240,1,24001,27999426,55877202,63498290,240-01,240-01,5G
240,1,24001,15728083,69096949,28656368,240-01,240-01,5G
240,1,24001,78292638,41207589,54194027,240-01,240-01,4G
240,1,24001,50681549,34044114,83290838,240-01,240-01,3G
240,1,24001,41532553,18426998,54526235,240-01,240-01,5G
240,1,24001,26348145,49466811,68678331,240-01,240-01,3G
240,1,24001,60058603,82242988,59298769,240-01,240-01,4G
240,1,24001,88021195,19243900,82607088,240-01,240-01,5G
240,1,24001,40008304,86004239,85059216,240-01,240-01,3G
240,1,24001,18996602,57125754,75125640,240-01,240-01,4G
240,1,24001,68892593,12800049,12834600,240-01,240-01,5G
240,1,24001,71395113,12988847,49985528,240-01,240-01,3G
240,1,24001,90827162,20310443,81255240,240-01,240-01,4G
240,1,24001,85302281,72785623,19752291,240-01,240-01,4G
240,1,24001,25300040,31014312,80877470,240-01,240-01,4G
240,1,24001,51020175,12659063,95610612,240-01,240-01,4G
240,1,24001,63269165,91961408,17599242,240-01,240-01,4G
240,1,24001,29530097,27611915,16811723,240-01,240-01,4G
240,1,24001,65035410,41861269,67370583,240-01,240-01,3G
240,1,24001,22742619,71457295,64315591,240-01,240-01,5G
240,1,24001,35559952,91490512,40297526,240-01,240-01,4G
240,1,24001,95548561,20542211,50049759,240-01,240-01,3G
240,1,24001,65102172,56740171,19949895,240-01,240-01,3G
240,1,24001,93923789,19478944,81900881,240-01,240-01,4G
240,1,24001,68088511,43422395,12365355,240-01,240-01,4G
240,1,24001,42522976,54980863,52113220,240-01,240-01,5G
240,1,24001,12224907,39066984,75468398,240-01,240-01,5G
240,1,24001,79632160,98446872,28693016,240-01,240-01,3G
240,1,24001,90648848,95661556,25962994,240-01,240-01,4G
240,1,24001,13204908,89182897,66114832,240-01,240-01,4G
240,1,24001,48199512,31789949,20581374,240-01,240-01,3G
240,1,24001,60403593,65962922,30851271,240-01,240-01,5G
240,1,24001,59750856,79557866,59997945,240-01,240-01,3G
240,1,24001,73555157,57752087,96182065,240-01,240-01,3G
240,1,24001,52021619,77633590,88998615,240-01,240-01,3G
240,1,24001,88750525,40645085,60744200,240-01,240-01,3G
240,1,24001,13464637,25520530,68738615,240-01,240-01,3G
240,1,24001,42920327,34260384,91746946,240-01,240-01,4G
240,1,24001,64923240,13044417,21662906,240-01,240-01,3G
240,1,24001,40084919,57338193,95774645,240-01,240-01,5G
240,1,24001,40028888,42625349,98572242,240-01,240-01,5G
240,1,24001,89690663,88273396,47040315,240-01,240-01,5G
240,1,24001,84079558,79414778,34994855,240-01,240-01,3G
240,1,24001,88431681,54602913,85043616,240-01,240-01,4G
240,1,24001,88113814,73046639,38747442,240-01,240-01,5G
240,1,24001,33350939,98826715,33247978,240-01,240-01,3G
240,1,24001,41306549,48500265,46391719,240-01,240-01,4G
240,1,24001,51577825,45758361,78345476,240-01,240-01,5G
240,1,24001,83837003,23674824,35602887,240-01,240-01,5G
240,1,24001,69842534,79250007,38624884,240-01,240-01,4G
240,1,24001,11417979,12330568,78857191,240-01,240-01,3G
240,1,24001,44173067,97359896,71929362,240-01,240-01,4G
240,1,24001,93733346,99209941,48055201,240-01,240-01,4G
240,1,24001,55305537,83478587,77486063,240-01,240-01,5G
240,1,24001,45730474,37768495,58915009,240-01,240-01,3G
240,1,24001,39619674,94798828,14785588,240-01,240-01,4G
240,1,24001,62677300,66235212,43997785,240-01,240-01,3G
240,1,24001,43755133,85809854,65556094,240-01,240-01,5G
240,1,24001,62023961,16225542,64926203,240-01,240-01,3G
240,1,24001,95039406,24694052,49027975,240-01,240-01,4G
240,1,24001,93285000,46786628,67837833,240-01,240-01,3G
240,1,24001,77976386,75295427,56144715,240-01,240-01,5G
240,1,24001,51366331,90258356,41735733,240-01,240-01,3G
240,1,24001,65753336,61868324,60604509,240-01,240-01,4G
240,1,24001,81265282,33553703,49225017,240-01,240-01,3G
240,1,24001,18053946,39323815,23417554,240-01,240-01,4G
240,1,24001,24537575,85040904,63617805,240-01,240-01,5G
240,1,24001,76726617,59315068,33097527,240-01,240-01,4G
240,1,24001,29277605,49689986,22655296,240-01,240-01,5G
240,1,24001,73308130,44628863,35209706,240-01,240-01,5G
240,1,24001,96164763,12835564,52905935,240-01,240-01,4G
240,1,24001,11872925,94386221,92216969,240-01,240-01,5G
240,1,24001,80032636,69721384,11740909,240-01,240-01,5G
240,1,24001,64904630,70383056,12162984,240-01,240-01,3G
240,1,24001,37926861,25337408,83383031,240-01,240-01,3G
240,1,24001,97219652,46365960,50600792,240-01,240-01,5G
240,1,24001,53144627,14444187,83890959,240-01,240-01,5G
240,1,24001,96065888,42050013,68295419,240-01,240-01,4G
240,1,24001,50281608,63431898,44181399,240-01,240-01,3G
240,1,24001,95965858,60129616,62501224,240-01,240-01,5G
240,1,24001,82002723,12722830,72003216,240-01,240-01,3G
240,1,24001,12527330,57294918,33878676,240-01,240-01,3G
240,1,24001,69158692,10084327,75443903,240-01,240-01,3G
240,1,24001,61773965,52930659,39802148,240-01,240-01,4G
240,1,24001,36936341,73734569,94261728,240-01,240-01,5G
240,1,24001,60605996,95063969,84427837,240-01,240-01,4G
240,1,24001,31316128,68653989,31724394,240-01,240-01,4G
240,1,24001,33342123,62216212,72488746,240-01,240-01,4G
240,1,24001,26201482,37046654,36416319,240-01,240-01,3G
240,1,24001,31475613,87369282,41842817,240-01,240-01,4G
240,1,24001,28690187,90678985,40966953,240-01,240-01,5G
240,1,24001,29720047,95126898,32179479,240-01,240-01,3G
240,1,24001,55585311,95252868,74691464,240-01,240-01,3G
240,1,24001,45663433,61509553,49382485,240-01,240-01,5G
240,1,24001,17248686,32796978,53493805,240-01,240-01,5G
240,1,24001,97594796,77978265,48680850,240-01,240-01,5G
240,1,24001,63733211,52656934,49234581,240-01,240-01,5G
240,1,24001,15443438,46059976,11144638,240-01,240-01,5G
240,1,24001,46256391,18771423,90515193,240-01,240-01,4G
240,1,24001,29852160,52587111,62240642,240-01,240-01,5G
240,1,24001,13629031,22193690,93451767,240-01,240-01,3G
240,1,24001,10969723,20536957,58073503,240-01,240-01,5G
240,1,24001,72238901,39128252,70288582,240-01,240-01,5G
240,1,24001,29845675,33713805,21571765,240-01,240-01,3G
240,1,24001,74349699,62994851,56236282,240-01,240-01,3G
240,1,24001,53232389,14052145,46482644,240-01,240-01,5G
240,1,24001,57830720,65445949,95419477,240-01,240-01,3G
240,1,24001,39359837,42942985,31879840,240-01,240-01,4G
240,1,24001,64160055,73797466,26157768,240-01,240-01,3G
240,1,24001,79489310,62143157,44029987,240-01,240-01,3G
240,1,24001,89801713,53572314,61048047,240-01,240-01,4G
240,1,24001,64928025,67337874,69898776,240-01,240-01,4G
240,1,24001,41441024,30333341,56269259,240-01,240-01,4G
240,1,24001,69603741,88734109,57352174,240-01,240-01,4G
240,1,24001,77917174,21025115,75724128,240-01,240-01,4G
240,1,24001,73652693,21393116,93715327,240-01,240-01,3G
240,1,24001,85990579,96238441,62530502,240-01,240-01,3G
240,1,24001,55580555,85852021,25737474,240-01,240-01,5G
240,1,24001,84402154,62407072,63618846,240-01,240-01,3G
240,1,24001,93728990,20723899,60006163,240-01,240-01,4G
240,1,24001,75291724,67817133,19104149,240-01,240-01,3G
240,1,24001,13657468,42048152,39765954,240-01,240-01,3G
240,1,24001,47350222,39950645,50187525,240-01,240-01,4G
240,1,24001,69561081,42200059,47826521,240-01,240-01,3G
240,1,24001,55061645,38360509,17799866,240-01,240-01,3G
240,1,24001,91782891,42105329,40144602,240-01,240-01,5G
240,1,24001,68046693,68475830,40213237,240-01,240-01,4G
240,1,24001,65059539,86038007,54240479,240-01,240-01,3G
240,1,24001,42546856,82466802,63939102,240-01,240-01,3G
240,1,24001,90796828,53695062,83474181,240-01,240-01,3G
240,1,24001,56424951,81778241,90416092,240-01,240-01,3G
240,1,24001,22510361,96530358,59390380,240-01,240-01,5G
240,1,24001,68288846,75691884,69711598,240-01,240-01,3G
240,1,24001,57792810,41538211,58127935,240-01,240-01,5G
240,1,24001,52811284,41591904,62440201,240-01,240-01,4G
240,1,24001,75599161,42023015,21700564,240-01,240-01,3G
240,1,24001,18347438,13361602,79461375,240-01,240-01,3G
240,1,24001,89665606,67131437,52373954,240-01,240-01,4G
240,1,24001,97661467,51193672,66185342,240-01,240-01,5G
240,1,24001,36379293,61972742,17066778,240-01,240-01,4G
240,1,24001,44173296,16715835,62077523,240-01,240-01,3G
240,1,24001,48453625,40162956,29283324,240-01,240-01,3G
240,1,24001,96159113,39358804,33735367,240-01,240-01,3G
240,1,24001,23844493,18639651,38320885,240-01,240-01,3G
240,1,24001,80634593,70934433,95330829,240-01,240-01,4G
240,1,24001,14173680,34495262,39779245,240-01,240-01,3G
240,1,24001,71128789,52061592,45906932,240-01,240-01,5G
240,1,24001,57382121,77251860,92517623,240-01,240-01,4G
240,1,24001,19765512,72463883,36874550,240-01,240-01,4G
240,1,24001,37844376,98843685,98254371,240-01,240-01,4G
240,1,24001,10536630,76183666,84705507,240-01,240-01,3G
240,1,24001,55277862,75147906,57210499,240-01,240-01,3G
240,1,24001,93929419,68137436,40188567,240-01,240-01,4G
240,1,24001,25470650,48207995,26189293,240-01,240-01,4G
240,1,24001,63960936,49864243,48747199,240-01,240-01,4G
240,1,24001,61031027,16539804,25937912,240-01,240-01,3G
240,1,24001,53733195,27443620,29650485,240-01,240-01,4G
240,1,24001,51997022,49108382,37107126,240-01,240-01,3G
240,1,24001,38704810,38097404,89280582,240-01,240-01,3G
240,1,24001,84172964,94369361,89962699,240-01,240-01,4G
240,1,24001,45322105,54330032,78724952,240-01,240-01,3G
240,1,24001,73774088,83522958,35164917,240-01,240-01,4G
240,1,24001,24039086,96413647,57829575,240-01,240-01,3G
240,1,24001,45191731,82515915,69140188,240-01,240-01,4G
240,1,24001,25378287,28850501,28556145,240-01,240-01,5G
240,1,24001,18270726,91809441,96801469,240-01,240-01,5G
240,1,24001,40960117,54507703,26867959,240-01,240-01,4G
240,1,24001,53751975,11892928,70883480,240-01,240-01,3G
240,1,24001,66981802,98098671,58723294,240-01,240-01,5G
240,1,24001,84951448,49043296,46009737,240-01,240-01,4G
240,1,24001,77932338,42532961,29043502,240-01,240-01,4G
240,1,24001,43557380,39937897,88507934,240-01,240-01,3G
240,1,24001,60731526,33810118,58455699,240-01,240-01,5G
240,1,24001,21538666,34392227,71146233,240-01,240-01,5G
240,1,24001,80821679,27444817,78819430,240-01,240-01,4G
240,1,24001,69550302,36429021,30260731,240-01,240-01,3G
240,1,24001,26970575,38992640,55753185,240-01,240-01,5G
240,1,24001,16412599,40893009,24199625,240-01,240-01,4G
240,1,24001,83381130,47601929,50514526,240-01,240-01,3G
240,1,24001,39928890,83482791,33562824,240-01,240-01,4G
240,1,24001,60003116,77780331,43269949,240-01,240-01,3G
240,1,24001,21285659,58647176,34738299,240-01,240-01,3G
240,1,24001,62935033,70614528,55327459,240-01,240-01,5G
240,1,24001,65127984,57562849,89715388,240-01,240-01,3G
240,1,24001,21840430,78142632,72257870,240-01,240-01,4G
240,1,24001,41403104,69083366,28342698,240-01,240-01,5G
240,1,24001,70838174,80260805,10962901,240-01,240-01,3G
240,1,24001,80905893,84626597,66720948,240-01,240-01,3G
240,1,24001,43598322,11771869,85787687,240-01,240-01,5G
240,1,24001,12486597,39217269,44874118,240-01,240-01,5G
240,1,24001,97449126,39443049,51749463,240-01,240-01,4G
240,1,24001,94101897,45212218,92961975,240-01,240-01,3G
240,1,24001,80143880,45876253,69377921,240-01,240-01,3G
240,1,24001,66056443,17752227,33292857,240-01,240-01,5G
240,1,24001,54434148,48199401,70561928,240-01,240-01,3G
240,1,24001,79344484,77854600,95263187,240-01,240-01,3G
240,1,24001,43885668,59214138,85834888,240-01,240-01,5G
240,1,24001,44256929,65406223,60792865,240-01,240-01,3G
240,1,24001,27826661,14680978,59263887,240-01,240-01,4G
240,1,24001,91341434,47404480,74754776,240-01,240-01,5G
240,1,24001,43550017,73511966,91624937,240-01,240-01,4G
240,1,24001,97278125,64250786,60155052,240-01,240-01,4G
240,1,24001,46200872,52697424,26336592,240-01,240-01,5G
240,1,24001,48708029,42742359,33999069,240-01,240-01,5G
240,1,24001,95087918,62960978,41791425,240-01,240-01,4G
240,1,24001,79317339,33120991,70508915,240-01,240-01,4G
240,1,24001,57209087,79167475,21128804,240-01,240-01,3G
240,1,24001,66793883,12769706,55495865,240-01,240-01,3G
240,1,24001,73009376,15341052,99273946,240-01,240-01,5G
240,1,24001,14824883,66355453,49881636,240-01,240-01,3G
240,1,24001,49407150,50634228,96019657,240-01,240-01,4G
240,1,24001,21305572,25184274,48785949,240-01,240-01,5G
240,1,24001,46139974,36592655,22201759,240-01,240-01,5G
240,1,24001,53223440,78162056,85121214,240-01,240-01,5G
240,1,24001,78301054,78995934,91214274,240-01,240-01,3G
240,1,24001,14308946,19650590,13177837,240-01,240-01,4G
240,1,24001,98425671,64435622,75086375,240-01,240-01,5G
240,1,24001,66628348,61314966,75770789,240-01,240-01,4G
240,1,24001,26462451,20014722,81537212,240-01,240-01,4G
240,1,24001,62124566,85739716,77015936,240-01,240-01,3G
240,1,24001,16391042,69522424,87883849,240-01,240-01,3G
240,1,24001,84843140,31686834,84234024,240-01,240-01,4G
240,1,24001,48195651,90045338,76311891,240-01,240-01,4G
240,1,24001,29808899,98506946,55476793,240-01,240-01,3G
240,1,24001,48643801,92517330,87592571,240-01,240-01,4G
240,1,24001,46845853,52171199,62351259,240-01,240-01,3G
240,1,24001,73071329,63249620,84847140,240-01,240-01,5G
240,1,24001,86574486,67968499,54271208,240-01,240-01,4G
240,1,24001,44225675,17647272,88925436,240-01,240-01,3G
240,1,24001,52115187,84288287,66881412,240-01,240-01,4G
240,1,24001,83538990,88431743,87970277,240-01,240-01,4G
240,1,24001,79064364,84574069,71600435,240-01,240-01,5G
240,1,24001,42858886,88424506,39429136,240-01,240-01,5G
240,1,24001,95359024,19640859,45309353,240-01,240-01,5G
240,1,24001,65322428,58315891,96902475,240-01,240-01,5G
240,1,24001,76430356,19193574,62563442,240-01,240-01,5G
240,1,24001,45656701,66565490,22887437,240-01,240-01,5G
240,1,24001,92906886,21442905,90592556,240-01,240-01,5G
240,1,24001,42142291,30001269,29264094,240-01,240-01,4G
240,1,24001,26295026,44402159,54699788,240-01,240-01,4G
240,1,24001,12337764,41401940,43068636,240-01,240-01,4G
240,1,24001,66942001,15978158,38180207,240-01,240-01,3G
240,1,24001,48834271,81866598,44356792,240-01,240-01,3G
240,1,24001,96494885,76746513,45320647,240-01,240-01,5G
240,1,24001,56923488,78854133,84319175,240-01,240-01,3G
240,1,24001,86673958,61675871,87729223,240-01,240-01,5G
240,1,24001,33097100,52243583,14129991,240-01,240-01,5G
240,1,24001,88864690,55722611,28299640,240-01,240-01,5G
240,1,24001,15238223,83633380,23968591,240-01,240-01,4G
240,1,24001,33287291,93106752,89513874,240-01,240-01,4G
240,1,24001,82764560,50722405,70269230,240-01,240-01,4G
240,1,24001,61552146,36173000,85193804,240-01,240-01,4G
240,1,24001,24361405,52352987,49317564,240-01,240-01,4G
240,1,24001,83645459,38549994,75870427,240-01,240-01,3G
240,1,24001,21252047,37015058,21468620,240-01,240-01,3G
240,1,24001,86465217,80165113,15586900,240-01,240-01,5G
240,1,24001,47390499,86359566,53701896,240-01,240-01,3G
240,1,24001,15039559,88518772,56884182,240-01,240-01,5G
240,1,24001,45257889,73522506,63010686,240-01,240-01,3G
240,1,24001,35138585,23514175,93632369,240-01,240-01,5G
240,1,24001,13732551,14621289,74653091,240-01,240-01,5G
240,1,24001,98167732,18739301,90377720,240-01,240-01,3G
240,1,24001,98129388,16353368,14302951,240-01,240-01,4G
240,1,24001,51062268,50782196,24640190,240-01,240-01,4G
240,1,24001,13872380,15977424,39216363,240-01,240-01,4G
240,1,24001,28747263,85156328,35027271,240-01,240-01,4G
240,1,24001,67818171,39062568,69025490,240-01,240-01,3G
240,1,24001,10226209,33701035,31918090,240-01,240-01,5G
240,1,24001,53628409,21503219,10217158,240-01,240-01,4G
240,1,24001,25497582,74448539,40711287,240-01,240-01,4G
240,1,24001,15954213,84028884,26673356,240-01,240-01,4G
240,1,24001,92826872,70303684,33070094,240-01,240-01,5G
240,1,24001,90527804,38869647,78467301,240-01,240-01,3G
240,1,24001,34728918,38124027,18014386,240-01,240-01,5G
240,1,24001,67669166,19245681,95750737,240-01,240-01,3G
240,1,24001,35969831,52980097,85184690,240-01,240-01,3G
240,1,24001,83431834,93627417,51968473,240-01,240-01,3G
240,1,24001,69658049,18750266,93168251,240-01,240-01,3G
240,1,24001,97039579,46559412,47902719,240-01,240-01,3G
240,1,24001,86446191,66368645,77109202,240-01,240-01,5G
240,1,24001,10964001,47106306,60382034,240-01,240-01,5G
240,1,24001,24527104,44071767,76001821,240-01,240-01,3G
240,1,24001,54725376,48288577,19848486,240-01,240-01,3G
240,1,24001,21468943,23120425,32499217,240-01,240-01,3G
240,1,24001,23077570,88297472,60558526,240-01,240-01,5G
240,1,24001,23479344,60327485,41799263,240-01,240-01,3G
240,1,24001,51639114,50950229,20279420,240-01,240-01,5G
240,1,24001,86449897,96008703,68519611,240-01,240-01,3G
240,1,24001,78724788,23968432,94947659,240-01,240-01,3G
240,1,24001,63735637,36221901,96025293,240-01,240-01,4G
240,1,24001,13445570,42446269,52938540,240-01,240-01,5G
240,1,24001,48069752,11318347,90703909,240-01,240-01,3G
240,1,24001,81950126,87603942,81777432,240-01,240-01,3G
240,1,24001,26086107,30829658,26942098,240-01,240-01,4G
240,1,24001,72219849,88842564,90370268,240-01,240-01,5G
240,1,24001,54839780,94815932,25232973,240-01,240-01,5G
240,1,24001,76203752,64606772,62114709,240-01,240-01,3G
240,1,24001,12139201,99426837,32231813,240-01,240-01,5G
240,1,24001,73429202,77017169,70664911,240-01,240-01,4G
240,1,24001,54353364,82900469,87771301,240-01,240-01,4G
240,1,24001,64734221,18638932,73723430,240-01,240-01,5G
240,1,24001,61444078,58333821,65612722,240-01,240-01,3G
240,1,24001,17742953,38225112,63251727,240-01,240-01,4G
240,1,24001,26108060,41037255,59814000,240-01,240-01,5G
240,1,24001,23832517,88434942,52585292,240-01,240-01,4G
240,1,24001,63821848,21762513,86582773,240-01,240-01,4G
240,1,24001,97075979,42544353,13355767,240-01,240-01,3G
240,1,24001,56816435,41804783,57766552,240-01,240-01,5G
240,1,24001,55301173,99319676,38308924,240-01,240-01,5G
240,1,24001,73816567,60836647,75094873,240-01,240-01,4G
240,1,24001,17165935,42664777,60049986,240-01,240-01,5G
240,1,24001,81952390,69314068,69789428,240-01,240-01,5G
240,1,24001,26313984,42087365,80938222,240-01,240-01,5G
240,1,24001,68916978,66379284,32158756,240-01,240-01,5G
240,1,24001,66163602,82094653,13183479,240-01,240-01,4G
240,1,24001,74832087,88041551,22500859,240-01,240-01,3G
240,1,24001,27461415,35455533,80872494,240-01,240-01,4G
240,1,24001,47796841,45684882,41719617,240-01,240-01,3G
240,1,24001,37096517,13148242,84825498,240-01,240-01,4G
240,1,24001,91598469,11269922,77299192,240-01,240-01,4G
240,1,24001,41475686,69645192,18323886,240-01,240-01,4G
240,1,24001,85740466,69787358,43484983,240-01,240-01,4G
240,1,24001,33935122,31771524,23601050,240-01,240-01,5G
240,1,24001,18634728,75016028,87961883,240-01,240-01,3G
240,1,24001,18303744,14753601,61671752,240-01,240-01,5G
240,1,24001,68942181,78309936,32397969,240-01,240-01,5G
240,1,24001,93831529,45868913,23511776,240-01,240-01,5G
240,1,24001,54359010,99607104,56961828,240-01,240-01,4G
240,1,24001,56148654,85592993,86504548,240-01,240-01,4G
240,1,24001,98436570,11630699,77931045,240-01,240-01,5G
240,1,24001,74665696,79806594,99393923,240-01,240-01,4G
240,1,24001,96534360,20636133,30660389,240-01,240-01,5G
240,1,24001,64198818,90643353,69067020,240-01,240-01,5G
240,1,24001,98705602,91956386,11385540,240-01,240-01,5G
240,1,24001,20859624,68127858,86819503,240-01,240-01,4G
240,1,24001,15417859,90036019,12644617,240-01,240-01,4G
240,1,24001,38814614,93180883,89323585,240-01,240-01,5G
240,1,24001,57543311,86519145,51643755,240-01,240-01,3G
240,1,24001,21160225,87359210,67442798,240-01,240-01,3G
240,1,24001,54724133,43324578,33781914,240-01,240-01,4G
240,1,24001,28899011,46866684,65786518,240-01,240-01,5G
240,1,24001,30567696,14777524,36210568,240-01,240-01,3G
240,1,24001,47979300,33525452,53493284,240-01,240-01,3G
240,1,24001,34116699,85788735,73785890,240-01,240-01,3G
240,1,24001,58532157,39603463,21123470,240-01,240-01,4G
240,1,24001,17176175,73945578,66372185,240-01,240-01,4G
240,1,24001,22422740,24752963,33004119,240-01,240-01,3G
240,1,24001,11890012,87930692,95778908,240-01,240-01,3G
240,1,24001,90702106,11463621,58062037,240-01,240-01,5G
240,1,24001,70209246,91975029,80693378,240-01,240-01,4G
240,1,24001,89662344,15375071,69850202,240-01,240-01,4G
240,1,24001,96124834,18554494,19071270,240-01,240-01,5G
240,1,24001,90268390,11855202,83035938,240-01,240-01,5G
240,1,24001,92503113,14223842,97879668,240-01,240-01,3G
240,1,24001,14193024,45821657,21548877,240-01,240-01,4G
240,1,24001,98853437,83404340,94504068,240-01,240-01,3G
240,1,24001,73143779,40556446,72644953,240-01,240-01,4G
240,1,24001,67774615,97281220,64641338,240-01,240-01,5G
240,1,24001,29302513,27294962,30986170,240-01,240-01,4G
240,1,24001,69500563,92687802,73049044,240-01,240-01,3G
240,1,24001,25063336,93681210,39006075,240-01,240-01,3G
240,1,24001,95576776,82733907,47955221,240-01,240-01,3G
240,1,24001,86673617,19894987,93537904,240-01,240-01,4G
240,1,24001,81548647,53004299,44388691,240-01,240-01,4G
240,1,24001,89428999,52785752,90736270,240-01,240-01,4G
240,1,24001,19211491,20936164,49005669,240-01,240-01,4G
240,1,24001,32584756,40173533,56698557,240-01,240-01,5G
240,1,24001,47917356,63750876,57910495,240-01,240-01,3G
240,1,24001,49372868,92449786,88613203,240-01,240-01,3G
240,1,24001,59873041,67743909,79698084,240-01,240-01,4G
240,1,24001,63214086,80298137,31583685,240-01,240-01,4G
240,1,24001,82486886,95606647,51857467,240-01,240-01,5G
240,1,24001,22619389,78918604,16406447,240-01,240-01,3G
240,1,24001,59858994,21409224,26262083,240-01,240-01,3G
240,1,24001,80984961,80659228,86874751,240-01,240-01,5G
240,1,24001,94187974,18218713,75473686,240-01,240-01,5G
240,1,24001,53122436,14052721,61199497,240-01,240-01,3G
240,1,24001,37088677,12250026,86075238,240-01,240-01,3G
240,1,24001,18960565,10548708,35236963,240-01,240-01,4G
240,1,24001,56777225,89896916,33104985,240-01,240-01,4G
240,1,24001,42912146,20898870,61611713,240-01,240-01,3G
240,1,24001,78396064,73309846,66053386,240-01,240-01,5G
240,1,24001,16022320,36846480,16558331,240-01,240-01,5G
240,1,24001,99827885,22987282,28012224,240-01,240-01,4G
240,1,24001,35903229,36836351,22460244,240-01,240-01,5G
240,1,24001,22916272,74595267,55715034,240-01,240-01,4G
240,1,24001,10402686,74369643,42144064,240-01,240-01,5G
240,1,24001,30299717,64730394,55277784,240-01,240-01,5G
240,1,24001,51730400,11104543,44258528,240-01,240-01,3G
240,1,24001,46286464,83099535,30020498,240-01,240-01,4G
240,1,24001,24640612,89189314,48999156,240-01,240-01,4G
240,1,24001,38664727,59814561,53880852,240-01,240-01,3G
240,1,24001,72896170,80635213,91089121,240-01,240-01,4G
240,1,24001,41762167,33216892,45060175,240-01,240-01,4G
240,1,24001,11569712,98078007,44504049,240-01,240-01,5G
240,1,24001,30199293,38448581,33919309,240-01,240-01,4G
240,1,24001,72772230,74351411,17974822,240-01,240-01,5G
240,1,24001,90275260,43459403,58224050,240-01,240-01,4G
240,1,24001,23217511,51121867,14277408,240-01,240-01,3G
240,1,24001,41881834,87700133,70317813,240-01,240-01,3G
240,1,24001,31059481,19173138,96149799,240-01,240-01,3G
240,1,24001,71218959,95801577,72504851,240-01,240-01,3G
240,1,24001,99717143,20238936,92349350,240-01,240-01,3G
240,1,24001,51857744,73852014,36199502,240-01,240-01,3G
240,1,24001,64167969,62019981,17462093,240-01,240-01,5G
240,1,24001,49163365,79091960,28957568,240-01,240-01,4G
240,1,24001,78918905,53576284,25835912,240-01,240-01,5G
240,1,24001,13109662,46398018,29531024,240-01,240-01,3G
240,1,24001,56562911,62352802,74043502,240-01,240-01,5G
240,1,24001,10410484,34149257,47834124,240-01,240-01,5G
240,1,24001,57666276,27981959,56031347,240-01,240-01,4G
240,1,24001,32125924,69203064,36943618,240-01,240-01,3G
240,1,24001,78873752,28235287,65490479,240-01,240-01,4G
240,1,24001,32874391,42863812,52555547,240-01,240-01,5G
240,1,24001,74136505,24975165,24888900,240-01,240-01,4G
240,1,24001,45533329,64950624,11866492,240-01,240-01,3G
240,1,24001,86588960,80050568,11631813,240-01,240-01,3G
240,1,24001,50340423,45896211,40965842,240-01,240-01,5G
240,1,24001,59798524,89823851,44298483,240-01,240-01,5G
240,1,24001,54253250,14184269,66487293,240-01,240-01,5G
240,1,24001,42490407,38338348,42379942,240-01,240-01,5G
240,1,24001,95604273,71532668,57474753,240-01,240-01,3G
240,1,24001,40121265,79856422,24414268,240-01,240-01,3G
240,1,24001,29287476,72825923,58660138,240-01,240-01,5G
240,1,24001,81897514,64044079,75680615,240-01,240-01,5G
240,1,24001,29779280,85018660,85308081,240-01,240-01,4G
240,1,24001,80970306,70468539,44848013,240-01,240-01,3G
240,1,24001,67539608,17621669,50331202,240-01,240-01,3G
240,1,24001,78592740,85823490,64206110,240-01,240-01,5G
240,1,24001,21084901,41147241,63875023,240-01,240-01,5G
240,1,24001,71067052,51894091,56815598,240-01,240-01,5G
240,1,24001,35867242,14409896,32662403,240-01,240-01,4G
240,1,24001,75451148,32035716,28040953,240-01,240-01,4G
240,1,24001,42854057,68326726,50973234,240-01,240-01,3G
240,1,24001,33771831,16758951,42056782,240-01,240-01,4G
240,1,24001,18397223,50451007,97570375,240-01,240-01,4G
240,1,24001,16126163,88032099,61005492,240-01,240-01,4G
240,1,24001,81790432,27471625,75363472,240-01,240-01,3G
240,1,24001,87635624,17543852,85447285,240-01,240-01,5G
240,1,24001,87103314,24895716,17822791,240-01,240-01,3G
240,1,24001,47468057,83829849,13674607,240-01,240-01,4G
240,1,24001,33011545,50262052,11439479,240-01,240-01,3G
240,1,24001,23011545,69096379,37402217,240-01,240-01,3G
240,1,24001,55527279,92062921,20896247,240-01,240-01,4G
240,1,24001,89305237,87374231,27338986,240-01,240-01,5G
240,1,24001,26678189,57374223,49424748,240-01,240-01,4G
240,1,24001,96584742,79963905,50105874,240-01,240-01,5G
240,1,24001,62689151,71308282,41530427,240-01,240-01,4G
240,1,24001,36133671,41857480,39869451,240-01,240-01,5G
240,1,24001,42585731,39419745,11817537,240-01,240-01,5G
240,1,24001,65870494,80235986,72611866,240-01,240-01,4G
240,1,24001,92768485,62232864,29581955,240-01,240-01,3G
240,1,24001,72173532,16895471,92209116,240-01,240-01,4G
240,1,24001,24885704,92594525,32848182,240-01,240-01,5G
240,1,24001,86349733,76282784,82384500,240-01,240-01,4G
240,1,24001,74648608,33743939,72980703,240-01,240-01,4G
240,1,24001,77350571,93448690,97615637,240-01,240-01,5G
240,1,24001,20565960,79579201,40307146,240-01,240-01,5G
240,1,24001,86029160,68902206,45957938,240-01,240-01,5G
240,1,24001,85049715,14412393,62518296,240-01,240-01,4G
240,1,24001,25611893,87502514,39402547,240-01,240-01,5G
240,1,24001,18204076,32055053,39598111,240-01,240-01,3G
240,1,24001,13595306,40495536,86116332,240-01,240-01,5G
240,1,24001,46161049,81168180,96431424,240-01,240-01,5G
240,1,24001,34346111,86372874,78783060,240-01,240-01,5G
240,1,24001,80291077,21820790,44038647,240-01,240-01,3G
240,1,24001,79296992,44382346,55285815,240-01,240-01,3G
240,1,24001,89109727,64168734,18371473,240-01,240-01,5G
240,1,24001,78009718,87069066,78773032,240-01,240-01,4G
240,1,24001,47799823,57882143,81541331,240-01,240-01,4G
240,1,24001,38776660,39063044,47805422,240-01,240-01,5G
240,1,24001,50090296,42550974,43600392,240-01,240-01,5G
240,1,24001,34649147,80502082,98648832,240-01,240-01,3G
240,1,24001,83390817,99340553,60169181,240-01,240-01,4G
240,1,24001,65821716,61296047,78717369,240-01,240-01,4G
240,1,24001,11107170,83562040,46929127,240-01,240-01,4G
240,1,24001,51701363,99320349,75867372,240-01,240-01,3G
240,1,24001,68560025,12208786,46942793,240-01,240-01,5G
240,1,24001,57562670,23764232,11560508,240-01,240-01,3G
240,1,24001,16673066,96996320,76572135,240-01,240-01,3G
240,1,24001,73008496,21675890,41639897,240-01,240-01,3G
240,1,24001,37948131,21611920,76195841,240-01,240-01,3G
240,1,24001,82968087,55096644,60644036,240-01,240-01,5G
240,1,24001,19368059,29221658,60384124,240-01,240-01,4G
240,1,24001,22785796,13850032,80027879,240-01,240-01,4G
240,1,24001,41664212,29575399,67650417,240-01,240-01,5G
240,1,24001,44330782,26399079,20677222,240-01,240-01,5G
240,1,24001,46048624,61135820,97835403,240-01,240-01,5G
240,1,24001,14041135,48236033,21217959,240-01,240-01,5G
240,1,24001,16002734,87522717,33984793,240-01,240-01,5G
240,1,24001,62821535,31449244,27733713,240-01,240-01,4G
240,1,24001,15293398,88997103,59509133,240-01,240-01,3G
240,1,24001,57104417,99991386,20444917,240-01,240-01,3G
240,1,24001,22012041,95109851,42789965,240-01,240-01,4G
240,1,24001,25622545,32904696,85089268,240-01,240-01,3G
240,1,24001,58059901,97640228,90868111,240-01,240-01,4G
240,1,24001,90650740,62847300,16672989,240-01,240-01,5G
240,1,24001,36365100,33824989,32539838,240-01,240-01,4G
240,1,24001,26812477,12366667,54886392,240-01,240-01,5G
240,1,24001,62043911,64053775,73144278,240-01,240-01,5G
240,1,24001,64388323,23663140,36742945,240-01,240-01,4G
240,1,24001,91072861,72433334,59148095,240-01,240-01,3G
240,1,24001,93665302,60368191,94008082,240-01,240-01,4G
240,1,24001,12794098,86852604,67425390,240-01,240-01,5G
240,1,24001,17662225,79187596,26559909,240-01,240-01,4G
240,1,24001,14170245,82292799,52688850,240-01,240-01,3G
240,1,24001,48851901,47245792,41720549,240-01,240-01,3G
240,1,24001,88124083,74432657,76550564,240-01,240-01,3G
240,1,24001,57038337,28491587,11997058,240-01,240-01,4G
240,1,24001,25089355,14080887,44944242,240-01,240-01,5G
240,1,24001,21623631,28391614,52770094,240-01,240-01,5G
240,1,24001,31363776,50388764,84015693,240-01,240-01,4G
240,1,24001,21918050,38518110,92316530,240-01,240-01,4G
240,1,24001,89091540,12485812,94015447,240-01,240-01,3G
240,1,24001,19404078,19559638,86385694,240-01,240-01,3G
240,1,24001,72505844,70789651,55891351,240-01,240-01,5G
240,1,24001,12084683,77766799,34993511,240-01,240-01,3G
240,1,24001,75361449,64053266,71177914,240-01,240-01,4G
240,1,24001,58779777,98157733,23180973,240-01,240-01,5G
240,1,24001,68742266,48898363,34228633,240-01,240-01,5G
240,1,24001,79506547,89843861,40517126,240-01,240-01,4G
240,1,24001,22287228,74696397,98038205,240-01,240-01,5G
240,1,24001,45378425,25890891,61699912,240-01,240-01,5G
240,1,24001,48592904,88076204,29299081,240-01,240-01,3G
240,1,24001,74235416,21014081,78002921,240-01,240-01,4G
240,1,24001,40206899,93339918,35267566,240-01,240-01,5G
240,1,24001,80478047,23271051,35410673,240-01,240-01,4G
240,1,24001,77560856,98684693,40508765,240-01,240-01,5G
240,1,24001,90710991,98164388,83508064,240-01,240-01,4G
240,1,24001,95639887,36633311,71971658,240-01,240-01,5G
240,1,24001,82511347,92638146,96890065,240-01,240-01,4G
240,1,24001,48764886,62672485,69190015,240-01,240-01,5G
240,1,24001,81058612,27459119,64160362,240-01,240-01,4G
240,1,24001,86782601,99517850,58398972,240-01,240-01,4G
240,1,24001,98350411,70670991,87877866,240-01,240-01,3G
240,1,24001,61567117,53344233,85264401,240-01,240-01,5G
240,1,24001,12556319,45342999,68279270,240-01,240-01,5G
240,1,24001,40086548,60628339,90999778,240-01,240-01,4G
240,1,24001,89993428,11939277,43323027,240-01,240-01,4G
240,1,24001,63734375,37233854,15323272,240-01,240-01,4G
240,1,24001,98713455,69836960,80324384,240-01,240-01,3G
240,1,24001,59205454,78619674,90584124,240-01,240-01,3G
240,1,24001,72844900,20225466,90553830,240-01,240-01,4G
240,1,24001,72570204,12252388,29163648,240-01,240-01,3G
240,1,24001,60125707,50361459,93665689,240-01,240-01,5G
240,1,24001,71318627,31581902,15060587,240-01,240-01,5G
240,1,24001,95356859,28393838,57143701,240-01,240-01,4G
240,1,24001,88326497,95906666,78023610,240-01,240-01,3G
240,1,24001,67055980,20095876,23609486,240-01,240-01,3G
240,1,24001,87684329,37073685,39314136,240-01,240-01,5G
240,1,24001,81386313,50004428,13819485,240-01,240-01,4G
240,1,24001,22333395,35645966,83501457,240-01,240-01,3G
240,1,24001,83768173,50328448,90183553,240-01,240-01,4G
240,1,24001,67944465,70281524,61855832,240-01,240-01,5G
240,1,24001,13112563,48227222,98333667,240-01,240-01,4G
240,1,24001,85328341,15254847,63552303,240-01,240-01,3G
240,1,24001,18969772,91054571,52817114,240-01,240-01,4G
240,1,24001,55013157,90326301,39651683,240-01,240-01,5G
240,1,24001,61206818,48612324,26409135,240-01,240-01,5G
240,1,24001,32841871,33883093,65980209,240-01,240-01,3G
240,1,24001,54711493,74933883,32987982,240-01,240-01,4G
240,1,24001,58154150,70876140,26147189,240-01,240-01,5G
240,1,24001,18786306,15728076,19376931,240-01,240-01,4G
240,1,24001,60493868,52661198,93100874,240-01,240-01,4G
240,1,24001,77273361,99658768,38390199,240-01,240-01,3G
240,1,24001,18859111,73939810,29789659,240-01,240-01,5G
240,1,24001,34487766,45874742,26000870,240-01,240-01,4G
240,1,24001,63067364,19003490,45070941,240-01,240-01,4G
240,1,24001,56289553,69883579,79065335,240-01,240-01,3G
240,1,24001,90915045,37923230,43629931,240-01,240-01,4G
240,1,24001,73691269,73464222,48997143,240-01,240-01,3G
240,1,24001,27977272,95193915,38814756,240-01,240-01,4G
240,1,24001,64745251,60031328,40099669,240-01,240-01,3G
240,1,24001,56584602,46518291,23662820,240-01,240-01,4G
240,1,24001,59055541,94135830,60141124,240-01,240-01,5G
240,1,24001,74938259,93936396,92923480,240-01,240-01,5G
240,1,24001,71299551,77281068,18184787,240-01,240-01,5G
240,1,24001,51541323,70686985,56554096,240-01,240-01,5G
240,1,24001,38367485,46301611,70292811,240-01,240-01,3G
240,1,24001,54546723,60724751,40186366,240-01,240-01,5G
240,1,24001,96955257,37532723,28019728,240-01,240-01,4G
240,1,24001,53134179,93111878,61908564,240-01,240-01,4G
240,1,24001,84487100,85158904,11132902,240-01,240-01,5G
240,1,24001,68943985,59298691,96542793,240-01,240-01,4G
240,1,24001,39102861,91230304,34160415,240-01,240-01,3G
240,1,24001,25261066,58820912,41856724,240-01,240-01,5G
240,1,24001,33223027,81200307,89331268,240-01,240-01,5G
240,1,24001,15711094,56958197,57835677,240-01,240-01,5G
240,1,24001,27130472,58800635,57058727,240-01,240-01,3G
240,1,24001,33780579,45781989,84756600,240-01,240-01,4G
240,1,24001,77416891,62523994,29582896,240-01,240-01,4G
240,1,24001,32835698,84607774,69684711,240-01,240-01,3G
240,1,24001,92203956,17684069,55588507,240-01,240-01,3G
240,1,24001,50217198,89149621,27162040,240-01,240-01,3G
240,1,24001,95160546,43836420,14858907,240-01,240-01,5G
240,1,24001,77777767,45101571,22829268,240-01,240-01,3G
240,1,24001,83568200,15924651,41648306,240-01,240-01,3G
240,1,24001,11755987,75846421,62439517,240-01,240-01,4G
240,1,24001,53159370,95983960,24746649,240-01,240-01,3G
240,1,24001,96282669,17748311,86456552,240-01,240-01,4G
240,1,24001,11411166,75638709,58309017,240-01,240-01,5G
240,1,24001,82513270,14079818,46511041,240-01,240-01,5G
240,1,24001,47737368,60794473,50272838,240-01,240-01,5G
240,1,24001,28145462,98586795,14861222,240-01,240-01,4G
240,1,24001,31304623,33846263,52468008,240-01,240-01,4G
240,1,24001,84192936,32227048,61799731,240-01,240-01,5G
240,1,24001,13738477,83675960,58937786,240-01,240-01,4G
240,1,24001,52464858,23710959,68202616,240-01,240-01,4G
240,1,24001,26090587,81862318,57583907,240-01,240-01,3G
240,1,24001,32185943,28455174,40985574,240-01,240-01,3G
240,1,24001,59548454,38695276,10716089,240-01,240-01,3G
240,1,24001,51764561,13526147,93735114,240-01,240-01,5G
240,1,24001,14248266,60229772,11641823,240-01,240-01,4G
240,1,24001,31524207,51406115,78098717,240-01,240-01,5G
240,1,24001,65015526,51464807,60329217,240-01,240-01,4G
240,1,24001,66050637,56806892,73058183,240-01,240-01,5G
240,1,24001,34213924,20927998,20673043,240-01,240-01,3G
240,1,24001,86784482,66157378,92479612,240-01,240-01,3G
240,1,24001,53320712,65102380,18444991,240-01,240-01,4G
240,1,24001,37198150,93292867,85299432,240-01,240-01,5G
240,1,24001,36268175,10015747,19418893,240-01,240-01,4G
240,1,24001,13009511,97954773,61670708,240-01,240-01,4G
240,1,24001,40921692,58123349,86766695,240-01,240-01,3G
240,1,24001,46694870,37386110,96472436,240-01,240-01,5G
240,1,24001,36234018,35439557,45191855,240-01,240-01,3G
240,1,24001,59948330,26782972,38457574,240-01,240-01,5G
240,1,24001,93908519,24965096,96115035,240-01,240-01,3G
240,1,24001,45743763,95450569,64523019,240-01,240-01,3G
240,1,24001,90733862,59677075,38504485,240-01,240-01,4G
240,1,24001,73346642,90399809,30055873,240-01,240-01,5G
240,1,24001,44616861,49573099,51330280,240-01,240-01,3G
240,1,24001,52721483,84214612,16153766,240-01,240-01,3G
240,1,24001,86831290,43614243,46535326,240-01,240-01,4G
240,1,24001,71540054,10363006,46920171,240-01,240-01,4G
240,1,24001,22179896,57690600,29792793,240-01,240-01,3G
240,1,24001,52656945,11332574,87990183,240-01,240-01,3G
240,1,24001,88653347,77093023,50090935,240-01,240-01,4G
240,1,24001,26663551,56349904,17746300,240-01,240-01,4G
240,1,24001,90727518,10785114,33504905,240-01,240-01,5G
240,1,24001,69167580,25578494,34456147,240-01,240-01,4G
240,1,24001,75326132,98640417,47568904,240-01,240-01,5G
240,1,24001,93261119,19287115,30836486,240-01,240-01,5G
240,1,24001,76738747,77893673,59350216,240-01,240-01,5G
240,1,24001,12946129,25022348,48664454,240-01,240-01,5G
240,1,24001,92373160,69016769,34775951,240-01,240-01,4G
240,1,24001,46144328,17440453,15210254,240-01,240-01,3G
240,1,24001,72255819,84209494,59762124,240-01,240-01,5G
240,1,24001,86611045,58715371,14962192,240-01,240-01,4G
240,1,24001,36630879,13710403,46886130,240-01,240-01,4G
240,1,24001,79926823,34395931,75440103,240-01,240-01,5G
240,1,24001,25112457,44889924,91142849,240-01,240-01,4G
240,1,24001,80160982,97005969,91918141,240-01,240-01,3G
240,1,24001,46546555,47493094,72000884,240-01,240-01,3G
240,1,24001,62443846,65414566,59678223,240-01,240-01,3G
240,1,24001,79657502,39813553,68621972,240-01,240-01,5G
240,1,24001,89442209,83017378,26383815,240-01,240-01,3G
240,1,24001,56259839,41835046,62746750,240-01,240-01,3G
240,1,24001,15133995,19028188,70974726,240-01,240-01,3G
240,1,24001,33768224,48519722,90661910,240-01,240-01,5G
240,1,24001,36436504,97168250,21310826,240-01,240-01,4G
240,1,24001,81955961,74701248,29014936,240-01,240-01,4G
240,1,24001,66130193,87273860,84872366,240-01,240-01,4G
240,1,24001,76850097,27634735,23494945,240-01,240-01,3G
240,1,24001,94183003,17211157,77403645,240-01,240-01,4G
240,1,24001,45480740,40426231,69451743,240-01,240-01,4G
240,1,24001,85738058,15984139,27401088,240-01,240-01,4G
240,1,24001,49815034,33679048,19699371,240-01,240-01,4G
240,1,24001,76790597,44071031,89997228,240-01,240-01,5G
240,1,24001,91029004,48171775,19507955,240-01,240-01,4G
240,1,24001,32722033,10719588,61787257,240-01,240-01,4G
240,1,24001,25272107,13416110,97197709,240-01,240-01,5G
240,1,24001,30321125,77149153,19520886,240-01,240-01,3G
240,1,24001,66337158,29759176,95480330,240-01,240-01,5G
240,1,24001,56222962,92240930,77057292,240-01,240-01,5G
240,1,24001,62711504,41948744,92977794,240-01,240-01,4G
240,1,24001,53896270,98729286,93205137,240-01,240-01,3G
240,1,24001,15161174,52651940,68773615,240-01,240-01,3G
240,1,24001,55968984,20270295,29386532,240-01,240-01,3G
240,1,24001,71539179,26168530,58356619,240-01,240-01,4G
240,1,24001,66536195,38386083,48132233,240-01,240-01,3G
240,1,24001,64252469,88451813,34608134,240-01,240-01,3G
240,1,24001,54657978,69201142,94205506,240-01,240-01,5G
240,1,24001,39960863,68240498,79015852,240-01,240-01,3G
240,1,24001,99622398,87865886,46765283,240-01,240-01,4G
240,1,24001,64125301,28944088,75304858,240-01,240-01,5G
240,1,24001,65487990,10677459,90350862,240-01,240-01,4G
240,1,24001,12725546,79181284,43910210,240-01,240-01,4G
240,1,24001,36219430,68214639,64674176,240-01,240-01,5G
240,1,24001,16649873,89869779,20087961,240-01,240-01,3G
240,1,24001,52019007,45060611,28371207,240-01,240-01,5G
240,1,24001,63485339,24778666,19886992,240-01,240-01,5G
240,1,24001,79011679,47432697,28693548,240-01,240-01,5G
240,1,24001,51836824,73232700,66257356,240-01,240-01,4G
240,1,24001,93517169,13796157,11608689,240-01,240-01,3G
240,1,24001,19923550,17510094,49531469,240-01,240-01,3G
240,1,24001,78394968,93809911,57213388,240-01,240-01,5G
240,1,24001,47446351,58314145,86973536,240-01,240-01,4G
240,1,24001,23490563,46462933,87803516,240-01,240-01,3G
240,1,24001,21778857,27188177,50915677,240-01,240-01,4G
240,1,24001,34667664,76313293,99295032,240-01,240-01,3G
240,1,24001,11191152,38140181,37744404,240-01,240-01,3G
240,1,24001,16779162,83657216,39414965,240-01,240-01,5G
240,1,24001,28552488,94281099,89016426,240-01,240-01,4G
240,1,24001,18306099,47326637,99599659,240-01,240-01,3G
240,1,24001,67994498,46539246,45092475,240-01,240-01,5G
240,1,24001,73220845,34218319,74484423,240-01,240-01,3G
240,1,24001,99691703,81358134,85384984,240-01,240-01,3G
240,1,24001,82565831,39869940,77116822,240-01,240-01,3G
240,1,24001,33734617,67478909,93019819,240-01,240-01,3G
240,1,24001,92499129,82981211,98148849,240-01,240-01,5G
240,1,24001,49661489,62731935,61666360,240-01,240-01,4G
240,1,24001,43591532,20627008,17416077,240-01,240-01,4G
240,1,24001,90509728,76834285,58771724,240-01,240-01,4G
240,1,24001,37606212,58173878,67307355,240-01,240-01,5G
240,1,24001,36970880,52995147,98604637,240-01,240-01,4G
240,1,24001,56322160,94881614,13425503,240-01,240-01,3G
240,1,24001,90876192,29743951,63892927,240-01,240-01,4G
240,1,24001,52166746,33848334,78363723,240-01,240-01,5G
240,1,24001,42809127,98155138,90525112,240-01,240-01,3G
240,1,24001,84927751,12716988,69116057,240-01,240-01,5G
240,1,24001,58297401,20205788,39902164,240-01,240-01,4G
240,1,24001,18307985,97748206,36880669,240-01,240-01,5G
240,1,24001,10194225,68486432,64363588,240-01,240-01,4G
240,1,24001,73025326,33340507,59323189,240-01,240-01,3G
240,1,24001,69218716,66050142,20460858,240-01,240-01,4G
240,1,24001,85438342,83193034,92338032,240-01,240-01,3G
240,1,24001,98218304,61804308,99663133,240-01,240-01,5G
240,1,24001,97021414,99091702,56780557,240-01,240-01,5G
240,1,24001,29707646,56592843,78175352,240-01,240-01,5G
240,1,24001,40667323,88671769,20236853,240-01,240-01,5G
240,1,24001,41683552,16135460,47083830,240-01,240-01,5G
240,1,24001,73543836,51868877,25105790,240-01,240-01,4G
240,1,24001,72834072,83080857,32598366,240-01,240-01,3G
240,1,24001,12965374,20576094,34915149,240-01,240-01,3G
240,1,24001,13740082,57769421,41632753,240-01,240-01,4G
240,1,24001,17133340,22867797,43310182,240-01,240-01,4G
240,1,24001,46215785,79007961,75960436,240-01,240-01,4G
240,1,24001,44716300,41707514,42090056,240-01,240-01,5G
240,1,24001,29119436,85292058,47758984,240-01,240-01,5G
240,1,24001,39816448,60214037,40952556,240-01,240-01,3G
240,1,24001,53080376,90661940,40247642,240-01,240-01,3G
240,1,24001,63583846,96217497,80403788,240-01,240-01,3G
240,1,24001,34426260,22730915,10665666,240-01,240-01,3G
240,1,24001,29704401,89554100,57018054,240-01,240-01,5G
240,1,24001,12383822,78427157,99793607,240-01,240-01,3G
240,1,24001,78419491,95671857,40373744,240-01,240-01,4G
240,1,24001,88030562,27364325,20340487,240-01,240-01,5G
240,1,24001,57483382,44326414,12089332,240-01,240-01,4G
240,1,24001,75702966,61530112,55062228,240-01,240-01,4G
240,1,24001,74005305,87329917,99594658,240-01,240-01,4G
240,1,24001,59801158,70271184,17136697,240-01,240-01,3G
240,1,24001,96932625,56210648,79760157,240-01,240-01,3G
240,1,24001,55085417,24699410,71716255,240-01,240-01,4G
240,1,24001,17090567,24749027,69394595,240-01,240-01,4G
240,1,24001,39397593,36751319,46399582,240-01,240-01,5G
240,1,24001,63422889,76037721,33853476,240-01,240-01,4G
240,1,24001,21034753,97136619,29325144,240-01,240-01,4G
240,1,24001,29867373,35399243,80220982,240-01,240-01,5G
240,1,24001,21827640,42280901,47411624,240-01,240-01,5G
240,1,24001,62040157,29959707,96568831,240-01,240-01,4G
240,1,24001,64133503,59207953,52585950,240-01,240-01,4G
240,1,24001,69574668,25557473,87340546,240-01,240-01,5G
240,1,24001,73630703,48517164,77982664,240-01,240-01,3G
240,1,24001,96501826,85885671,41276484,240-01,240-01,4G
240,1,24001,31524090,64351497,50759355,240-01,240-01,5G
240,1,24001,38773989,89197711,53824900,240-01,240-01,4G
240,1,24001,11292108,86937498,64262540,240-01,240-01,3G
240,1,24001,90052554,23634584,98237668,240-01,240-01,3G
240,1,24001,99082209,84272884,85297626,240-01,240-01,5G
240,1,24001,60472126,87476327,11429639,240-01,240-01,3G
240,1,24001,59521220,15815789,11718319,240-01,240-01,3G
240,1,24001,64282473,36208179,95063501,240-01,240-01,4G
240,1,24001,11732433,86893765,38404257,240-01,240-01,3G
240,1,24001,31020834,76183772,50249702,240-01,240-01,5G
240,1,24001,25768679,58190891,68686487,240-01,240-01,4G
240,1,24001,61260842,66873096,49380592,240-01,240-01,4G
240,1,24001,72044448,59024133,77716392,240-01,240-01,4G
240,1,24001,75384145,78008530,85013624,240-01,240-01,4G
240,1,24001,54108363,40451814,30047492,240-01,240-01,5G
240,1,24001,83894370,23135547,36655267,240-01,240-01,4G
240,1,24001,47308665,61194152,24452930,240-01,240-01,3G
240,1,24001,48070993,79420960,62327092,240-01,240-01,5G
240,1,24001,57899027,73773447,86926968,240-01,240-01,3G
240,1,24001,69138535,57972592,33483965,240-01,240-01,5G
240,1,24001,28764687,63215140,21540368,240-01,240-01,4G
240,1,24001,23080922,62291656,21708030,240-01,240-01,5G
240,1,24001,14993649,17904838,58746911,240-01,240-01,3G
240,1,24001,94156082,65032886,41930081,240-01,240-01,5G
240,1,24001,68420466,25123608,80301859,240-01,240-01,5G
240,1,24001,45186850,62602723,47187668,240-01,240-01,4G
240,1,24001,25424666,25344461,91688333,240-01,240-01,4G
240,1,24001,50485252,30638301,83942992,240-01,240-01,5G
240,1,24001,96161083,90653826,72777068,240-01,240-01,3G
240,1,24001,47757715,22495523,34520785,240-01,240-01,4G
240,1,24001,16399151,99869229,84677069,240-01,240-01,3G
240,1,24001,40212865,69703693,68716753,240-01,240-01,5G
240,1,24001,82341442,14481560,94803948,240-01,240-01,3G
240,1,24001,11637995,18632634,81580464,240-01,240-01,5G
240,1,24001,33705824,93525624,15812990,240-01,240-01,5G
240,1,24001,21660558,17824576,94948404,240-01,240-01,5G
240,1,24001,70970983,84416238,18876863,240-01,240-01,5G
240,1,24001,38722719,11047797,90770427,240-01,240-01,5G
240,1,24001,30169757,19589096,94977329,240-01,240-01,3G
240,1,24001,63341301,79969777,33303339,240-01,240-01,3G
240,1,24001,50450233,22988743,54960994,240-01,240-01,5G
240,1,24001,35955238,80762060,99583637,240-01,240-01,3G
240,1,24001,54725503,74006954,99532462,240-01,240-01,3G
240,1,24001,29358845,77214401,16998096,240-01,240-01,3G
240,1,24001,46219821,88959066,49662114,240-01,240-01,4G
240,1,24001,87358096,18366033,78781906,240-01,240-01,5G
240,1,24001,71591309,45870896,41760872,240-01,240-01,5G
240,1,24001,80176390,87186479,91659956,240-01,240-01,4G
240,1,24001,25760240,23613164,50106331,240-01,240-01,3G
240,1,24001,26753820,62229154,33404427,240-01,240-01,5G
240,1,24001,92566774,30036631,62012712,240-01,240-01,5G
240,1,24001,22627390,75207229,13019508,240-01,240-01,4G
240,1,24001,82728360,53407618,74604824,240-01,240-01,5G
240,1,24001,11448870,18466386,98142258,240-01,240-01,4G
240,1,24001,35611583,68706704,20240464,240-01,240-01,5G
240,1,24001,18243666,73454066,90201120,240-01,240-01,4G
240,1,24001,18325844,18230923,87051338,240-01,240-01,3G
240,1,24001,37410331,24592945,43803797,240-01,240-01,5G
240,1,24001,90611519,24434384,96322877,240-01,240-01,3G
240,1,24001,41925281,19582599,38525330,240-01,240-01,5G
240,1,24001,38212644,53796026,85864984,240-01,240-01,4G
240,1,24001,71827750,84758656,80593821,240-01,240-01,3G
240,1,24001,15435581,16281349,56199805,240-01,240-01,5G
240,1,24001,51589141,83583454,97031551,240-01,240-01,4G
240,1,24001,69457619,40680469,95777472,240-01,240-01,3G
240,1,24001,44420620,46359546,75115505,240-01,240-01,4G
240,1,24001,22740838,41359018,61581830,240-01,240-01,5G
240,1,24001,34792929,17719195,48819989,240-01,240-01,3G
240,1,24001,51615719,31650700,32711222,240-01,240-01,4G
240,1,24001,69948760,50553930,31011252,240-01,240-01,5G
240,1,24001,16601225,89422539,59929888,240-01,240-01,5G
240,1,24001,68880852,74171164,56501068,240-01,240-01,5G
240,1,24001,16067141,67645150,11874419,240-01,240-01,4G
240,1,24001,43209356,10132558,60236749,240-01,240-01,4G
240,1,24001,24570038,49211928,42202949,240-01,240-01,5G
240,1,24001,45046495,43403761,21753104,240-01,240-01,5G
240,1,24001,85881169,13032664,24519393,240-01,240-01,4G
240,1,24001,26870296,57218201,53478736,240-01,240-01,4G
240,1,24001,58167624,45718062,27122142,240-01,240-01,3G
240,1,24001,24865955,26072249,48541854,240-01,240-01,4G
240,1,24001,14450741,24416475,84322532,240-01,240-01,3G
240,1,24001,66484796,81651609,89620746,240-01,240-01,3G
240,1,24001,58835948,23978814,61989588,240-01,240-01,3G
240,1,24001,69712215,44101938,66318884,240-01,240-01,5G
240,1,24001,27110304,20215888,10262241,240-01,240-01,3G
240,1,24001,87907187,40530897,68334741,240-01,240-01,4G
240,1,24001,23419424,31517509,98799623,240-01,240-01,5G
240,1,24001,14318577,34553695,12947827,240-01,240-01,5G
240,1,24001,21565125,50423933,38888959,240-01,240-01,3G
240,1,24001,90697123,43763194,99356354,240-01,240-01,3G
240,1,24001,61857353,64330269,41162505,240-01,240-01,5G
240,1,24001,54786214,38537110,91573342,240-01,240-01,5G
240,1,24001,19466525,63810905,50991347,240-01,240-01,4G
240,1,24001,34444530,55919366,69073287,240-01,240-01,4G
240,1,24001,86174936,22371233,35981863,240-01,240-01,5G
240,1,24001,25723121,78981584,79478410,240-01,240-01,3G
240,1,24001,85327616,71184370,10854304,240-01,240-01,5G
240,1,24001,13761769,89279678,39827007,240-01,240-01,3G
240,1,24001,38956986,57572617,74208905,240-01,240-01,5G
240,1,24001,53997208,90038838,38825886,240-01,240-01,3G
240,1,24001,75251984,27847545,54426847,240-01,240-01,5G
240,1,24001,48423704,44886685,12724126,240-01,240-01,4G
240,1,24001,59917028,20605076,53857374,240-01,240-01,3G
240,1,24001,82100630,24458365,91638730,240-01,240-01,3G
240,1,24001,93651722,77425205,38968955,240-01,240-01,3G
240,1,24001,49909122,78955438,57335200,240-01,240-01,5G
240,1,24001,30210489,38107426,64662003,240-01,240-01,3G
240,1,24001,50232529,37274965,12406626,240-01,240-01,5G
240,1,24001,10918983,16178067,10366891,240-01,240-01,5G
240,1,24001,84421812,54706123,76744778,240-01,240-01,3G
240,1,24001,81840286,32556680,81543569,240-01,240-01,4G
240,1,24001,15294182,53538864,19821381,240-01,240-01,5G
240,1,24001,28863888,49917581,35593158,240-01,240-01,4G
240,1,24001,14376751,71561243,76526141,240-01,240-01,4G
240,1,24001,87507815,86351219,19484993,240-01,240-01,5G
240,1,24001,30046456,21489119,75017011,240-01,240-01,5G
240,1,24001,21564160,72046313,84600097,240-01,240-01,5G
240,1,24001,90153719,78107611,21511292,240-01,240-01,5G
240,1,24001,68489201,78467194,76697067,240-01,240-01,5G
240,1,24001,72108141,90045756,54887468,240-01,240-01,4G
240,1,24001,93978910,94729417,66224031,240-01,240-01,3G
240,1,24001,26600944,93351305,83367414,240-01,240-01,3G
240,1,24001,84423986,29240076,72801115,240-01,240-01,4G
240,1,24001,85466367,26872142,17579936,240-01,240-01,4G
240,1,24001,21793027,17400442,35922623,240-01,240-01,5G
240,1,24001,63556461,58332068,17937204,240-01,240-01,3G
240,1,24001,88413366,35828121,80385655,240-01,240-01,5G
240,1,24001,42127812,55494289,80886696,240-01,240-01,5G
240,1,24001,60902140,16273949,28211736,240-01,240-01,4G
240,1,24001,47889335,71211794,87523550,240-01,240-01,5G
240,1,24001,19249807,42989785,44621964,240-01,240-01,4G
240,1,24001,33343185,54932708,62967225,240-01,240-01,3G
240,1,24001,63699872,39065200,44442430,240-01,240-01,3G
240,1,24001,76389927,92771520,34174859,240-01,240-01,4G
240,1,24001,99295297,32004660,80426894,240-01,240-01,5G
240,1,24001,86351373,47123156,79079187,240-01,240-01,4G
240,1,24001,76257386,18049663,33931030,240-01,240-01,3G
240,1,24001,14463445,51478949,74297179,240-01,240-01,5G
240,1,24001,98200348,24076964,92540429,240-01,240-01,5G
240,1,24001,59746733,50819717,35122931,240-01,240-01,4G
240,1,24001,32958270,53517626,59558338,240-01,240-01,5G
240,1,24001,31445276,27145022,35673536,240-01,240-01,4G
240,1,24001,21226842,28670348,46996140,240-01,240-01,3G
240,1,24001,45903652,55089965,11499368,240-01,240-01,4G
240,1,24001,29203604,58991948,91296195,240-01,240-01,5G
240,1,24001,55628397,32143689,35267576,240-01,240-01,5G
240,1,24001,57500962,71540156,71010326,240-01,240-01,5G
240,1,24001,17179376,83321180,15655086,240-01,240-01,3G
240,1,24001,13687157,17494671,99035191,240-01,240-01,4G
240,1,24001,61666134,71645462,15815122,240-01,240-01,4G
240,1,24001,43156073,64820210,65128559,240-01,240-01,4G
240,1,24001,59289636,71912139,52374798,240-01,240-01,4G
240,1,24001,49123707,75682191,58279716,240-01,240-01,4G
240,1,24001,90995215,81975015,78570709,240-01,240-01,4G
240,1,24001,13380599,37011117,53475770,240-01,240-01,5G
240,1,24001,93561022,81462165,46880119,240-01,240-01,3G
240,1,24001,42542011,68053454,50441872,240-01,240-01,3G
240,1,24001,95823392,22721168,27853816,240-01,240-01,5G
240,1,24001,28846086,52032053,30790874,240-01,240-01,4G
240,1,24001,72079001,68939383,38951432,240-01,240-01,3G
240,1,24001,10774064,38844878,18611287,240-01,240-01,3G
240,1,24001,82161101,33113293,53062461,240-01,240-01,3G
240,1,24001,72763620,79802201,98609535,240-01,240-01,4G
240,1,24001,61629849,64762047,86301841,240-01,240-01,3G
240,1,24001,94090991,62708875,19138139,240-01,240-01,5G
240,1,24001,33078513,22941943,20211584,240-01,240-01,3G
240,1,24001,57914436,41193806,12626871,240-01,240-01,3G
240,1,24001,11901594,22928299,16645020,240-01,240-01,3G
240,1,24001,73573802,67035726,76886488,240-01,240-01,5G
240,1,24001,29453939,90795476,97996385,240-01,240-01,4G
240,1,24001,85831537,62963487,36689184,240-01,240-01,3G
240,1,24001,26480696,99645974,30519460,240-01,240-01,5G
240,1,24001,95651164,99785276,98214287,240-01,240-01,3G
240,1,24001,47902696,14763985,13559833,240-01,240-01,3G
240,1,24001,40901278,42575419,71106060,240-01,240-01,3G
240,1,24001,83012782,71285863,10257224,240-01,240-01,5G
240,1,24001,91931981,46606968,72401462,240-01,240-01,5G
240,1,24001,27513989,26702482,51582281,240-01,240-01,4G
240,1,24001,29342852,86696023,34588257,240-01,240-01,5G
240,1,24001,55437346,29120158,38427917,240-01,240-01,4G
240,1,24001,15510644,52356611,49834507,240-01,240-01,4G
240,1,24001,16316910,42468681,65343813,240-01,240-01,4G
240,1,24001,14521565,47596214,59219285,240-01,240-01,5G
240,1,24001,98602053,23967295,89659682,240-01,240-01,3G
240,1,24001,66827631,96912540,38565618,240-01,240-01,4G
240,1,24001,27194401,56923412,85274667,240-01,240-01,4G
240,1,24001,97021652,36113311,50377890,240-01,240-01,4G
240,1,24001,32681086,34967121,96691066,240-01,240-01,5G
240,1,24001,46723691,59711938,97840639,240-01,240-01,5G
240,1,24001,45768208,64056096,76399847,240-01,240-01,4G
240,1,24001,51649247,53302349,39757717,240-01,240-01,5G
240,1,24001,99667972,23148007,47892545,240-01,240-01,3G
240,1,24001,61374101,50608777,65959222,240-01,240-01,4G
240,1,24001,47983703,70484669,47062573,240-01,240-01,5G
240,1,24001,76682219,55676618,94379566,240-01,240-01,5G
240,1,24001,16954870,49980879,79318757,240-01,240-01,5G
240,1,24001,39116170,18919078,24390265,240-01,240-01,5G
240,1,24001,76859831,80302679,11043376,240-01,240-01,3G
240,1,24001,91159077,40968964,98642098,240-01,240-01,4G
240,1,24001,65359669,10197081,31298184,240-01,240-01,3G
240,1,24001,15928539,86116798,68020831,240-01,240-01,3G
240,1,24001,37232120,78785478,83608213,240-01,240-01,4G
240,1,24001,63056970,59592869,98726973,240-01,240-01,3G
240,1,24001,26625792,94922847,61057961,240-01,240-01,3G
240,1,24001,71094486,73930067,70435784,240-01,240-01,4G
240,1,24001,86074194,64262705,48562571,240-01,240-01,4G
240,1,24001,35567046,27396993,60002002,240-01,240-01,3G
240,1,24001,35311611,74319004,68332941,240-01,240-01,3G
240,1,24001,31615392,95725983,22877739,240-01,240-01,3G
240,1,24001,88223048,17983373,76892863,240-01,240-01,3G
240,1,24001,81792505,39133826,52632957,240-01,240-01,4G
240,1,24001,85337489,90364045,75991526,240-01,240-01,5G
240,1,24001,92021170,96839269,70763011,240-01,240-01,4G
240,1,24001,22786736,58383088,91949434,240-01,240-01,5G
240,1,24001,45532914,60742097,46389906,240-01,240-01,4G
240,1,24001,42923613,74112450,79493587,240-01,240-01,4G
240,1,24001,71871670,52143783,83044888,240-01,240-01,5G
240,1,24001,77471826,60068324,93901948,240-01,240-01,4G
240,1,24001,11678886,60016836,10723912,240-01,240-01,4G
240,1,24001,65540435,21428639,74048429,240-01,240-01,4G
240,1,24001,51278840,72373926,98405533,240-01,240-01,3G
240,1,24001,81493284,59642114,40980124,240-01,240-01,5G
240,1,24001,88385955,28360274,76787101,240-01,240-01,3G
240,1,24001,76335216,51309359,13892666,240-01,240-01,4G
240,1,24001,61016487,11077356,33245770,240-01,240-01,5G
240,1,24001,85680867,65715473,49738646,240-01,240-01,5G
240,1,24001,59736850,56116797,19456753,240-01,240-01,3G
240,1,24001,77291118,53485798,40265408,240-01,240-01,4G
240,1,24001,29395843,47548864,64384309,240-01,240-01,3G
240,1,24001,96170616,81792999,57847650,240-01,240-01,3G
240,1,24001,96683871,83672729,38633483,240-01,240-01,3G
240,1,24001,97721899,29212971,37467354,240-01,240-01,3G
240,1,24001,14797251,28409111,41637452,240-01,240-01,5G
240,1,24001,93633399,55775398,97916549,240-01,240-01,4G
240,1,24001,48438247,74345872,73099932,240-01,240-01,5G
240,1,24001,81909391,20392927,67602926,240-01,240-01,5G
240,1,24001,20400073,59966935,41329259,240-01,240-01,5G
240,1,24001,81870915,72949386,67926897,240-01,240-01,3G
240,1,24001,91357323,15159958,28685137,240-01,240-01,3G
240,1,24001,47362912,52353666,78428403,240-01,240-01,5G
240,1,24001,91685529,14949869,57094489,240-01,240-01,4G
240,1,24001,33009651,21886484,99506884,240-01,240-01,3G
240,1,24001,66890145,34569843,28040028,240-01,240-01,4G
240,1,24001,82430216,88795906,68194986,240-01,240-01,5G
240,1,24001,99029660,58083014,86706816,240-01,240-01,3G
240,1,24001,35784224,93507166,55290865,240-01,240-01,3G
240,1,24001,27085780,18995464,26308951,240-01,240-01,3G
240,1,24001,71673800,81459725,11315490,240-01,240-01,5G
240,1,24001,29246857,46528291,72695105,240-01,240-01,4G
240,1,24001,97755438,13418040,78162574,240-01,240-01,3G
240,1,24001,84370693,63662802,26165368,240-01,240-01,4G
240,1,24001,70093646,44057256,73748073,240-01,240-01,4G
240,1,24001,20656244,91558007,31982806,240-01,240-01,3G
240,1,24001,28209971,96792376,18461433,240-01,240-01,3G
240,1,24001,71251384,68641313,94706442,240-01,240-01,4G
240,1,24001,73094331,60265356,21905151,240-01,240-01,4G
240,1,24001,14526722,82505401,61296983,240-01,240-01,3G
240,1,24001,77699264,50386704,26966455,240-01,240-01,4G
240,1,24001,40847869,82097771,75611786,240-01,240-01,5G
240,1,24001,92798194,69412392,88697427,240-01,240-01,4G
240,1,24001,94960317,49953065,34607855,240-01,240-01,4G
240,1,24001,78105088,82544055,24855117,240-01,240-01,5G
240,1,24001,77628136,30331658,95293657,240-01,240-01,3G
240,1,24001,59637946,56100570,69424684,240-01,240-01,3G
240,1,24001,56968121,19405398,30947214,240-01,240-01,3G
240,1,24001,49305375,17422294,94573811,240-01,240-01,5G
240,1,24001,58466333,10967818,82844073,240-01,240-01,4G
240,1,24001,87196628,30203034,49713743,240-01,240-01,5G
240,1,24001,70979764,52567217,32822282,240-01,240-01,3G
240,1,24001,42224338,19986450,46443995,240-01,240-01,5G
240,1,24001,79725280,42995283,41302103,240-01,240-01,4G
240,1,24001,52281595,47992789,17982161,240-01,240-01,4G
240,1,24001,57848116,75476622,86098776,240-01,240-01,3G
240,1,24001,83099306,86766037,52405027,240-01,240-01,4G
240,1,24001,72904997,82870581,81647088,240-01,240-01,3G
240,1,24001,46088498,17452336,21021015,240-01,240-01,4G
240,1,24001,31262505,28269702,23417936,240-01,240-01,3G
240,1,24001,65818659,86066948,11221941,240-01,240-01,4G
240,1,24001,31629210,99616483,99612624,240-01,240-01,5G
240,1,24001,24766534,46581610,69035367,240-01,240-01,5G
240,1,24001,69284546,36397104,68276445,240-01,240-01,4G
240,1,24001,74264599,27737282,62279841,240-01,240-01,3G
240,1,24001,59657025,91021795,31341012,240-01,240-01,3G
240,1,24001,36944451,63946155,36074476,240-01,240-01,3G
240,1,24001,48248468,65640226,32664663,240-01,240-01,3G
240,1,24001,33465005,11125836,44146467,240-01,240-01,4G
240,1,24001,17768484,62497840,15185813,240-01,240-01,5G
240,1,24001,52941114,14962487,90556128,240-01,240-01,5G
240,1,24001,68915179,10948719,76305258,240-01,240-01,4G
240,1,24001,45075678,27452202,67037877,240-01,240-01,3G
240,1,24001,76708925,84133409,65203566,240-01,240-01,3G
240,1,24001,28542924,93993411,86252329,240-01,240-01,5G
240,1,24001,57710841,68657113,42696019,240-01,240-01,3G
240,1,24001,17957481,93183571,85397758,240-01,240-01,4G
240,1,24001,11899366,72445319,93855514,240-01,240-01,5G
240,1,24001,37072392,41560656,25734413,240-01,240-01,3G
240,1,24001,74513987,94392748,90739906,240-01,240-01,5G
240,1,24001,76471655,49375359,63182339,240-01,240-01,4G
240,1,24001,91539781,76062126,84016653,240-01,240-01,5G
240,1,24001,56799157,34179180,86185556,240-01,240-01,5G
240,1,24001,55960794,46049716,53832207,240-01,240-01,4G
240,1,24001,24156627,59010714,86258180,240-01,240-01,4G
240,1,24001,75990108,88439561,32921937,240-01,240-01,4G
240,1,24001,35825277,76840463,50538828,240-01,240-01,3G
240,1,24001,48116013,77215425,87829135,240-01,240-01,4G
240,1,24001,47704684,76771680,59202998,240-01,240-01,4G
240,1,24001,57915830,40885590,79908128,240-01,240-01,3G
240,1,24001,84075398,29322540,99826369,240-01,240-01,4G
240,1,24001,32176368,57013349,16306193,240-01,240-01,4G
240,1,24001,76172736,22624565,11298306,240-01,240-01,5G
240,1,24001,99749797,35196736,69200036,240-01,240-01,3G
240,1,24001,99161298,14731347,62418848,240-01,240-01,3G
240,1,24001,46558372,48249155,25475319,240-01,240-01,5G
240,1,24001,79865498,36544999,40535877,240-01,240-01,4G
240,1,24001,64608450,72177788,75206020,240-01,240-01,3G
240,1,24001,10386380,31814700,32165593,240-01,240-01,4G
240,1,24001,17757573,18493740,15080613,240-01,240-01,5G
240,1,24001,85390426,39953449,99841997,240-01,240-01,5G
240,1,24001,60782578,11804644,15896258,240-01,240-01,5G
240,1,24001,96344430,47184284,69676148,240-01,240-01,3G
240,1,24001,45315990,23097152,64769092,240-01,240-01,3G
240,1,24001,26583552,37772883,91218538,240-01,240-01,4G
240,1,24001,34499970,51856151,52533506,240-01,240-01,5G
240,1,24001,71583045,29081571,91018742,240-01,240-01,4G
240,1,24001,18772287,41090598,32475961,240-01,240-01,5G
240,1,24001,71767305,71383389,22254777,240-01,240-01,5G
240,1,24001,24767318,50299535,39419332,240-01,240-01,5G
240,1,24001,85917169,62317929,66109939,240-01,240-01,4G
240,1,24001,91592914,38951527,44768890,240-01,240-01,5G
240,1,24001,34265494,47087389,85935522,240-01,240-01,5G
240,1,24001,85090949,56441859,73338320,240-01,240-01,3G
240,1,24001,72742382,27264266,31191107,240-01,240-01,5G
240,1,24001,71116706,29895741,85092200,240-01,240-01,3G
240,1,24001,32775475,79700518,44236923,240-01,240-01,4G
240,1,24001,67250528,65441367,70917319,240-01,240-01,5G
240,1,24001,39359504,29444891,48102635,240-01,240-01,5G
240,1,24001,99815494,61967149,63193001,240-01,240-01,4G
240,1,24001,52828153,28148648,37337696,240-01,240-01,3G
240,1,24001,77179337,72312453,99279572,240-01,240-01,4G
240,1,24001,73931393,37828483,11730989,240-01,240-01,4G
240,1,24001,35538964,90648307,17752389,240-01,240-01,4G
240,1,24001,34123486,76745552,36515481,240-01,240-01,4G
240,1,24001,90259088,90674730,58580558,240-01,240-01,4G
240,1,24001,89079729,55572211,14062253,240-01,240-01,3G
240,1,24001,32970929,35915833,99803723,240-01,240-01,3G
240,1,24001,23932800,78066281,76771965,240-01,240-01,5G
240,1,24001,72649602,44846045,75687663,240-01,240-01,5G
240,1,24001,19548741,19348289,64581736,240-01,240-01,5G
240,1,24001,31987889,25751628,80344049,240-01,240-01,5G
240,1,24001,41412369,13590467,36352228,240-01,240-01,5G
240,1,24001,30622025,47030362,41350105,240-01,240-01,3G
240,1,24001,48720172,72524430,52741894,240-01,240-01,5G
240,1,24001,19392472,34846895,71915451,240-01,240-01,4G
240,1,24001,95136033,44910849,48691712,240-01,240-01,3G
240,1,24001,84378783,50578972,19063941,240-01,240-01,4G
240,1,24001,89180046,18476882,85467202,240-01,240-01,3G
240,1,24001,45550658,34575073,12744684,240-01,240-01,5G
240,1,24001,28257169,13659642,42556602,240-01,240-01,5G
240,1,24001,92990931,98208538,17540944,240-01,240-01,5G
240,1,24001,40249456,37242671,31128759,240-01,240-01,4G
240,1,24001,59696882,14827092,72641614,240-01,240-01,4G
240,1,24001,53678004,44914661,63368800,240-01,240-01,4G
240,1,24001,99137214,25139052,31792075,240-01,240-01,5G
240,1,24001,69824633,40470071,51655021,240-01,240-01,4G
240,1,24001,15554682,93502746,38684110,240-01,240-01,4G
240,1,24001,39207063,57561895,63578872,240-01,240-01,3G
240,1,24001,28492446,61285065,47889850,240-01,240-01,5G
240,1,24001,56154462,48986701,27869673,240-01,240-01,5G
240,1,24001,38548020,43601520,98374797,240-01,240-01,5G
240,1,24001,99553813,90566144,94559037,240-01,240-01,5G
240,1,24001,57346571,31560827,24488813,240-01,240-01,4G
240,1,24001,40911272,28365236,18668340,240-01,240-01,5G
240,1,24001,86956572,12517295,22531884,240-01,240-01,3G
240,1,24001,27284283,18819220,76126810,240-01,240-01,4G
240,1,24001,94493808,73684932,10557112,240-01,240-01,3G
240,1,24001,51301892,32828314,16296547,240-01,240-01,3G
240,1,24001,21659864,57805588,41598900,240-01,240-01,3G
240,1,24001,86590243,89621520,84269615,240-01,240-01,4G
240,1,24001,46732901,49451170,92797202,240-01,240-01,4G
240,1,24001,14879175,42913881,71777648,240-01,240-01,3G
240,1,24001,85642975,78029428,80200263,240-01,240-01,5G
240,1,24001,69509724,29072482,55809880,240-01,240-01,4G
240,1,24001,38014502,29395390,13150808,240-01,240-01,4G
240,1,24001,76831402,38456512,46505632,240-01,240-01,4G
240,1,24001,70858879,60021768,65419635,240-01,240-01,3G
240,1,24001,89172483,18992849,42875685,240-01,240-01,5G
240,1,24001,98976703,39542409,43330299,240-01,240-01,3G
240,1,24001,69167580,20726066,75764382,240-01,240-01,5G
240,1,24001,15562014,49388342,13901140,240-01,240-01,3G
240,1,24001,44156034,41266428,13862317,240-01,240-01,4G
240,1,24001,19664309,85198900,50267786,240-01,240-01,3G
240,1,24001,97321781,84214797,15103194,240-01,240-01,3G
240,1,24001,94549644,88890655,92997816,240-01,240-01,3G
240,1,24001,74764692,36015149,99838320,240-01,240-01,4G
240,1,24001,74715007,69402807,83213977,240-01,240-01,5G
240,1,24001,28569379,84496140,74522295,240-01,240-01,5G
240,1,24001,38102413,69672354,98494274,240-01,240-01,5G
240,1,24001,93088948,84078729,61450200,240-01,240-01,5G
240,1,24001,91595561,22958857,88347380,240-01,240-01,5G
240,1,24001,77926069,84650340,62237389,240-01,240-01,4G
240,1,24001,29132494,24117627,26877527,240-01,240-01,3G
240,1,24001,42775116,16317388,25540531,240-01,240-01,4G
240,1,24001,64620879,25472541,79736434,240-01,240-01,4G
240,1,24001,35598486,35881906,48132385,240-01,240-01,5G
240,1,24001,25295508,91923064,60850869,240-01,240-01,3G
240,1,24001,64205516,89062069,50691652,240-01,240-01,5G
240,1,24001,38522380,73797358,64495484,240-01,240-01,5G
240,1,24001,71133436,23937117,44416256,240-01,240-01,3G
240,1,24001,86183949,55443961,65907874,240-01,240-01,4G
240,1,24001,33822551,67162594,38217183,240-01,240-01,3G
240,1,24001,45475185,66738201,41537156,240-01,240-01,3G
240,1,24001,44722941,52897227,40648222,240-01,240-01,4G
240,1,24001,22395594,17684851,54096303,240-01,240-01,4G
240,1,24001,95027924,81507312,48080120,240-01,240-01,4G
240,1,24001,11339169,37613478,15981394,240-01,240-01,5G
240,1,24001,10162596,62737370,21072187,240-01,240-01,4G
240,1,24001,29015108,81670908,74365949,240-01,240-01,5G
240,1,24001,40367542,75004931,13320226,240-01,240-01,5G
240,1,24001,31858100,64014582,64702254,240-01,240-01,4G
240,1,24001,86587241,95256733,12335712,240-01,240-01,3G
240,1,24001,53789550,56271417,51650671,240-01,240-01,5G
240,1,24001,80102878,14920550,97781816,240-01,240-01,5G
240,1,24001,98813279,77387815,95249372,240-01,240-01,5G
240,1,24001,66432759,65494093,29630769,240-01,240-01,3G
240,1,24001,85664710,73659913,50894749,240-01,240-01,3G
240,1,24001,81454596,70142374,82214943,240-01,240-01,5G
240,1,24001,83428407,48856153,86395042,240-01,240-01,5G
240,1,24001,69255310,54186778,71090415,240-01,240-01,4G
240,1,24001,73728685,68067705,44192085,240-01,240-01,3G
240,1,24001,80518975,80945559,85091172,240-01,240-01,4G
240,1,24001,16294657,70772964,70550504,240-01,240-01,4G
240,1,24001,90101855,19698784,93474757,240-01,240-01,4G
240,1,24001,47899847,82488656,60333155,240-01,240-01,4G
240,1,24001,48152705,30307948,31629833,240-01,240-01,3G
240,1,24001,12660974,25959114,28926305,240-01,240-01,4G
240,1,24001,78375347,78537710,84404541,240-01,240-01,4G
240,1,24001,50635962,49304753,76095552,240-01,240-01,5G
240,1,24001,13768485,35437464,34145244,240-01,240-01,3G
240,1,24001,12319873,79038408,10575355,240-01,240-01,3G
240,1,24001,61969027,27630067,42862032,240-01,240-01,4G
240,1,24001,72680413,71000652,68374461,240-01,240-01,4G
240,1,24001,54535470,33447450,70991145,240-01,240-01,4G
240,1,24001,92828022,93473815,49480576,240-01,240-01,3G
240,1,24001,11347663,39756680,45808933,240-01,240-01,4G
240,1,24001,68627126,39654704,58348758,240-01,240-01,3G
240,1,24001,98142088,20326363,35618681,240-01,240-01,3G
240,1,24001,35646733,11210059,59810737,240-01,240-01,4G
240,1,24001,73193896,87577987,51314566,240-01,240-01,3G
240,1,24001,79195030,85719711,64737452,240-01,240-01,4G
240,1,24001,48495712,76927065,61944034,240-01,240-01,5G
240,1,24001,61084515,52312520,79311053,240-01,240-01,5G
240,1,24001,80592632,25676691,72209627,240-01,240-01,5G
240,1,24001,42450902,59306894,89486103,240-01,240-01,5G
240,1,24001,20417033,49285294,74030190,240-01,240-01,3G
240,1,24001,86820973,13188958,46199747,240-01,240-01,4G
240,1,24001,24447398,11690584,36023063,240-01,240-01,5G
240,1,24001,86943364,76983806,12036087,240-01,240-01,3G
240,1,24001,28210096,48866996,98832130,240-01,240-01,4G
240,1,24001,32934952,41936511,61993445,240-01,240-01,4G
240,1,24001,63974115,30313485,82885148,240-01,240-01,3G
240,1,24001,47804192,43464023,64645065,240-01,240-01,5G
240,1,24001,29969465,42275906,55144885,240-01,240-01,5G
240,1,24001,13955573,36680153,15943528,240-01,240-01,3G
240,1,24001,99547022,37304715,52581376,240-01,240-01,5G
240,1,24001,35544024,91855110,89688522,240-01,240-01,4G
240,1,24001,92707660,93795242,22893572,240-01,240-01,5G
240,1,24001,13870572,90744350,85073061,240-01,240-01,5G
240,1,24001,56309051,14734426,88758783,240-01,240-01,5G
240,1,24001,93299691,33800456,33517673,240-01,240-01,4G
240,1,24001,56602178,94034411,59589836,240-01,240-01,4G
240,1,24001,13426338,25372874,10561585,240-01,240-01,4G
240,1,24001,21585423,63672296,23189369,240-01,240-01,3G
240,1,24001,70377009,64506014,11583816,240-01,240-01,5G
240,1,24001,62885888,34935690,71957213,240-01,240-01,5G
240,1,24001,18799532,33008880,80878485,240-01,240-01,5G
240,1,24001,66846869,68516435,47131891,240-01,240-01,5G
240,1,24001,90400842,41206571,25993952,240-01,240-01,5G
240,1,24001,18475355,21137196,29272734,240-01,240-01,4G
240,1,24001,61659743,79841336,92394669,240-01,240-01,4G
240,1,24001,36401629,78424301,64731007,240-01,240-01,3G
240,1,24001,82069314,52208065,22418153,240-01,240-01,4G
240,1,24001,65782444,18171654,44473202,240-01,240-01,4G
240,1,24001,36385431,77762668,45214933,240-01,240-01,5G
240,1,24001,46227756,90141497,45675892,240-01,240-01,4G
240,1,24001,79672934,22685239,27132362,240-01,240-01,3G
240,1,24001,30074358,59529139,62859649,240-01,240-01,4G
240,1,24001,55802187,99884065,82141967,240-01,240-01,3G
240,1,24001,33739209,25874262,32594526,240-01,240-01,3G
240,1,24001,81521995,37487759,15529731,240-01,240-01,4G
240,1,24001,61566596,21827796,41090708,240-01,240-01,5G
240,1,24001,48687676,80816277,42668828,240-01,240-01,5G
240,1,24001,11085189,43527941,90529380,240-01,240-01,5G
240,1,24001,49580436,68593164,49765948,240-01,240-01,3G
240,1,24001,57826365,24778204,99906464,240-01,240-01,3G
240,1,24001,38153167,45050207,65270877,240-01,240-01,3G
240,1,24001,60728269,41337367,28096805,240-01,240-01,4G
240,1,24001,41396141,94372070,99101109,240-01,240-01,3G
240,1,24001,38040461,71829580,78432780,240-01,240-01,5G
240,1,24001,16356236,99447289,21312788,240-01,240-01,3G
240,1,24001,37003691,83486593,73789763,240-01,240-01,4G
240,1,24001,20637381,87454617,84939345,240-01,240-01,4G
240,1,24001,29925694,35425120,65913670,240-01,240-01,5G
240,1,24001,42409575,21027237,90849595,240-01,240-01,4G
240,1,24001,20084654,84025749,74486115,240-01,240-01,4G
240,1,24001,23119235,71898251,37892484,240-01,240-01,4G
240,1,24001,75425636,37744336,28689699,240-01,240-01,4G
240,1,24001,19091711,58585917,73751499,240-01,240-01,3G
240,1,24001,17171700,75087391,88356859,240-01,240-01,4G
240,1,24001,24271813,88189748,73176719,240-01,240-01,4G
240,1,24001,28730201,51887375,79724573,240-01,240-01,5G
240,1,24001,94454969,53124505,49154604,240-01,240-01,4G
240,1,24001,43161886,78652210,76445412,240-01,240-01,3G
240,1,24001,96148252,67100539,79450675,240-01,240-01,3G
240,1,24001,66552862,15535712,50462394,240-01,240-01,4G
240,1,24001,81083159,57324862,80859500,240-01,240-01,3G
240,1,24001,41053871,88006159,78995044,240-01,240-01,4G
240,1,24001,20976252,32921658,95238158,240-01,240-01,5G
240,1,24001,50262005,22975588,71251762,240-01,240-01,4G
240,1,24001,16761315,14909424,88893670,240-01,240-01,4G
240,1,24001,75251533,54101960,80266626,240-01,240-01,3G
240,1,24001,96338533,20143603,69385248,240-01,240-01,5G
240,1,24001,24765358,35113508,14222731,240-01,240-01,3G
240,1,24001,50954923,28561095,71307130,240-01,240-01,3G
240,1,24001,90156009,95066387,90376360,240-01,240-01,5G
240,1,24001,47331537,81999633,26876887,240-01,240-01,5G
240,1,24001,11983486,50196549,83076117,240-01,240-01,3G
240,1,24001,55826401,58340162,71436913,240-01,240-01,3G
240,1,24001,54267707,17040861,31487580,240-01,240-01,5G
240,1,24001,96909379,24772203,90868917,240-01,240-01,4G
240,1,24001,40330544,61723797,43048364,240-01,240-01,3G
240,1,24001,70605216,78655824,89689832,240-01,240-01,3G
240,1,24001,25897730,63700685,89546254,240-01,240-01,5G
240,1,24001,65554635,57756068,63209316,240-01,240-01,4G
240,1,24001,26958169,20173683,42689449,240-01,240-01,4G
240,1,24001,84261562,64400735,86421939,240-01,240-01,4G
240,1,24001,85313320,44878043,84960767,240-01,240-01,5G
240,1,24001,63300541,37758322,67285667,240-01,240-01,3G
240,1,24001,66103848,92915288,14839483,240-01,240-01,4G
240,1,24001,87860425,59689832,17008976,240-01,240-01,3G
240,1,24001,22977962,21296002,17216143,240-01,240-01,4G
240,1,24001,13662411,14407547,75634206,240-01,240-01,5G
240,1,24001,64355473,35209496,94317646,240-01,240-01,3G
240,1,24001,41865077,88396419,22316989,240-01,240-01,5G
240,1,24001,20434852,13298583,82217170,240-01,240-01,5G
240,1,24001,11547917,52371359,57794855,240-01,240-01,3G
240,1,24001,70213176,11958533,33706309,240-01,240-01,5G
240,1,24001,45176011,87057698,81069108,240-01,240-01,3G
240,1,24001,57732626,53607417,68010133,240-01,240-01,3G
240,1,24001,62567973,97637339,96371852,240-01,240-01,5G
240,1,24001,83681885,85284906,23869827,240-01,240-01,3G
240,1,24001,48787200,65626019,38044037,240-01,240-01,3G
240,1,24001,82717806,13265059,63855952,240-01,240-01,4G
240,1,24001,18483555,48217196,70943197,240-01,240-01,3G
240,1,24001,82898736,74364317,25711898,240-01,240-01,5G
240,1,24001,36551877,28112807,87328038,240-01,240-01,4G
240,1,24001,19927813,96407562,46933348,240-01,240-01,3G
240,1,24001,43303910,49436760,40994389,240-01,240-01,5G
240,1,24001,17105384,97714727,59471842,240-01,240-01,3G
240,1,24001,51418028,82586909,49650902,240-01,240-01,4G
240,1,24001,95692175,57546888,39393016,240-01,240-01,5G
240,1,24001,59165967,30092261,59348219,240-01,240-01,4G
240,1,24001,24163541,54994549,76535328,240-01,240-01,3G
240,1,24001,54297575,38309459,46870706,240-01,240-01,5G
240,1,24001,75324236,47801463,32402970,240-01,240-01,4G
240,1,24001,18741299,36935155,64935691,240-01,240-01,4G
240,1,24001,33571635,75162336,25645014,240-01,240-01,3G
240,1,24001,47144555,55637328,20005664,240-01,240-01,4G
240,1,24001,36962239,99403667,16594432,240-01,240-01,3G
240,1,24001,67805983,12392443,92702380,240-01,240-01,3G
240,1,24001,58878182,23024554,43711223,240-01,240-01,5G
240,1,24001,71007043,28405430,46281147,240-01,240-01,5G
240,1,24001,17361383,98760868,34175149,240-01,240-01,5G
240,1,24001,61340078,53459703,31185021,240-01,240-01,4G
240,1,24001,53694204,87757248,28793911,240-01,240-01,4G
240,1,24001,62228607,92713557,69300559,240-01,240-01,3G
240,1,24001,29826522,77561914,94099083,240-01,240-01,5G
240,1,24001,25415830,87429917,43383505,240-01,240-01,3G
240,1,24001,18368627,51444906,83676125,240-01,240-01,5G
240,1,24001,96126891,72385481,18294262,240-01,240-01,3G
240,1,24001,35310153,21078058,20412362,240-01,240-01,4G
240,1,24001,14207063,84520013,42687519,240-01,240-01,5G
240,1,24001,34582091,55607233,69038619,240-01,240-01,3G
240,1,24001,83641784,57972786,56992382,240-01,240-01,5G
240,1,24001,57894485,67412820,34921651,240-01,240-01,4G
240,1,24001,22497724,31685327,58853342,240-01,240-01,3G
240,1,24001,91938722,22208041,31215929,240-01,240-01,5G
240,1,24001,71952651,36603919,25926806,240-01,240-01,4G
240,1,24001,29583145,46010479,98175724,240-01,240-01,3G
240,1,24001,53583599,47221977,78799342,240-01,240-01,5G
240,1,24001,25961652,89288840,52961547,240-01,240-01,4G
240,1,24001,21065041,13688675,26980694,240-01,240-01,4G
240,1,24001,11273611,14863853,70398087,240-01,240-01,5G
240,1,24001,95144515,62338838,84210158,240-01,240-01,3G
240,1,24001,43735494,12895206,52819229,240-01,240-01,5G
240,1,24001,35015825,47104186,33359477,240-01,240-01,4G
240,1,24001,85758899,68773564,83227889,240-01,240-01,3G
240,1,24001,95356330,79261862,47607857,240-01,240-01,5G
240,1,24001,47305093,56827591,83439952,240-01,240-01,5G
240,1,24001,20108964,18086901,63129363,240-01,240-01,4G
240,1,24001,43095393,12320346,54562965,240-01,240-01,3G
240,1,24001,33274265,89847806,99244798,240-01,240-01,3G
240,1,24001,84324544,92157351,82857671,240-01,240-01,3G
240,1,24001,42032307,14073167,54405814,240-01,240-01,3G
240,1,24001,31525260,68220840,11420448,240-01,240-01,4G
240,1,24001,32806189,33563843,53367898,240-01,240-01,3G
240,1,24001,78197919,30927667,74362902,240-01,240-01,3G
240,1,24001,43573988,99398641,60879936,240-01,240-01,5G
240,1,24001,99056463,45627635,10413338,240-01,240-01,4G
240,1,24001,59894103,30873340,75294286,240-01,240-01,3G
240,1,24001,82115478,94181267,21148063,240-01,240-01,3G
240,1,24001,69224839,53528907,74571863,240-01,240-01,3G
240,1,24001,56736340,53849762,37305784,240-01,240-01,3G
240,1,24001,84599790,91950006,26296691,240-01,240-01,4G
240,1,24001,88849973,25478398,55646744,240-01,240-01,3G
240,1,24001,23602902,17463074,64954267,240-01,240-01,5G
240,1,24001,92548800,15604581,54685710,240-01,240-01,4G
240,1,24001,33897779,80142882,56392502,240-01,240-01,5G
240,1,24001,18445203,46329163,92653424,240-01,240-01,4G
240,1,24001,75959258,28130143,19407490,240-01,240-01,4G
240,1,24001,40418614,82585228,67957983,240-01,240-01,4G
240,1,24001,64449369,63024084,13429581,240-01,240-01,4G
240,1,24001,19882680,15678459,19931531,240-01,240-01,4G
240,1,24001,52362472,84612352,99009608,240-01,240-01,5G
240,1,24001,45126728,37070893,89584932,240-01,240-01,3G
240,1,24001,86712466,78149543,92948513,240-01,240-01,3G
240,1,24001,77607475,52428563,30916397,240-01,240-01,4G
240,1,24001,49396212,53538453,91465433,240-01,240-01,5G
240,1,24001,30501699,65465103,80381238,240-01,240-01,5G
240,1,24001,94618164,88760562,70798259,240-01,240-01,4G
240,1,24001,11639755,82116300,16482730,240-01,240-01,3G
240,1,24001,66964784,69670845,59739405,240-01,240-01,4G
240,1,24001,41455662,32530589,61466303,240-01,240-01,5G
240,1,24001,40426128,95880136,42905687,240-01,240-01,4G
240,1,24001,87874956,24825087,90652912,240-01,240-01,4G
240,1,24001,18738510,23297618,65454189,240-01,240-01,4G
240,1,24001,99635185,70435783,82981026,240-01,240-01,3G
240,1,24001,39113031,13147054,58709383,240-01,240-01,3G
240,1,24001,14349197,41094237,27652741,240-01,240-01,3G
240,1,24001,62714344,30595528,87753644,240-01,240-01,5G
240,1,24001,64057133,29177187,30071920,240-01,240-01,3G
240,1,24001,24327633,55569189,32316581,240-01,240-01,4G
240,1,24001,64880904,78960897,19971175,240-01,240-01,5G
240,1,24001,48152112,17725489,62657278,240-01,240-01,5G
240,1,24001,24139061,66803806,45389426,240-01,240-01,3G
240,1,24001,76076065,64845184,71249708,240-01,240-01,4G
240,1,24001,50832259,66207685,72900419,240-01,240-01,4G
240,1,24001,67574207,15638157,93265033,240-01,240-01,3G
240,1,24001,85353764,21187553,80385736,240-01,240-01,5G
240,1,24001,97207166,19977309,40822558,240-01,240-01,3G
240,1,24001,79677576,90757653,56805099,240-01,240-01,4G
240,1,24001,45604621,27205405,73288784,240-01,240-01,4G
240,1,24001,35487117,40138773,31016072,240-01,240-01,5G
240,1,24001,67138955,71373467,43253928,240-01,240-01,4G
240,1,24001,69050510,25768415,66826267,240-01,240-01,5G
240,1,24001,13853619,78553430,73524606,240-01,240-01,5G
240,1,24001,39525633,70644570,71570821,240-01,240-01,4G
240,1,24001,39292053,19689425,61170243,240-01,240-01,5G
240,1,24001,36731108,39198857,42739444,240-01,240-01,3G
240,1,24001,69010211,50226243,22630681,240-01,240-01,5G
240,1,24001,27272868,51208819,25876105,240-01,240-01,5G
240,1,24001,98020527,45479589,44001298,240-01,240-01,4G
240,1,24001,73327090,35317020,83278337,240-01,240-01,4G
240,1,24001,52421058,59188595,99889135,240-01,240-01,5G
240,1,24001,13998276,30120825,20954644,240-01,240-01,3G
240,1,24001,65068355,29161412,51127637,240-01,240-01,5G
240,1,24001,71418334,89152270,16415881,240-01,240-01,3G
240,1,24001,42943965,38148274,28040085,240-01,240-01,4G
240,1,24001,93535712,59546379,86264936,240-01,240-01,4G
240,1,24001,23259645,48447259,53827266,240-01,240-01,3G
240,1,24001,90767592,79173423,19208622,240-01,240-01,3G
240,1,24001,21651540,75485575,20259943,240-01,240-01,4G
240,1,24001,68852414,27383904,40735215,240-01,240-01,4G
240,1,24001,69698454,93920980,55656699,240-01,240-01,3G
240,1,24001,58620417,36272925,35712665,240-01,240-01,3G
240,1,24001,16483602,32434154,15597542,240-01,240-01,4G
240,1,24001,53110812,69329699,55897455,240-01,240-01,3G
240,1,24001,30665254,71342821,87272084,240-01,240-01,4G
240,1,24001,48403608,69694092,21103733,240-01,240-01,3G
240,1,24001,90078898,20605059,98998552,240-01,240-01,4G
240,1,24001,85201245,78841471,48281553,240-01,240-01,4G
240,1,24001,24092707,63471783,44987543,240-01,240-01,3G
240,1,24001,47660498,55068687,92707643,240-01,240-01,4G
240,1,24001,84742239,41315706,28437045,240-01,240-01,4G
240,1,24001,40648592,57184622,65355256,240-01,240-01,3G
240,1,24001,76565106,67739462,43050014,240-01,240-01,3G
240,1,24001,67947954,19512085,83744298,240-01,240-01,3G
240,1,24001,53377943,37433354,63340927,240-01,240-01,5G
240,1,24001,56203132,11306589,68110995,240-01,240-01,5G
240,1,24001,10722705,82645433,21952601,240-01,240-01,3G
240,1,24001,60373563,94376197,68312867,240-01,240-01,5G
240,1,24001,28403071,40601852,59195718,240-01,240-01,4G
240,1,24001,76339291,91304304,30101707,240-01,240-01,3G
240,1,24001,82262720,36669315,75052423,240-01,240-01,3G
240,1,24001,49328198,84350813,64846822,240-01,240-01,4G
240,1,24001,92027069,41700030,39909382,240-01,240-01,5G
240,1,24001,30828388,75900231,41786840,240-01,240-01,4G
240,1,24001,11150669,76007845,55684466,240-01,240-01,3G
240,1,24001,89026974,33177005,79722022,240-01,240-01,5G
240,1,24001,22213123,87384398,59860280,240-01,240-01,4G
240,1,24001,61894367,45125224,17796629,240-01,240-01,5G
240,1,24001,87213940,13950492,83091000,240-01,240-01,4G
240,1,24001,65798499,29840851,88445404,240-01,240-01,3G
240,1,24001,71688833,34194955,32661652,240-01,240-01,5G
240,1,24001,27877513,20559893,13966427,240-01,240-01,4G
240,1,24001,80465717,47497434,27581266,240-01,240-01,3G
240,1,24001,77819567,22860467,82356859,240-01,240-01,3G
240,1,24001,95652834,22521770,32663452,240-01,240-01,5G
240,1,24001,19554266,65031557,39687024,240-01,240-01,5G
240,1,24001,70702744,34431266,62666513,240-01,240-01,4G
240,1,24001,82203969,36197628,58273044,240-01,240-01,5G
240,1,24001,71107697,40803184,79127212,240-01,240-01,4G
240,1,24001,66983954,11221878,83815659,240-01,240-01,5G
240,1,24001,82828240,78561278,32013941,240-01,240-01,4G
240,1,24001,72352601,52687002,83085913,240-01,240-01,4G
240,1,24001,89028253,42480915,48063477,240-01,240-01,3G
240,1,24001,64625818,80051626,75575496,240-01,240-01,4G
240,1,24001,64456098,78658492,53375355,240-01,240-01,4G
240,1,24001,92582819,54547563,32476191,240-01,240-01,4G
240,1,24001,74457060,58571228,37577825,240-01,240-01,5G
240,1,24001,84899356,81487719,30735844,240-01,240-01,5G
240,1,24001,83377912,79743518,57465308,240-01,240-01,5G
240,1,24001,82314902,36175583,25781244,240-01,240-01,4G
240,1,24001,64071856,66928608,90181369,240-01,240-01,4G
240,1,24001,50459482,59506684,85132506,240-01,240-01,3G
240,1,24001,30635452,79335425,40083769,240-01,240-01,5G
240,1,24001,25023960,46081758,74624106,240-01,240-01,4G
240,1,24001,96574537,79044406,67234905,240-01,240-01,4G
240,1,24001,47671099,13791058,86761432,240-01,240-01,3G
240,1,24001,91826829,39140533,32282532,240-01,240-01,4G
240,1,24001,76075985,92654229,84034712,240-01,240-01,5G
240,1,24001,77727915,41745716,34655492,240-01,240-01,3G
240,1,24001,88344693,34585915,69627337,240-01,240-01,4G
240,1,24001,64857565,97149489,61031776,240-01,240-01,5G
240,1,24001,56172919,57297154,47534708,240-01,240-01,3G
240,1,24001,52034814,43187494,85244392,240-01,240-01,4G
240,1,24001,84017587,33317381,51543502,240-01,240-01,5G
240,1,24001,83513652,52266884,69038343,240-01,240-01,5G
240,1,24001,94959452,23143626,41149701,240-01,240-01,3G
240,1,24001,55247896,91120202,39649356,240-01,240-01,4G
240,1,24001,63396436,62426315,51176329,240-01,240-01,3G
240,1,24001,52922390,47882718,48084627,240-01,240-01,5G
240,1,24001,24370719,47928341,80113646,240-01,240-01,3G
240,1,24001,10516256,57792216,42663982,240-01,240-01,3G
240,1,24001,30446748,44803612,95411880,240-01,240-01,5G
240,1,24001,60111886,70496198,75887953,240-01,240-01,4G
240,1,24001,76060794,18823433,39814121,240-01,240-01,3G
240,1,24001,65393977,68550902,68018172,240-01,240-01,4G
240,1,24001,12650244,62954670,77194140,240-01,240-01,5G
240,1,24001,71760486,13803963,53434516,240-01,240-01,5G
240,1,24001,58341519,97948923,76624002,240-01,240-01,3G
240,1,24001,70725606,11283855,85805731,240-01,240-01,5G
240,1,24001,60533037,91122885,77776880,240-01,240-01,5G
240,1,24001,29632714,73320054,16031283,240-01,240-01,3G
240,1,24001,12861523,54213731,67966687,240-01,240-01,4G
240,1,24001,61286644,34050286,64462251,240-01,240-01,4G
240,1,24001,65488362,70230987,43508812,240-01,240-01,5G
240,1,24001,63439975,25587040,57703296,240-01,240-01,4G
240,1,24001,82649321,46501844,94146478,240-01,240-01,4G
240,1,24001,41161970,59940981,11478396,240-01,240-01,4G
240,1,24001,19188780,26051640,67048904,240-01,240-01,5G
240,1,24001,28097311,84102168,16270193,240-01,240-01,3G
240,1,24001,43595428,10431374,30782322,240-01,240-01,3G
240,1,24001,21639114,62864795,70686758,240-01,240-01,4G
240,1,24001,89224402,69867703,34496252,240-01,240-01,4G
240,1,24001,41360134,19915168,63705349,240-01,240-01,5G
240,1,24001,52226997,69751231,37047078,240-01,240-01,4G
240,1,24001,54483551,88575411,74350196,240-01,240-01,3G
240,1,24001,39339001,49667681,65679116,240-01,240-01,5G
240,1,24001,43218933,49816939,98990803,240-01,240-01,3G
240,1,24001,71349353,15655584,52904915,240-01,240-01,4G
240,1,24001,41673798,40571052,76950069,240-01,240-01,5G
240,1,24001,98581648,70488555,67349856,240-01,240-01,3G
240,1,24001,95779228,75216560,68026456,240-01,240-01,4G
240,1,24001,92811367,81075013,65856409,240-01,240-01,4G
240,1,24001,11104605,98184265,28517635,240-01,240-01,4G
240,1,24001,38644955,97584423,38176259,240-01,240-01,3G
240,1,24001,39714619,19268400,60047665,240-01,240-01,5G
240,1,24001,72600700,50569820,31980035,240-01,240-01,4G
240,1,24001,51483455,89401798,96361739,240-01,240-01,5G
240,1,24001,12818520,79906695,51265939,240-01,240-01,4G
240,1,24001,70786088,12428047,43677541,240-01,240-01,5G
240,1,24001,31957739,65645200,78125018,240-01,240-01,5G
240,1,24001,71913859,52593082,61336571,240-01,240-01,3G
240,1,24001,82006897,50441024,72914711,240-01,240-01,4G
240,1,24001,67132074,65230303,88299129,240-01,240-01,5G
240,1,24001,48441367,50844604,75032761,240-01,240-01,3G
240,1,24001,50033099,86049833,19169792,240-01,240-01,5G
240,1,24001,67989099,82729934,52792419,240-01,240-01,5G
240,1,24001,60679840,53460432,83080850,240-01,240-01,4G
240,1,24001,80738588,26485799,50868088,240-01,240-01,5G
240,1,24001,75971364,53988196,62253895,240-01,240-01,4G
240,1,24001,81320610,66496788,88894613,240-01,240-01,3G
240,1,24001,92032542,35635088,46330743,240-01,240-01,4G
240,1,24001,17337784,41819746,29390663,240-01,240-01,5G
240,1,24001,40256209,61034957,62985360,240-01,240-01,5G
240,1,24001,39072892,47932564,37286451,240-01,240-01,5G
240,1,24001,47690783,55697233,93476877,240-01,240-01,3G
240,1,24001,40740992,12143698,94686308,240-01,240-01,5G
240,1,24001,42045918,70627887,53314519,240-01,240-01,3G
240,1,24001,63658389,40594037,33021951,240-01,240-01,4G
240,1,24001,95536088,65091550,22486541,240-01,240-01,4G
240,1,24001,53096430,12400890,21700098,240-01,240-01,5G
240,1,24001,47670137,63029451,63911488,240-01,240-01,5G
240,1,24001,84629615,91875231,10836278,240-01,240-01,5G
240,1,24001,28610741,39744897,19054414,240-01,240-01,4G
240,1,24001,70775450,57217354,59650522,240-01,240-01,4G
240,1,24001,71045004,42482696,73371105,240-01,240-01,5G
240,1,24001,58360818,50171156,86648892,240-01,240-01,4G
240,1,24001,41972063,68588258,17057464,240-01,240-01,5G
240,1,24001,15510619,19230260,88955025,240-01,240-01,3G
240,1,24001,34471155,71960489,15237639,240-01,240-01,5G
240,1,24001,38067482,89504500,24364498,240-01,240-01,4G
240,1,24001,80273568,30806687,70380552,240-01,240-01,5G
240,1,24001,85858415,15011568,55385175,240-01,240-01,5G
240,1,24001,67531330,30719696,77839229,240-01,240-01,4G
240,1,24001,18583141,70901510,85467481,240-01,240-01,4G
240,1,24001,12373582,77670729,99880896,240-01,240-01,4G
240,1,24001,34109249,33670810,60780160,240-01,240-01,3G
240,1,24001,65384318,69747240,37667377,240-01,240-01,3G
240,1,24001,93454295,78446937,70989768,240-01,240-01,5G
240,1,24001,14482484,73272049,83219326,240-01,240-01,4G
240,1,24001,91456891,66230701,98974383,240-01,240-01,3G
240,1,24001,22776107,63000518,30372408,240-01,240-01,5G
240,1,24001,20629442,12529864,20748965,240-01,240-01,5G
240,1,24001,65666718,38021502,72899387,240-01,240-01,5G
240,1,24001,61099601,53401091,33954712,240-01,240-01,3G
240,1,24001,99713693,55425583,38747024,240-01,240-01,3G
240,1,24001,20217782,22497302,42376650,240-01,240-01,4G
240,1,24001,17607389,52916085,91945471,240-01,240-01,4G
240,1,24001,56163838,14839090,94383304,240-01,240-01,4G
240,1,24001,77555421,14486424,62058453,240-01,240-01,4G
240,1,24001,44784606,50769230,86785744,240-01,240-01,4G
240,1,24001,30451843,43209191,22418303,240-01,240-01,5G
240,1,24001,36340932,73792413,50989217,240-01,240-01,3G
240,1,24001,19540289,29631073,92306302,240-01,240-01,4G
240,1,24001,88244958,25947518,50319548,240-01,240-01,5G
240,1,24001,71629791,97992374,41548518,240-01,240-01,3G
240,1,24001,74421314,40378601,28502068,240-01,240-01,3G
240,1,24001,18160660,17752548,60388532,240-01,240-01,3G
240,1,24001,20624050,63961056,70964167,240-01,240-01,4G
240,1,24001,16187359,53308155,51432784,240-01,240-01,3G
240,1,24001,71847591,52590085,16008562,240-01,240-01,5G
240,1,24001,44186106,70411684,10344075,240-01,240-01,3G
240,1,24001,23591432,75999597,81769023,240-01,240-01,4G
240,1,24001,35810714,54423169,75095921,240-01,240-01,4G
240,1,24001,37690195,64086510,33353983,240-01,240-01,4G
240,1,24001,99905450,20168265,32281440,240-01,240-01,3G
240,1,24001,72667067,84347610,36494626,240-01,240-01,3G
240,1,24001,11542345,91420223,39474280,240-01,240-01,5G
240,1,24001,11586103,23836799,17587423,240-01,240-01,4G
240,1,24001,28069859,42915398,90097224,240-01,240-01,3G
240,1,24001,20572544,27736855,98229353,240-01,240-01,3G
240,1,24001,11089545,76657954,16967714,240-01,240-01,5G
240,1,24001,14802682,16224855,55755131,240-01,240-01,4G
240,1,24001,99302398,57477888,53620180,240-01,240-01,5G
240,1,24001,39023982,35447723,78064066,240-01,240-01,3G
240,1,24001,41964589,29346591,97061779,240-01,240-01,3G
240,1,24001,85925262,55745529,53298798,240-01,240-01,3G
240,1,24001,86865988,56218253,65119189,240-01,240-01,3G
240,1,24001,11797427,25364508,20657001,240-01,240-01,3G
240,1,24001,50449163,71712499,69032640,240-01,240-01,5G
240,1,24001,29423853,95758323,13660427,240-01,240-01,5G
240,1,24001,53440617,45492423,86843865,240-01,240-01,4G
240,1,24001,22056039,65011047,32226655,240-01,240-01,4G
240,1,24001,19978832,89074756,85647178,240-01,240-01,3G
240,1,24001,72686955,51322874,94800494,240-01,240-01,4G
240,1,24001,73539490,20052127,47027693,240-01,240-01,3G
240,1,24001,14164514,44809231,66726327,240-01,240-01,4G
240,1,24001,21712024,88314973,98638667,240-01,240-01,5G
240,1,24001,28610718,85364612,36946670,240-01,240-01,4G
240,1,24001,31520101,70093852,56351317,240-01,240-01,4G
240,1,24001,73404721,14658395,71080879,240-01,240-01,5G
240,1,24001,13000159,22865136,77381656,240-01,240-01,4G
240,1,24001,94259762,71807215,55030589,240-01,240-01,5G
240,1,24001,27185873,97118968,53384583,240-01,240-01,5G
240,1,24001,37750045,74595604,72008615,240-01,240-01,3G
240,1,24001,87079339,86674476,42787857,240-01,240-01,5G
240,1,24001,34882386,53423201,96354731,240-01,240-01,4G
240,1,24001,62608871,67709275,27137671,240-01,240-01,5G
240,1,24001,50248786,94009269,19951030,240-01,240-01,3G
240,1,24001,42795215,46605423,92727850,240-01,240-01,4G
240,1,24001,67560700,16987595,14180494,240-01,240-01,3G
240,1,24001,75858108,80846048,66045379,240-01,240-01,4G
240,1,24001,47881232,45512341,35686497,240-01,240-01,4G
240,1,24001,83802365,86422337,79367541,240-01,240-01,3G
240,1,24001,39850986,23420935,48192733,240-01,240-01,3G
240,1,24001,14643340,80419725,84489343,240-01,240-01,4G
240,1,24001,91578809,97923380,98544821,240-01,240-01,5G
240,1,24001,91316098,75318880,27798396,240-01,240-01,4G
240,1,24001,33853500,89699920,47807566,240-01,240-01,4G
240,1,24001,99336160,19391582,29684200,240-01,240-01,5G
240,1,24001,59257384,26808672,23244873,240-01,240-01,3G
240,1,24001,76799319,43717437,45968955,240-01,240-01,4G
240,1,24001,48310901,52120454,71143143,240-01,240-01,3G
240,1,24001,53513178,62892718,88517057,240-01,240-01,3G
240,1,24001,76071537,82665267,48955935,240-01,240-01,3G
240,1,24001,92461747,62814511,56366776,240-01,240-01,4G
240,1,24001,39963128,19684521,97646978,240-01,240-01,3G
240,1,24001,39634683,19945518,24903964,240-01,240-01,3G
240,1,24001,65695581,65995576,71523793,240-01,240-01,5G
240,1,24001,51011255,46931659,31946666,240-01,240-01,5G
240,1,24001,71883928,33311676,53934835,240-01,240-01,5G
240,1,24001,96889009,17149902,11390141,240-01,240-01,3G
240,1,24001,43436213,46760945,82838106,240-01,240-01,5G
240,1,24001,98530716,28798383,13656269,240-01,240-01,5G
240,1,24001,82913662,77609449,50412600,240-01,240-01,5G
240,1,24001,15858481,96179484,69732363,240-01,240-01,5G
240,1,24001,86938852,61849063,19753246,240-01,240-01,4G
240,1,24001,31800801,61643664,19911198,240-01,240-01,5G
240,1,24001,22509392,19460678,27834359,240-01,240-01,5G
240,1,24001,74474435,34318800,54428377,240-01,240-01,4G
240,1,24001,26563964,70052425,69501348,240-01,240-01,5G
240,1,24001,27260487,63513185,98389471,240-01,240-01,4G
240,1,24001,96634035,99763578,78846967,240-01,240-01,5G
240,1,24001,10180930,64750215,11893263,240-01,240-01,3G
240,1,24001,14490596,35253816,99458686,240-01,240-01,4G
240,1,24001,93986146,41640633,73021433,240-01,240-01,3G
240,1,24001,67363417,71036577,92618203,240-01,240-01,4G
240,1,24001,61812033,29277593,71608592,240-01,240-01,4G
240,1,24001,55462141,61076951,17467084,240-01,240-01,4G
240,1,24001,86708039,11333762,61347121,240-01,240-01,3G
240,1,24001,95439929,23722125,69492515,240-01,240-01,3G
240,1,24001,61483266,59601290,40285135,240-01,240-01,3G
240,1,24001,76880780,82687635,81273662,240-01,240-01,3G
240,1,24001,39428825,10538924,43605296,240-01,240-01,3G
240,1,24001,34548732,12632650,27431133,240-01,240-01,3G
240,1,24001,53817760,51427850,93425826,240-01,240-01,3G
240,1,24001,21528471,62976731,92167511,240-01,240-01,3G
240,1,24001,51965382,22148362,58387665,240-01,240-01,4G
240,1,24001,22399975,91947384,23449965,240-01,240-01,3G
240,1,24001,16502472,83850577,94226274,240-01,240-01,5G
240,1,24001,70580510,90748934,68198465,240-01,240-01,4G
240,1,24001,26783165,79165140,24165663,240-01,240-01,3G
240,1,24001,25363993,28856153,56958023,240-01,240-01,5G
240,1,24001,90481329,51384546,62941904,240-01,240-01,3G
240,1,24001,47448553,11791804,58196874,240-01,240-01,5G
240,1,24001,76411954,21843489,63205653,240-01,240-01,4G
240,1,24001,14675786,66230604,46089947,240-01,240-01,5G
240,1,24001,63577201,34142627,90356671,240-01,240-01,5G
240,1,24001,28313587,57596008,98629884,240-01,240-01,5G
240,1,24001,25811354,92770089,13785853,240-01,240-01,4G
240,1,24001,63263858,12017517,84958888,240-01,240-01,4G
240,1,24001,37922877,15803647,14134154,240-01,240-01,5G
240,1,24001,89325697,36484436,94492750,240-01,240-01,3G
240,1,24001,48490733,94049022,75462505,240-01,240-01,4G
240,1,24001,58892148,28444448,80000447,240-01,240-01,4G
240,1,24001,67056675,64244345,86849532,240-01,240-01,4G
240,1,24001,75658924,53290548,62099852,240-01,240-01,3G
240,1,24001,28142165,41773518,95414277,240-01,240-01,4G
240,1,24001,50118307,68344528,78886446,240-01,240-01,5G
240,1,24001,50048847,42732901,45832502,240-01,240-01,4G
240,1,24001,17857568,98367863,82711977,240-01,240-01,3G
240,1,24001,31831080,64547428,34570066,240-01,240-01,5G
240,1,24001,71305715,75677645,89186942,240-01,240-01,4G
240,1,24001,67460129,68451778,70362434,240-01,240-01,5G
240,1,24001,92690584,30423749,96085209,240-01,240-01,5G
240,1,24001,74262400,14794412,26049170,240-01,240-01,3G
240,1,24001,82661635,51717853,37658387,240-01,240-01,3G
240,1,24001,89043893,99766759,63337085,240-01,240-01,4G
240,1,24001,30648517,44127960,40293452,240-01,240-01,3G
240,1,24001,73616744,78858252,78856952,240-01,240-01,4G
240,1,24001,80967118,70301995,22695097,240-01,240-01,5G
240,1,24001,40598141,37118780,87488772,240-01,240-01,3G
240,1,24001,45217699,88954284,82019394,240-01,240-01,5G
240,1,24001,42152643,31582271,13454862,240-01,240-01,4G
240,1,24001,67486017,72425621,99294238,240-01,240-01,4G
240,1,24001,23633793,30237009,33851008,240-01,240-01,3G
240,1,24001,42625009,77590867,76608177,240-01,240-01,5G
240,1,24001,79143730,12629356,28313902,240-01,240-01,5G
240,1,24001,59491916,51752972,96456810,240-01,240-01,3G
240,1,24001,75376829,57773362,79111145,240-01,240-01,4G
240,1,24001,47375269,60244179,62601836,240-01,240-01,3G
240,1,24001,54945203,83741825,97389700,240-01,240-01,5G
240,1,24001,86388301,70098916,75424308,240-01,240-01,5G
240,1,24001,58320013,22481251,41431791,240-01,240-01,3G
240,1,24001,13612269,18042063,60093964,240-01,240-01,4G
240,1,24001,55595864,12811635,33459277,240-01,240-01,4G
240,1,24001,73456119,42455013,23481951,240-01,240-01,3G
240,1,24001,74738823,56117653,63959658,240-01,240-01,3G
240,1,24001,42093497,15119895,53331179,240-01,240-01,3G
240,1,24001,97874475,85163949,90965080,240-01,240-01,5G
240,1,24001,31210800,72953877,69364759,240-01,240-01,4G
240,1,24001,99693142,60855063,97327311,240-01,240-01,4G
240,1,24001,49824463,26246146,27543592,240-01,240-01,5G
240,1,24001,33259012,45070938,73088230,240-01,240-01,5G
240,1,24001,22970842,80409640,72068663,240-01,240-01,5G
240,1,24001,17302304,94266539,80964106,240-01,240-01,4G
240,1,24001,71858073,93025918,19358683,240-01,240-01,4G
240,1,24001,64479733,21469774,11527438,240-01,240-01,5G
240,1,24001,18028844,86436499,14198059,240-01,240-01,5G
240,1,24001,69131716,68387192,70912688,240-01,240-01,4G
240,1,24001,29020461,65029020,63567168,240-01,240-01,4G
240,1,24001,39783022,95742190,88348766,240-01,240-01,5G
240,1,24001,99402983,85539669,13017369,240-01,240-01,4G
240,1,24001,99778122,84859908,73546837,240-01,240-01,4G
240,1,24001,51169312,49495995,22157722,240-01,240-01,4G
240,1,24001,93307843,35600187,49434188,240-01,240-01,3G
240,1,24001,83546397,21652185,29885319,240-01,240-01,5G
240,1,24001,84412888,67856395,91815064,240-01,240-01,3G
240,1,24001,81127765,85179176,29499907,240-01,240-01,5G
240,1,24001,62763268,24424813,27154398,240-01,240-01,5G
240,1,24001,66999055,35441774,71108278,240-01,240-01,3G
240,1,24001,20254334,81517032,26283242,240-01,240-01,5G
240,1,24001,91696648,92020015,18941287,240-01,240-01,5G
240,1,24001,43864040,94421289,35362841,240-01,240-01,3G
240,1,24001,97995388,34241564,85990807,240-01,240-01,5G
240,1,24001,82796606,49039774,64831322,240-01,240-01,3G
240,1,24001,40210276,39966700,30840106,240-01,240-01,4G
240,1,24001,29427868,91065869,10996718,240-01,240-01,3G
240,1,24001,44787905,65279804,77480596,240-01,240-01,4G
240,1,24001,39121848,86693233,16432985,240-01,240-01,4G
240,1,24001,85870518,80710758,51455620,240-01,240-01,4G
240,1,24001,78835914,69322709,25892307,240-01,240-01,4G
240,1,24001,95539141,34553270,10887835,240-01,240-01,4G
240,1,24001,57125230,63764990,46652904,240-01,240-01,5G
240,1,24001,12644159,92895590,58178130,240-01,240-01,5G
240,1,24001,17481358,27128486,39493175,240-01,240-01,3G
240,1,24001,99286288,97042124,85958907,240-01,240-01,3G
240,1,24001,44534559,42924789,54121421,240-01,240-01,5G
240,1,24001,83615847,82556140,30186531,240-01,240-01,5G
240,1,24001,82119388,90841810,75659056,240-01,240-01,3G
240,1,24001,10097448,71118986,87995991,240-01,240-01,5G
240,1,24001,93496288,16557832,40813576,240-01,240-01,3G
240,1,24001,52481138,40995892,66585440,240-01,240-01,5G
240,1,24001,16864769,24838877,91136958,240-01,240-01,3G
240,1,24001,81155504,22070616,49584503,240-01,240-01,4G
240,1,24001,17627045,69241514,33197003,240-01,240-01,5G
240,1,24001,33583455,60813591,54896945,240-01,240-01,3G
240,1,24001,94823536,21740260,26424221,240-01,240-01,3G
240,1,24001,36391691,54986765,52865795,240-01,240-01,3G
240,1,24001,22732170,34606853,74662820,240-01,240-01,3G
240,1,24001,92046119,42556602,66789769,240-01,240-01,4G
240,1,24001,52212877,69955001,71054416,240-01,240-01,3G
240,1,24001,18412308,35058485,98484707,240-01,240-01,5G
240,1,24001,24458748,57823876,78179547,240-01,240-01,4G
240,1,24001,42507341,74335129,36365687,240-01,240-01,5G
240,1,24001,71291231,95885079,58133046,240-01,240-01,3G
240,1,24001,41996228,47355758,79394766,240-01,240-01,5G
240,1,24001,75636539,84098058,36232437,240-01,240-01,5G
240,1,24001,79832696,63042219,43872836,240-01,240-01,4G
240,1,24001,18754979,34884365,97192489,240-01,240-01,3G
240,1,24001,51820156,89922670,69623794,240-01,240-01,5G
240,1,24001,92861583,11639560,88118332,240-01,240-01,4G
240,1,24001,37130569,74932637,76092656,240-01,240-01,4G
240,1,24001,33542800,68602602,93219964,240-01,240-01,4G
240,1,24001,85298929,12463703,77983982,240-01,240-01,3G
240,1,24001,19472590,18451363,24410852,240-01,240-01,4G
240,1,24001,30085281,96006313,27406713,240-01,240-01,3G
240,1,24001,37135586,44661683,45699463,240-01,240-01,4G
240,1,24001,92839572,28715270,11682706,240-01,240-01,3G
240,1,24001,55443118,37886845,41496202,240-01,240-01,3G
240,1,24001,38049558,73884525,61007850,240-01,240-01,5G
240,1,24001,34199361,47293343,25782924,240-01,240-01,4G
240,1,24001,96303161,66056722,25831936,240-01,240-01,3G
240,1,24001,28369550,53242241,57930989,240-01,240-01,3G
240,1,24001,95113038,12711763,17361234,240-01,240-01,3G
240,1,24001,43639205,79475732,85606287,240-01,240-01,4G
240,1,24001,54933612,48775612,28114886,240-01,240-01,4G
240,1,24001,21121381,47372744,58207182,240-01,240-01,3G
240,1,24001,25828851,88348298,81970549,240-01,240-01,4G
240,1,24001,38349197,87753535,65439302,240-01,240-01,3G
240,1,24001,74165505,51652521,47192425,240-01,240-01,4G
240,1,24001,14205166,17578280,43148766,240-01,240-01,5G
240,1,24001,88799137,52625739,44573098,240-01,240-01,3G
240,1,24001,26224446,50923862,61237884,240-01,240-01,4G
240,1,24001,23222682,11621579,19323785,240-01,240-01,3G
240,1,24001,54130703,16687709,70410366,240-01,240-01,3G
240,1,24001,36815171,99893496,34520889,240-01,240-01,5G
240,1,24001,66155494,69440182,52186463,240-01,240-01,5G
240,1,24001,10987518,53666074,66521839,240-01,240-01,5G
240,1,24001,17515421,85042189,25462191,240-01,240-01,4G
240,1,24001,62044404,92711975,56719659,240-01,240-01,4G
240,1,24001,20902778,18262886,41536182,240-01,240-01,3G
240,1,24001,76971350,53701231,52389080,240-01,240-01,4G
240,1,24001,25667508,68021273,56900536,240-01,240-01,4G
240,1,24001,66913300,39344964,18574430,240-01,240-01,4G
240,1,24001,45673011,91226978,87242491,240-01,240-01,4G
240,1,24001,32631781,74660995,55484081,240-01,240-01,3G
240,1,24001,58149325,75481311,63179111,240-01,240-01,4G
240,1,24001,35200451,46583080,84719624,240-01,240-01,5G
240,1,24001,82248670,14268455,17355059,240-01,240-01,4G
240,1,24001,71887227,42839535,20890776,240-01,240-01,5G
240,1,24001,89062517,27602712,57424627,240-01,240-01,3G
240,1,24001,50535660,92380721,74411422,240-01,240-01,3G
240,1,24001,24887864,76246343,66016972,240-01,240-01,3G
240,1,24001,16519875,90556972,33946960,240-01,240-01,5G
240,1,24001,45275747,87226426,41591356,240-01,240-01,3G
240,1,24001,28987140,82551968,70769304,240-01,240-01,4G
240,1,24001,60552337,50767530,95496365,240-01,240-01,4G
240,1,24001,93883369,69278720,50893226,240-01,240-01,4G
240,1,24001,33927530,37715129,18680075,240-01,240-01,5G
240,1,24001,73929386,18839196,58074906,240-01,240-01,4G
240,1,24001,44006304,58977234,78017216,240-01,240-01,3G
240,1,24001,85763537,55157183,23932259,240-01,240-01,4G
240,1,24001,66513775,38448701,90123585,240-01,240-01,4G
240,1,24001,27284987,50599979,49570893,240-01,240-01,3G
240,1,24001,65036863,37073958,10662862,240-01,240-01,3G
240,1,24001,75344899,18581571,99771993,240-01,240-01,4G
240,1,24001,21656246,40240282,48504680,240-01,240-01,4G
240,1,24001,33225464,45907218,55040965,240-01,240-01,5G
240,1,24001,58381470,36546964,53951338,240-01,240-01,5G
240,1,24001,80887532,53752831,15690991,240-01,240-01,3G
240,1,24001,43132205,19810333,48946845,240-01,240-01,4G
240,1,24001,24571458,30743167,74045474,240-01,240-01,5G
240,1,24001,91385546,93665035,12081057,240-01,240-01,5G
240,1,24001,20335992,36436322,22006086,240-01,240-01,4G
240,1,24001,33625099,78573690,68922330,240-01,240-01,5G
240,1,24001,61206767,20196708,48852491,240-01,240-01,5G
240,1,24001,67331575,75099348,92490007,240-01,240-01,5G
240,1,24001,89959640,34252406,17632080,240-01,240-01,5G
240,1,24001,37592435,28244508,91862893,240-01,240-01,5G
240,1,24001,11020179,99264011,49672519,240-01,240-01,4G
240,1,24001,76344757,48394813,33973102,240-01,240-01,3G
240,1,24001,28095729,57197164,43947269,240-01,240-01,3G
240,1,24001,53351982,73414286,51755803,240-01,240-01,5G
240,1,24001,11005007,57524036,86332270,240-01,240-01,3G
240,1,24001,48468542,45248803,78858631,240-01,240-01,5G
240,1,24001,56014333,21084337,77311330,240-01,240-01,4G
240,1,24001,89335843,16950400,13608121,240-01,240-01,3G
240,1,24001,71022146,47729701,22010427,240-01,240-01,4G
240,1,24001,99014125,23999715,99365990,240-01,240-01,4G
240,1,24001,27764888,32731627,38723758,240-01,240-01,3G
240,1,24001,31631823,84245485,47142533,240-01,240-01,5G
240,1,24001,75793444,52682441,90578507,240-01,240-01,3G
240,1,24001,79765067,11369929,56512928,240-01,240-01,4G
240,1,24001,77036723,48992420,31068546,240-01,240-01,4G
240,1,24001,64107598,77437120,84779227,240-01,240-01,3G
240,1,24001,31320941,29889544,52589851,240-01,240-01,5G
240,1,24001,92738896,58167635,68300280,240-01,240-01,3G
240,1,24001,71754004,57452131,32491875,240-01,240-01,3G
240,1,24001,51033548,56775448,36169841,240-01,240-01,5G
240,1,24001,78584066,81617876,82564486,240-01,240-01,4G
240,1,24001,89541402,59029495,62663156,240-01,240-01,4G
240,1,24001,41288381,33238163,74745652,240-01,240-01,3G
240,1,24001,56652800,44694745,75912301,240-01,240-01,4G
240,1,24001,31794608,27839805,12314869,240-01,240-01,3G
240,1,24001,93301494,75102073,77434481,240-01,240-01,3G
240,1,24001,21332906,98514972,59670971,240-01,240-01,4G
240,1,24001,78357408,48120694,78808067,240-01,240-01,3G
240,1,24001,91265513,23904554,22342564,240-01,240-01,5G
240,1,24001,37850236,41228475,45668985,240-01,240-01,3G
240,1,24001,85160315,94936613,48609871,240-01,240-01,5G
240,1,24001,54505939,99459852,29852497,240-01,240-01,3G
240,1,24001,91847130,12635823,89849394,240-01,240-01,4G
240,1,24001,50636683,67251831,51595841,240-01,240-01,3G
240,1,24001,13217183,75385324,92773647,240-01,240-01,3G
240,1,24001,73654634,49749980,92253874,240-01,240-01,3G
240,1,24001,71238696,47923889,95057538,240-01,240-01,4G
240,1,24001,76157456,39305556,34202210,240-01,240-01,4G
240,1,24001,28263358,89773914,36043798,240-01,240-01,5G
240,1,24001,23368352,44725187,82774149,240-01,240-01,3G
240,1,24001,25898983,39069610,95997843,240-01,240-01,4G
240,1,24001,47395602,51589372,79426221,240-01,240-01,4G
240,1,24001,96778974,31233825,21383153,240-01,240-01,5G
240,1,24001,58303971,35256460,62607029,240-01,240-01,5G
240,1,24001,31316166,63792725,62603379,240-01,240-01,5G
240,1,24001,71390545,82137738,45923905,240-01,240-01,3G
240,1,24001,58830670,64189953,61373750,240-01,240-01,5G
240,1,24001,69652884,71910835,35311595,240-01,240-01,3G
240,1,24001,68097976,42698883,84742681,240-01,240-01,5G
240,1,24001,55170212,78697956,37715267,240-01,240-01,4G
240,1,24001,22955795,31270707,51750242,240-01,240-01,5G
240,1,24001,68179426,97253131,78290748,240-01,240-01,5G
240,1,24001,51411932,73987526,68718967,240-01,240-01,3G
240,1,24001,90684203,96996864,39753594,240-01,240-01,5G
240,1,24001,17663863,29000469,57074887,240-01,240-01,5G
240,1,24001,82145302,33276198,40362324,240-01,240-01,5G
240,1,24001,88723978,23753833,97118426,240-01,240-01,5G
240,1,24001,57992158,78317741,31257668,240-01,240-01,4G
240,1,24001,56172729,66737827,34253538,240-01,240-01,5G
240,1,24001,85116749,97697670,58032667,240-01,240-01,5G
240,1,24001,29088395,24718169,87250445,240-01,240-01,3G
240,1,24001,51510456,30557602,95455997,240-01,240-01,3G
240,1,24001,63329050,11347934,99156484,240-01,240-01,3G
240,1,24001,24490415,22943329,96286170,240-01,240-01,5G
240,1,24001,23957559,68514190,47266356,240-01,240-01,3G
240,1,24001,24975224,79282680,72429100,240-01,240-01,4G
240,1,24001,94864615,28181092,50114849,240-01,240-01,4G
240,1,24001,66803492,72252452,39738836,240-01,240-01,3G
240,1,24001,33911678,41736608,69560444,240-01,240-01,5G
240,1,24001,88158984,96723451,82246065,240-01,240-01,4G
240,1,24001,24580854,72123181,44950373,240-01,240-01,3G
240,1,24001,44013783,58258607,92513890,240-01,240-01,5G
240,1,24001,43688380,92017424,89663813,240-01,240-01,4G
240,1,24001,11108418,40060427,36467836,240-01,240-01,4G
240,1,24001,55541001,88301463,79213932,240-01,240-01,3G
240,1,24001,48742949,67940158,19070928,240-01,240-01,5G
240,1,24001,88724863,56917349,73958663,240-01,240-01,5G
240,1,24001,52993433,34093539,61176756,240-01,240-01,3G
240,1,24001,73195480,44146749,88007662,240-01,240-01,4G
240,1,24001,83126742,62252249,55848136,240-01,240-01,3G
240,1,24001,34189048,21461730,31388244,240-01,240-01,5G
240,1,24001,44321280,79354023,37580501,240-01,240-01,4G
240,1,24001,85219607,93247796,36406821,240-01,240-01,3G
240,1,24001,37320765,71663336,36759461,240-01,240-01,5G
240,1,24001,39023178,57927709,41550766,240-01,240-01,3G
240,1,24001,53640080,35817253,32037767,240-01,240-01,4G
240,1,24001,97607024,20448201,56667437,240-01,240-01,5G
240,1,24001,30838803,27739450,73701193,240-01,240-01,4G
240,1,24001,34248453,23289991,51737122,240-01,240-01,4G
240,1,24001,65386271,83469582,47751024,240-01,240-01,3G
240,1,24001,87788210,18311164,77261302,240-01,240-01,3G
240,1,24001,55538898,41914305,34935816,240-01,240-01,3G
240,1,24001,57899696,39536633,97281789,240-01,240-01,3G
240,1,24001,72855637,11511187,33166176,240-01,240-01,3G
240,1,24001,37320804,82303065,85770906,240-01,240-01,4G
240,1,24001,64907120,28181366,26040635,240-01,240-01,5G
240,1,24001,22001403,78940861,64061374,240-01,240-01,5G
240,1,24001,85712588,36911969,20664044,240-01,240-01,5G
240,1,24001,49018701,15236656,83952376,240-01,240-01,3G
240,1,24001,21565907,34222663,10012314,240-01,240-01,3G
240,1,24001,29850752,28188476,15680675,240-01,240-01,3G
240,1,24001,30858180,33737141,88892858,240-01,240-01,3G
240,1,24001,50871777,70614814,74839982,240-01,240-01,3G
240,1,24001,13772490,37473587,66029318,240-01,240-01,5G
240,1,24001,15041266,37172740,49795563,240-01,240-01,4G
240,1,24001,27340299,50891099,78978741,240-01,240-01,4G
240,1,24001,62038159,23746549,49186121,240-01,240-01,5G
240,1,24001,94863985,80260645,30763895,240-01,240-01,4G
240,1,24001,63290330,37352888,78222145,240-01,240-01,4G
240,1,24001,98612684,30878102,54223167,240-01,240-01,5G
240,1,24001,83016225,64378385,25546168,240-01,240-01,3G
240,1,24001,29390724,49684704,80284737,240-01,240-01,4G
240,1,24001,58382000,55091433,69756093,240-01,240-01,5G
240,1,24001,78789652,12470504,53891839,240-01,240-01,5G
240,1,24001,71408812,74255862,50273336,240-01,240-01,5G
240,1,24001,18927683,68716187,35253315,240-01,240-01,5G
240,1,24001,11311788,74381896,90279857,240-01,240-01,5G
240,1,24001,30598619,43386864,37542399,240-01,240-01,5G
240,1,24001,85507576,85013493,85706960,240-01,240-01,5G
240,1,24001,95402748,35910272,14345020,240-01,240-01,4G
240,1,24001,89920930,96867863,99976979,240-01,240-01,5G
240,1,24001,87740192,97817735,33250710,240-01,240-01,4G
240,1,24001,60954792,73447736,58849612,240-01,240-01,4G
240,1,24001,93980898,71583971,37637908,240-01,240-01,5G
240,1,24001,11732619,61378363,81938349,240-01,240-01,5G
240,1,24001,50196453,86786210,47530732,240-01,240-01,3G
240,1,24001,21829621,81817031,99373245,240-01,240-01,4G
240,1,24001,43078379,95033592,66721325,240-01,240-01,3G
240,1,24001,27949569,26545115,74529130,240-01,240-01,3G
240,1,24001,78414193,16190382,73562026,240-01,240-01,4G
240,1,24001,64113621,31207934,39724055,240-01,240-01,4G
240,1,24001,52509319,56966464,13168505,240-01,240-01,3G
240,1,24001,49601995,79729538,18408729,240-01,240-01,3G
240,1,24001,46023959,32979031,84698659,240-01,240-01,5G
240,1,24001,18377698,46066465,58726325,240-01,240-01,4G
240,1,24001,60468426,59783928,29894521,240-01,240-01,3G
240,1,24001,95103904,40021651,84838932,240-01,240-01,3G
240,1,24001,10805267,75715850,57541533,240-01,240-01,4G
240,1,24001,59567556,70510573,31711975,240-01,240-01,4G
240,1,24001,35406409,86445872,43401086,240-01,240-01,3G
240,1,24001,44887927,19064792,69635157,240-01,240-01,5G
240,1,24001,33049153,38163367,73920801,240-01,240-01,5G
240,1,24001,14056469,63519772,56169897,240-01,240-01,3G
240,1,24001,75618573,99198472,97914466,240-01,240-01,4G
240,1,24001,85541001,80159345,13263830,240-01,240-01,3G
240,1,24001,47815239,93638191,81573933,240-01,240-01,5G
240,1,24001,84264296,73930072,57828598,240-01,240-01,4G
240,1,24001,48948299,39992894,89527442,240-01,240-01,5G
240,1,24001,56889563,57768485,70250375,240-01,240-01,3G
240,1,24001,10548603,42552264,77405258,240-01,240-01,4G
240,1,24001,83278583,86615178,50509561,240-01,240-01,3G
240,1,24001,94966156,81071148,97881260,240-01,240-01,3G
240,1,24001,94884806,78444620,48926170,240-01,240-01,3G
240,1,24001,72218847,35250973,23236971,240-01,240-01,3G
240,1,24001,41813170,16491095,80802568,240-01,240-01,3G
240,1,24001,56976291,85822153,98929907,240-01,240-01,5G
240,1,24001,21397096,23251162,52988498,240-01,240-01,5G
240,1,24001,72886514,34191906,88434649,240-01,240-01,3G
240,1,24001,95749931,79498652,80557919,240-01,240-01,5G
240,1,24001,33796847,75433872,89107157,240-01,240-01,4G
240,1,24001,30844468,82075756,69778732,240-01,240-01,5G
240,1,24001,82492589,82649747,69125355,240-01,240-01,3G
240,1,24001,84825719,57137106,56887188,240-01,240-01,3G
240,1,24001,71904909,29150643,32065230,240-01,240-01,5G
240,1,24001,66331017,13123373,35313417,240-01,240-01,4G
240,1,24001,16478842,43395355,67531277,240-01,240-01,4G
240,1,24001,89758747,55673209,83219037,240-01,240-01,5G
240,1,24001,89710349,39540303,57339457,240-01,240-01,3G
240,1,24001,39107593,29629141,24683840,240-01,240-01,5G
240,1,24001,66029500,95932162,79283341,240-01,240-01,5G
240,1,24001,90439289,26292340,30526756,240-01,240-01,4G
240,1,24001,28539015,21141365,21471809,240-01,240-01,5G
240,1,24001,90546863,19048286,48186113,240-01,240-01,4G
240,1,24001,57277801,25472016,19897519,240-01,240-01,5G
240,1,24001,58149771,61869103,38912805,240-01,240-01,3G
240,1,24001,73978580,52593101,18724284,240-01,240-01,3G
240,1,24001,79023496,66235130,69287295,240-01,240-01,5G
240,1,24001,32466281,55448803,25102040,240-01,240-01,5G
240,1,24001,95677334,60809594,16619910,240-01,240-01,5G
240,1,24001,13375621,96724919,22578211,240-01,240-01,4G
240,1,24001,51465112,21622361,79670840,240-01,240-01,5G
240,1,24001,52822588,57002575,81280376,240-01,240-01,5G
240,1,24001,58659986,20971564,13294299,240-01,240-01,5G
240,1,24001,39198236,55289547,49146710,240-01,240-01,4G
240,1,24001,35728800,80738396,85702526,240-01,240-01,5G
240,1,24001,84297396,84355991,82195540,240-01,240-01,4G
240,1,24001,74501094,30029891,42260896,240-01,240-01,5G
240,1,24001,90379378,51926276,20950101,240-01,240-01,4G
240,1,24001,24531805,75057424,39983020,240-01,240-01,3G
240,1,24001,49663385,68781011,93691975,240-01,240-01,5G
240,1,24001,43687778,43024120,15753208,240-01,240-01,4G
240,1,24001,22246683,31355430,31322122,240-01,240-01,5G
240,1,24001,44183163,44534642,10721407,240-01,240-01,4G
240,1,24001,15798523,67237059,98671018,240-01,240-01,4G
240,1,24001,94074435,29881236,18402440,240-01,240-01,4G
240,1,24001,65491799,43307878,99169869,240-01,240-01,5G
240,1,24001,52711841,12922531,19486871,240-01,240-01,4G
240,1,24001,21330822,77808243,51146953,240-01,240-01,5G
240,1,24001,71412686,97329451,43562787,240-01,240-01,4G
240,1,24001,94159634,92950552,51038221,240-01,240-01,5G
240,1,24001,93258748,74628455,71347625,240-01,240-01,3G
240,1,24001,99832442,65521389,95490671,240-01,240-01,5G
240,1,24001,41680508,63771208,17932394,240-01,240-01,5G
240,1,24001,29677898,88091996,68197085,240-01,240-01,5G
240,1,24001,88751230,33901211,83306359,240-01,240-01,3G
240,1,24001,19369634,65904433,21985126,240-01,240-01,5G
240,1,24001,78508412,29196634,62036279,240-01,240-01,3G
240,1,24001,25225669,68990086,57791969,240-01,240-01,4G
240,1,24001,37664689,42101125,86269792,240-01,240-01,5G
240,1,24001,82962586,43443806,77514639,240-01,240-01,5G
240,1,24001,60457817,22901573,59749567,240-01,240-01,5G
240,1,24001,38738110,71528278,83336401,240-01,240-01,4G
240,1,24001,25279022,38585189,79293844,240-01,240-01,3G
240,1,24001,87607564,28406004,66167149,240-01,240-01,5G
240,1,24001,76847061,42797641,86927532,240-01,240-01,3G
240,1,24001,92356868,33341728,68992748,240-01,240-01,3G
240,1,24001,88354968,42170263,48981390,240-01,240-01,4G
240,1,24001,32218160,66688341,52186120,240-01,240-01,3G
240,1,24001,51316103,93421563,71264839,240-01,240-01,5G
240,1,24001,63318878,41358708,33670905,240-01,240-01,5G
240,1,24001,11044752,72068009,55879165,240-01,240-01,4G
240,1,24001,70438290,14165397,66410474,240-01,240-01,3G
240,1,24001,77353429,47797784,62854326,240-01,240-01,5G
240,1,24001,40527093,70702620,41201620,240-01,240-01,5G
240,1,24001,52827373,73374269,47207101,240-01,240-01,5G
240,1,24001,74283973,45538510,37570406,240-01,240-01,4G
240,1,24001,48760001,75964555,35780166,240-01,240-01,4G
240,1,24001,12865756,22715970,61046720,240-01,240-01,5G
240,1,24001,24147030,75556906,38795218,240-01,240-01,5G
240,1,24001,68380919,37348057,15242144,240-01,240-01,5G
240,1,24001,64558904,20887619,38654723,240-01,240-01,3G
240,1,24001,61541396,28617472,35458533,240-01,240-01,4G
240,1,24001,14575165,98653330,17472214,240-01,240-01,5G
240,1,24001,19909867,64135182,53875068,240-01,240-01,5G
240,1,24001,19798755,64187809,61449026,240-01,240-01,4G
240,1,24001,84348776,19650785,53394975,240-01,240-01,4G
240,1,24001,71054045,97725406,16816850,240-01,240-01,4G
240,1,24001,93165522,36901798,18371746,240-01,240-01,3G
240,1,24001,59937838,84961150,14550031,240-01,240-01,3G
240,1,24001,50486539,78841260,56120376,240-01,240-01,3G
240,1,24001,63348508,70492791,96675971,240-01,240-01,4G
240,1,24001,95849610,75924175,49748800,240-01,240-01,3G
240,1,24001,76644192,48693347,34956532,240-01,240-01,5G
240,1,24001,72933725,11799710,53851703,240-01,240-01,4G
240,1,24001,78302342,47118343,30991096,240-01,240-01,4G
240,1,24001,15687089,28578029,82514253,240-01,240-01,3G
240,1,24001,89621495,88069337,70584213,240-01,240-01,3G
240,1,24001,27679321,78691064,97532840,240-01,240-01,4G
240,1,24001,99345998,56805572,24070716,240-01,240-01,5G
240,1,24001,59641248,67446649,88245746,240-01,240-01,5G
240,1,24001,29946020,28477476,71430107,240-01,240-01,3G
240,1,24001,24246367,31327942,30491958,240-01,240-01,5G
240,1,24001,84831510,19952705,97042469,240-01,240-01,5G
240,1,24001,19337612,94245704,48754808,240-01,240-01,4G
240,1,24001,17419581,23765868,52861418,240-01,240-01,3G
240,1,24001,59737206,64081171,72817973,240-01,240-01,3G
240,1,24001,38154776,68705879,69292512,240-01,240-01,3G
240,1,24001,31094652,76363885,86995182,240-01,240-01,5G
240,1,24001,16507565,39250533,63213052,240-01,240-01,5G
240,1,24001,81912534,57459429,59355918,240-01,240-01,3G
240,1,24001,98148870,69115612,78697700,240-01,240-01,5G
240,1,24001,12138425,93168878,18691633,240-01,240-01,3G
240,1,24001,65573810,68357219,58222069,240-01,240-01,5G
240,1,24001,48827581,80315529,96950040,240-01,240-01,4G
240,1,24001,17051909,51297439,31913283,240-01,240-01,5G
240,1,24001,56210098,35023161,92160221,240-01,240-01,3G
240,1,24001,48457802,56081741,59206231,240-01,240-01,4G
240,1,24001,24060299,89268964,55832056,240-01,240-01,4G
240,1,24001,15254262,61173684,34386927,240-01,240-01,3G
240,1,24001,19701681,23168017,73525024,240-01,240-01,5G
240,1,24001,99637109,21311611,98949056,240-01,240-01,3G
240,1,24001,56152358,90475523,50696232,240-01,240-01,5G
240,1,24001,71392099,10971266,65523247,240-01,240-01,4G
240,1,24001,59153786,94353395,15412514,240-01,240-01,3G
240,1,24001,79845509,67723025,91838319,240-01,240-01,5G
240,1,24001,15882259,94891889,81138442,240-01,240-01,4G
240,1,24001,54501407,16188997,88004426,240-01,240-01,5G
240,1,24001,17483038,25683728,60839396,240-01,240-01,5G
240,1,24001,11264299,86707562,24991947,240-01,240-01,3G
240,1,24001,72375617,22800898,15944127,240-01,240-01,4G
240,1,24001,72833431,64429818,98389457,240-01,240-01,5G
240,1,24001,20933888,42506615,11950648,240-01,240-01,5G
240,1,24001,95715279,43133675,40893718,240-01,240-01,4G
240,1,24001,89539568,44205138,89898137,240-01,240-01,4G
240,1,24001,12297693,22802377,36770098,240-01,240-01,3G
240,1,24001,25994809,47868725,63659140,240-01,240-01,4G
240,1,24001,38877012,26052024,32636063,240-01,240-01,5G
240,1,24001,84239063,56865847,36288739,240-01,240-01,5G
240,1,24001,23472169,85439794,20532241,240-01,240-01,4G
240,1,24001,73582894,85947323,76314055,240-01,240-01,3G
240,1,24001,39036878,30699288,14430377,240-01,240-01,4G
240,1,24001,47748093,14739567,35165944,240-01,240-01,3G
240,1,24001,55339956,14337487,57535322,240-01,240-01,3G
240,1,24001,89113150,97390606,18293277,240-01,240-01,4G
240,1,24001,94647212,53939004,71041827,240-01,240-01,5G
240,1,24001,76941726,84771147,91568638,240-01,240-01,5G
240,1,24001,65033965,45843397,98603653,240-01,240-01,4G
240,1,24001,86546872,14139037,10431185,240-01,240-01,5G
240,1,24001,67867408,60696785,28915676,240-01,240-01,5G
240,1,24001,69777034,82637523,43818356,240-01,240-01,5G
240,1,24001,84472961,99203772,33801312,240-01,240-01,5G
240,1,24001,17624219,66090977,64298944,240-01,240-01,4G
240,1,24001,93936873,85344045,40910097,240-01,240-01,4G
240,1,24001,54334533,89271331,51149979,240-01,240-01,5G
240,1,24001,54783798,67728359,17251628,240-01,240-01,5G
240,1,24001,62220648,97054259,42884514,240-01,240-01,4G
240,1,24001,35320062,17184748,10494754,240-01,240-01,5G
240,1,24001,26340584,70430861,61755560,240-01,240-01,3G
240,1,24001,10146501,77616102,84889583,240-01,240-01,3G
240,1,24001,72371418,10061406,82209459,240-01,240-01,5G
240,1,24001,96673255,10650489,36367390,240-01,240-01,5G
240,1,24001,16088286,74778822,71124502,240-01,240-01,3G
240,1,24001,34374203,80066086,95547485,240-01,240-01,4G
240,1,24001,83841399,90440392,70748141,240-01,240-01,3G
240,1,24001,87460146,99161657,25223448,240-01,240-01,3G
240,1,24001,56774838,76064356,94514348,240-01,240-01,4G
240,1,24001,18971393,90580721,70172087,240-01,240-01,5G
240,1,24001,74248804,20559081,67281054,240-01,240-01,5G
240,1,24001,45052136,41188449,89734366,240-01,240-01,3G
240,1,24001,75293434,99006317,12639329,240-01,240-01,3G
240,1,24001,42102095,27884951,23581712,240-01,240-01,3G
240,1,24001,78708312,71777185,85398056,240-01,240-01,3G
240,1,24001,14824702,64470055,30044381,240-01,240-01,4G
240,1,24001,48939480,48432002,59670683,240-01,240-01,5G
240,1,24001,88578418,39355204,33013671,240-01,240-01,3G
240,1,24001,62727701,17260801,58239424,240-01,240-01,4G
240,1,24001,37872127,49277991,54672778,240-01,240-01,4G
240,1,24001,44159611,41910065,96824272,240-01,240-01,5G
240,1,24001,84551849,50188706,62410884,240-01,240-01,4G
240,1,24001,14115850,74489447,70088377,240-01,240-01,4G
240,1,24001,41917600,91730240,16828637,240-01,240-01,5G
240,1,24001,40782588,94394324,70370342,240-01,240-01,3G
240,1,24001,37147026,31422938,97505337,240-01,240-01,3G
240,1,24001,99830474,77132592,64706052,240-01,240-01,4G
240,1,24001,29750133,57071744,46968783,240-01,240-01,5G
240,1,24001,32773902,24526609,86710335,240-01,240-01,5G
240,1,24001,54581439,14654978,99617881,240-01,240-01,3G
240,1,24001,46405707,93560990,36224962,240-01,240-01,3G
240,1,24001,51302316,78829165,11009329,240-01,240-01,3G
240,1,24001,62678554,90089461,57549916,240-01,240-01,3G
240,1,24001,83217387,28089167,36428434,240-01,240-01,5G
240,1,24001,50663165,65794911,38705294,240-01,240-01,5G
240,1,24001,60836484,45002776,11318133,240-01,240-01,3G
240,1,24001,14755214,11984229,80507122,240-01,240-01,5G
240,1,24001,46892318,60756474,47559990,240-01,240-01,4G
240,1,24001,32061244,88365557,95509876,240-01,240-01,3G
240,1,24001,56447436,96792762,92246918,240-01,240-01,3G
240,1,24001,28707216,27094003,30862398,240-01,240-01,5G
240,1,24001,36556449,81082424,87725964,240-01,240-01,5G
240,1,24001,18211689,36827673,88789962,240-01,240-01,4G
240,1,24001,84276507,47932083,86185475,240-01,240-01,5G
240,1,24001,17549944,80143817,18462335,240-01,240-01,4G
240,1,24001,70973783,36226044,29978422,240-01,240-01,4G
240,1,24001,46666951,12109078,51977559,240-01,240-01,5G
240,1,24001,88693791,97987562,69067847,240-01,240-01,5G
240,1,24001,12281781,61181147,97591791,240-01,240-01,3G
240,1,24001,99923839,29268727,52315413,240-01,240-01,5G
240,1,24001,80988301,10558169,36250250,240-01,240-01,4G
240,1,24001,59369900,14064817,54902175,240-01,240-01,4G
240,1,24001,16385266,57355304,93043376,240-01,240-01,4G
240,1,24001,32943697,75337258,24920832,240-01,240-01,3G
240,1,24001,63515908,98541704,19783668,240-01,240-01,3G
240,1,24001,51796219,51799035,20915752,240-01,240-01,5G
240,1,24001,18269902,45570124,43586958,240-01,240-01,5G
240,1,24001,98536864,99869188,97198473,240-01,240-01,4G
240,1,24001,78893488,21447288,37305630,240-01,240-01,3G
240,1,24001,59009616,37372013,50319010,240-01,240-01,3G
240,1,24001,94010674,41965229,84411900,240-01,240-01,5G
240,1,24001,22956324,80349118,96067727,240-01,240-01,5G
240,1,24001,21415086,10182552,89944722,240-01,240-01,4G
240,1,24001,75313721,55341502,66652686,240-01,240-01,5G
240,1,24001,65499489,25535646,96818798,240-01,240-01,5G
240,1,24001,99163003,56966983,79950286,240-01,240-01,5G
240,1,24001,28946172,28174251,95023428,240-01,240-01,4G
240,1,24001,54908544,77282331,11418743,240-01,240-01,5G
240,1,24001,15572784,58658731,91598549,240-01,240-01,3G
240,1,24001,71883687,19243769,78286274,240-01,240-01,4G
240,1,24001,55011852,16925060,55917892,240-01,240-01,4G
240,1,24001,89362710,91358389,63018872,240-01,240-01,5G
240,1,24001,30386195,36682239,30461662,240-01,240-01,3G
240,1,24001,66700584,69294023,89183146,240-01,240-01,5G
240,1,24001,36102487,53868938,55684220,240-01,240-01,3G
240,1,24001,40959072,66227586,18163201,240-01,240-01,5G
240,1,24001,20880892,10310308,13116452,240-01,240-01,5G
240,1,24001,99059186,96828302,90520446,240-01,240-01,5G
240,1,24001,50522709,88462884,31563144,240-01,240-01,3G
240,1,24001,11903488,88229686,86199011,240-01,240-01,4G
240,1,24001,34842621,88138333,31049038,240-01,240-01,4G
240,1,24001,94425766,36582424,28295510,240-01,240-01,5G
240,1,24001,58781436,75164869,43005740,240-01,240-01,4G
240,1,24001,39572231,44155074,10800166,240-01,240-01,3G
240,1,24001,62431086,35688956,37060876,240-01,240-01,3G
240,1,24001,59446609,86724786,27120326,240-01,240-01,5G
240,1,24001,52414015,94727737,79293343,240-01,240-01,4G
240,1,24001,91735458,95763854,61332509,240-01,240-01,5G
240,1,24001,16953098,16919874,33059129,240-01,240-01,5G
240,1,24001,24748543,13335227,54185741,240-01,240-01,4G
240,1,24001,32266243,29144970,22082065,240-01,240-01,5G
240,1,24001,31383694,32516018,68790355,240-01,240-01,5G
240,1,24001,34090183,20410799,93812146,240-01,240-01,4G
240,1,24001,88554911,48730265,95472396,240-01,240-01,3G
240,1,24001,17763173,65544813,55309694,240-01,240-01,4G
240,1,24001,86387673,96031135,14297454,240-01,240-01,4G
240,1,24001,67492597,68546530,18107033,240-01,240-01,3G
240,1,24001,27899192,22260537,69146508,240-01,240-01,3G
240,1,24001,58953498,13736817,34301491,240-01,240-01,5G
240,1,24001,86407236,83354615,65149932,240-01,240-01,3G
240,1,24001,15831057,72714425,26879036,240-01,240-01,5G
240,1,24001,82287023,55457935,58476372,240-01,240-01,3G
240,1,24001,41680212,35732787,55709073,240-01,240-01,3G
240,1,24001,57169440,41937422,70299377,240-01,240-01,3G
240,1,24001,27418391,32788384,10325621,240-01,240-01,5G
240,1,24001,65673525,11512943,54666225,240-01,240-01,4G
240,1,24001,11138977,29370766,15578924,240-01,240-01,4G
240,1,24001,95806846,66963254,90803207,240-01,240-01,4G
240,1,24001,69173854,13311636,89792999,240-01,240-01,5G
240,1,24001,18518398,37112980,71585561,240-01,240-01,3G
240,1,24001,67898025,28559183,72315456,240-01,240-01,4G
240,1,24001,93692789,51328000,97126391,240-01,240-01,5G
240,1,24001,35618644,57235799,70528110,240-01,240-01,5G
240,1,24001,93304276,11436948,38410063,240-01,240-01,4G
240,1,24001,91242755,82663134,26036030,240-01,240-01,3G
240,1,24001,54115455,68374286,68406488,240-01,240-01,4G
240,1,24001,78559462,20937416,15744121,240-01,240-01,5G
240,1,24001,51202482,65022823,48037820,240-01,240-01,5G
240,1,24001,60060857,81383476,91832793,240-01,240-01,3G
240,1,24001,54890334,80006155,80036927,240-01,240-01,5G
240,1,24001,73368409,25063953,99012516,240-01,240-01,5G
240,1,24001,49926285,59153798,41226375,240-01,240-01,5G
240,1,24001,89868301,40706850,41746950,240-01,240-01,3G
240,1,24001,28568873,90135715,39098382,240-01,240-01,5G
240,1,24001,56615707,38606335,52507303,240-01,240-01,4G
240,1,24001,88523328,88876150,37346281,240-01,240-01,4G
240,1,24001,27222300,89556772,58229522,240-01,240-01,5G
240,1,24001,72762224,15773439,40008673,240-01,240-01,3G
240,1,24001,52611527,37156549,56912095,240-01,240-01,5G
240,1,24001,25291635,22500990,23397618,240-01,240-01,4G
240,1,24001,24414322,62334406,55602300,240-01,240-01,4G
240,1,24001,43909178,35541000,13723529,240-01,240-01,5G
240,1,24001,85406869,77583283,40573624,240-01,240-01,3G
240,1,24001,22874313,29315853,28289265,240-01,240-01,4G
240,1,24001,84541035,25123799,50505362,240-01,240-01,3G
240,1,24001,65212416,62755885,30884780,240-01,240-01,4G
240,1,24001,52187982,20159682,74041865,240-01,240-01,3G
240,1,24001,73397422,87077472,56677371,240-01,240-01,3G
240,1,24001,84402820,83017128,36210366,240-01,240-01,5G
240,1,24001,66354724,50216647,37329208,240-01,240-01,3G
240,1,24001,41912531,26476837,77318375,240-01,240-01,5G
240,1,24001,10218478,62458349,94534579,240-01,240-01,5G
240,1,24001,94672876,71186912,20897664,240-01,240-01,4G
240,1,24001,15789232,86901706,74553052,240-01,240-01,4G
240,1,24001,59343961,47156854,69853528,240-01,240-01,4G
240,1,24001,47449062,30700241,75180054,240-01,240-01,4G
240,1,24001,99126987,72330694,32318435,240-01,240-01,5G
240,1,24001,56983748,26603348,29055237,240-01,240-01,4G
240,1,24001,69460120,93064166,91419907,240-01,240-01,3G
240,1,24001,44571491,67395215,34172800,240-01,240-01,5G
240,1,24001,55710369,51909806,28210329,240-01,240-01,4G
240,1,24001,67588435,59509806,95949541,240-01,240-01,4G
240,1,24001,28331687,54999975,97694441,240-01,240-01,4G
240,1,24001,49476429,19705346,69290375,240-01,240-01,3G
240,1,24001,62038725,96166833,80024895,240-01,240-01,3G
240,1,24001,25676673,72613413,70960092,240-01,240-01,3G
240,1,24001,83567848,58823742,19484428,240-01,240-01,5G
240,1,24001,95873230,62659662,81883141,240-01,240-01,3G
240,1,24001,58424493,16005960,72268820,240-01,240-01,4G
240,1,24001,28802634,74362408,63267696,240-01,240-01,3G
240,1,24001,12102885,19904298,30350171,240-01,240-01,3G
240,1,24001,83492108,29407706,76252376,240-01,240-01,3G
240,1,24001,75669134,14308134,99465679,240-01,240-01,3G
240,1,24001,13111669,95199775,66154098,240-01,240-01,4G
240,1,24001,96237725,10363920,94841190,240-01,240-01,5G
240,1,24001,39178155,29956423,38772631,240-01,240-01,5G
240,1,24001,45752800,23560522,58993164,240-01,240-01,4G
240,1,24001,18426291,27545777,16018451,240-01,240-01,5G
240,1,24001,79091197,60765400,46487306,240-01,240-01,5G
240,1,24001,67098840,53644633,36390409,240-01,240-01,3G
240,1,24001,13761853,10146171,28149993,240-01,240-01,3G
240,1,24001,26746035,56985525,28390978,240-01,240-01,5G
240,1,24001,34846771,34158407,80509459,240-01,240-01,5G
240,1,24001,68079323,70989719,26926108,240-01,240-01,5G
240,1,24001,85899893,32665566,30284250,240-01,240-01,4G
240,1,24001,50360505,96294550,40522354,240-01,240-01,4G
240,1,24001,14667813,97192143,78100714,240-01,240-01,5G
240,1,24001,27138052,12013495,48133968,240-01,240-01,5G
240,1,24001,45580765,13626494,59198268,240-01,240-01,4G
240,1,24001,18390429,23409854,88840998,240-01,240-01,5G
240,1,24001,79566861,63873036,78537378,240-01,240-01,3G
240,1,24001,28041751,98396082,19710178,240-01,240-01,3G
240,1,24001,40640320,11780696,81822558,240-01,240-01,4G
240,1,24001,14360367,96881763,59583022,240-01,240-01,3G
240,1,24001,30813239,11845557,21944741,240-01,240-01,4G
240,1,24001,81368842,27623885,35532971,240-01,240-01,5G
240,1,24001,89418581,15657661,37564303,240-01,240-01,5G
240,1,24001,91212279,39664939,38680337,240-01,240-01,4G
240,1,24001,36214231,99183804,15397346,240-01,240-01,4G
240,1,24001,38445305,45996129,72347561,240-01,240-01,4G
240,1,24001,93436167,50429984,63888074,240-01,240-01,3G
240,1,24001,36359659,51637144,27930196,240-01,240-01,4G
240,1,24001,47907856,81264685,75427328,240-01,240-01,4G
240,1,24001,28802777,66043491,43139895,240-01,240-01,3G
240,1,24001,26807519,58800997,44132065,240-01,240-01,4G
240,1,24001,71864782,10718731,70518323,240-01,240-01,3G
240,1,24001,27323858,93345294,76048616,240-01,240-01,4G
240,1,24001,50985792,55341571,84740379,240-01,240-01,4G
240,1,24001,90502876,75162917,60021708,240-01,240-01,4G
240,1,24001,59763060,56334953,51552395,240-01,240-01,3G
240,1,24001,33197816,30832533,89611128,240-01,240-01,3G
240,1,24001,15983855,62213869,81316359,240-01,240-01,4G
240,1,24001,25749409,74912615,35409470,240-01,240-01,3G
240,1,24001,86920858,23861442,65156965,240-01,240-01,3G
240,1,24001,44191613,84183940,13287322,240-01,240-01,5G
240,1,24001,58801991,30670117,61503164,240-01,240-01,4G
240,1,24001,15564750,54416625,47801653,240-01,240-01,3G
240,1,24001,51874035,20393098,66670669,240-01,240-01,4G
240,1,24001,68194863,99255630,15267554,240-01,240-01,5G
240,1,24001,56213768,29072267,45426038,240-01,240-01,5G
240,1,24001,23892446,46619245,25258428,240-01,240-01,5G
240,1,24001,58023197,58536886,41622846,240-01,240-01,3G
240,1,24001,20518965,57753682,63555101,240-01,240-01,3G
240,1,24001,65717505,24712847,47144892,240-01,240-01,3G
240,1,24001,66411118,83977133,20804462,240-01,240-01,5G
240,1,24001,16842334,34338243,71377211,240-01,240-01,4G
240,1,24001,80145720,37350866,90906878,240-01,240-01,3G
240,1,24001,27117313,41522648,28319341,240-01,240-01,3G
240,1,24001,50126483,79169653,86793252,240-01,240-01,5G
240,1,24001,41981959,17313715,97175272,240-01,240-01,5G
240,1,24001,56735597,95197725,84765383,240-01,240-01,4G
240,1,24001,97111390,82384094,10574778,240-01,240-01,3G
240,1,24001,83141138,28250500,12849517,240-01,240-01,4G
240,1,24001,78003664,15072120,28708936,240-01,240-01,4G
240,1,24001,41159033,58467997,94265295,240-01,240-01,3G
240,1,24001,99003512,40134069,59798415,240-01,240-01,5G
240,1,24001,72311264,45520188,27559131,240-01,240-01,3G
240,1,24001,71567958,18331714,34089631,240-01,240-01,4G
240,1,24001,53442053,92584443,64258102,240-01,240-01,4G
240,1,24001,10902844,75940048,27492313,240-01,240-01,5G
240,1,24001,31854613,47004200,92552921,240-01,240-01,3G
240,1,24001,83426097,54317614,61612183,240-01,240-01,4G
240,1,24001,17191401,84561747,34190695,240-01,240-01,4G
240,1,24001,82342754,21054635,30796283,240-01,240-01,5G
240,1,24001,71360660,35488643,45039623,240-01,240-01,5G
240,1,24001,91574184,37197945,51294251,240-01,240-01,4G
240,1,24001,32457870,23966336,82672985,240-01,240-01,4G
240,1,24001,16086910,88146172,95767480,240-01,240-01,4G
240,1,24001,20254849,78227986,48282528,240-01,240-01,4G
240,1,24001,18049149,50881619,60224987,240-01,240-01,4G
240,1,24001,78757893,29375348,97010299,240-01,240-01,5G
240,1,24001,34300203,79788008,62915060,240-01,240-01,3G
240,1,24001,14225540,17079039,34740142,240-01,240-01,3G
240,1,24001,55604368,90085110,96687128,240-01,240-01,5G
240,1,24001,42811232,18432733,74600485,240-01,240-01,4G
240,1,24001,64576223,26471062,70606396,240-01,240-01,4G
240,1,24001,38476795,83773746,71195783,240-01,240-01,3G
240,1,24001,58457350,15349671,95566050,240-01,240-01,5G
240,1,24001,27141881,71716257,50585217,240-01,240-01,4G
240,1,24001,44205857,34988896,37024180,240-01,240-01,5G
240,1,24001,41888511,96645245,96339943,240-01,240-01,5G
240,1,24001,62668679,54935746,69102038,240-01,240-01,4G
240,1,24001,59403531,30607845,98055240,240-01,240-01,5G
240,1,24001,94483044,16835459,12345459,240-01,240-01,3G
240,1,24001,53036851,28561729,50952938,240-01,240-01,5G
240,1,24001,63981914,43531971,17768159,240-01,240-01,4G
240,1,24001,61786043,14505455,77045774,240-01,240-01,3G
240,1,24001,92662245,41763624,28671342,240-01,240-01,5G
240,1,24001,27791149,14871491,13806622,240-01,240-01,4G
240,1,24001,41818684,89312765,25076048,240-01,240-01,5G
240,1,24001,27665138,13772979,39191684,240-01,240-01,4G
240,1,24001,11707287,56310362,38760129,240-01,240-01,5G
240,1,24001,21176980,93359449,17125348,240-01,240-01,5G
240,1,24001,30721615,14547958,18727806,240-01,240-01,5G
240,1,24001,94082802,63158891,84233005,240-01,240-01,4G
240,1,24001,77956198,73767984,84493315,240-01,240-01,4G
240,1,24001,68963385,71446193,39265506,240-01,240-01,4G
240,1,24001,18692926,47424281,23410345,240-01,240-01,5G
240,1,24001,71908934,12545794,42017038,240-01,240-01,5G
240,1,24001,57866692,19945147,19450917,240-01,240-01,5G
240,1,24001,63294732,39608280,42436762,240-01,240-01,4G
240,1,24001,70023313,78573804,55891568,240-01,240-01,5G
240,1,24001,88018574,20737701,17786360,240-01,240-01,4G
240,1,24001,17217103,86948863,64437862,240-01,240-01,4G
240,1,24001,66957001,87775794,51237128,240-01,240-01,3G
240,1,24001,27722521,33482762,60794040,240-01,240-01,4G
240,1,24001,19537711,58658558,94262503,240-01,240-01,3G
240,1,24001,79949419,22413365,40702358,240-01,240-01,5G
240,1,24001,50830168,85109240,34019171,240-01,240-01,5G
240,1,24001,19758861,15927642,86205023,240-01,240-01,5G
240,1,24001,75793785,42826033,22000499,240-01,240-01,4G
240,1,24001,98666855,95130033,77865873,240-01,240-01,4G
240,1,24001,10622384,66382317,99473287,240-01,240-01,4G
240,1,24001,54213421,71018608,73543320,240-01,240-01,4G
240,1,24001,70536170,36636734,14037466,240-01,240-01,5G
240,1,24001,87281284,89515452,19901604,240-01,240-01,4G
240,1,24001,50649093,44425895,78927942,240-01,240-01,5G
240,1,24001,47514877,74916971,95760938,240-01,240-01,3G
240,1,24001,54907442,51581341,15404696,240-01,240-01,5G
240,1,24001,44554863,29976859,98610014,240-01,240-01,5G
240,1,24001,66727766,41035447,66548770,240-01,240-01,5G
240,1,24001,99131875,16096431,12711153,240-01,240-01,5G
240,1,24001,51647931,63963344,44597288,240-01,240-01,5G
240,1,24001,19319239,38549703,20602642,240-01,240-01,5G
240,1,24001,16756882,75461494,69539346,240-01,240-01,5G
240,1,24001,92340336,38750966,82378009,240-01,240-01,4G
240,1,24001,41140920,11115522,28057405,240-01,240-01,5G
240,1,24001,52630460,23551854,88325975,240-01,240-01,5G
240,1,24001,78052667,32005479,29056069,240-01,240-01,4G
240,1,24001,60868133,13664563,89639404,240-01,240-01,3G
240,1,24001,28064738,84752993,86712106,240-01,240-01,4G
240,1,24001,40529659,19309692,71233113,240-01,240-01,4G
240,1,24001,68496129,40083678,97047284,240-01,240-01,5G
240,1,24001,78027966,36664605,56490747,240-01,240-01,3G
240,1,24001,74050088,41916584,83518249,240-01,240-01,4G
240,1,24001,84780413,43802172,77838272,240-01,240-01,4G
240,1,24001,15551237,40973841,46689661,240-01,240-01,5G
240,1,24001,22176324,94947397,31404641,240-01,240-01,3G
240,1,24001,84254346,74366079,65876018,240-01,240-01,5G
240,1,24001,81148351,37441966,61896576,240-01,240-01,4G
240,1,24001,14449070,10279683,18614228,240-01,240-01,3G
240,1,24001,62945547,51129423,83760587,240-01,240-01,4G
240,1,24001,16535213,71912603,44161325,240-01,240-01,3G
240,1,24001,45086089,66878493,38563497,240-01,240-01,5G
240,1,24001,81550268,72896804,24255292,240-01,240-01,5G
240,1,24001,98039662,60939856,53465091,240-01,240-01,3G
240,1,24001,57183335,21087242,24450235,240-01,240-01,3G
240,1,24001,52710639,65812717,84189530,240-01,240-01,3G
240,1,24001,41869837,67659369,85157373,240-01,240-01,5G
240,1,24001,24373582,13523788,58391185,240-01,240-01,5G
240,1,24001,19102147,38234117,82462525,240-01,240-01,5G
240,1,24001,97813349,45998604,21491619,240-01,240-01,4G
240,1,24001,55408519,89446609,56713458,240-01,240-01,4G
240,1,24001,18675019,96811103,96442712,240-01,240-01,4G
240,1,24001,37885069,62906131,34029909,240-01,240-01,3G
240,1,24001,88890950,80753741,52377162,240-01,240-01,4G
240,1,24001,28352364,58139229,27423511,240-01,240-01,3G
240,1,24001,93409634,21302669,51308327,240-01,240-01,3G
240,1,24001,71902423,57569206,24702695,240-01,240-01,4G
240,1,24001,36382896,78519691,84691431,240-01,240-01,5G
240,1,24001,57068570,49339884,98999734,240-01,240-01,4G
240,1,24001,99419644,82582541,69613033,240-01,240-01,4G
240,1,24001,40954339,67566102,37256824,240-01,240-01,5G
240,1,24001,60179142,23009636,42738146,240-01,240-01,4G
240,1,24001,10281493,21049032,81789831,240-01,240-01,3G
240,1,24001,18254673,58162607,69118264,240-01,240-01,3G
240,1,24001,85510212,80880620,15506602,240-01,240-01,4G
240,1,24001,71079814,37911348,15781606,240-01,240-01,4G
240,1,24001,65206450,57183815,30881877,240-01,240-01,4G
240,1,24001,80587896,67181350,12242363,240-01,240-01,5G
240,1,24001,51079627,90179606,78481394,240-01,240-01,5G
240,1,24001,63749876,15881384,33333376,240-01,240-01,5G
240,1,24001,68644424,62119613,28224458,240-01,240-01,4G
240,1,24001,59140853,28144926,83085456,240-01,240-01,4G
240,1,24001,86074773,84307813,59231010,240-01,240-01,3G
240,1,24001,46053949,12950735,27383826,240-01,240-01,3G
240,1,24001,86352350,78488454,10731296,240-01,240-01,4G
240,1,24001,64405050,33210697,30822100,240-01,240-01,5G
240,1,24001,22143853,85058594,11488811,240-01,240-01,4G
240,1,24001,99404976,79581093,39485871,240-01,240-01,5G
240,1,24001,62069882,89980123,92923676,240-01,240-01,4G
240,1,24001,49392265,14384041,60662891,240-01,240-01,4G
240,1,24001,63822963,89556923,95898618,240-01,240-01,4G
240,1,24001,11166819,33322354,87994733,240-01,240-01,3G
240,1,24001,57492882,41053149,54863122,240-01,240-01,3G
240,1,24001,20469883,90888894,61601039,240-01,240-01,4G
240,1,24001,32251184,16761157,81853173,240-01,240-01,4G
240,1,24001,45663666,51645060,92501357,240-01,240-01,4G
240,1,24001,79995204,82414382,76518020,240-01,240-01,3G
240,1,24001,85607511,12555042,86390473,240-01,240-01,4G
240,1,24001,90927803,55985028,74594427,240-01,240-01,3G
240,1,24001,66016923,40346128,98213681,240-01,240-01,4G
240,1,24001,10825285,55866450,23506077,240-01,240-01,5G
240,1,24001,63161844,95267727,34444614,240-01,240-01,5G
240,1,24001,92011854,17814583,85849338,240-01,240-01,4G
240,1,24001,85671426,86580547,29158918,240-01,240-01,4G
240,1,24001,14762240,63447125,19847615,240-01,240-01,5G
240,1,24001,37201410,92631393,69588992,240-01,240-01,4G
240,1,24001,49406790,35020933,30530769,240-01,240-01,5G
240,1,24001,92243212,68326431,89704663,240-01,240-01,5G
240,1,24001,51476481,52808306,43996624,240-01,240-01,5G
240,1,24001,93537684,91978307,10161855,240-01,240-01,4G
240,1,24001,86062901,90921329,16333400,240-01,240-01,5G
240,1,24001,66405775,73066921,52559734,240-01,240-01,3G
240,1,24001,67106151,68399960,11191800,240-01,240-01,4G
240,1,24001,98034045,23225598,81593411,240-01,240-01,5G
240,1,24001,51910287,37557469,12879438,240-01,240-01,3G
240,1,24001,74611521,48871579,61210930,240-01,240-01,3G
240,1,24001,28708504,37880821,89642240,240-01,240-01,4G
240,1,24001,18326960,42088730,57174003,240-01,240-01,4G
240,1,24001,71475638,55043528,57075058,240-01,240-01,4G
240,1,24001,61314267,31723517,85181108,240-01,240-01,5G
240,1,24001,84271262,13378289,61136149,240-01,240-01,5G
240,1,24001,58110804,61418897,15265709,240-01,240-01,3G
240,1,24001,60805633,50977824,24807300,240-01,240-01,3G
240,1,24001,90627183,96157494,95481492,240-01,240-01,4G
240,1,24001,59245907,53117161,40323524,240-01,240-01,4G
240,1,24001,40956349,35819259,51335555,240-01,240-01,4G
240,1,24001,46296211,65994247,28856776,240-01,240-01,3G
240,1,24001,80051555,27148369,56468467,240-01,240-01,5G
240,1,24001,36887927,53704631,86457502,240-01,240-01,3G
240,1,24001,17817623,98081299,20098207,240-01,240-01,5G
240,1,24001,84213762,44923592,18205707,240-01,240-01,5G
240,1,24001,17291887,16614559,76511691,240-01,240-01,4G
240,1,24001,39930543,45531800,58754830,240-01,240-01,4G
240,1,24001,91565593,53001619,51195549,240-01,240-01,3G
240,1,24001,77329533,31596200,66721409,240-01,240-01,4G
240,1,24001,41769212,21865659,30742751,240-01,240-01,3G
240,1,24001,19573177,29284367,39615027,240-01,240-01,5G
240,1,24001,58765242,50000592,48830855,240-01,240-01,3G
240,1,24001,11620850,51905986,82933185,240-01,240-01,5G
240,1,24001,39958846,78599221,30541369,240-01,240-01,5G
240,1,24001,17998320,63585545,52866004,240-01,240-01,5G
240,1,24001,36540328,72607129,64106967,240-01,240-01,5G
240,1,24001,20617487,78294317,71134560,240-01,240-01,5G
240,1,24001,79658029,15295185,82359315,240-01,240-01,3G
240,1,24001,98396684,65114721,65544021,240-01,240-01,4G
240,1,24001,97008865,12810701,67612101,240-01,240-01,3G
240,1,24001,15859268,46970059,94784556,240-01,240-01,4G
240,1,24001,66635073,86696354,49358513,240-01,240-01,4G
240,1,24001,59918821,51644018,57379693,240-01,240-01,4G
240,1,24001,55684776,13654667,87473068,240-01,240-01,3G
240,1,24001,58321480,83365544,59600634,240-01,240-01,4G
240,1,24001,36199793,53913057,70787508,240-01,240-01,3G
240,1,24001,31938290,96468277,24248279,240-01,240-01,3G
240,1,24001,26513943,77774305,13041731,240-01,240-01,5G
240,1,24001,19751706,24534468,99773920,240-01,240-01,3G
240,1,24001,70679050,40309219,18845031,240-01,240-01,3G
240,1,24001,32968381,25466315,20662874,240-01,240-01,4G
240,1,24001,33718623,48492970,66541575,240-01,240-01,5G
240,1,24001,69739488,98472936,58521522,240-01,240-01,3G
240,1,24001,72318105,59324949,85402395,240-01,240-01,3G
240,1,24001,87056506,69394075,94436662,240-01,240-01,5G
240,1,24001,29941060,41644355,19818890,240-01,240-01,3G
240,1,24001,77104203,77370742,97314774,240-01,240-01,4G
240,1,24001,57357564,63330510,32425676,240-01,240-01,4G
240,1,24001,55535057,92974914,44886420,240-01,240-01,3G
240,1,24001,13430309,39809269,32927012,240-01,240-01,5G
240,1,24001,17848537,86926594,15697243,240-01,240-01,3G
240,1,24001,42634517,44179384,25228832,240-01,240-01,3G
240,1,24001,69952007,77542448,73607960,240-01,240-01,3G
240,1,24001,23882015,28964014,86865907,240-01,240-01,3G
240,1,24001,39078353,48508513,34173299,240-01,240-01,5G
240,1,24001,13422719,27710196,65132968,240-01,240-01,5G
240,1,24001,99336753,38326056,54943538,240-01,240-01,3G
240,1,24001,21038341,36932218,93887939,240-01,240-01,3G
240,1,24001,35733703,19400009,99037163,240-01,240-01,5G
240,1,24001,47317748,13910935,32970444,240-01,240-01,4G
240,1,24001,16990409,11940423,77741514,240-01,240-01,3G
240,1,24001,22975011,84846983,10974742,240-01,240-01,4G
240,1,24001,66671153,39653116,71703900,240-01,240-01,4G
240,1,24001,81126287,25491325,17395222,240-01,240-01,5G
240,1,24001,52231664,99627730,35259679,240-01,240-01,4G
240,1,24001,39825396,92177269,74323045,240-01,240-01,5G
240,1,24001,66225238,37351797,16558456,240-01,240-01,4G
240,1,24001,10816909,15360779,41282588,240-01,240-01,4G
240,1,24001,88579225,31946410,77100827,240-01,240-01,5G
240,1,24001,10116015,48558094,13476647,240-01,240-01,5G
240,1,24001,71918375,93209223,77186077,240-01,240-01,3G
240,1,24001,90490153,16119045,92337748,240-01,240-01,4G
240,1,24001,59710190,45369463,90401790,240-01,240-01,5G
240,1,24001,82763638,77274868,17979803,240-01,240-01,5G
240,1,24001,11613213,83963054,56635628,240-01,240-01,3G
240,1,24001,82306048,41951229,34218556,240-01,240-01,5G
240,1,24001,58440044,28642331,72243917,240-01,240-01,4G
240,1,24001,88314387,33222024,80087446,240-01,240-01,4G
240,1,24001,93263192,26242617,73860990,240-01,240-01,4G
240,1,24001,71256654,41563266,38934005,240-01,240-01,3G
240,1,24001,49834232,56247435,62372797,240-01,240-01,5G
240,1,24001,19193834,82202761,57018302,240-01,240-01,3G
240,1,24001,21169788,42219623,75726780,240-01,240-01,5G
240,1,24001,78781015,69054573,35939001,240-01,240-01,4G
240,1,24001,66039891,37718793,83571177,240-01,240-01,3G
240,1,24001,93642854,94915571,22085460,240-01,240-01,5G
240,1,24001,33522222,20132421,22386746,240-01,240-01,4G
240,1,24001,53042342,60702194,39991570,240-01,240-01,3G
240,1,24001,30594194,65819177,88651142,240-01,240-01,5G
240,1,24001,21976538,12862672,72330012,240-01,240-01,4G
240,1,24001,10645497,39771904,46051733,240-01,240-01,3G
240,1,24001,29709669,58025178,30762645,240-01,240-01,5G
240,1,24001,53259908,90601265,97825431,240-01,240-01,4G
240,1,24001,77569931,94836365,45530419,240-01,240-01,4G
240,1,24001,66039792,66408989,97830405,240-01,240-01,4G
240,1,24001,60108400,97370408,30616422,240-01,240-01,3G
240,1,24001,51953091,66569213,73066205,240-01,240-01,3G
240,1,24001,62451010,42246213,72027720,240-01,240-01,4G
240,1,24001,59230455,43780382,90264755,240-01,240-01,5G
240,1,24001,46188232,11535408,81555943,240-01,240-01,5G
240,1,24001,91332980,77004965,87804916,240-01,240-01,3G
240,1,24001,74008462,24200370,16477166,240-01,240-01,4G
240,1,24001,65162732,32255067,56064937,240-01,240-01,3G
240,1,24001,69798486,16265487,98911408,240-01,240-01,5G
240,1,24001,72805111,70157437,71845990,240-01,240-01,4G
240,1,24001,19492817,10387874,83438490,240-01,240-01,5G
240,1,24001,32913113,42224807,57443075,240-01,240-01,5G
240,1,24001,42888485,30200860,70347120,240-01,240-01,4G
240,1,24001,97374409,35615978,13235921,240-01,240-01,3G
240,1,24001,18631691,52512114,93717597,240-01,240-01,5G
240,1,24001,31006553,72854282,96877426,240-01,240-01,5G
240,1,24001,50962644,73227314,51494367,240-01,240-01,4G
240,1,24001,43641643,83134092,47434000,240-01,240-01,4G
240,1,24001,89156425,11262855,58378317,240-01,240-01,5G
240,1,24001,71337460,56339172,97087024,240-01,240-01,5G
240,1,24001,22250995,92105850,61521612,240-01,240-01,5G
240,1,24001,15852334,69663808,13112097,240-01,240-01,3G
240,1,24001,37551948,86391036,19203964,240-01,240-01,4G
240,1,24001,25922154,29417564,82787242,240-01,240-01,5G
240,1,24001,37120259,25322612,32548708,240-01,240-01,4G
240,1,24001,61753011,64624356,79222080,240-01,240-01,3G
240,1,24001,86882660,58699811,65443220,240-01,240-01,5G
240,1,24001,87685986,13779229,83574316,240-01,240-01,3G
240,1,24001,44163014,15552016,76054957,240-01,240-01,5G
240,1,24001,21711269,86228881,72074931,240-01,240-01,5G
240,1,24001,99392987,93931118,24689588,240-01,240-01,4G
240,1,24001,37337127,16255631,25876180,240-01,240-01,4G
240,1,24001,25207060,61551216,27812118,240-01,240-01,3G
240,1,24001,63883024,49162582,34656627,240-01,240-01,3G
240,1,24001,95667844,36649096,84013181,240-01,240-01,3G
240,1,24001,42229356,12340072,49881277,240-01,240-01,5G
240,1,24001,28717539,18228419,73176430,240-01,240-01,5G
240,1,24001,22776729,72378978,31502248,240-01,240-01,5G
240,1,24001,13762485,31557808,66346493,240-01,240-01,5G
240,1,24001,33028884,60268166,39751020,240-01,240-01,5G
240,1,24001,75817390,61876593,32479131,240-01,240-01,5G
240,1,24001,90051426,93629004,62185883,240-01,240-01,5G
240,1,24001,18133747,10370876,91325912,240-01,240-01,4G
240,1,24001,63723146,23749779,78550694,240-01,240-01,5G
240,1,24001,67259991,53041091,22698455,240-01,240-01,3G
240,1,24001,36757149,60026926,50130517,240-01,240-01,5G
240,1,24001,38896934,44696136,47063379,240-01,240-01,3G
240,1,24001,89254705,39737783,67686079,240-01,240-01,4G
240,1,24001,93505591,64668597,82790206,240-01,240-01,5G
240,1,24001,93156852,83642779,71595142,240-01,240-01,5G
240,1,24001,43713995,47676050,34865286,240-01,240-01,3G
240,1,24001,29290780,42534368,80660324,240-01,240-01,3G
240,1,24001,50003344,78399102,36811350,240-01,240-01,5G
240,1,24001,62338684,39473993,27368873,240-01,240-01,4G
240,1,24001,84792673,95010324,61098559,240-01,240-01,5G
240,1,24001,27443104,61263621,54064559,240-01,240-01,3G
240,1,24001,29365218,48193255,65759002,240-01,240-01,4G
240,1,24001,12623666,62911416,71587180,240-01,240-01,4G
240,1,24001,94962319,27101750,54445919,240-01,240-01,5G
240,1,24001,69349692,71769294,85012251,240-01,240-01,5G
240,1,24001,49782789,19368324,36659213,240-01,240-01,5G
240,1,24001,35538888,81660538,60124889,240-01,240-01,4G
240,1,24001,58803758,93336501,28447193,240-01,240-01,3G
240,1,24001,36312814,52927171,44591800,240-01,240-01,4G
240,1,24001,45874868,88955233,14351034,240-01,240-01,4G
240,1,24001,44495256,79562404,85777217,240-01,240-01,3G
240,1,24001,26862674,29482360,47307419,240-01,240-01,5G
240,1,24001,71248687,47495111,38392658,240-01,240-01,4G
240,1,24001,85049051,39069497,30664153,240-01,240-01,5G
240,1,24001,25321213,90286926,46111374,240-01,240-01,5G
240,1,24001,67945551,26679496,68402962,240-01,240-01,5G
240,1,24001,68901198,41038028,16171654,240-01,240-01,3G
240,1,24001,85992743,78491261,40503559,240-01,240-01,4G
240,1,24001,17092036,85964680,90592626,240-01,240-01,5G
240,1,24001,90794039,62738846,79251082,240-01,240-01,4G
240,1,24001,81451950,16278010,77092825,240-01,240-01,5G
240,1,24001,78641562,95738993,29897451,240-01,240-01,3G
240,1,24001,55015072,47564693,57665098,240-01,240-01,3G
240,1,24001,45627663,16019100,88996643,240-01,240-01,4G
240,1,24001,65131421,52067320,39273852,240-01,240-01,3G
240,1,24001,70345805,96391025,13177966,240-01,240-01,5G
240,1,24001,41842960,43887405,56608450,240-01,240-01,3G
240,1,24001,35196269,63269974,39432376,240-01,240-01,3G
240,1,24001,38582984,36285629,47162720,240-01,240-01,3G
240,1,24001,70630506,88608968,32088312,240-01,240-01,5G
240,1,24001,40792889,51681596,67391897,240-01,240-01,4G
240,1,24001,38477812,29612785,59021324,240-01,240-01,3G
240,1,24001,14815243,21762549,63577965,240-01,240-01,5G
240,1,24001,52415228,70861653,77635247,240-01,240-01,4G
240,1,24001,72808207,24622265,28058311,240-01,240-01,5G
240,1,24001,66650885,88644380,82042419,240-01,240-01,3G
240,1,24001,62326402,40669142,26045213,240-01,240-01,3G
240,1,24001,28341809,58725978,79193081,240-01,240-01,5G
240,1,24001,86776176,39501209,25480484,240-01,240-01,4G
240,1,24001,69151412,80390121,58784124,240-01,240-01,4G
240,1,24001,88660631,56302080,38708321,240-01,240-01,4G
240,1,24001,79905227,89158448,51858158,240-01,240-01,3G
240,1,24001,25399330,17662983,88668452,240-01,240-01,3G
240,1,24001,93201449,56224354,77048505,240-01,240-01,3G
240,1,24001,12444636,87650245,45403555,240-01,240-01,4G
240,1,24001,84749097,93656203,73344236,240-01,240-01,3G
240,1,24001,77688297,57829433,93985838,240-01,240-01,3G
240,1,24001,63230162,69737308,42722709,240-01,240-01,3G
240,1,24001,51728479,70433181,95829780,240-01,240-01,4G
240,1,24001,98306937,53335008,62310936,240-01,240-01,5G
240,1,24001,79507629,63989796,35491119,240-01,240-01,4G
240,1,24001,55492265,39102181,10214498,240-01,240-01,4G
240,1,24001,96513575,21094800,39422718,240-01,240-01,3G
240,1,24001,80078764,21328153,45052811,240-01,240-01,5G
240,1,24001,41840389,92902623,75347064,240-01,240-01,4G
240,1,24001,86954003,25923850,84110218,240-01,240-01,3G
240,1,24001,76571071,80823840,68892816,240-01,240-01,5G
240,1,24001,44957212,88500797,45694031,240-01,240-01,3G
240,1,24001,94141622,68300508,79458746,240-01,240-01,4G
240,1,24001,10545217,73248096,70414674,240-01,240-01,5G
240,1,24001,38275426,37038251,46509359,240-01,240-01,4G
240,1,24001,16312818,24627797,13812309,240-01,240-01,5G
240,1,24001,26028197,55523724,51360366,240-01,240-01,3G
240,1,24001,18434479,12140946,90060199,240-01,240-01,3G
240,1,24001,31878167,49870439,59981172,240-01,240-01,4G
240,1,24001,30032843,74943336,17297689,240-01,240-01,5G
240,1,24001,89806580,36938757,73876580,240-01,240-01,4G
240,1,24001,94434853,65370166,61562621,240-01,240-01,5G
240,1,24001,45852724,80477457,49343878,240-01,240-01,5G
240,1,24001,87934776,71517035,63844073,240-01,240-01,4G
240,1,24001,38518335,39652795,85906132,240-01,240-01,4G
240,1,24001,74693627,38748635,93339709,240-01,240-01,5G
240,1,24001,37963162,98479078,91647322,240-01,240-01,4G
240,1,24001,65382429,31070609,46622343,240-01,240-01,3G
240,1,24001,62939690,88173907,69133506,240-01,240-01,5G
240,1,24001,55660883,96352543,19906153,240-01,240-01,3G
240,1,24001,66518077,25458002,99469999,240-01,240-01,5G
240,1,24001,39572541,65024450,73318620,240-01,240-01,5G
240,1,24001,10153505,94768504,52770870,240-01,240-01,3G
240,1,24001,40133875,99619634,80269117,240-01,240-01,3G
240,1,24001,61778503,85172861,32343617,240-01,240-01,4G
240,1,24001,37518242,58050597,65138030,240-01,240-01,3G
240,1,24001,59524074,31505232,34975192,240-01,240-01,5G
240,1,24001,14608791,86045139,11268008,240-01,240-01,4G
240,1,24001,10535034,74931394,59628358,240-01,240-01,5G
240,1,24001,64953003,12792347,66844843,240-01,240-01,3G
240,1,24001,28327066,10025624,38909329,240-01,240-01,5G
240,1,24001,70506537,64128786,73209690,240-01,240-01,4G
240,1,24001,24865217,13930487,62162029,240-01,240-01,4G
240,1,24001,33613176,91976798,95634910,240-01,240-01,5G
240,1,24001,25010481,50369317,95892489,240-01,240-01,4G
240,1,24001,14578210,75312354,59509739,240-01,240-01,5G
240,1,24001,66724399,67328279,10286108,240-01,240-01,4G
240,1,24001,55487075,38925835,51878030,240-01,240-01,3G
240,1,24001,16867717,43008354,86859104,240-01,240-01,5G
240,1,24001,94986173,88765957,33167355,240-01,240-01,4G
240,1,24001,34105156,88037901,56218714,240-01,240-01,3G
240,1,24001,18430133,28700795,96572529,240-01,240-01,5G
240,1,24001,21664181,86825286,22257461,240-01,240-01,5G
240,1,24001,85445366,53716699,73047456,240-01,240-01,5G
240,1,24001,85618867,32251461,83407629,240-01,240-01,5G
240,1,24001,75316358,79630748,32507064,240-01,240-01,4G
240,1,24001,45519286,82904186,73671447,240-01,240-01,3G
240,1,24001,99682556,87684901,67898909,240-01,240-01,4G
240,1,24001,91829964,99710905,87355458,240-01,240-01,3G
240,1,24001,52590262,65385702,93790209,240-01,240-01,4G
240,1,24001,30203703,15466028,80168113,240-01,240-01,3G
240,1,24001,99630214,43908426,40784910,240-01,240-01,5G
240,1,24001,61216546,55187668,91011020,240-01,240-01,3G
240,1,24001,29509314,24213009,17607308,240-01,240-01,3G
240,1,24001,27612803,78803692,84670315,240-01,240-01,4G
240,1,24001,65816274,71728906,89466545,240-01,240-01,3G
240,1,24001,10852064,76435688,67259417,240-01,240-01,5G
240,1,24001,42745626,80720807,70676982,240-01,240-01,5G
240,1,24001,62172892,64487192,96988807,240-01,240-01,4G
240,1,24001,21398402,16745671,52953234,240-01,240-01,4G
240,1,24001,97737750,39087183,82235540,240-01,240-01,4G
240,1,24001,37720231,73233865,45347295,240-01,240-01,5G
240,1,24001,84136786,51764231,93102015,240-01,240-01,5G
240,1,24001,21045734,46952629,99190327,240-01,240-01,4G
240,1,24001,48523820,56593186,24085435,240-01,240-01,3G
240,1,24001,76471560,29085922,12145072,240-01,240-01,3G
240,1,24001,60447527,24829556,23880000,240-01,240-01,4G
240,1,24001,73992878,96791790,87316223,240-01,240-01,3G
240,1,24001,99663397,54582283,52412469,240-01,240-01,3G
240,1,24001,35606187,93878203,30183501,240-01,240-01,5G
240,1,24001,30768626,14081639,56629998,240-01,240-01,4G
240,1,24001,91806180,54235693,16438186,240-01,240-01,4G
240,1,24001,58496384,20962431,69754558,240-01,240-01,5G
240,1,24001,47578017,91757529,71113739,240-01,240-01,5G
240,1,24001,54054085,66292140,14837069,240-01,240-01,4G
240,1,24001,35058324,98977236,40814787,240-01,240-01,4G
240,1,24001,67778441,91575581,12895120,240-01,240-01,3G
240,1,24001,35467470,52702302,35607975,240-01,240-01,5G
240,1,24001,56049295,57451254,13399714,240-01,240-01,3G
240,1,24001,59194188,13210394,38172617,240-01,240-01,3G
240,1,24001,63785131,93476572,31000859,240-01,240-01,3G
240,1,24001,41735858,13111122,18637685,240-01,240-01,5G
240,1,24001,31308674,70831329,45244664,240-01,240-01,3G
240,1,24001,63221985,30920199,54118317,240-01,240-01,5G
240,1,24001,29168817,58056476,68294164,240-01,240-01,5G
240,1,24001,93047242,68436507,71615781,240-01,240-01,3G
240,1,24001,79199960,91304067,22735381,240-01,240-01,5G
240,1,24001,23496610,49049830,26623914,240-01,240-01,4G
240,1,24001,16356824,23844646,70003650,240-01,240-01,3G
240,1,24001,30156706,33898449,74849540,240-01,240-01,3G
240,1,24001,89501371,30253871,10164292,240-01,240-01,3G
240,1,24001,55993105,94844484,26403183,240-01,240-01,3G
240,1,24001,36197453,41633723,82737388,240-01,240-01,3G
240,1,24001,18207515,10376690,64217857,240-01,240-01,3G
240,1,24001,50137258,88764345,78936309,240-01,240-01,5G
240,1,24001,87315120,30633776,59718519,240-01,240-01,4G
240,1,24001,49980274,34145963,41543907,240-01,240-01,5G
240,1,24001,99415095,57111395,77995752,240-01,240-01,3G
240,1,24001,86346550,20201866,35042069,240-01,240-01,3G
240,1,24001,99089245,38246667,10526031,240-01,240-01,5G
240,1,24001,30877446,13300382,94399180,240-01,240-01,4G
240,1,24001,91539515,77770218,31794572,240-01,240-01,3G
240,1,24001,99141763,79851302,89771804,240-01,240-01,4G
240,1,24001,56060936,40441577,78462529,240-01,240-01,5G
240,1,24001,51022024,61041921,12706984,240-01,240-01,5G
240,1,24001,16038642,56257010,96544880,240-01,240-01,4G
240,1,24001,40956962,50344245,75766992,240-01,240-01,4G
240,1,24001,42998587,61605020,35271412,240-01,240-01,5G
240,1,24001,57499293,31502876,46422257,240-01,240-01,3G
240,1,24001,24267910,30786944,10869178,240-01,240-01,4G
240,1,24001,22380053,25970121,12119611,240-01,240-01,5G
240,1,24001,83176641,72947743,86776857,240-01,240-01,4G
240,1,24001,88820103,94255780,22171640,240-01,240-01,4G
240,1,24001,13105062,44565438,36666181,240-01,240-01,4G
240,1,24001,80517824,92489660,48723200,240-01,240-01,5G
240,1,24001,94387874,89008783,83209788,240-01,240-01,4G
240,1,24001,40177950,13563272,39029905,240-01,240-01,3G
240,1,24001,30996413,86305214,17340183,240-01,240-01,3G
240,1,24001,60046851,80478771,59049564,240-01,240-01,4G
240,1,24001,38955875,42121077,41711752,240-01,240-01,4G
240,1,24001,30101117,80820773,13103362,240-01,240-01,4G
240,1,24001,28685831,58539020,56394287,240-01,240-01,5G
240,1,24001,24064755,89232793,65241174,240-01,240-01,3G
240,1,24001,16977910,93781386,22083231,240-01,240-01,5G
240,1,24001,17345017,48795667,20711852,240-01,240-01,4G
240,1,24001,96072998,76086921,24782337,240-01,240-01,5G
240,1,24001,49411821,61897844,75437823,240-01,240-01,3G
240,1,24001,20361433,75718337,66967470,240-01,240-01,4G
240,1,24001,92654358,90043323,71094546,240-01,240-01,5G
240,1,24001,23175078,65163654,31607921,240-01,240-01,3G
240,1,24001,43960835,22674250,24906280,240-01,240-01,4G
240,1,24001,71188894,69233931,63117768,240-01,240-01,5G
240,1,24001,92760387,42832405,42900726,240-01,240-01,4G
240,1,24001,64290418,52053926,43481780,240-01,240-01,4G
240,1,24001,78027877,30057007,53293097,240-01,240-01,4G
240,1,24001,33387152,79394987,55998635,240-01,240-01,4G
240,1,24001,40345476,79913136,75872609,240-01,240-01,5G
240,1,24001,90229819,48229000,84118677,240-01,240-01,4G
240,1,24001,98705742,55346659,20308950,240-01,240-01,4G
240,1,24001,22030753,35245562,95318295,240-01,240-01,3G
240,1,24001,63089052,30435506,73759332,240-01,240-01,4G
240,1,24001,63409269,86440160,12512079,240-01,240-01,3G
240,1,24001,43428627,68790564,72846467,240-01,240-01,5G
240,1,24001,46131217,19906715,70435718,240-01,240-01,3G
240,1,24001,34921826,14246511,46001451,240-01,240-01,3G
240,1,24001,48523682,71585847,11547608,240-01,240-01,5G
240,1,24001,20391984,17126215,13712557,240-01,240-01,4G
240,1,24001,78412210,82378236,20171556,240-01,240-01,3G
240,1,24001,20721634,81898089,10650811,240-01,240-01,3G
240,1,24001,65901386,87992456,99513607,240-01,240-01,4G
240,1,24001,96977568,63420853,86367834,240-01,240-01,4G
240,1,24001,19704012,41909299,89690663,240-01,240-01,5G
240,1,24001,89812574,64623916,69689339,240-01,240-01,4G
240,1,24001,26826289,14761798,46889484,240-01,240-01,3G
240,1,24001,63141372,76202437,98044424,240-01,240-01,5G
240,1,24001,47515751,74321107,90206689,240-01,240-01,5G
240,1,24001,46363739,40692942,75364406,240-01,240-01,5G
240,1,24001,72147524,62971599,44757257,240-01,240-01,3G
240,1,24001,57068333,81543174,86880759,240-01,240-01,5G
240,1,24001,35069784,56718611,14481079,240-01,240-01,4G
240,1,24001,65712730,13238267,19304046,240-01,240-01,3G
240,1,24001,96550223,90557751,54478151,240-01,240-01,3G
240,1,24001,66176031,33368445,62284670,240-01,240-01,5G
240,1,24001,59282325,83628937,57592335,240-01,240-01,3G
240,1,24001,64564344,56333967,26269054,240-01,240-01,4G
240,1,24001,90480604,49224772,95173402,240-01,240-01,3G
240,1,24001,55097695,35201714,16201349,240-01,240-01,3G
240,1,24001,94269551,77234130,34071082,240-01,240-01,4G
240,1,24001,98283766,48035583,48729140,240-01,240-01,3G
240,1,24001,99004990,98752640,31288603,240-01,240-01,5G
240,1,24001,94241300,45772559,49447120,240-01,240-01,4G
240,1,24001,35990088,39221129,46522135,240-01,240-01,4G
240,1,24001,26419101,81590564,79644867,240-01,240-01,3G
240,1,24001,97051759,86273118,62585743,240-01,240-01,3G
240,1,24001,13853351,79938971,81281253,240-01,240-01,5G
240,1,24001,80911323,64050816,69664936,240-01,240-01,5G
240,1,24001,62873063,64160831,49176460,240-01,240-01,3G
240,1,24001,65402450,18517261,11437314,240-01,240-01,5G
240,1,24001,21474452,42936385,90729074,240-01,240-01,3G
240,1,24001,37357370,73758075,59355369,240-01,240-01,4G
240,1,24001,95538616,91976154,92755624,240-01,240-01,3G
240,1,24001,88396917,25704963,93841187,240-01,240-01,4G
240,1,24001,33434042,91063053,26996984,240-01,240-01,4G
240,1,24001,88909396,74181523,12203508,240-01,240-01,3G
240,1,24001,39937360,27102477,14656703,240-01,240-01,3G
240,1,24001,26062843,18792886,60873475,240-01,240-01,5G
240,1,24001,49565576,58168942,45964287,240-01,240-01,3G
240,1,24001,17854709,49333483,46320698,240-01,240-01,3G
240,1,24001,54155463,61023894,63646474,240-01,240-01,5G
240,1,24001,87070150,77678665,84811989,240-01,240-01,3G
240,1,24001,27133340,12837452,70122630,240-01,240-01,3G
240,1,24001,17480268,64688179,77579042,240-01,240-01,3G
240,1,24001,91107771,58324057,49070216,240-01,240-01,3G
240,1,24001,34080855,23645718,64646466,240-01,240-01,3G
240,1,24001,95098359,74424154,11066323,240-01,240-01,4G
240,1,24001,71787034,19192816,81726917,240-01,240-01,5G
240,1,24001,50600801,51245848,79674578,240-01,240-01,5G
240,1,24001,53165320,25718591,21859391,240-01,240-01,3G
240,1,24001,73695427,90033388,60362591,240-01,240-01,5G
240,1,24001,41315301,31171742,95647386,240-01,240-01,4G
240,1,24001,89990270,20620925,29791758,240-01,240-01,3G
240,1,24001,30508893,88777568,56553443,240-01,240-01,5G
240,1,24001,23584861,54676264,92458746,240-01,240-01,3G
240,1,24001,44538376,93934601,11165413,240-01,240-01,4G
240,1,24001,74166603,90019609,93977250,240-01,240-01,4G
240,1,24001,31152780,30215600,65754288,240-01,240-01,3G
240,1,24001,83648763,26371348,74499590,240-01,240-01,3G
240,1,24001,55339191,68523067,40694251,240-01,240-01,4G
240,1,24001,37914791,26139907,40494067,240-01,240-01,4G
240,1,24001,24603655,74232371,91034973,240-01,240-01,4G
240,1,24001,69697733,70503382,26727459,240-01,240-01,5G
240,1,24001,47083765,30132725,71201518,240-01,240-01,3G
240,1,24001,39449648,77956975,28606819,240-01,240-01,3G
240,1,24001,44936732,34482833,62328720,240-01,240-01,4G
240,1,24001,21786437,60820639,70588481,240-01,240-01,3G
240,1,24001,53132788,16983060,39405172,240-01,240-01,5G
240,1,24001,49725291,61777832,66757375,240-01,240-01,3G
240,1,24001,32092604,92776377,63328256,240-01,240-01,3G
240,1,24001,57969606,73499827,50154436,240-01,240-01,5G
240,1,24001,67426776,33296468,44064195,240-01,240-01,3G
240,1,24001,18256782,73529241,54560029,240-01,240-01,5G
240,1,24001,81178001,37739183,31636187,240-01,240-01,3G
240,1,24001,17883107,94963010,48485830,240-01,240-01,4G
240,1,24001,50601798,11405628,66835700,240-01,240-01,4G
240,1,24001,61765121,41729236,46931614,240-01,240-01,5G
240,1,24001,82704628,78667315,78021701,240-01,240-01,5G
240,1,24001,78921598,54677022,34143866,240-01,240-01,3G
240,1,24001,81574198,20745929,22120370,240-01,240-01,4G
240,1,24001,17072686,75975700,45272493,240-01,240-01,5G
240,1,24001,63515244,77168060,92659404,240-01,240-01,3G
240,1,24001,86897731,68610658,98764878,240-01,240-01,3G
240,1,24001,56967611,65370818,56214068,240-01,240-01,4G
240,1,24001,24745263,53759384,91058124,240-01,240-01,3G
240,1,24001,11222709,32201143,33785954,240-01,240-01,4G
240,1,24001,55964356,25347168,82154734,240-01,240-01,5G
240,1,24001,65515579,37817784,10007062,240-01,240-01,4G
240,1,24001,34672026,86446048,19809532,240-01,240-01,5G
240,1,24001,21628014,86776604,91870405,240-01,240-01,4G
240,1,24001,70907733,51202979,49898030,240-01,240-01,5G
240,1,24001,62879171,21735597,21681890,240-01,240-01,4G
240,1,24001,92422619,43932245,78594622,240-01,240-01,5G
240,1,24001,28264450,97409064,26368427,240-01,240-01,4G
240,1,24001,77502040,77208791,88878184,240-01,240-01,3G
240,1,24001,59686780,86623484,22934764,240-01,240-01,5G
240,1,24001,63415720,28386329,11701767,240-01,240-01,4G
240,1,24001,87872196,98443874,47520526,240-01,240-01,3G
240,1,24001,18732638,98850182,88955380,240-01,240-01,3G
240,1,24001,20899425,85831575,66753731,240-01,240-01,5G
240,1,24001,35906589,26508449,25211861,240-01,240-01,5G
240,1,24001,69420059,98512535,39860274,240-01,240-01,4G
240,1,24001,72834766,55977669,97456471,240-01,240-01,5G
240,1,24001,94492740,66129153,67819575,240-01,240-01,3G
240,1,24001,70550511,42200385,37976584,240-01,240-01,4G
240,1,24001,52858246,50043864,52167301,240-01,240-01,5G
240,1,24001,88555534,18810910,89009125,240-01,240-01,5G
240,1,24001,37601870,35849645,45169674,240-01,240-01,3G
240,1,24001,90665793,88060686,41878792,240-01,240-01,4G
240,1,24001,56499448,83745901,15556875,240-01,240-01,4G
240,1,24001,53123932,86734046,62527265,240-01,240-01,3G
240,1,24001,95410172,38659498,48073162,240-01,240-01,4G
240,1,24001,50071984,52542844,46330545,240-01,240-01,3G
240,1,24001,69421982,94203796,55827860,240-01,240-01,5G
240,1,24001,50067630,46022249,56024491,240-01,240-01,5G
240,1,24001,78353521,13498873,37870093,240-01,240-01,4G
240,1,24001,33854449,31596894,71663741,240-01,240-01,4G
240,1,24001,72523930,35362276,91938196,240-01,240-01,3G
240,1,24001,80715910,26438363,69783929,240-01,240-01,5G
240,1,24001,99901313,71480994,84172443,240-01,240-01,4G
240,1,24001,11320197,35770683,46219894,240-01,240-01,4G
240,1,24001,57465453,94804362,39123460,240-01,240-01,3G
240,1,24001,42795194,27793382,34924927,240-01,240-01,4G
240,1,24001,81343869,15673954,39664177,240-01,240-01,5G
240,1,24001,53610172,43042034,20531853,240-01,240-01,3G
240,1,24001,96354237,41842312,15889581,240-01,240-01,4G
240,1,24001,97059868,89453332,58891637,240-01,240-01,3G
240,1,24001,31515438,92003900,94840853,240-01,240-01,3G
240,1,24001,32309735,84653779,47538597,240-01,240-01,3G
240,1,24001,69732880,32766482,97112990,240-01,240-01,4G
240,1,24001,59107159,73857723,24223319,240-01,240-01,5G
240,1,24001,81996452,79324599,57759312,240-01,240-01,4G
240,1,24001,60574434,38915387,51767839,240-01,240-01,4G
240,1,24001,23687443,49855581,23674323,240-01,240-01,4G
240,1,24001,59983285,66022064,89551458,240-01,240-01,4G
240,1,24001,97921411,73979361,39262344,240-01,240-01,4G
240,1,24001,73440045,39191454,31430999,240-01,240-01,3G
240,1,24001,43558783,24094498,93776871,240-01,240-01,5G
240,1,24001,63486191,45642651,30174969,240-01,240-01,3G
240,1,24001,96251665,78381514,52722411,240-01,240-01,4G
240,1,24001,61740423,78878224,44784240,240-01,240-01,5G
240,1,24001,69951275,72478358,42558137,240-01,240-01,4G
240,1,24001,78939593,85258884,95928582,240-01,240-01,3G
240,1,24001,18191734,90273533,75088379,240-01,240-01,4G
240,1,24001,79714525,40063974,48384115,240-01,240-01,5G
240,1,24001,63255147,92515361,42863400,240-01,240-01,3G
240,1,24001,10576472,67377207,45079755,240-01,240-01,5G
240,1,24001,46317160,28428021,35587753,240-01,240-01,4G
240,1,24001,42679348,32275548,15999580,240-01,240-01,4G
240,1,24001,66953758,51156849,81472399,240-01,240-01,5G
240,1,24001,92873140,17217897,86556213,240-01,240-01,5G
240,1,24001,62917446,88424741,33764663,240-01,240-01,4G
240,1,24001,96649431,17841301,27754839,240-01,240-01,4G
240,1,24001,40135675,44826155,47075598,240-01,240-01,4G
240,1,24001,88233332,51185415,78142271,240-01,240-01,4G
240,1,24001,93072714,99025989,89017878,240-01,240-01,5G
240,1,24001,24206861,58699815,78031765,240-01,240-01,3G
240,1,24001,33212690,65762636,36898001,240-01,240-01,5G
240,1,24001,59775927,73912576,70117876,240-01,240-01,3G
240,1,24001,39245161,59599499,78701062,240-01,240-01,4G
240,1,24001,20531648,14608619,74496219,240-01,240-01,4G
240,1,24001,86088722,36920672,45152767,240-01,240-01,4G
240,1,24001,17828723,57268883,14436221,240-01,240-01,5G
240,1,24001,53514283,53218887,94522343,240-01,240-01,3G
240,1,24001,44404405,45929468,41839124,240-01,240-01,3G
240,1,24001,16930544,80106896,28712225,240-01,240-01,5G
240,1,24001,23694762,14451038,89309579,240-01,240-01,5G
240,1,24001,32242798,87807580,12485213,240-01,240-01,3G
240,1,24001,57793569,73384142,17723678,240-01,240-01,4G
240,1,24001,84590920,36589480,86626615,240-01,240-01,5G
240,1,24001,23964554,69638950,27551228,240-01,240-01,3G
240,1,24001,18631581,65140498,58736214,240-01,240-01,3G
240,1,24001,97484407,10340827,11722611,240-01,240-01,3G
240,1,24001,37342990,69501281,44060657,240-01,240-01,5G
240,1,24001,90245545,39426782,52489138,240-01,240-01,5G
240,1,24001,73589623,18426166,66513138,240-01,240-01,5G
240,1,24001,21827304,64453971,39396298,240-01,240-01,4G
240,1,24001,48265329,63422221,51684621,240-01,240-01,3G
240,1,24001,69202642,53021793,55783966,240-01,240-01,4G
240,1,24001,68533794,90833652,52733881,240-01,240-01,5G
240,1,24001,73522914,77980565,88144382,240-01,240-01,3G
240,1,24001,35136948,96125360,81826551,240-01,240-01,4G
240,1,24001,99635645,80926675,96549998,240-01,240-01,4G
240,1,24001,91518132,98823254,90634840,240-01,240-01,5G
240,1,24001,55927435,56486741,41374332,240-01,240-01,5G
240,1,24001,77840464,23876917,42089353,240-01,240-01,4G
240,1,24001,29690533,25981085,38219126,240-01,240-01,4G
240,1,24001,39980313,81196565,10761479,240-01,240-01,3G
240,1,24001,97445196,29204337,76117968,240-01,240-01,5G
240,1,24001,69095798,75378219,44603420,240-01,240-01,5G
240,1,24001,61942849,86887907,67614651,240-01,240-01,4G
240,1,24001,76702998,11766895,46998824,240-01,240-01,4G
240,1,24001,32411080,54566522,62231013,240-01,240-01,5G
240,1,24001,23295655,58868789,28616882,240-01,240-01,5G
240,1,24001,27606259,41899672,55252064,240-01,240-01,3G
240,1,24001,60728957,28900936,24157801,240-01,240-01,3G
240,1,24001,51175172,74797076,88317547,240-01,240-01,5G
240,1,24001,57185400,82273807,39175446,240-01,240-01,5G
240,1,24001,55145305,24850759,33368614,240-01,240-01,3G
240,1,24001,97452337,16191336,84080830,240-01,240-01,3G
240,1,24001,25309113,71670116,64824220,240-01,240-01,4G
240,1,24001,98513362,85209364,53131440,240-01,240-01,4G
240,1,24001,78609425,21065553,30566821,240-01,240-01,5G
240,1,24001,49730297,38548931,38000297,240-01,240-01,5G
240,1,24001,77026278,57908414,82031318,240-01,240-01,5G
240,1,24001,87873350,83362492,16063666,240-01,240-01,5G
240,1,24001,15495441,19590162,46265481,240-01,240-01,4G
240,1,24001,82727149,35490339,77067226,240-01,240-01,4G
240,1,24001,92749177,40949030,18887143,240-01,240-01,3G
240,1,24001,45949329,86808232,97069977,240-01,240-01,3G
240,1,24001,24445081,13676798,20090775,240-01,240-01,4G
240,1,24001,12152242,93628790,83342441,240-01,240-01,4G
240,1,24001,76884243,66424367,50088074,240-01,240-01,3G
240,1,24001,34387021,71430816,62186554,240-01,240-01,3G
240,1,24001,34905603,91484848,19184277,240-01,240-01,5G
240,1,24001,52906841,21468395,38832400,240-01,240-01,5G
240,1,24001,91773709,59528653,76678699,240-01,240-01,5G
240,1,24001,54697368,59497576,77220815,240-01,240-01,5G
240,1,24001,85860059,57633063,82594357,240-01,240-01,3G
240,1,24001,55516692,75299930,12726067,240-01,240-01,3G
240,1,24001,38368171,41407818,34733819,240-01,240-01,5G
240,1,24001,87177303,92950205,73909137,240-01,240-01,5G
240,1,24001,62735196,64132222,29011789,240-01,240-01,3G
240,1,24001,52263477,51438655,15228522,240-01,240-01,3G
240,1,24001,48435066,37896604,95603316,240-01,240-01,3G
240,1,24001,74143430,55785765,12832115,240-01,240-01,3G
240,1,24001,49889384,13599312,37109218,240-01,240-01,4G
240,1,24001,74700486,59246431,94853096,240-01,240-01,4G
240,1,24001,50351634,75963294,71932151,240-01,240-01,4G
240,1,24001,42849259,66683633,73762443,240-01,240-01,4G
240,1,24001,79453947,79294622,34228681,240-01,240-01,5G
240,1,24001,52951418,74985757,57124298,240-01,240-01,5G
240,1,24001,48184147,41264676,85844384,240-01,240-01,5G
240,1,24001,58145351,54928231,38257418,240-01,240-01,5G
240,1,24001,73591971,62416894,14421945,240-01,240-01,4G
240,1,24001,59267233,88567307,90461358,240-01,240-01,4G
240,1,24001,74668962,19491170,14762648,240-01,240-01,4G
240,1,24001,87190561,18653771,58674829,240-01,240-01,4G
240,1,24001,82238339,15160938,17671676,240-01,240-01,4G
240,1,24001,97085911,23411099,20932634,240-01,240-01,4G
240,1,24001,23056621,34939309,14666582,240-01,240-01,3G
240,1,24001,82146837,27139470,23042216,240-01,240-01,3G
240,1,24001,35883625,63968039,62756494,240-01,240-01,3G
240,1,24001,32496148,53934773,66317079,240-01,240-01,3G
240,1,24001,69353594,55414685,63520368,240-01,240-01,3G
240,1,24001,36527274,56714188,51939257,240-01,240-01,3G
240,1,24001,75127531,52082819,28962633,240-01,240-01,3G
240,1,24001,11949925,98675147,38521067,240-01,240-01,3G
240,1,24001,88445965,23002197,80760179,240-01,240-01,3G
240,1,24001,31208737,30901328,96732162,240-01,240-01,3G
240,1,24001,67682687,55660026,27722505,240-01,240-01,5G
240,1,24001,78033653,99031931,46905317,240-01,240-01,5G
240,1,24001,90194342,47244606,82192785,240-01,240-01,5G
240,1,24001,49838135,36861900,17131872,240-01,240-01,5G
240,1,24001,19846313,21668178,58482050,240-01,240-01,4G
240,1,24001,69391415,38773239,56271360,240-01,240-01,4G
240,1,24001,44941775,13457854,74313879,240-01,240-01,5G
240,1,24001,87942692,22316484,67839144,240-01,240-01,5G
240,1,24001,79350192,88422287,67081140,240-01,240-01,5G
240,1,24001,50898846,32973442,67165197,240-01,240-01,5G
240,1,24001,78626982,64405843,62023681,240-01,240-01,4G
240,1,24001,91409351,51132104,85448739,240-01,240-01,4G
240,1,24001,68298440,48764846,62841742,240-01,240-01,5G
240,1,24001,60642389,63008000,41720816,240-01,240-01,5G
240,1,24001,58264961,12042373,52623572,240-01,240-01,5G
240,1,24001,61407284,87736996,24029280,240-01,240-01,5G
240,1,24001,32765895,62665579,67472621,240-01,240-01,4G
240,1,24001,51647354,87412649,55629470,240-01,240-01,4G
240,1,24001,29263549,58780227,22117977,240-01,240-01,5G
240,1,24001,48598078,31892980,26984934,240-01,240-01,5G
240,1,24001,41057774,83141859,36791692,240-01,240-01,3G
240,1,24001,61154981,81341350,81020521,240-01,240-01,3G
240,1,24001,48119428,20223099,92498499,240-01,240-01,3G
240,1,24001,23282983,49177408,73854883,240-01,240-01,3G
240,1,24001,99933985,99415591,41062015,240-01,240-01,4G
240,1,24001,46156855,61124743,25953767,240-01,240-01,4G
240,1,24001,41060437,65085219,77510139,240-01,240-01,4G
240,1,24001,34666938,17417486,36112196,240-01,240-01,4G
240,1,24001,47559952,95380322,91941269,240-01,240-01,4G
240,1,24001,47450152,14312652,91162148,240-01,240-01,4G
240,1,24001,40937478,29227749,71643569,240-01,240-01,5G
240,1,24001,28130991,77713986,23866782,240-01,240-01,5G
240,1,24001,53983112,61949466,66086872,240-01,240-01,4G
240,1,24001,59712962,15548330,86081118,240-01,240-01,4G
240,1,24001,21554918,62431310,30948320,240-01,240-01,3G
240,1,24001,59235484,20476494,87496512,240-01,240-01,3G
240,1,24001,93213867,23567267,77459701,240-01,240-01,4G
240,1,24001,73365275,31990441,71943382,240-01,240-01,4G
240,1,24001,35456265,50874460,97479741,240-01,240-01,4G
240,1,24001,45043420,73456511,67221483,240-01,240-01,4G
240,1,24001,22095879,87332078,93239076,240-01,240-01,4G
240,1,24001,22380909,90690958,52392182,240-01,240-01,4G
240,1,24001,83996333,82887700,48890819,240-01,240-01,5G
240,1,24001,14037884,65944780,36794399,240-01,240-01,5G
240,1,24001,44111818,79701981,34667119,240-01,240-01,3G
240,1,24001,16430841,88327442,42574596,240-01,240-01,3G
240,1,24001,98103174,50266854,57954662,240-01,240-01,5G
240,1,24001,98121705,83179221,63689359,240-01,240-01,5G
240,1,24001,85875173,69966947,42590509,240-01,240-01,3G
240,1,24001,43776639,32804415,42461183,240-01,240-01,3G
240,1,24001,24538256,46144722,53406395,240-01,240-01,3G
240,1,24001,42591030,55453673,51766751,240-01,240-01,3G
240,1,24001,33367458,81449823,13404458,240-01,240-01,5G
240,1,24001,15252734,59253678,37777438,240-01,240-01,5G
240,1,24001,96856285,84687330,38760448,240-01,240-01,3G
240,1,24001,90990303,92231058,18109035,240-01,240-01,3G
240,1,24001,18129577,15696495,42332939,240-01,240-01,5G
240,1,24001,69505465,18336254,23683087,240-01,240-01,5G
240,1,24001,69716167,90247871,87005013,240-01,240-01,4G
240,1,24001,83631426,19722927,93671872,240-01,240-01,4G
240,1,24001,20821240,79701849,46600281,240-01,240-01,5G
240,1,24001,17396672,66432735,24954256,240-01,240-01,5G
240,1,24001,92534142,87720909,11657281,240-01,240-01,5G
240,1,24001,65592672,62068875,92482540,240-01,240-01,5G
240,1,24001,43551552,47216733,88471980,240-01,240-01,4G
240,1,24001,39476651,84334952,60749770,240-01,240-01,4G
240,1,24001,42220813,12095960,31607506,240-01,240-01,5G
240,1,24001,76862501,69973093,84469342,240-01,240-01,5G
240,1,24001,99631119,73264028,79553367,240-01,240-01,4G
240,1,24001,36691918,99713938,66963297,240-01,240-01,4G
240,1,24001,13188916,94476558,82722405,240-01,240-01,3G
240,1,24001,54712359,65860665,10368327,240-01,240-01,3G
240,1,24001,37431908,46312590,94269764,240-01,240-01,3G
240,1,24001,89525572,36886242,24912600,240-01,240-01,3G
240,1,24001,13533333,45032679,23291593,240-01,240-01,4G
240,1,24001,84468698,30028693,68228003,240-01,240-01,4G
240,1,24001,62970052,18687601,47153695,240-01,240-01,5G
240,1,24001,56464501,74641474,49120474,240-01,240-01,5G
240,1,24001,48901222,87918652,27152769,240-01,240-01,5G
240,1,24001,37795321,92936222,99217392,240-01,240-01,5G
240,1,24001,43609400,87343542,30954039,240-01,240-01,5G
240,1,24001,34247696,27782544,61182489,240-01,240-01,5G
240,1,24001,16104498,53204693,83097218,240-01,240-01,3G
240,1,24001,66361200,82373166,86825812,240-01,240-01,3G
240,1,24001,48392803,89316245,13745429,240-01,240-01,4G
240,1,24001,46793631,83708233,80304728,240-01,240-01,4G
240,1,24001,93983355,55419792,46247998,240-01,240-01,4G
240,1,24001,98709559,57924783,56245804,240-01,240-01,4G
240,1,24001,60208303,66722086,75860384,240-01,240-01,5G
240,1,24001,26017642,91972640,19130492,240-01,240-01,5G
240,1,24001,26626200,92249785,17610906,240-01,240-01,5G
240,1,24001,64763548,89686781,68337084,240-01,240-01,5G
240,1,24001,20226806,96764825,96123293,240-01,240-01,3G
240,1,24001,23405991,61460855,44037362,240-01,240-01,3G
240,1,24001,45600129,61361000,18683811,240-01,240-01,5G
240,1,24001,70918784,15611449,79315398,240-01,240-01,5G
240,1,24001,81662761,65158892,60840702,240-01,240-01,3G
240,1,24001,60928130,42109276,19200210,240-01,240-01,3G
240,1,24001,79570459,78172055,24597263,240-01,240-01,4G
240,1,24001,49576975,25802298,97836140,240-01,240-01,4G
240,1,24001,67484615,48892853,88930422,240-01,240-01,3G
240,1,24001,25229697,95043726,51682468,240-01,240-01,3G
240,1,24001,60902294,17549751,76044556,240-01,240-01,5G
240,1,24001,51151366,77226897,65390076,240-01,240-01,5G
240,1,24001,58290725,77937330,23502784,240-01,240-01,5G
240,1,24001,19590451,48422297,88117348,240-01,240-01,5G
240,1,24001,66055183,35701594,69610416,240-01,240-01,5G
240,1,24001,79873720,77874027,61583386,240-01,240-01,5G
240,1,24001,68388717,80185398,77249622,240-01,240-01,4G
240,1,24001,87453020,58679804,87798973,240-01,240-01,4G
240,1,24001,77747468,89187950,67820612,240-01,240-01,3G
240,1,24001,43168811,78733168,94079650,240-01,240-01,3G
240,1,24001,95580294,85212483,31488499,240-01,240-01,4G
240,1,24001,30621897,90050793,47470779,240-01,240-01,4G
240,1,24001,90941831,62446911,53588079,240-01,240-01,4G
240,1,24001,41833368,22617019,84708092,240-01,240-01,4G
240,1,24001,73879058,89672036,29372749,240-01,240-01,3G
240,1,24001,25324239,45316591,62305775,240-01,240-01,3G
240,1,24001,58463119,22437783,65352750,240-01,240-01,5G
240,1,24001,51630323,52559221,66302983,240-01,240-01,5G
240,1,24001,70087369,30098144,55862537,240-01,240-01,3G
240,1,24001,48937280,29573122,13797651,240-01,240-01,3G
240,1,24001,61794376,85165560,68144143,240-01,240-01,3G
240,1,24001,13272812,22590657,49985439,240-01,240-01,3G
240,1,24001,81348632,19481695,36132113,240-01,240-01,3G
240,1,24001,76031611,38969400,57578219,240-01,240-01,3G
240,1,24001,12657861,80101844,92270927,240-01,240-01,4G
240,1,24001,91155339,23976657,42795684,240-01,240-01,4G
240,1,24001,91490894,60877931,69917538,240-01,240-01,3G
240,1,24001,57517695,59553745,13221561,240-01,240-01,3G
240,1,24001,47164058,27486850,76705898,240-01,240-01,5G
240,1,24001,77382770,20490417,98582560,240-01,240-01,5G
240,1,24001,45686136,99487572,44463083,240-01,240-01,5G
240,1,24001,86990819,63179423,40051526,240-01,240-01,5G
240,1,24001,84102110,58808588,55250621,240-01,240-01,3G
240,1,24001,37477372,91810785,87722557,240-01,240-01,3G
240,1,24001,81260359,21587778,16838876,240-01,240-01,4G
240,1,24001,88069658,17099076,21106651,240-01,240-01,4G
240,1,24001,44715947,15474226,87996597,240-01,240-01,3G
240,1,24001,90718527,10262927,83619387,240-01,240-01,3G
240,1,24001,69670790,47260232,70808309,240-01,240-01,3G
240,1,24001,31601753,16767811,57186096,240-01,240-01,3G
240,1,24001,83303286,16139015,22466706,240-01,240-01,5G
240,1,24001,54981851,22896913,65532276,240-01,240-01,5G
240,1,24001,44658264,30853524,41221581,240-01,240-01,5G
240,1,24001,74078316,77969691,95382825,240-01,240-01,5G
240,1,24001,52703960,12966066,19436851,240-01,240-01,3G
240,1,24001,72830678,61744087,61822907,240-01,240-01,3G
240,1,24001,27170692,81859793,35086632,240-01,240-01,4G
240,1,24001,56645670,66381611,88294797,240-01,240-01,4G
240,1,24001,26689068,71304815,60163756,240-01,240-01,4G
240,1,24001,31721856,67903099,53417709,240-01,240-01,4G
240,1,24001,50597933,93962508,36173791,240-01,240-01,5G
240,1,24001,76489028,50860017,98116338,240-01,240-01,5G
240,1,24001,35953675,16873296,26589581,240-01,240-01,3G
240,1,24001,23710916,81110333,46581656,240-01,240-01,3G
240,1,24001,62499840,15824546,29973669,240-01,240-01,4G
240,1,24001,30161621,61997252,35829686,240-01,240-01,4G
240,1,24001,41800719,45413710,67336361,240-01,240-01,5G
240,1,24001,37735000,94562492,94932892,240-01,240-01,5G
240,1,24001,92029016,22216995,29126591,240-01,240-01,4G
240,1,24001,30754949,97373457,17519081,240-01,240-01,4G
240,1,24001,83089465,29072033,89273710,240-01,240-01,3G
240,1,24001,93097386,73635764,10939312,240-01,240-01,3G
240,1,24001,34606700,89931044,30840185,240-01,240-01,4G
240,1,24001,59817387,24037147,50019287,240-01,240-01,4G
240,1,24001,85236301,21870874,12176331,240-01,240-01,4G
240,1,24001,40057260,51759824,27043059,240-01,240-01,4G
240,1,24001,14156304,67341227,85497379,240-01,240-01,4G
240,1,24001,73889650,99755008,12070049,240-01,240-01,4G
240,1,24001,53158502,13350211,76967950,240-01,240-01,4G
240,1,24001,18314762,74495471,47586874,240-01,240-01,4G
240,1,24001,64563666,56080597,93291371,240-01,240-01,5G
240,1,24001,23218590,64710538,65392839,240-01,240-01,5G
240,1,24001,27794689,25866415,11253755,240-01,240-01,5G
240,1,24001,70375767,51566762,10014859,240-01,240-01,5G
240,1,24001,20876980,48197826,89617507,240-01,240-01,5G
240,1,24001,36709512,56416976,27622598,240-01,240-01,5G
240,1,24001,64050141,72678691,97921527,240-01,240-01,4G
240,1,24001,87457423,90573772,14914089,240-01,240-01,4G
240,1,24001,25968817,31371505,46658168,240-01,240-01,4G
240,1,24001,40204426,43206369,56465434,240-01,240-01,4G
240,1,24001,32655377,46585011,63397502,240-01,240-01,5G
240,1,24001,40787683,16573852,68280480,240-01,240-01,5G
240,1,24001,83985410,94221342,69471728,240-01,240-01,4G
240,1,24001,53999164,66012782,78200585,240-01,240-01,4G
240,1,24001,43520183,51075192,62759767,240-01,240-01,3G
240,1,24001,66282585,14526843,29822735,240-01,240-01,3G
240,1,24001,65470969,24248306,98426472,240-01,240-01,3G
240,1,24001,40550649,63373501,57445268,240-01,240-01,3G
240,1,24001,95928741,33081841,15431343,240-01,240-01,4G
240,1,24001,60023244,54609293,42575160,240-01,240-01,4G
240,1,24001,47757976,30899859,53184932,240-01,240-01,5G
240,1,24001,29066694,99960867,81498370,240-01,240-01,5G
240,1,24001,42157304,82733250,63560976,240-01,240-01,5G
240,1,24001,72540406,16348044,17346077,240-01,240-01,5G
240,1,24001,94813195,60274953,76770298,240-01,240-01,3G
240,1,24001,45858623,18391394,44602540,240-01,240-01,3G
240,1,24001,23163004,45277405,24146682,240-01,240-01,3G
240,1,24001,35853604,69338459,87631370,240-01,240-01,3G
240,1,24001,45893586,58762837,73999006,240-01,240-01,3G
240,1,24001,45418452,89331657,16950362,240-01,240-01,3G
240,1,24001,70892008,15093002,53624231,240-01,240-01,5G
240,1,24001,80740730,57898845,30952935,240-01,240-01,5G
240,1,24001,42577635,29077664,89829350,240-01,240-01,4G
240,1,24001,87936146,92844722,71144930,240-01,240-01,4G
240,1,24001,67697224,81396921,72804471,240-01,240-01,4G
240,1,24001,82898296,21820908,65629242,240-01,240-01,4G
240,1,24001,55453639,18215344,32239265,240-01,240-01,5G
240,1,24001,34939944,89932956,45157674,240-01,240-01,5G
240,1,24001,19514671,25991989,77034306,240-01,240-01,4G
240,1,24001,91475253,49594677,43113498,240-01,240-01,4G
240,1,24001,24033290,63898704,84150449,240-01,240-01,5G
240,1,24001,91669286,55578007,83944628,240-01,240-01,5G
240,1,24001,57019742,37062304,87279296,240-01,240-01,3G
240,1,24001,83727130,97301399,51530485,240-01,240-01,3G
240,1,24001,82360473,51696173,36950418,240-01,240-01,5G
240,1,24001,22846921,18010919,32785761,240-01,240-01,5G
240,1,24001,58781176,91294803,66969877,240-01,240-01,4G
240,1,24001,61285068,37918432,91426570,240-01,240-01,4G
240,1,24001,28531881,11177134,75716268,240-01,240-01,5G
240,1,24001,80235528,11835015,53339920,240-01,240-01,5G
240,1,24001,33826359,60189386,99655225,240-01,240-01,4G
240,1,24001,77429014,59973576,22278387,240-01,240-01,4G
240,1,24001,98666635,20761637,34835962,240-01,240-01,3G
240,1,24001,64321762,47071655,21620714,240-01,240-01,3G
240,1,24001,25882849,33958221,46361896,240-01,240-01,5G
240,1,24001,46819360,66807225,76577994,240-01,240-01,5G
240,1,24001,22319480,48359795,41011567,240-01,240-01,4G
240,1,24001,12984949,36189953,29563079,240-01,240-01,4G
240,1,24001,85527141,71780471,76782304,240-01,240-01,5G
240,1,24001,41667891,74398952,64741504,240-01,240-01,5G
240,1,24001,37807001,70092928,66370579,240-01,240-01,3G
240,1,24001,20472509,23308759,66111013,240-01,240-01,3G
240,1,24001,80411722,82633427,17057155,240-01,240-01,3G
240,1,24001,41770942,60317639,75878828,240-01,240-01,3G
240,1,24001,68525183,32394009,65480995,240-01,240-01,4G
240,1,24001,86060565,42433408,37125257,240-01,240-01,4G
240,1,24001,41155769,90112644,24826158,240-01,240-01,5G
240,1,24001,95640422,92728080,96873642,240-01,240-01,5G
240,1,24001,95322484,71385301,27993730,240-01,240-01,3G
240,1,24001,99254608,29960054,95955817,240-01,240-01,3G
240,1,24001,79253950,62319659,75217466,240-01,240-01,3G
240,1,24001,98975334,23796218,91057565,240-01,240-01,3G
240,1,24001,48220230,88158330,46603186,240-01,240-01,3G
240,1,24001,60800841,81599354,20827668,240-01,240-01,3G
240,1,24001,86774640,77970753,92992067,240-01,240-01,4G
240,1,24001,64384370,86234689,94536137,240-01,240-01,4G
240,1,24001,86197641,88443463,68848611,240-01,240-01,3G
240,1,24001,14470946,97069114,48890221,240-01,240-01,3G
240,1,24001,64357627,47971701,81780366,240-01,240-01,5G
240,1,24001,56323431,52146689,80831656,240-01,240-01,5G
240,1,24001,16253168,83392771,34575732,240-01,240-01,5G
240,1,24001,81988894,94895850,55336911,240-01,240-01,5G
240,1,24001,19003338,68719010,72014485,240-01,240-01,3G
240,1,24001,48628754,58189743,25833441,240-01,240-01,3G
240,1,24001,22761143,12508646,30955269,240-01,240-01,5G
240,1,24001,58218184,13871552,87206845,240-01,240-01,5G
240,1,24001,64558167,11923070,61369675,240-01,240-01,4G
240,1,24001,25513940,38493641,12250046,240-01,240-01,4G
240,1,24001,56357592,42022245,38740484,240-01,240-01,3G
240,1,24001,39287275,34170890,98671511,240-01,240-01,3G
240,1,24001,30248950,64621400,74836510,240-01,240-01,4G
240,1,24001,17079217,77582589,45589647,240-01,240-01,4G
240,1,24001,72746964,97796200,22848694,240-01,240-01,4G
240,1,24001,84284762,50858217,95863712,240-01,240-01,4G
240,1,24001,91953900,62984514,53395298,240-01,240-01,3G
240,1,24001,37416575,37013087,14064496,240-01,240-01,3G
240,1,24001,32249711,77451736,33053451,240-01,240-01,4G
240,1,24001,97801517,47970916,75562065,240-01,240-01,4G
240,1,24001,91694926,70554220,37769710,240-01,240-01,3G
240,1,24001,91706539,86678911,78067455,240-01,240-01,3G
240,1,24001,54423088,27263473,84689535,240-01,240-01,3G
240,1,24001,19167556,71258364,70115337,240-01,240-01,3G
240,1,24001,83602943,14664510,27003988,240-01,240-01,3G
240,1,24001,31624612,54218531,91599389,240-01,240-01,3G
240,1,24001,66990046,31065930,50111080,240-01,240-01,4G
240,1,24001,84389561,23693044,34926221,240-01,240-01,4G
240,1,24001,98791799,43326198,95069930,240-01,240-01,3G
240,1,24001,37083822,73174721,52520785,240-01,240-01,3G
240,1,24001,94905902,34946190,86194187,240-01,240-01,4G
240,1,24001,65161496,83247795,82606439,240-01,240-01,4G
240,1,24001,70509873,99808209,10969366,240-01,240-01,4G
240,1,24001,64898867,57246507,85378443,240-01,240-01,4G
240,1,24001,43953552,64439557,71152696,240-01,240-01,4G
240,1,24001,61425309,31669535,29624619,240-01,240-01,4G
240,1,24001,33371462,86758261,94787155,240-01,240-01,4G
240,1,24001,72828991,91992317,70831574,240-01,240-01,4G
240,1,24001,11688948,78816820,32166082,240-01,240-01,3G
240,1,24001,68188250,10275138,18794038,240-01,240-01,3G
240,1,24001,47834426,80388811,13676238,240-01,240-01,4G
240,1,24001,54392461,66348617,82408336,240-01,240-01,4G
240,1,24001,55120663,35297456,35244450,240-01,240-01,5G
240,1,24001,40037388,59142546,70030521,240-01,240-01,5G
240,1,24001,97052345,65426408,20182994,240-01,240-01,5G
240,1,24001,59652700,58921257,93156720,240-01,240-01,5G
240,1,24001,16822579,89193304,30699122,240-01,240-01,5G
240,1,24001,83211840,43929232,86655941,240-01,240-01,5G
240,1,24001,51275401,15756364,17309211,240-01,240-01,4G
240,1,24001,85903105,31366270,20406433,240-01,240-01,4G
240,1,24001,35392299,32812618,49606558,240-01,240-01,4G
240,1,24001,40907875,98932760,84016695,240-01,240-01,4G
240,1,24001,96603982,84351747,93603300,240-01,240-01,4G
240,1,24001,84538606,92270261,23768845,240-01,240-01,4G
240,1,24001,76759616,88305381,55100396,240-01,240-01,5G
240,1,24001,85653010,81344364,77408955,240-01,240-01,5G
240,1,24001,35365919,64548220,73157046,240-01,240-01,5G
240,1,24001,72319429,60822618,92882496,240-01,240-01,5G
240,1,24001,53417888,18201607,29180231,240-01,240-01,4G
240,1,24001,60326792,13335809,16367370,240-01,240-01,4G
240,1,24001,92524472,92474665,97511528,240-01,240-01,5G
240,1,24001,31430047,91269488,54426978,240-01,240-01,5G
240,1,24001,88232453,32720387,56426422,240-01,240-01,4G
240,1,24001,68435602,88766261,22873524,240-01,240-01,4G
240,1,24001,17883934,76696499,24376418,240-01,240-01,3G
240,1,24001,99322422,33608333,13905687,240-01,240-01,3G
240,1,24001,15234119,11268036,52940159,240-01,240-01,4G
240,1,24001,71467483,11899320,43733271,240-01,240-01,4G
240,1,24001,29783112,89313191,50748171,240-01,240-01,5G
240,1,24001,98040599,82859099,53823672,240-01,240-01,5G
240,1,24001,52544237,76089457,38717808,240-01,240-01,4G
240,1,24001,85192681,57530722,51527059,240-01,240-01,4G
240,1,24001,60091394,29084777,90967257,240-01,240-01,4G
240,1,24001,29164194,83396010,86167655,240-01,240-01,4G
240,1,24001,15242631,62548074,30936510,240-01,240-01,5G
240,1,24001,14889847,36378564,16331383,240-01,240-01,5G
240,1,24001,36947776,80812920,11042451,240-01,240-01,5G
240,1,24001,98416526,16651421,60702755,240-01,240-01,5G
240,1,24001,99291723,93541407,30174025,240-01,240-01,5G
240,1,24001,80968380,40540041,88244308,240-01,240-01,5G
240,1,24001,58646735,10092691,82766386,240-01,240-01,5G
240,1,24001,85619758,23515502,85215925,240-01,240-01,5G
240,1,24001,61604235,15004767,12077301,240-01,240-01,4G
240,1,24001,98630734,39723190,97250535,240-01,240-01,4G
240,1,24001,62995004,16385959,27661444,240-01,240-01,5G
240,1,24001,96012078,10382094,75194154,240-01,240-01,5G
240,1,24001,92470371,83906870,48586948,240-01,240-01,5G
240,1,24001,70603636,29314745,49080495,240-01,240-01,5G
240,1,24001,28562447,41141024,37636483,240-01,240-01,5G
240,1,24001,17092941,31546933,45942617,240-01,240-01,5G
240,1,24001,69385637,67393641,39954540,240-01,240-01,4G
240,1,24001,83071945,39920525,37962314,240-01,240-01,4G
240,1,24001,23805131,55129598,51344991,240-01,240-01,4G
240,1,24001,49520410,36968668,61984053,240-01,240-01,4G
240,1,24001,33474516,74941412,80401313,240-01,240-01,3G
240,1,24001,89871444,68755791,85584411,240-01,240-01,3G
240,1,24001,94747750,10364858,16366523,240-01,240-01,4G
240,1,24001,51518648,51844247,64259055,240-01,240-01,4G
240,1,24001,63585776,44785928,39570950,240-01,240-01,4G
240,1,24001,81299218,17773265,47801325,240-01,240-01,4G
240,1,24001,90170613,28809914,24752083,240-01,240-01,5G
240,1,24001,41656923,66803313,94702377,240-01,240-01,5G
240,1,24001,91771834,38300224,93271533,240-01,240-01,5G
240,1,24001,36033734,55902936,66263739,240-01,240-01,5G
240,1,24001,45598221,18344016,12516735,240-01,240-01,5G
240,1,24001,58271119,71381295,62300090,240-01,240-01,5G
240,1,24001,61207481,67555906,88569783,240-01,240-01,3G
240,1,24001,45295332,52739236,73011663,240-01,240-01,3G
240,1,24001,73838236,60741572,44344998,240-01,240-01,5G
240,1,24001,21568735,16585249,23189032,240-01,240-01,5G
240,1,24001,66513301,14810496,20410612,240-01,240-01,5G
240,1,24001,90423397,35598839,91873763,240-01,240-01,5G
240,1,24001,95110830,58947620,88756958,240-01,240-01,5G
240,1,24001,30789318,60184611,24131178,240-01,240-01,5G
240,1,24001,53870135,40510178,65829832,240-01,240-01,5G
240,1,24001,80446588,94616817,26337154,240-01,240-01,5G
240,1,24001,12130599,96608616,13486404,240-01,240-01,3G
240,1,24001,73392124,82319603,62995089,240-01,240-01,3G
240,1,24001,67223918,81485195,81653323,240-01,240-01,3G
240,1,24001,90339825,36700808,69355625,240-01,240-01,3G
240,1,24001,14583501,84671000,72172126,240-01,240-01,4G
240,1,24001,47694049,54486316,32965215,240-01,240-01,4G
240,1,24001,19161820,25592148,95684950,240-01,240-01,4G
240,1,24001,78114268,84607671,30512972,240-01,240-01,4G
240,1,24001,83607587,52954297,13064715,240-01,240-01,3G
240,1,24001,14003442,63651283,97315284,240-01,240-01,3G
240,1,24001,72577194,92794676,18845335,240-01,240-01,3G
240,1,24001,19738702,93286794,71237382,240-01,240-01,3G
240,1,24001,48097009,22098919,80264616,240-01,240-01,3G
240,1,24001,86223074,25151345,96776883,240-01,240-01,3G
240,1,24001,73586114,67864450,47937080,240-01,240-01,4G
240,1,24001,73278500,32376564,96479874,240-01,240-01,4G
240,1,24001,64868220,98789594,39716024,240-01,240-01,4G
240,1,24001,45709186,98345732,47142779,240-01,240-01,4G
240,1,24001,56145946,56754568,44898736,240-01,240-01,5G
240,1,24001,10607463,41250832,38481380,240-01,240-01,5G
240,1,24001,11356949,50179461,68062539,240-01,240-01,5G
240,1,24001,29588482,87244513,50936166,240-01,240-01,5G
240,1,24001,13963990,83424520,74598507,240-01,240-01,5G
240,1,24001,93819869,80741069,18574666,240-01,240-01,5G
240,1,24001,89224402,91187899,72503222,240-01,240-01,4G
240,1,24001,77265583,81903751,46261020,240-01,240-01,4G
240,1,24001,34603805,41246969,81859506,240-01,240-01,5G
240,1,24001,44228148,22066663,96414669,240-01,240-01,5G
240,1,24001,57729223,62901338,57424107,240-01,240-01,5G
240,1,24001,71841909,56735554,16599320,240-01,240-01,5G
240,1,24001,39551104,54635215,28825203,240-01,240-01,4G
240,1,24001,92231525,20125147,32891219,240-01,240-01,4G
240,1,24001,66688673,94567225,62050960,240-01,240-01,4G
240,1,24001,37738336,14989974,57551876,240-01,240-01,4G
240,1,24001,69165585,98081572,61128739,240-01,240-01,5G
240,1,24001,83767214,50876301,74511789,240-01,240-01,5G
240,1,24001,58003600,42061779,93518679,240-01,240-01,4G
240,1,24001,57065166,61407140,59973487,240-01,240-01,4G
240,1,24001,40354001,76141250,30222927,240-01,240-01,4G
240,1,24001,11142651,48387495,23734970,240-01,240-01,4G
240,1,24001,99767029,49408710,66308615,240-01,240-01,3G
240,1,24001,10717214,61661201,24007982,240-01,240-01,3G
240,1,24001,39399876,48654145,76000215,240-01,240-01,4G
240,1,24001,97103653,86833149,59844957,240-01,240-01,4G
240,1,24001,87583680,13159163,63955211,240-01,240-01,3G
240,1,24001,24472914,37496375,31902424,240-01,240-01,3G
240,1,24001,65195002,88003148,16027897,240-01,240-01,3G
240,1,24001,57431245,12409421,72051515,240-01,240-01,3G
240,1,24001,89303738,53531112,73761590,240-01,240-01,4G
240,1,24001,14901699,88593917,99423434,240-01,240-01,4G
240,1,24001,50010489,80654311,90228993,240-01,240-01,3G
240,1,24001,34278203,61805954,76192151,240-01,240-01,3G
240,1,24001,14684205,71395768,98554312,240-01,240-01,3G
240,1,24001,11975177,51791738,79861714,240-01,240-01,3G
240,1,24001,30617657,14845964,63204838,240-01,240-01,5G
240,1,24001,39396211,54823547,24898417,240-01,240-01,5G
240,1,24001,97670123,21240095,86585527,240-01,240-01,5G
240,1,24001,80226087,37616790,46990940,240-01,240-01,5G
240,1,24001,17064986,69975498,92071906,240-01,240-01,5G
240,1,24001,54218865,37235768,21489699,240-01,240-01,5G
240,1,24001,80434517,25027959,30831287,240-01,240-01,3G
240,1,24001,88834332,56209369,91050482,240-01,240-01,3G
240,1,24001,82475689,82275086,89812800,240-01,240-01,4G
240,1,24001,75228635,14210523,72047009,240-01,240-01,4G
240,1,24001,58624094,90127088,41970032,240-01,240-01,3G
240,1,24001,61928957,10542370,96018943,240-01,240-01,3G
240,1,24001,42431966,88526239,12607050,240-01,240-01,4G
240,1,24001,11624941,51499035,15009995,240-01,240-01,4G
240,1,24001,48148418,26300220,44372269,240-01,240-01,4G
240,1,24001,42153402,70742690,72774044,240-01,240-01,4G
240,1,24001,87763305,92819920,67376009,240-01,240-01,3G
240,1,24001,86620002,48562127,50260775,240-01,240-01,3G
240,1,24001,59310283,30560131,36260365,240-01,240-01,3G
240,1,24001,90699126,81392769,21201237,240-01,240-01,3G
240,1,24001,80716974,69355353,64951561,240-01,240-01,3G
240,1,24001,67273838,43347944,78649415,240-01,240-01,3G
240,1,24001,34167797,78882959,48234719,240-01,240-01,3G
240,1,24001,43618161,96561975,63350906,240-01,240-01,3G
240,1,24001,24952606,66710623,94192001,240-01,240-01,5G
240,1,24001,70234967,59899864,24806719,240-01,240-01,5G
240,1,24001,49946492,89179710,38300335,240-01,240-01,3G
240,1,24001,22570512,33722224,49235294,240-01,240-01,3G
240,1,24001,92838961,81298613,69213823,240-01,240-01,5G
240,1,24001,57462450,94434535,96863099,240-01,240-01,5G
240,1,24001,90059253,13149968,83232714,240-01,240-01,4G
240,1,24001,60612091,45971309,57615331,240-01,240-01,4G
240,1,24001,98997743,92532497,93702952,240-01,240-01,4G
240,1,24001,71957603,12394099,28610347,240-01,240-01,4G
240,1,24001,50140171,49473800,33092936,240-01,240-01,3G
240,1,24001,43948956,40787430,50457524,240-01,240-01,3G
240,1,24001,67774989,53980161,87515831,240-01,240-01,4G
240,1,24001,23609359,22248653,75427110,240-01,240-01,4G
240,1,24001,58398984,58812506,64326419,240-01,240-01,5G
240,1,24001,66985423,22147147,33856865,240-01,240-01,5G
240,1,24001,51477613,95338047,83045213,240-01,240-01,4G
240,1,24001,40161213,56222992,86575281,240-01,240-01,4G
240,1,24001,58071136,68407624,95998564,240-01,240-01,3G
240,1,24001,72879434,14461543,52066975,240-01,240-01,3G
240,1,24001,53115309,42063285,94566634,240-01,240-01,5G
240,1,24001,22215642,91934053,83977785,240-01,240-01,5G
240,1,24001,42561040,39684759,15111004,240-01,240-01,3G
240,1,24001,45211761,72872425,70454203,240-01,240-01,3G
240,1,24001,27274524,40443306,12756072,240-01,240-01,5G
240,1,24001,90272748,20743234,80024394,240-01,240-01,5G
240,1,24001,52004402,94030385,22630014,240-01,240-01,5G
240,1,24001,18080084,60451042,44246626,240-01,240-01,5G
240,1,24001,85406149,58399597,23002575,240-01,240-01,4G
240,1,24001,83796041,51618198,68960700,240-01,240-01,4G
240,1,24001,55380338,77106546,76428577,240-01,240-01,4G
240,1,24001,50008649,97590466,21816859,240-01,240-01,4G
240,1,24001,36263670,40632581,29292992,240-01,240-01,3G
240,1,24001,48473859,80842805,79992945,240-01,240-01,3G
240,1,24001,53318927,25111043,29043006,240-01,240-01,4G
240,1,24001,19390895,91708544,37085807,240-01,240-01,4G
240,1,24001,25863694,32936750,43188611,240-01,240-01,4G
240,1,24001,16689541,38081532,22046037,240-01,240-01,4G
240,1,24001,10648120,70746791,42909367,240-01,240-01,3G
240,1,24001,10818415,84261472,82658661,240-01,240-01,3G
240,1,24001,44357604,54841726,83130321,240-01,240-01,4G
240,1,24001,10100533,42098988,91680720,240-01,240-01,4G
240,1,24001,62997683,66865038,22484605,240-01,240-01,4G
240,1,24001,90810533,13716572,14851748,240-01,240-01,4G
240,1,24001,39880956,53561832,40900734,240-01,240-01,3G
240,1,24001,98588860,56349276,50496230,240-01,240-01,3G
240,1,24001,31772416,86323440,74534801,240-01,240-01,4G
240,1,24001,81000020,13829097,82063686,240-01,240-01,4G
240,1,24001,21127506,28607816,79560688,240-01,240-01,5G
240,1,24001,36596375,94664242,30425261,240-01,240-01,5G
240,1,24001,84928338,67311284,58863434,240-01,240-01,3G
240,1,24001,96456884,71798393,69687015,240-01,240-01,3G
240,1,24001,18061975,27906051,29353869,240-01,240-01,3G
240,1,24001,17976344,82434861,24430517,240-01,240-01,3G
240,1,24001,78961809,19680835,76897404,240-01,240-01,3G
240,1,24001,25524845,14696673,61845801,240-01,240-01,3G
240,1,24001,11835202,79333117,85873851,240-01,240-01,5G
240,1,24001,95525778,82775447,88520107,240-01,240-01,5G
240,1,24001,20235949,43475084,35861163,240-01,240-01,3G
240,1,24001,53636567,84991120,67258103,240-01,240-01,3G
240,1,24001,47595408,99073816,92388784,240-01,240-01,4G
240,1,24001,39518074,50801574,83520729,240-01,240-01,4G
240,1,24001,33395937,52977353,30466236,240-01,240-01,5G
240,1,24001,43060308,12094714,16680858,240-01,240-01,5G
240,1,24001,52584935,81330334,38034352,240-01,240-01,3G
240,1,24001,53924937,20216481,43476115,240-01,240-01,3G
240,1,24001,13598721,53030384,76406785,240-01,240-01,5G
240,1,24001,22502513,53003112,62947859,240-01,240-01,5G
240,1,24001,31021486,74443461,18201460,240-01,240-01,5G
240,1,24001,85108993,97044744,29907804,240-01,240-01,5G
240,1,24001,74954059,14335531,81927717,240-01,240-01,3G
240,1,24001,46609670,47639027,48114663,240-01,240-01,3G
240,1,24001,63542581,99757630,56302102,240-01,240-01,4G
240,1,24001,97696980,20050402,94690449,240-01,240-01,4G
240,1,24001,85791894,46126302,86109901,240-01,240-01,3G
240,1,24001,87971259,53086075,81286955,240-01,240-01,3G
240,1,24001,52853149,71522113,38279888,240-01,240-01,3G
240,1,24001,97165884,73363827,23860785,240-01,240-01,3G
240,1,24001,94193595,54050691,24646873,240-01,240-01,4G
240,1,24001,40007722,23123549,23756171,240-01,240-01,4G
240,1,24001,65214326,27957425,92544938,240-01,240-01,4G
240,1,24001,14643246,14528647,62851273,240-01,240-01,4G
240,1,24001,54445660,13934020,94820697,240-01,240-01,3G
240,1,24001,92121202,61447341,41657500,240-01,240-01,3G
240,1,24001,93574611,74945138,61855528,240-01,240-01,4G
240,1,24001,79055042,64184923,90706515,240-01,240-01,4G
240,1,24001,80629069,22986020,70075517,240-01,240-01,4G
240,1,24001,43726852,18961630,42224419,240-01,240-01,4G
240,1,24001,43311311,68975806,28439155,240-01,240-01,4G
240,1,24001,93915520,89479763,44575652,240-01,240-01,4G
240,1,24001,63625348,67062241,89942651,240-01,240-01,5G
240,1,24001,87577144,16086601,55924971,240-01,240-01,5G
240,1,24001,15040036,22994104,26272260,240-01,240-01,4G
240,1,24001,82795843,71592493,59909376,240-01,240-01,4G
240,1,24001,84620507,23857339,43551022,240-01,240-01,5G
240,1,24001,48755560,25493361,80431713,240-01,240-01,5G
240,1,24001,28663425,60975304,96808453,240-01,240-01,4G
240,1,24001,87614861,42917048,48291111,240-01,240-01,4G
240,1,24001,29400112,64323202,73376060,240-01,240-01,3G
240,1,24001,30429678,32584538,71019532,240-01,240-01,3G
240,1,24001,77853736,74962319,70271156,240-01,240-01,5G
240,1,24001,69276279,77226864,49924724,240-01,240-01,5G
240,1,24001,62637677,27657349,49388926,240-01,240-01,5G
240,1,24001,48370025,60564111,13877752,240-01,240-01,5G
240,1,24001,70008790,57684828,94306670,240-01,240-01,3G
240,1,24001,38948151,59291377,13501565,240-01,240-01,3G
240,1,24001,77358232,62449269,91513387,240-01,240-01,4G
240,1,24001,78021578,58154303,76051931,240-01,240-01,4G
240,1,24001,94405223,98703095,66000308,240-01,240-01,5G
240,1,24001,99837250,77871902,24215483,240-01,240-01,5G
240,1,24001,23219580,19854897,84072377,240-01,240-01,4G
240,1,24001,82609767,85520576,34950325,240-01,240-01,4G
240,1,24001,25330311,73610372,21571271,240-01,240-01,3G
240,1,24001,44832821,77545719,24412561,240-01,240-01,3G
240,1,24001,77107822,41735987,25158384,240-01,240-01,3G
240,1,24001,23793825,52507019,40316195,240-01,240-01,3G
240,1,24001,68594033,55748491,19359467,240-01,240-01,4G
240,1,24001,35642310,34952970,17628090,240-01,240-01,4G
240,1,24001,97797512,61893289,75884455,240-01,240-01,4G
240,1,24001,81751363,12097843,81252129,240-01,240-01,4G
240,1,24001,90252890,44932552,70304444,240-01,240-01,4G
240,1,24001,39508513,40472694,62683059,240-01,240-01,4G
240,1,24001,12444882,65786467,89252058,240-01,240-01,5G
240,1,24001,71107119,77376208,41516222,240-01,240-01,5G
240,1,24001,81382340,97599636,15807966,240-01,240-01,3G
240,1,24001,42541996,58133758,78748322,240-01,240-01,3G
240,1,24001,32497295,77277600,72796366,240-01,240-01,3G
240,1,24001,57673418,26946378,72169827,240-01,240-01,3G
240,1,24001,96998975,89953690,21834247,240-01,240-01,5G
240,1,24001,35944819,94181540,25674470,240-01,240-01,5G
240,1,24001,37899042,11732624,29465871,240-01,240-01,4G
240,1,24001,60847021,68489691,68582928,240-01,240-01,4G
240,1,24001,77876001,61333676,69145197,240-01,240-01,5G
240,1,24001,50359203,35722063,47640281,240-01,240-01,5G
240,1,24001,98524293,57316719,86031234,240-01,240-01,5G
240,1,24001,85142442,56516880,87766061,240-01,240-01,5G
240,1,24001,13148248,80684619,35980597,240-01,240-01,5G
240,1,24001,49165556,13663135,87417912,240-01,240-01,5G
240,1,24001,67576711,92683542,28654314,240-01,240-01,3G
240,1,24001,33623614,86588510,78781096,240-01,240-01,3G
240,1,24001,72601800,87107222,71533719,240-01,240-01,3G
240,1,24001,18055537,28144188,47114723,240-01,240-01,3G
240,1,24001,26968963,64087572,55477355,240-01,240-01,4G
240,1,24001,87092779,27890095,41510004,240-01,240-01,4G
240,1,24001,45389047,27912272,82943838,240-01,240-01,4G
240,1,24001,25272473,68849287,11382118,240-01,240-01,4G
240,1,24001,22845181,27850799,60227506,240-01,240-01,3G
240,1,24001,49760979,94719702,60554052,240-01,240-01,3G
240,1,24001,31998074,78613849,99900875,240-01,240-01,4G
240,1,24001,52352935,94082787,64277315,240-01,240-01,4G
240,1,24001,35924125,80960584,10267276,240-01,240-01,4G
240,1,24001,72160610,12922590,82493197,240-01,240-01,4G
240,1,24001,43245587,18698196,91218019,240-01,240-01,4G
240,1,24001,24119327,94366710,14449415,240-01,240-01,4G
240,1,24001,23595988,29426630,32300120,240-01,240-01,4G
240,1,24001,71338830,99610860,81545094,240-01,240-01,4G
240,1,24001,43697350,60105471,97935670,240-01,240-01,3G
240,1,24001,44628719,10766681,20353051,240-01,240-01,3G
240,1,24001,98366854,10279425,75603601,240-01,240-01,5G
240,1,24001,81447746,23466595,86500605,240-01,240-01,5G
240,1,24001,27315829,22866530,13703177,240-01,240-01,3G
240,1,24001,11739216,26260097,71907479,240-01,240-01,3G
240,1,24001,77554675,42093107,68023825,240-01,240-01,4G
240,1,24001,71334800,93331313,84722854,240-01,240-01,4G
240,1,24001,18443964,38299843,14049722,240-01,240-01,3G
240,1,24001,75352061,53606650,25215015,240-01,240-01,3G
240,1,24001,64535315,31514466,56469837,240-01,240-01,4G
240,1,24001,83497935,42333796,33831668,240-01,240-01,4G
240,1,24001,33181976,68333670,54026198,240-01,240-01,5G
240,1,24001,25277953,69456745,25894961,240-01,240-01,5G
240,1,24001,82466747,63629770,62511320,240-01,240-01,3G
240,1,24001,84696990,95513006,96509801,240-01,240-01,3G
240,1,24001,49458581,78814577,13897377,240-01,240-01,4G
240,1,24001,24263283,85180168,25254752,240-01,240-01,4G
240,1,24001,51276919,94949682,34303056,240-01,240-01,3G
240,1,24001,31598237,96069025,14573788,240-01,240-01,3G
240,1,24001,61595548,89980126,93312635,240-01,240-01,4G
240,1,24001,18459386,76127583,71042449,240-01,240-01,4G
240,1,24001,28694268,33440673,47208316,240-01,240-01,3G
240,1,24001,46249725,34825120,77570657,240-01,240-01,3G
240,1,24001,45925001,22122349,97427035,240-01,240-01,3G
240,1,24001,69211292,84126343,34148041,240-01,240-01,3G
240,1,24001,65912406,60361650,15659702,240-01,240-01,4G
240,1,24001,27252824,19146380,98333813,240-01,240-01,4G
240,1,24001,20435193,38780566,55539066,240-01,240-01,3G
240,1,24001,92509801,49082998,28639858,240-01,240-01,3G
240,1,24001,96065356,84811306,95284101,240-01,240-01,4G
240,1,24001,39314687,87540610,55204515,240-01,240-01,4G
240,1,24001,76828605,88418061,60656565,240-01,240-01,3G
240,1,24001,41375256,55721758,22544843,240-01,240-01,3G
240,1,24001,36702905,97272267,36320835,240-01,240-01,5G
240,1,24001,42687835,35741530,12127022,240-01,240-01,5G
240,1,24001,85216619,97609512,59561030,240-01,240-01,5G
240,1,24001,51794338,33429970,58413313,240-01,240-01,5G
240,1,24001,58385676,80900565,74039593,240-01,240-01,3G
240,1,24001,95387754,66999985,29866153,240-01,240-01,3G
240,1,24001,28269804,10076437,95546620,240-01,240-01,4G
240,1,24001,23778810,48712789,22988093,240-01,240-01,4G
240,1,24001,49818534,66382573,64711559,240-01,240-01,3G
240,1,24001,83985900,23329723,91191619,240-01,240-01,3G
240,1,24001,45643207,77494708,72425180,240-01,240-01,5G
240,1,24001,59346206,51539018,76347269,240-01,240-01,5G
240,1,24001,79698362,88147644,66417288,240-01,240-01,5G
240,1,24001,79223097,17133201,88093956,240-01,240-01,5G
240,1,24001,58348930,89405088,95365756,240-01,240-01,3G
240,1,24001,56784272,65964244,28507066,240-01,240-01,3G
240,1,24001,30363907,45200715,21521329,240-01,240-01,4G
240,1,24001,84345501,79501580,59975824,240-01,240-01,4G
240,1,24001,77316463,43385940,83017649,240-01,240-01,3G
240,1,24001,66892729,67204091,26317499,240-01,240-01,3G
240,1,24001,47302902,38101404,26681919,240-01,240-01,4G
240,1,24001,29122005,65344154,90978973,240-01,240-01,4G
240,1,24001,16406127,71676320,75768853,240-01,240-01,5G
240,1,24001,20639361,80819984,81771136,240-01,240-01,5G
240,1,24001,13594229,36770199,26773321,240-01,240-01,5G
240,1,24001,62200410,46974214,40825208,240-01,240-01,5G
240,1,24001,62156475,13350774,95700409,240-01,240-01,3G
240,1,24001,28986132,85949653,59790158,240-01,240-01,3G
240,1,24001,35839063,33250572,60581775,240-01,240-01,5G
240,1,24001,12876746,31670800,70083982,240-01,240-01,5G
240,1,24001,90425257,56466626,47289417,240-01,240-01,3G
240,1,24001,25990965,94769992,22822548,240-01,240-01,3G
240,1,24001,22532290,90913714,20596811,240-01,240-01,4G
240,1,24001,90664951,55168506,64602470,240-01,240-01,4G
240,1,24001,99494892,58489496,20018690,240-01,240-01,5G
240,1,24001,50722414,62244844,20619526,240-01,240-01,5G
240,1,24001,77374281,76764740,36564338,240-01,240-01,4G
240,1,24001,32739820,81731905,21837052,240-01,240-01,4G
240,1,24001,17854771,47178010,65698124,240-01,240-01,5G
240,1,24001,36116202,84351340,82933319,240-01,240-01,5G
240,1,24001,86264247,67851866,76521992,240-01,240-01,5G
240,1,24001,67072496,97586114,32183527,240-01,240-01,5G
240,1,24001,76204057,39577043,95178373,240-01,240-01,5G
240,1,24001,62983931,52476287,63899830,240-01,240-01,5G
240,1,24001,68519943,60698869,78916351,240-01,240-01,3G
240,1,24001,15857165,24479085,66119000,240-01,240-01,3G
240,1,24001,74729436,16892870,42507185,240-01,240-01,5G
240,1,24001,35545346,62962151,67000702,240-01,240-01,5G
240,1,24001,54046960,83325372,94622003,240-01,240-01,3G
240,1,24001,72939524,31307534,68815204,240-01,240-01,3G
240,1,24001,53773832,67305017,54234597,240-01,240-01,3G
240,1,24001,27743840,93054755,64139528,240-01,240-01,3G
240,1,24001,26851481,66125705,74833936,240-01,240-01,5G
240,1,24001,97680958,61588821,47383824,240-01,240-01,5G
240,1,24001,62290414,76923141,45619193,240-01,240-01,3G
240,1,24001,78355712,49184581,67281487,240-01,240-01,3G
240,1,24001,41374186,79759718,49319947,240-01,240-01,3G
240,1,24001,55657181,42043973,68302639,240-01,240-01,3G
240,1,24001,25880540,36423483,68911861,240-01,240-01,5G
240,1,24001,44064727,61465117,99878058,240-01,240-01,5G
240,1,24001,97423359,73717499,77811209,240-01,240-01,3G
240,1,24001,79588528,51340919,18637511,240-01,240-01,3G
240,1,24001,81450417,94995194,69616545,240-01,240-01,5G
240,1,24001,11112399,63390605,24773934,240-01,240-01,5G
240,1,24001,93358458,11291399,73570448,240-01,240-01,5G
240,1,24001,44741852,92108653,63951781,240-01,240-01,5G
240,1,24001,82443720,31368133,22984260,240-01,240-01,3G
240,1,24001,26613487,31719475,73643803,240-01,240-01,3G
240,1,24001,16541695,20546323,19719451,240-01,240-01,4G
240,1,24001,75984251,57998075,39787919,240-01,240-01,4G
240,1,24001,30753984,62394282,27283332,240-01,240-01,4G
240,1,24001,34004332,40511245,88879335,240-01,240-01,4G
240,1,24001,69630586,23706519,55697957,240-01,240-01,5G
240,1,24001,14948395,90224344,30969910,240-01,240-01,5G
240,1,24001,98622265,64399894,11252793,240-01,240-01,4G
240,1,24001,58227530,43871923,91137221,240-01,240-01,4G
240,1,24001,17063264,92671380,59636098,240-01,240-01,5G
240,1,24001,90140624,89759220,88685536,240-01,240-01,5G
240,1,24001,37113212,32009454,48326164,240-01,240-01,5G
240,1,24001,85020673,28347799,47969027,240-01,240-01,5G
240,1,24001,85864700,11082627,80833632,240-01,240-01,5G
240,1,24001,66166772,58906974,98859743,240-01,240-01,5G
240,1,24001,85029069,93215311,33674098,240-01,240-01,4G
240,1,24001,32789902,20610623,20420048,240-01,240-01,4G
240,1,24001,48661920,87982184,23354871,240-01,240-01,4G
240,1,24001,52884004,74895220,35547077,240-01,240-01,4G
240,1,24001,90202071,92037526,25854372,240-01,240-01,5G
240,1,24001,12332836,44359543,84032832,240-01,240-01,5G
240,1,24001,30141620,18386541,74157800,240-01,240-01,3G
240,1,24001,12026463,56605032,76045326,240-01,240-01,3G
240,1,24001,96588802,87755606,10168881,240-01,240-01,3G
240,1,24001,41751513,12983519,62117983,240-01,240-01,3G
240,1,24001,10090220,93611785,42554359,240-01,240-01,4G
240,1,24001,25488674,60704911,91985003,240-01,240-01,4G
240,1,24001,49257450,46172658,73276752,240-01,240-01,5G
240,1,24001,35553157,63443951,59580310,240-01,240-01,5G
240,1,24001,80898931,23199205,76284686,240-01,240-01,3G
240,1,24001,32764335,60713681,66937596,240-01,240-01,3G
240,1,24001,12545345,73075476,39286992,240-01,240-01,3G
240,1,24001,67489967,89348792,25296512,240-01,240-01,3G
240,1,24001,16589594,28096984,84723606,240-01,240-01,3G
240,1,24001,89082955,45933922,83992874,240-01,240-01,3G
240,1,24001,92765603,92589056,99292553,240-01,240-01,3G
240,1,24001,27013625,40870985,32910827,240-01,240-01,3G
240,1,24001,45890470,10945837,35438209,240-01,240-01,5G
240,1,24001,20209885,17061345,12236127,240-01,240-01,5G
240,1,24001,31722018,16046992,87212374,240-01,240-01,4G
240,1,24001,83829388,78779678,92437460,240-01,240-01,4G
240,1,24001,66089252,34284647,61103474,240-01,240-01,3G
240,1,24001,38470108,33895914,83562966,240-01,240-01,3G
240,1,24001,80782998,50622291,95690777,240-01,240-01,4G
240,1,24001,61211704,73701084,27214882,240-01,240-01,4G
240,1,24001,73457650,78785040,62120568,240-01,240-01,3G
240,1,24001,82836359,20128485,27998184,240-01,240-01,3G
240,1,24001,65217242,23013765,82239556,240-01,240-01,5G
240,1,24001,56939967,22281162,76957100,240-01,240-01,5G
240,1,24001,82130031,76097707,65838013,240-01,240-01,3G
240,1,24001,12060992,55005716,43162328,240-01,240-01,3G
240,1,24001,61607497,12908719,37187665,240-01,240-01,5G
240,1,24001,23722496,76639769,90774068,240-01,240-01,5G
240,1,24001,30849400,17939410,12693836,240-01,240-01,5G
240,1,24001,91686886,63841459,84873818,240-01,240-01,5G
240,1,24001,87477593,70003312,42361717,240-01,240-01,4G
240,1,24001,50545451,85026352,47944539,240-01,240-01,4G
240,1,24001,79366315,74625350,33541818,240-01,240-01,3G
240,1,24001,68944050,15576208,19554957,240-01,240-01,3G
240,1,24001,53327475,43130139,93765532,240-01,240-01,5G
240,1,24001,73924615,64300759,54502744,240-01,240-01,5G
240,1,24001,97505960,17882628,87033296,240-01,240-01,5G
240,1,24001,19109450,94765281,76742459,240-01,240-01,5G
240,1,24001,36281935,11106337,18082817,240-01,240-01,3G
240,1,24001,23417070,67368488,71445948,240-01,240-01,3G
240,1,24001,90600324,75976956,42734008,240-01,240-01,4G
240,1,24001,15486001,93985186,28062233,240-01,240-01,4G
240,1,24001,82929721,87459673,56135480,240-01,240-01,5G
240,1,24001,12604370,41492611,11730918,240-01,240-01,5G
240,1,24001,77260895,21449020,17264717,240-01,240-01,4G
240,1,24001,24771732,59130275,99857418,240-01,240-01,4G
240,1,24001,43663790,87741302,91299731,240-01,240-01,5G
240,1,24001,82522167,40742970,33688059,240-01,240-01,5G
240,1,24001,45316769,17087223,69546977,240-01,240-01,4G
240,1,24001,93507354,45806606,43289953,240-01,240-01,4G
240,1,24001,41688609,43507875,61801160,240-01,240-01,4G
240,1,24001,62975860,42519736,32962998,240-01,240-01,4G
240,1,24001,98271389,15689000,72510808,240-01,240-01,4G
240,1,24001,37121565,67969806,23301417,240-01,240-01,4G
240,1,24001,94368168,57807160,21118184,240-01,240-01,4G
240,1,24001,11755779,79777297,52348944,240-01,240-01,4G
240,1,24001,49846921,11404749,69623023,240-01,240-01,5G
240,1,24001,33603747,49464824,17467350,240-01,240-01,5G
240,1,24001,40876169,35426167,94465257,240-01,240-01,4G
240,1,24001,54019635,11984848,18587600,240-01,240-01,4G
240,1,24001,12088919,56200887,91224855,240-01,240-01,3G
240,1,24001,19994231,40487140,69458782,240-01,240-01,3G
240,1,24001,91948524,90340390,64669872,240-01,240-01,4G
240,1,24001,10507963,65255521,93775752,240-01,240-01,4G
240,1,24001,42621309,50598103,34959478,240-01,240-01,4G
240,1,24001,66555207,15600587,49341558,240-01,240-01,4G
240,1,24001,74150513,29871668,47384828,240-01,240-01,4G
240,1,24001,94742802,22165116,89928351,240-01,240-01,4G
240,1,24001,99103645,30789080,54993889,240-01,240-01,4G
240,1,24001,68277906,36680550,12341736,240-01,240-01,4G
240,1,24001,58591248,98000026,87751170,240-01,240-01,3G
240,1,24001,70225883,94872271,44800311,240-01,240-01,3G
240,1,24001,66893245,24827991,79294405,240-01,240-01,3G
240,1,24001,51599261,22016590,65014806,240-01,240-01,3G
240,1,24001,14019208,31018992,14621462,240-01,240-01,4G
240,1,24001,95704543,12110323,52354071,240-01,240-01,4G
240,1,24001,84887175,71626112,26798770,240-01,240-01,3G
240,1,24001,47636593,57208287,54480247,240-01,240-01,3G
240,1,24001,79278154,76792804,57141887,240-01,240-01,5G
240,1,24001,21009812,69763218,24228883,240-01,240-01,5G
240,1,24001,70106250,72282479,94238351,240-01,240-01,5G
240,1,24001,45686540,37112063,82536787,240-01,240-01,5G
240,1,24001,42364071,10159431,59386134,240-01,240-01,5G
240,1,24001,43840646,40431981,73659647,240-01,240-01,5G
240,1,24001,99023591,17811345,89661390,240-01,240-01,3G
240,1,24001,95243182,90125030,40907050,240-01,240-01,3G
240,1,24001,93372653,67045704,64151941,240-01,240-01,3G
240,1,24001,93644490,43392205,14319761,240-01,240-01,3G
240,1,24001,14131560,17536407,77953131,240-01,240-01,3G
240,1,24001,41630346,70947772,90593614,240-01,240-01,3G
240,1,24001,36060797,17681043,32397394,240-01,240-01,4G
240,1,24001,67704967,93915737,33891372,240-01,240-01,4G
240,1,24001,48912818,80370984,40106495,240-01,240-01,5G
240,1,24001,66904209,46885990,11159265,240-01,240-01,5G
240,1,24001,84001884,29698582,79689848,240-01,240-01,3G
240,1,24001,84581194,19843934,36372920,240-01,240-01,3G
240,1,24001,83063636,45459457,51505882,240-01,240-01,3G
240,1,24001,99635054,48280191,47081738,240-01,240-01,3G
240,1,24001,42824382,13558456,70591487,240-01,240-01,5G
240,1,24001,45814685,70069022,16783743,240-01,240-01,5G
240,1,24001,78455732,35201563,58132336,240-01,240-01,3G
240,1,24001,73345773,20755934,84895324,240-01,240-01,3G
240,1,24001,30444938,91278281,83907475,240-01,240-01,4G
240,1,24001,30213595,53916303,95557626,240-01,240-01,4G
240,1,24001,26492767,57235342,88627150,240-01,240-01,4G
240,1,24001,19731744,68894704,32268597,240-01,240-01,4G
240,1,24001,31821269,75962378,98674526,240-01,240-01,3G
240,1,24001,42541626,56672705,50811904,240-01,240-01,3G
240,1,24001,38385665,81710446,28419599,240-01,240-01,3G
240,1,24001,10876624,36450918,88837620,240-01,240-01,3G
240,1,24001,21231133,20470690,77840864,240-01,240-01,3G
240,1,24001,32774450,64834141,39705403,240-01,240-01,3G
240,1,24001,39336122,18684523,58767260,240-01,240-01,3G
240,1,24001,26386484,32596190,96774235,240-01,240-01,3G
240,1,24001,63667521,47079627,43278298,240-01,240-01,3G
240,1,24001,58118653,45106379,19357261,240-01,240-01,3G
240,1,24001,72248530,43163602,74956271,240-01,240-01,5G
240,1,24001,32838119,12277699,10205862,240-01,240-01,5G
240,1,24001,83948116,42260599,94173541,240-01,240-01,4G
240,1,24001,91964870,32490184,88001922,240-01,240-01,4G
240,1,24001,62347013,69581810,41236907,240-01,240-01,4G
240,1,24001,68733285,44683207,88246401,240-01,240-01,4G
240,1,24001,97536280,51430757,49037214,240-01,240-01,5G
240,1,24001,87494858,51482836,68928637,240-01,240-01,5G
240,1,24001,80061363,87554775,49600934,240-01,240-01,5G
240,1,24001,41409622,71413699,94457362,240-01,240-01,5G
240,1,24001,14052688,30626088,48862602,240-01,240-01,4G
240,1,24001,30724760,92925983,11825815,240-01,240-01,4G
240,1,24001,28310003,55594078,47284635,240-01,240-01,5G
240,1,24001,56608304,47645058,77583442,240-01,240-01,5G
240,1,24001,11827599,17125919,59897697,240-01,240-01,4G
240,1,24001,69599781,79714784,85076223,240-01,240-01,4G
240,1,24001,30218949,30481638,75629948,240-01,240-01,5G
240,1,24001,47197972,74548363,76122033,240-01,240-01,5G
240,1,24001,14765138,66562335,65970814,240-01,240-01,5G
240,1,24001,66151447,78298255,16117206,240-01,240-01,5G
240,1,24001,14418869,74353204,81136423,240-01,240-01,3G
240,1,24001,31970541,20097612,81395570,240-01,240-01,3G
240,1,24001,10397001,46875148,29699121,240-01,240-01,4G
240,1,24001,36891452,76883714,88417621,240-01,240-01,4G
240,1,24001,73369660,67840600,50272824,240-01,240-01,3G
240,1,24001,75228541,66596418,23076383,240-01,240-01,3G
240,1,24001,49006250,28581401,51035638,240-01,240-01,5G
240,1,24001,85125961,83268256,73584979,240-01,240-01,5G
240,1,24001,18555334,98866281,65376070,240-01,240-01,4G
240,1,24001,84408894,34710286,37516729,240-01,240-01,4G
240,1,24001,14814390,74714895,26297957,240-01,240-01,3G
240,1,24001,43181913,98235907,90413095,240-01,240-01,3G
240,1,24001,34593071,11336429,26591764,240-01,240-01,5G
240,1,24001,60714471,91537409,44520220,240-01,240-01,5G
240,1,24001,85801950,70024677,40205848,240-01,240-01,4G
240,1,24001,72446656,99797526,83845383,240-01,240-01,4G
240,1,24001,15085694,28752605,82467520,240-01,240-01,4G
240,1,24001,14500900,60576375,60979667,240-01,240-01,4G
240,1,24001,76233595,45258500,65792510,240-01,240-01,4G
240,1,24001,32774701,86098603,41668612,240-01,240-01,4G
240,1,24001,76526657,12282475,49096661,240-01,240-01,3G
240,1,24001,63058929,11563274,96252607,240-01,240-01,3G
240,1,24001,86369367,69390709,12430795,240-01,240-01,4G
240,1,24001,91022777,78673104,84442950,240-01,240-01,4G
240,1,24001,63434323,84877414,84667583,240-01,240-01,5G
240,1,24001,62752665,16752702,83026346,240-01,240-01,5G
240,1,24001,76849072,27491830,57370519,240-01,240-01,5G
240,1,24001,61711568,83959873,31697966,240-01,240-01,5G
240,1,24001,64524122,33447307,42611610,240-01,240-01,5G
240,1,24001,60986373,77521311,63026525,240-01,240-01,5G
240,1,24001,96973958,68632642,71610450,240-01,240-01,3G
240,1,24001,30007379,61066187,66950134,240-01,240-01,3G
240,1,24001,77529631,54583399,10847839,240-01,240-01,3G
240,1,24001,23162764,80021492,98348335,240-01,240-01,3G
240,1,24001,35607929,64445912,70935988,240-01,240-01,5G
240,1,24001,92593300,87398166,21107742,240-01,240-01,5G
240,1,24001,41479343,10520985,59912479,240-01,240-01,5G
240,1,24001,82551175,31234113,22519534,240-01,240-01,5G
240,1,24001,50999115,44328254,45144359,240-01,240-01,4G
240,1,24001,55075574,18598467,11154026,240-01,240-01,4G
240,1,24001,75050499,50381740,98445010,240-01,240-01,3G
240,1,24001,55976140,37388357,73101131,240-01,240-01,3G
240,1,24001,74590560,85095463,28888912,240-01,240-01,4G
240,1,24001,75781061,36950043,45466581,240-01,240-01,4G
240,1,24001,53166532,33079923,58625425,240-01,240-01,4G
240,1,24001,91918334,82802484,65933012,240-01,240-01,4G
240,1,24001,99723431,51606412,13847297,240-01,240-01,4G
240,1,24001,85905969,93366633,33361570,240-01,240-01,4G
240,1,24001,86831118,41252425,71134686,240-01,240-01,4G
240,1,24001,14056636,35693217,86084984,240-01,240-01,4G
240,1,24001,25636092,67929886,42787896,240-01,240-01,3G
240,1,24001,38511000,27592921,53053303,240-01,240-01,3G
240,1,24001,27069556,52409133,93695909,240-01,240-01,3G
240,1,24001,57013896,26084827,43051037,240-01,240-01,3G
240,1,24001,60974313,76307706,38973645,240-01,240-01,4G
240,1,24001,57594606,12757683,15134623,240-01,240-01,4G
240,1,24001,91236604,44711584,76354329,240-01,240-01,4G
240,1,24001,83778541,49870545,65879919,240-01,240-01,4G
240,1,24001,32499596,50151268,29806657,240-01,240-01,5G
240,1,24001,67764962,79209899,71528561,240-01,240-01,5G
240,1,24001,39243506,15724799,31810973,240-01,240-01,5G
240,1,24001,41519593,79097619,69717614,240-01,240-01,5G
240,1,24001,10059184,94864617,45716424,240-01,240-01,3G
240,1,24001,79361210,83530159,81079891,240-01,240-01,3G
240,1,24001,18359743,54709811,61589702,240-01,240-01,5G
240,1,24001,44768661,71664320,18837901,240-01,240-01,5G
240,1,24001,36840131,53396396,82258776,240-01,240-01,5G
240,1,24001,26560558,15934448,26964642,240-01,240-01,5G
240,1,24001,62667034,76907542,57609417,240-01,240-01,4G
240,1,24001,81262543,65588184,51809389,240-01,240-01,4G
240,1,24001,77757219,38580487,98111593,240-01,240-01,4G
240,1,24001,81309607,33103225,55824040,240-01,240-01,4G
240,1,24001,14960668,59941912,95824169,240-01,240-01,4G
240,1,24001,56417764,11093680,50397837,240-01,240-01,4G
240,1,24001,55818990,58002656,77077442,240-01,240-01,5G
240,1,24001,26976820,24982443,30128682,240-01,240-01,5G
240,1,24001,76996722,95386656,23732498,240-01,240-01,3G
240,1,24001,25357532,35078310,94398885,240-01,240-01,3G
240,1,24001,50276506,17851091,59165317,240-01,240-01,4G
240,1,24001,71305761,15119944,82524848,240-01,240-01,4G
240,1,24001,72494898,32087126,23084630,240-01,240-01,4G
240,1,24001,42818708,36681248,19409420,240-01,240-01,4G
240,1,24001,64828356,79363717,16958100,240-01,240-01,4G
240,1,24001,29909266,98792249,39288011,240-01,240-01,4G
240,1,24001,63448589,34547618,96987441,240-01,240-01,4G
240,1,24001,79474467,83755694,28362851,240-01,240-01,4G
240,1,24001,18810088,94416997,46246411,240-01,240-01,3G
240,1,24001,30330418,14009966,59866493,240-01,240-01,3G
240,1,24001,88039612,77409980,93068663,240-01,240-01,5G
240,1,24001,73099851,83633927,50458013,240-01,240-01,5G
240,1,24001,10168753,99127905,83814455,240-01,240-01,4G
240,1,24001,64930711,91918522,48376746,240-01,240-01,4G
240,1,24001,28587517,24034297,14522495,240-01,240-01,5G
240,1,24001,71705512,20227263,77000342,240-01,240-01,5G
240,1,24001,84201082,36481958,83449975,240-01,240-01,3G
240,1,24001,67140639,17946111,86863921,240-01,240-01,3G
240,1,24001,68810789,87416916,67150638,240-01,240-01,4G
240,1,24001,14695712,96451277,30538661,240-01,240-01,4G
240,1,24001,35278066,63723250,89625024,240-01,240-01,5G
240,1,24001,73452227,35160407,59970680,240-01,240-01,5G
240,1,24001,48677856,86617044,68331327,240-01,240-01,4G
240,1,24001,79620381,21077091,19862838,240-01,240-01,4G
240,1,24001,89763392,52984824,61597183,240-01,240-01,4G
240,1,24001,26327421,22370554,45153001,240-01,240-01,4G
240,1,24001,93525724,63780478,77271743,240-01,240-01,5G
240,1,24001,77306863,32357630,72199880,240-01,240-01,5G
240,1,24001,17014114,68106199,25130645,240-01,240-01,3G
240,1,24001,85321933,85802963,25812013,240-01,240-01,3G
240,1,24001,75544554,46586535,19550069,240-01,240-01,3G
240,1,24001,78541483,91110054,10548807,240-01,240-01,3G
240,1,24001,71872702,76139203,44507343,240-01,240-01,3G
240,1,24001,93163995,56671226,82816171,240-01,240-01,3G
240,1,24001,70667640,38987008,83711088,240-01,240-01,4G
240,1,24001,39204089,31471531,29594468,240-01,240-01,4G
240,1,24001,87832441,37720633,15944303,240-01,240-01,5G
240,1,24001,37468333,92541046,63226806,240-01,240-01,5G
240,1,24001,33045238,76057213,59184235,240-01,240-01,4G
240,1,24001,32822231,24387009,25220188,240-01,240-01,4G
240,1,24001,52149122,28785654,80617752,240-01,240-01,3G
240,1,24001,63899288,12522078,27829233,240-01,240-01,3G
240,1,24001,13655482,64315692,83730626,240-01,240-01,3G
240,1,24001,37040394,39329026,53813707,240-01,240-01,3G
240,1,24001,26966506,86993878,31223885,240-01,240-01,5G
240,1,24001,29637739,80935192,31332696,240-01,240-01,5G
240,1,24001,48970477,20380717,14759489,240-01,240-01,5G
240,1,24001,71205146,52324396,82668046,240-01,240-01,5G
240,1,24001,23803198,91868673,38499109,240-01,240-01,4G
240,1,24001,66512404,51110863,67803166,240-01,240-01,4G
240,1,24001,60352348,47052632,51300931,240-01,240-01,5G
240,1,24001,62325463,70499620,32980400,240-01,240-01,5G
240,1,24001,83983804,20702877,48214358,240-01,240-01,5G
240,1,24001,28678415,95991435,93972286,240-01,240-01,5G
240,1,24001,33409272,25269806,50909708,240-01,240-01,4G
240,1,24001,18237624,26396523,47400873,240-01,240-01,4G
240,1,24001,14408208,90074392,37582274,240-01,240-01,4G
240,1,24001,17250356,48192911,80899195,240-01,240-01,4G
240,1,24001,70426926,55275593,49451921,240-01,240-01,3G
240,1,24001,96200147,44815542,49432645,240-01,240-01,3G
240,1,24001,12923533,75512804,19565547,240-01,240-01,5G
240,1,24001,25112347,77477062,71053709,240-01,240-01,5G
240,1,24001,11410864,18527238,41745286,240-01,240-01,4G
240,1,24001,75524349,94802519,31495901,240-01,240-01,4G
240,1,24001,14897586,38736324,44584126,240-01,240-01,3G
240,1,24001,43860653,27939038,55415151,240-01,240-01,3G
240,1,24001,90499864,60997382,48482243,240-01,240-01,5G
240,1,24001,30858866,31317403,50337729,240-01,240-01,5G
240,1,24001,45582166,89367276,20361143,240-01,240-01,3G
240,1,24001,85671640,59661848,56982575,240-01,240-01,3G
240,1,24001,96898271,59653984,52712450,240-01,240-01,4G
240,1,24001,75036694,44333364,75958391,240-01,240-01,4G
240,1,24001,48677788,76843735,88798834,240-01,240-01,3G
240,1,24001,39008133,10465138,56260882,240-01,240-01,3G
240,1,24001,36843243,70066219,80498767,240-01,240-01,4G
240,1,24001,12561839,65566931,97220455,240-01,240-01,4G
240,1,24001,38848923,15256303,28908702,240-01,240-01,4G
240,1,24001,33206664,48536575,51262257,240-01,240-01,4G
240,1,24001,12071611,26075834,73665153,240-01,240-01,4G
240,1,24001,16721925,15458124,10306258,240-01,240-01,4G
240,1,24001,93949954,34914235,77030909,240-01,240-01,4G
240,1,24001,42618969,13312231,78372108,240-01,240-01,4G
240,1,24001,38607701,45810957,93262317,240-01,240-01,3G
240,1,24001,64671159,91263788,30942699,240-01,240-01,3G
240,1,24001,16160741,73065613,62142160,240-01,240-01,3G
240,1,24001,18504238,20242876,38508923,240-01,240-01,3G
240,1,24001,25119148,17525823,10160218,240-01,240-01,4G
240,1,24001,81160976,91737086,17451608,240-01,240-01,4G
240,1,24001,85812848,63860470,75304680,240-01,240-01,4G
240,1,24001,91076036,99989082,40114053,240-01,240-01,4G
240,1,24001,46976845,49027372,18502740,240-01,240-01,5G
240,1,24001,90084242,55733645,69462549,240-01,240-01,5G
240,1,24001,37018425,45044220,35392499,240-01,240-01,5G
240,1,24001,25131907,12416025,36079213,240-01,240-01,5G
240,1,24001,28250680,60468717,19034297,240-01,240-01,3G
240,1,24001,49753079,61432306,55114780,240-01,240-01,3G
240,1,24001,69168789,33517826,22419707,240-01,240-01,4G
240,1,24001,47874824,29623296,35696175,240-01,240-01,4G
240,1,24001,29842561,28618075,53763819,240-01,240-01,3G
240,1,24001,64865331,33289868,68977985,240-01,240-01,3G
240,1,24001,71522619,88487103,39325429,240-01,240-01,3G
240,1,24001,73384293,81033157,35748978,240-01,240-01,3G
240,1,24001,85275023,42561610,50520706,240-01,240-01,5G
240,1,24001,68819198,33623594,20339087,240-01,240-01,5G
240,1,24001,64707125,88936882,68004311,240-01,240-01,3G
240,1,24001,80150146,66207794,86451374,240-01,240-01,3G
240,1,24001,75039059,20900108,51726295,240-01,240-01,3G
240,1,24001,50819487,17907661,65299597,240-01,240-01,3G
240,1,24001,76899062,26917366,59008420,240-01,240-01,5G
240,1,24001,21105779,15015901,93763830,240-01,240-01,5G
240,1,24001,70821602,85827801,38875570,240-01,240-01,3G
240,1,24001,15099694,34426565,24212887,240-01,240-01,3G
240,1,24001,31104158,67107819,20377688,240-01,240-01,3G
240,1,24001,60944787,48324199,46540128,240-01,240-01,3G
240,1,24001,84262151,85269525,99265597,240-01,240-01,3G
240,1,24001,77565498,43176449,86369755,240-01,240-01,3G
240,1,24001,67991288,33379176,26265847,240-01,240-01,4G
240,1,24001,45837743,87978359,75497755,240-01,240-01,4G
240,1,24001,93787801,54855957,78116768,240-01,240-01,3G
240,1,24001,93741119,93870087,60219282,240-01,240-01,3G
240,1,24001,99172107,84676427,41120478,240-01,240-01,4G
240,1,24001,90951576,34929057,65635109,240-01,240-01,4G
240,1,24001,49051311,90329140,80945163,240-01,240-01,3G
240,1,24001,44880018,89138829,61952889,240-01,240-01,3G
240,1,24001,53769030,54497245,94832760,240-01,240-01,4G
240,1,24001,84073261,37648816,32100628,240-01,240-01,4G
240,1,24001,74854543,59022820,84446367,240-01,240-01,5G
240,1,24001,25123862,26478357,69769291,240-01,240-01,5G
240,1,24001,88572595,42328781,79011897,240-01,240-01,5G
240,1,24001,64224748,55531969,92168742,240-01,240-01,5G
240,1,24001,96536137,60446050,24417032,240-01,240-01,5G
240,1,24001,72562164,15413233,42437400,240-01,240-01,5G
240,1,24001,40079904,37699711,33027523,240-01,240-01,5G
240,1,24001,98937833,45038145,23049803,240-01,240-01,5G
240,1,24001,32131986,72877303,76101447,240-01,240-01,4G
240,1,24001,67498497,68778662,23461630,240-01,240-01,4G
240,1,24001,28451226,17380294,27137372,240-01,240-01,5G
240,1,24001,26835081,27191528,25502594,240-01,240-01,5G
240,1,24001,42297369,27681139,44774833,240-01,240-01,5G
240,1,24001,14895145,66591577,89910957,240-01,240-01,5G
240,1,24001,94408950,16916634,21528566,240-01,240-01,5G
240,1,24001,59937677,54000495,57385146,240-01,240-01,5G
240,1,24001,85239038,10284798,76912232,240-01,240-01,4G
240,1,24001,22675927,94499557,77009006,240-01,240-01,4G
240,1,24001,93863458,25456154,71320323,240-01,240-01,3G
240,1,24001,30514895,96782830,27954797,240-01,240-01,3G
240,1,24001,55867321,20101727,22734878,240-01,240-01,5G
240,1,24001,42465014,50126857,35336764,240-01,240-01,5G
240,1,24001,87477380,20470142,27412143,240-01,240-01,4G
240,1,24001,74583612,83446512,29360388,240-01,240-01,4G
240,1,24001,23553008,74102553,18067780,240-01,240-01,5G
240,1,24001,66036594,17365634,91994535,240-01,240-01,5G
240,1,24001,28414487,48613028,79501305,240-01,240-01,4G
240,1,24001,14133605,83414050,66805633,240-01,240-01,4G
240,1,24001,30960995,72196281,16907693,240-01,240-01,3G
240,1,24001,61826338,91191039,21480648,240-01,240-01,3G
240,1,24001,95893029,30604637,71508606,240-01,240-01,3G
240,1,24001,25359255,17033978,32033268,240-01,240-01,3G
240,1,24001,44311767,72594999,32017467,240-01,240-01,5G
240,1,24001,22919323,97230196,19393419,240-01,240-01,5G
240,1,24001,20931239,64440713,15179150,240-01,240-01,3G
240,1,24001,44732043,74566386,51896283,240-01,240-01,3G
240,1,24001,26574814,51752635,72076144,240-01,240-01,3G
240,1,24001,73268358,53828437,81320734,240-01,240-01,3G
240,1,24001,88129930,40768077,54429399,240-01,240-01,3G
240,1,24001,14216706,87372680,71213912,240-01,240-01,3G
240,1,24001,79812798,24556692,58800040,240-01,240-01,5G
240,1,24001,15294350,54124720,67127390,240-01,240-01,5G
240,1,24001,69980905,98799421,31763712,240-01,240-01,4G
240,1,24001,43487952,98331578,93216376,240-01,240-01,4G
240,1,24001,32446941,95934994,88891855,240-01,240-01,3G
240,1,24001,19265688,67804311,75141854,240-01,240-01,3G
240,1,24001,45371295,91818871,43906354,240-01,240-01,3G
240,1,24001,90244716,63400352,91765158,240-01,240-01,3G
240,1,24001,15180752,21528990,54892467,240-01,240-01,5G
240,1,24001,80008137,32536340,48965470,240-01,240-01,5G
240,1,24001,23157646,12510379,78048399,240-01,240-01,3G
240,1,24001,67477998,86752403,39489288,240-01,240-01,3G
240,1,24001,91827517,10730304,66533047,240-01,240-01,3G
240,1,24001,85441379,59023657,90854495,240-01,240-01,3G
240,1,24001,79353796,17042454,42383385,240-01,240-01,4G
240,1,24001,37295425,18030851,88359279,240-01,240-01,4G
240,1,24001,58577906,12534394,80030060,240-01,240-01,4G
240,1,24001,38691808,76719957,87689538,240-01,240-01,4G
240,1,24001,85687281,31858172,97935481,240-01,240-01,3G
240,1,24001,49780113,47175982,64097640,240-01,240-01,3G
240,1,24001,45628522,87173663,59187236,240-01,240-01,5G
240,1,24001,41863849,68907066,40700527,240-01,240-01,5G
240,1,24001,12418473,10928022,70264297,240-01,240-01,5G
240,1,24001,80087043,32918095,70143918,240-01,240-01,5G
240,1,24001,55540354,49211270,85319496,240-01,240-01,4G
240,1,24001,90401720,20940733,92218844,240-01,240-01,4G
240,1,24001,23776855,38530015,80306520,240-01,240-01,4G
240,1,24001,74126632,56766080,76469535,240-01,240-01,4G
240,1,24001,43822834,73858787,49653037,240-01,240-01,3G
240,1,24001,92548739,90359783,47827699,240-01,240-01,3G
240,1,24001,39333411,35299353,20641113,240-01,240-01,3G
240,1,24001,21267882,53984747,27401292,240-01,240-01,3G
240,1,24001,92504802,21956287,60876143,240-01,240-01,3G
240,1,24001,33743877,89651433,23458519,240-01,240-01,3G
240,1,24001,36999791,37627013,14370229,240-01,240-01,3G
240,1,24001,44643276,49445784,39103476,240-01,240-01,3G
240,1,24001,85540023,29926666,16402668,240-01,240-01,5G
240,1,24001,43600432,83944537,92808585,240-01,240-01,5G
240,1,24001,24293874,82570533,10063180,240-01,240-01,4G
240,1,24001,34311782,31849131,61476719,240-01,240-01,4G
240,1,24001,49489381,67486175,70598334,240-01,240-01,4G
240,1,24001,34337271,21032171,32138391,240-01,240-01,4G
240,1,24001,20430210,45406280,42047376,240-01,240-01,3G
240,1,24001,10793333,57189605,40867975,240-01,240-01,3G
240,1,24001,11869822,60485058,17221250,240-01,240-01,4G
240,1,24001,88645840,11730424,22856205,240-01,240-01,4G
240,1,24001,38581689,86655788,84805187,240-01,240-01,5G
240,1,24001,42530618,79892795,14258039,240-01,240-01,5G
240,1,24001,90300932,83175220,42860464,240-01,240-01,4G
240,1,24001,97969372,64016165,19321437,240-01,240-01,4G
240,1,24001,47924827,53074739,20747585,240-01,240-01,3G
240,1,24001,34011235,38232017,86506270,240-01,240-01,3G
240,1,24001,20844463,69909654,31197123,240-01,240-01,3G
240,1,24001,19329939,89099834,92695135,240-01,240-01,3G
240,1,24001,74926008,65839058,98972257,240-01,240-01,3G
240,1,24001,83456064,16374133,71999658,240-01,240-01,3G
240,1,24001,88883437,30123393,56053022,240-01,240-01,3G
240,1,24001,66538968,14952098,39873935,240-01,240-01,3G
240,1,24001,50150307,13895951,69480947,240-01,240-01,5G
240,1,24001,75412278,56961252,38789684,240-01,240-01,5G
240,1,24001,36246233,25615161,81515432,240-01,240-01,3G
240,1,24001,56203925,63305328,63095504,240-01,240-01,3G
240,1,24001,83252627,74118341,10283247,240-01,240-01,5G
240,1,24001,77306734,40896130,33562279,240-01,240-01,5G
240,1,24001,62872691,26083935,41070270,240-01,240-01,5G
240,1,24001,68032327,35507145,11731297,240-01,240-01,5G
240,1,24001,99737293,42654356,13285619,240-01,240-01,3G
240,1,24001,25376959,45731760,97804021,240-01,240-01,3G
240,1,24001,65715776,42699873,81506556,240-01,240-01,3G
240,1,24001,21084355,18031249,24734608,240-01,240-01,3G
240,1,24001,62302326,75330907,89974977,240-01,240-01,5G
240,1,24001,93530319,61569323,32942701,240-01,240-01,5G
240,1,24001,64675909,10891908,20671539,240-01,240-01,3G
240,1,24001,16769621,33357082,98449570,240-01,240-01,3G
240,1,24001,20417054,24336296,22547835,240-01,240-01,5G
240,1,24001,45097659,92294419,29909603,240-01,240-01,5G
240,1,24001,92953852,39534947,16071313,240-01,240-01,3G
240,1,24001,80564593,42345072,94767206,240-01,240-01,3G
240,1,24001,76435407,76182358,17372945,240-01,240-01,4G
240,1,24001,87150725,14230089,90369921,240-01,240-01,4G
240,1,24001,19251895,58935534,64569234,240-01,240-01,5G
240,1,24001,38338093,49681459,63086710,240-01,240-01,5G
240,1,24001,39755418,34386259,61400924,240-01,240-01,3G
240,1,24001,79537556,83335640,72234514,240-01,240-01,3G
240,1,24001,85411654,44508047,59270073,240-01,240-01,3G
240,1,24001,82533905,75860815,21360234,240-01,240-01,3G
240,1,24001,36045361,97309459,94523907,240-01,240-01,5G
240,1,24001,26878811,47807570,41820757,240-01,240-01,5G
240,1,24001,28415545,13471387,83622926,240-01,240-01,5G
240,1,24001,84450581,97791710,92181928,240-01,240-01,5G
240,1,24001,91315371,87574171,76667184,240-01,240-01,4G
240,1,24001,14560007,71709403,37357887,240-01,240-01,4G
240,1,24001,14064472,17194054,14245519,240-01,240-01,3G
240,1,24001,51177376,52417940,17992049,240-01,240-01,3G
240,1,24001,68204672,90229227,74830283,240-01,240-01,4G
240,1,24001,15276384,85152712,43830074,240-01,240-01,4G
240,1,24001,84676441,21629562,17461516,240-01,240-01,3G
240,1,24001,92291442,91586493,52326419,240-01,240-01,3G
240,1,24001,36941768,98484658,43250194,240-01,240-01,4G
240,1,24001,91983311,89490543,60733635,240-01,240-01,4G
240,1,24001,78291897,98706831,54256031,240-01,240-01,3G
240,1,24001,58813256,80804842,72323352,240-01,240-01,3G
240,1,24001,22516860,48723282,51373615,240-01,240-01,5G
240,1,24001,36168856,59684466,70344733,240-01,240-01,5G
240,1,24001,75042954,92058406,46841395,240-01,240-01,5G
240,1,24001,59335102,14814409,21560354,240-01,240-01,5G
240,1,24001,68225364,79444441,67256666,240-01,240-01,4G
240,1,24001,51405545,93020479,90880628,240-01,240-01,4G
240,1,24001,56776518,42557858,63228626,240-01,240-01,4G
240,1,24001,10489791,65182511,33157807,240-01,240-01,4G
240,1,24001,61090766,74781291,83349142,240-01,240-01,3G
240,1,24001,95658731,80224705,77778594,240-01,240-01,3G
240,1,24001,26512209,20795322,95962321,240-01,240-01,3G
240,1,24001,86690053,38855138,55890075,240-01,240-01,3G
240,1,24001,75454582,30690184,96915693,240-01,240-01,4G
240,1,24001,42656579,98804147,38293491,240-01,240-01,4G
240,1,24001,33121609,83425163,48445234,240-01,240-01,4G
240,1,24001,11368671,66198062,55100954,240-01,240-01,4G
240,1,24001,98515406,98245428,14237160,240-01,240-01,4G
240,1,24001,71104814,57311708,81231844,240-01,240-01,4G
240,1,24001,55201131,38071590,32622166,240-01,240-01,3G
240,1,24001,24151688,63547532,19078296,240-01,240-01,3G
240,1,24001,99559783,33126348,23625460,240-01,240-01,4G
240,1,24001,63977328,16879721,93037330,240-01,240-01,4G
240,1,24001,69425247,53069344,60453215,240-01,240-01,3G
240,1,24001,81451421,90906271,42340361,240-01,240-01,3G
240,1,24001,50290009,76325199,23808143,240-01,240-01,5G
240,1,24001,96072474,90349380,50806746,240-01,240-01,5G
240,1,24001,74755636,11359258,26998148,240-01,240-01,4G
240,1,24001,18356686,38771657,20386272,240-01,240-01,4G
240,1,24001,99737098,41826303,38230092,240-01,240-01,5G
240,1,24001,92262428,53849029,85634277,240-01,240-01,5G
240,1,24001,64782737,80252529,15561468,240-01,240-01,4G
240,1,24001,37587669,49257351,12754693,240-01,240-01,4G
240,1,24001,91280252,73015379,95882146,240-01,240-01,5G
240,1,24001,13275406,56025408,35822004,240-01,240-01,5G
240,1,24001,29822394,34762922,57014769,240-01,240-01,5G
240,1,24001,23408746,85833409,55937117,240-01,240-01,5G
240,1,24001,35951814,15003217,32491861,240-01,240-01,3G
240,1,24001,17462602,10260536,66002991,240-01,240-01,3G
240,1,24001,53242735,67273644,37446763,240-01,240-01,4G
240,1,24001,11277656,82897957,46524136,240-01,240-01,4G
240,1,24001,88738657,30716626,32809545,240-01,240-01,5G
240,1,24001,80697219,31397466,82506441,240-01,240-01,5G
240,1,24001,10917431,18719734,77245701,240-01,240-01,3G
240,1,24001,37449741,32670479,67006237,240-01,240-01,3G
240,1,24001,40469053,14248069,37495846,240-01,240-01,4G
240,1,24001,35574020,66353404,29982248,240-01,240-01,4G
240,1,24001,94491868,83850090,52462861,240-01,240-01,3G
240,1,24001,32614170,54514191,77737265,240-01,240-01,3G
240,1,24001,64923342,58603613,65236230,240-01,240-01,5G
240,1,24001,47367737,61691126,99462696,240-01,240-01,5G
240,1,24001,33832473,95195803,48695655,240-01,240-01,5G
240,1,24001,87212266,11298531,50660285,240-01,240-01,5G
240,1,24001,98959860,42351141,71085216,240-01,240-01,5G
240,1,24001,21877139,96736023,96503088,240-01,240-01,5G
240,1,24001,31777884,87141361,58886184,240-01,240-01,3G
240,1,24001,10952767,51171178,66189317,240-01,240-01,3G
240,1,24001,12219079,67885182,15457216,240-01,240-01,5G
240,1,24001,14198054,45809540,88414608,240-01,240-01,5G
240,1,24001,66836654,19749272,58189279,240-01,240-01,5G
240,1,24001,53868057,59503934,19578820,240-01,240-01,5G
240,1,24001,49005669,29485132,17395538,240-01,240-01,3G
240,1,24001,10403075,62378813,53775521,240-01,240-01,3G
240,1,24001,65245082,40344122,77316279,240-01,240-01,4G
240,1,24001,28189913,49416063,25309211,240-01,240-01,4G
240,1,24001,60569966,78143418,21341267,240-01,240-01,4G
240,1,24001,36004002,42962405,43838850,240-01,240-01,4G
240,1,24001,16790098,54281012,12964369,240-01,240-01,3G
240,1,24001,75924611,62342725,85700291,240-01,240-01,3G
240,1,24001,55796507,89274685,17251120,240-01,240-01,3G
240,1,24001,56636561,45834001,30255116,240-01,240-01,3G
240,1,24001,91978578,44767846,11368327,240-01,240-01,3G
240,1,24001,70884879,68371989,90619386,240-01,240-01,3G
240,1,24001,43678366,33079693,12633526,240-01,240-01,3G
240,1,24001,83730573,90668361,37307398,240-01,240-01,3G
240,1,24001,38876978,22889462,68489644,240-01,240-01,3G
240,1,24001,71370670,69887754,79248564,240-01,240-01,3G
240,1,24001,27561899,75871114,77779182,240-01,240-01,3G
240,1,24001,92442188,66537257,89972807,240-01,240-01,3G
240,1,24001,84952594,61901538,74861072,240-01,240-01,3G
240,1,24001,41918709,56856269,12092068,240-01,240-01,3G
240,1,24001,51589608,26127906,64405279,240-01,240-01,3G
240,1,24001,65090647,76360396,49268831,240-01,240-01,3G
240,1,24001,89337334,75917428,57825135,240-01,240-01,5G
240,1,24001,69358806,66599357,70463502,240-01,240-01,5G
240,1,24001,70982767,28984462,82030529,240-01,240-01,3G
240,1,24001,61005512,29411116,66867899,240-01,240-01,3G
240,1,24001,94151342,31473303,67289592,240-01,240-01,3G
240,1,24001,63305567,76464009,17600130,240-01,240-01,3G
240,1,24001,82636596,25595879,42063307,240-01,240-01,5G
240,1,24001,55717419,85132137,77357768,240-01,240-01,5G
240,1,24001,42548740,81555503,31960956,240-01,240-01,5G
240,1,24001,10765076,70618570,64041343,240-01,240-01,5G
240,1,24001,33919004,10731289,47383936,240-01,240-01,3G
240,1,24001,25551246,37603267,93195718,240-01,240-01,3G
240,1,24001,27148430,98462080,18860023,240-01,240-01,4G
240,1,24001,53715552,54456166,35740078,240-01,240-01,4G
240,1,24001,46851769,28479493,10382029,240-01,240-01,4G
240,1,24001,27808211,14027889,22864567,240-01,240-01,4G
240,1,24001,53089878,39948863,60383357,240-01,240-01,4G
240,1,24001,88441318,79086286,86234446,240-01,240-01,4G
240,1,24001,37680927,33169891,13771722,240-01,240-01,3G
240,1,24001,81107194,68272070,65081295,240-01,240-01,3G
240,1,24001,97775377,93761281,70112844,240-01,240-01,5G
240,1,24001,80425532,28199246,94605417,240-01,240-01,5G
240,1,24001,28083183,70407365,24943342,240-01,240-01,4G
240,1,24001,73738585,33288201,42537823,240-01,240-01,4G
240,1,24001,49969529,96979238,88913155,240-01,240-01,5G
240,1,24001,18786170,29568374,82867167,240-01,240-01,5G
240,1,24001,74086722,15855120,68333410,240-01,240-01,5G
240,1,24001,66900890,85569674,89377902,240-01,240-01,5G
240,1,24001,82985444,96640192,42987533,240-01,240-01,4G
240,1,24001,64297125,73823657,99763788,240-01,240-01,4G
240,1,24001,59417772,15536567,29255818,240-01,240-01,3G
240,1,24001,48547976,13673364,78806789,240-01,240-01,3G
240,1,24001,39149581,24969693,96954925,240-01,240-01,3G
240,1,24001,87096225,45046381,30984780,240-01,240-01,3G
240,1,24001,18439085,69183105,53610367,240-01,240-01,5G
240,1,24001,15174625,98077587,23932263,240-01,240-01,5G
240,1,24001,84097004,13427136,81855925,240-01,240-01,3G
240,1,24001,16502177,37724604,42957672,240-01,240-01,3G
240,1,24001,20864989,42324648,70320251,240-01,240-01,4G
240,1,24001,58159411,17277930,79630970,240-01,240-01,4G
240,1,24001,32819157,88424867,62037730,240-01,240-01,3G
240,1,24001,79016828,94203049,96258412,240-01,240-01,3G
240,1,24001,58186050,46030692,73757897,240-01,240-01,5G
240,1,24001,87375160,33272085,12007475,240-01,240-01,5G
240,1,24001,17571127,86664800,67396462,240-01,240-01,5G
240,1,24001,60285007,81137626,76137007,240-01,240-01,5G
240,1,24001,66625039,34629034,65779184,240-01,240-01,5G
240,1,24001,83784811,68606964,27514682,240-01,240-01,5G
240,1,24001,58893424,55388795,25410381,240-01,240-01,4G
240,1,24001,43963293,95485966,63893134,240-01,240-01,4G
240,1,24001,15103821,77140154,94950759,240-01,240-01,4G
240,1,24001,79140163,54385429,58593988,240-01,240-01,4G
240,1,24001,81075055,47169272,55828626,240-01,240-01,5G
240,1,24001,85918029,99495591,95589670,240-01,240-01,5G
240,1,24001,97266577,78871537,22548994,240-01,240-01,5G
240,1,24001,14810852,58078113,70372171,240-01,240-01,5G
240,1,24001,57521810,33961107,81388348,240-01,240-01,4G
240,1,24001,34276931,15113545,42724454,240-01,240-01,4G
240,1,24001,61350320,68319824,87657532,240-01,240-01,5G
240,1,24001,31776019,55040740,10822285,240-01,240-01,5G
240,1,24001,43032538,49440818,70694559,240-01,240-01,4G
240,1,24001,74548320,52598120,41258953,240-01,240-01,4G
240,1,24001,15495648,12043890,55193125,240-01,240-01,5G
240,1,24001,12029858,95293476,36399599,240-01,240-01,5G
240,1,24001,81019575,20447779,94563047,240-01,240-01,5G
240,1,24001,55781949,94687384,36391661,240-01,240-01,5G
240,1,24001,57617347,85296900,52223551,240-01,240-01,4G
240,1,24001,66447039,92950630,71976795,240-01,240-01,4G
240,1,24001,56437297,22848153,16664175,240-01,240-01,3G
240,1,24001,16020544,48426971,50893544,240-01,240-01,3G
240,1,24001,64296038,90567273,38211412,240-01,240-01,5G
240,1,24001,89907716,35638186,88547944,240-01,240-01,5G
240,1,24001,80350493,94216921,70775283,240-01,240-01,4G
240,1,24001,74352800,57839423,11832855,240-01,240-01,4G
240,1,24001,52664256,38872758,54760989,240-01,240-01,4G
240,1,24001,94345336,82589161,16717089,240-01,240-01,4G
240,1,24001,69457004,14591856,51635720,240-01,240-01,5G
240,1,24001,30112803,70540696,85597254,240-01,240-01,5G
240,1,24001,86692380,12774127,40520198,240-01,240-01,3G
240,1,24001,24213885,70731528,67259722,240-01,240-01,3G
240,1,24001,29097958,17012661,71170781,240-01,240-01,3G
240,1,24001,69888036,54591630,95216777,240-01,240-01,3G
240,1,24001,34792127,60413801,55584808,240-01,240-01,5G
240,1,24001,97941683,33798490,85636407,240-01,240-01,5G
240,1,24001,50240546,96192287,73468156,240-01,240-01,5G
240,1,24001,18553829,76147367,71599488,240-01,240-01,5G
240,1,24001,90239979,96182446,74722592,240-01,240-01,4G
240,1,24001,84650209,20368439,99501574,240-01,240-01,4G
240,1,24001,81633943,20604176,33428158,240-01,240-01,3G
240,1,24001,24211243,86352220,60515929,240-01,240-01,3G
240,1,24001,77327605,13438373,53865651,240-01,240-01,4G
240,1,24001,23269506,40767250,85155703,240-01,240-01,4G
240,1,24001,23469515,41813041,50271666,240-01,240-01,3G
240,1,24001,85659275,59055146,73073799,240-01,240-01,3G
240,1,24001,34131894,32629458,94277548,240-01,240-01,3G
240,1,24001,64619166,57765101,36480147,240-01,240-01,3G
240,1,24001,66307443,47474255,97898130,240-01,240-01,5G
240,1,24001,30472434,21229825,35314864,240-01,240-01,5G
240,1,24001,83343024,88485973,36420234,240-01,240-01,3G
240,1,24001,93023745,34466799,86634657,240-01,240-01,3G
240,1,24001,41029256,44070430,91537802,240-01,240-01,5G
240,1,24001,85746133,36976772,28940026,240-01,240-01,5G
240,1,24001,40986616,95612064,21415239,240-01,240-01,5G
240,1,24001,66368931,19752011,37332876,240-01,240-01,5G
240,1,24001,53872637,75807596,70875840,240-01,240-01,4G
240,1,24001,84810543,57720145,82089712,240-01,240-01,4G
240,1,24001,82498923,65531778,49728243,240-01,240-01,5G
240,1,24001,53144997,92714371,28874667,240-01,240-01,5G
240,1,24001,87575700,55404511,35705119,240-01,240-01,5G
240,1,24001,96302209,60022168,59256120,240-01,240-01,5G
240,1,24001,41648525,18225556,87073959,240-01,240-01,4G
240,1,24001,80764964,12103339,59479703,240-01,240-01,4G
240,1,24001,33363841,11439426,93057243,240-01,240-01,5G
240,1,24001,43557930,34041984,52150401,240-01,240-01,5G
240,1,24001,15182760,67078708,18097054,240-01,240-01,4G
240,1,24001,99339143,81447401,39608359,240-01,240-01,4G
240,1,24001,94044848,12008523,65746782,240-01,240-01,4G
240,1,24001,52862290,96195592,87919771,240-01,240-01,4G
240,1,24001,72623879,91525591,65973678,240-01,240-01,5G
240,1,24001,28343398,32677407,28189772,240-01,240-01,5G
240,1,24001,40938063,49058333,34352462,240-01,240-01,5G
240,1,24001,93697960,62212730,17749580,240-01,240-01,5G
240,1,24001,89885254,82168208,94621308,240-01,240-01,3G
240,1,24001,81184482,45202115,52002354,240-01,240-01,3G
240,1,24001,69237978,96222543,10774731,240-01,240-01,5G
240,1,24001,17406821,88208369,17394458,240-01,240-01,5G
240,1,24001,67261378,79697696,70241217,240-01,240-01,3G
240,1,24001,49703229,15702169,16814985,240-01,240-01,3G
240,1,24001,18869534,58072771,25930670,240-01,240-01,3G
240,1,24001,64820990,91425554,10676063,240-01,240-01,3G
240,1,24001,83067039,54560230,59933960,240-01,240-01,5G
240,1,24001,14834567,28920528,79772374,240-01,240-01,5G
240,1,24001,17165605,31793825,13296738,240-01,240-01,3G
240,1,24001,11191073,20189835,99885663,240-01,240-01,3G
240,1,24001,86644190,30460697,48870020,240-01,240-01,5G
240,1,24001,94464216,96619036,27228672,240-01,240-01,5G
240,1,24001,60145919,29586377,46301339,240-01,240-01,3G
240,1,24001,46916582,70017634,84884845,240-01,240-01,3G
240,1,24001,30741872,48015119,44732737,240-01,240-01,3G
240,1,24001,36686378,27027321,84340691,240-01,240-01,3G
240,1,24001,19546914,26637628,90107005,240-01,240-01,3G
240,1,24001,31457048,86397609,85971990,240-01,240-01,3G
240,1,24001,41262921,56598085,81214885,240-01,240-01,4G
240,1,24001,32067798,67167175,58106329,240-01,240-01,4G
240,1,24001,68542394,61986762,48270346,240-01,240-01,4G
240,1,24001,27512645,29202891,59654304,240-01,240-01,4G
240,1,24001,90190077,93644910,53603900,240-01,240-01,3G
240,1,24001,99536325,76018206,51142622,240-01,240-01,3G
240,1,24001,68657473,18328305,94768230,240-01,240-01,4G
240,1,24001,90400358,91569167,50762984,240-01,240-01,4G
240,1,24001,88932998,20938575,83681185,240-01,240-01,4G
240,1,24001,26080973,96746512,65160735,240-01,240-01,4G
240,1,24001,52777819,23565995,85640642,240-01,240-01,3G
240,1,24001,13888474,59374866,95972455,240-01,240-01,3G
240,1,24001,63707003,69029445,90231478,240-01,240-01,5G
240,1,24001,71784071,19532953,81103109,240-01,240-01,5G
240,1,24001,28760280,13126244,48332559,240-01,240-01,4G
240,1,24001,58882355,73790076,91458644,240-01,240-01,4G
240,1,24001,63702906,89997099,52100008,240-01,240-01,3G
240,1,24001,91550584,99945464,49528133,240-01,240-01,3G
240,1,24001,26819449,50211579,23392393,240-01,240-01,4G
240,1,24001,99982097,53003287,20850510,240-01,240-01,4G
240,1,24001,89709622,83211871,89610279,240-01,240-01,3G
240,1,24001,27270148,92773360,23627758,240-01,240-01,3G
240,1,24001,17260665,20394468,10175129,240-01,240-01,4G
240,1,24001,19947116,22987195,33100711,240-01,240-01,4G
240,1,24001,53406682,40755323,60492884,240-01,240-01,5G
240,1,24001,90480731,88231060,20722203,240-01,240-01,5G
240,1,24001,88846410,62788270,83221831,240-01,240-01,4G
240,1,24001,40682511,34285201,11001053,240-01,240-01,4G
240,1,24001,15250938,40326816,30794993,240-01,240-01,5G
240,1,24001,55904293,90018851,52730112,240-01,240-01,5G
240,1,24001,68256285,77070460,92734693,240-01,240-01,5G
240,1,24001,84784841,94046448,93406728,240-01,240-01,5G
240,1,24001,56031099,18032744,24441610,240-01,240-01,5G
240,1,24001,13967345,74388228,89189667,240-01,240-01,5G
240,1,24001,20058810,68762471,36324242,240-01,240-01,4G
240,1,24001,66591596,78256464,13827548,240-01,240-01,4G
240,1,24001,47289669,64109087,73867258,240-01,240-01,3G
240,1,24001,73631210,29827238,59400411,240-01,240-01,3G
240,1,24001,27223956,93223006,88142105,240-01,240-01,4G
240,1,24001,27361073,77414334,64957623,240-01,240-01,4G
240,1,24001,22618913,12842603,57883270,240-01,240-01,5G
240,1,24001,74536535,51586068,76071996,240-01,240-01,5G
240,1,24001,49495365,31039399,20332528,240-01,240-01,3G
240,1,24001,13005662,47727254,51192766,240-01,240-01,3G
240,1,24001,88065706,69737454,80265025,240-01,240-01,5G
240,1,24001,64496571,94208466,92518415,240-01,240-01,5G
240,1,24001,44222521,83792363,13324089,240-01,240-01,4G
240,1,24001,10398028,22933545,87974700,240-01,240-01,4G
240,1,24001,10897072,89230888,24525289,240-01,240-01,5G
240,1,24001,34528505,92533930,53422931,240-01,240-01,5G
240,1,24001,24633965,69342736,52891677,240-01,240-01,5G
240,1,24001,56034863,64902268,38604207,240-01,240-01,5G
240,1,24001,88354930,71556410,16058162,240-01,240-01,4G
240,1,24001,60431350,79798287,48222329,240-01,240-01,4G
240,1,24001,75399509,53511031,25194856,240-01,240-01,3G
240,1,24001,14227364,77990911,89021250,240-01,240-01,3G
240,1,24001,77239611,49656456,28925413,240-01,240-01,4G
240,1,24001,85589255,17015928,72523401,240-01,240-01,4G
240,1,24001,32368385,18557055,63139364,240-01,240-01,4G
240,1,24001,86737210,20433927,95840039,240-01,240-01,4G
240,1,24001,26183759,72427424,21308181,240-01,240-01,5G
240,1,24001,66439738,76367576,93049295,240-01,240-01,5G
240,1,24001,58577513,83475638,19070373,240-01,240-01,3G
240,1,24001,99536120,70805779,54874794,240-01,240-01,3G
240,1,24001,82877134,71655266,26634084,240-01,240-01,5G
240,1,24001,10748560,65019430,63672596,240-01,240-01,5G
240,1,24001,26608463,68189446,63040068,240-01,240-01,5G
240,1,24001,76631136,99087316,78047518,240-01,240-01,5G
240,1,24001,84586827,66597263,66124985,240-01,240-01,5G
240,1,24001,75823398,93961831,37004457,240-01,240-01,5G
240,1,24001,14101393,65138479,50137268,240-01,240-01,4G
240,1,24001,77224156,85665427,51441710,240-01,240-01,4G
240,1,24001,89486755,78357907,91265854,240-01,240-01,5G
240,1,24001,34680743,75753868,64581401,240-01,240-01,5G
240,1,24001,39867167,71754894,82072938,240-01,240-01,3G
240,1,24001,51100105,57445401,78419497,240-01,240-01,3G
240,1,24001,82113146,77487931,75907897,240-01,240-01,5G
240,1,24001,93800029,55370480,81775968,240-01,240-01,5G
240,1,24001,53741397,13063047,75678970,240-01,240-01,3G
240,1,24001,20199688,84074941,77218651,240-01,240-01,3G
240,1,24001,67612439,90224960,87944524,240-01,240-01,5G
240,1,24001,91824594,88722321,62708153,240-01,240-01,5G
240,1,24001,12421697,30081465,64599695,240-01,240-01,3G
240,1,24001,96242372,88920382,42993729,240-01,240-01,3G
240,1,24001,82545194,89934583,51793579,240-01,240-01,3G
240,1,24001,57223125,19339386,99801940,240-01,240-01,3G
240,1,24001,38609503,42256143,78735583,240-01,240-01,4G
240,1,24001,22861980,38432171,27519099,240-01,240-01,4G
240,1,24001,52191968,80853631,24538312,240-01,240-01,5G
240,1,24001,89813161,45349603,89550367,240-01,240-01,5G
240,1,24001,20650419,83362620,36154861,240-01,240-01,4G
240,1,24001,72942918,17831818,62087379,240-01,240-01,4G
240,1,24001,18601490,29602734,15943452,240-01,240-01,4G
240,1,24001,20475603,24065079,69328216,240-01,240-01,4G
240,1,24001,31709903,15962722,17444451,240-01,240-01,4G
240,1,24001,56567724,60415927,57287334,240-01,240-01,4G
240,1,24001,89430141,65922959,53852025,240-01,240-01,3G
240,1,24001,64433919,63791471,13375465,240-01,240-01,3G
240,1,24001,91029814,12150393,51227737,240-01,240-01,5G
240,1,24001,46190990,89829755,38522800,240-01,240-01,5G
240,1,24001,11947010,68350303,81571183,240-01,240-01,5G
240,1,24001,60406475,67074259,87446513,240-01,240-01,5G
240,1,24001,69938227,89113128,46083032,240-01,240-01,3G
240,1,24001,31990394,65693552,92520762,240-01,240-01,3G
240,1,24001,23625940,34551957,44105770,240-01,240-01,5G
240,1,24001,46091166,68422491,67367696,240-01,240-01,5G
240,1,24001,36816946,70289476,30772235,240-01,240-01,4G
240,1,24001,49597310,95300814,93920065,240-01,240-01,4G
240,1,24001,94490125,67655068,88820226,240-01,240-01,5G
240,1,24001,23036791,38261119,84780544,240-01,240-01,5G
240,1,24001,28694855,62828881,33712116,240-01,240-01,5G
240,1,24001,36747856,41894931,38181540,240-01,240-01,5G
240,1,24001,14208471,62803895,52830131,240-01,240-01,3G
240,1,24001,93356751,79028984,89679131,240-01,240-01,3G
240,1,24001,66772071,19813028,98284443,240-01,240-01,4G
240,1,24001,85684153,39670898,95258366,240-01,240-01,4G
240,1,24001,64549170,34066329,40601485,240-01,240-01,5G
240,1,24001,30579296,47634021,68010455,240-01,240-01,5G
240,1,24001,89452953,33890325,71042496,240-01,240-01,5G
240,1,24001,39707911,74618999,71064388,240-01,240-01,5G
240,1,24001,12482917,72959082,57534682,240-01,240-01,5G
240,1,24001,39376056,58794681,97121829,240-01,240-01,5G
240,1,24001,15669317,56090885,21020505,240-01,240-01,4G
240,1,24001,77585341,32539561,46502672,240-01,240-01,4G
240,1,24001,54587007,33548938,33226634,240-01,240-01,3G
240,1,24001,82880437,33977368,75399508,240-01,240-01,3G
240,1,24001,37815119,32053025,98126020,240-01,240-01,4G
240,1,24001,17055121,21946924,93060144,240-01,240-01,4G
240,1,24001,72145753,74353102,35595382,240-01,240-01,5G
240,1,24001,68129517,93450955,84028678,240-01,240-01,5G
240,1,24001,88141164,16467994,92903974,240-01,240-01,4G
240,1,24001,68791780,84775795,40619552,240-01,240-01,4G
240,1,24001,14163301,42431829,46022059,240-01,240-01,5G
240,1,24001,47441349,27348268,56196062,240-01,240-01,5G
240,1,24001,67096922,78091803,78176976,240-01,240-01,5G
240,1,24001,67251381,96513308,55772418,240-01,240-01,5G
240,1,24001,28284850,62211957,92455152,240-01,240-01,3G
240,1,24001,68904149,68305726,95532896,240-01,240-01,3G
240,1,24001,15747326,38454542,53765127,240-01,240-01,3G
240,1,24001,69708444,37322346,91510750,240-01,240-01,3G
240,1,24001,71705433,98843887,60002199,240-01,240-01,3G
240,1,24001,19159033,34133706,86006607,240-01,240-01,3G
240,1,24001,71339011,88433640,75758678,240-01,240-01,4G
240,1,24001,89054105,95182556,82318116,240-01,240-01,4G
240,1,24001,28275083,11158163,85407757,240-01,240-01,4G
240,1,24001,83353829,59438913,84304089,240-01,240-01,4G
240,1,24001,70230731,16107964,26731526,240-01,240-01,4G
240,1,24001,10912285,43427898,32006333,240-01,240-01,4G
240,1,24001,80716421,17883157,25153174,240-01,240-01,3G
240,1,24001,30234796,49086258,18550189,240-01,240-01,3G
240,1,24001,52001305,45117465,31666469,240-01,240-01,4G
240,1,24001,88374559,69753364,39163781,240-01,240-01,4G
240,1,24001,85987047,39680563,35840002,240-01,240-01,4G
240,1,24001,99692238,54190276,37139795,240-01,240-01,4G
240,1,24001,13355776,55767151,45388436,240-01,240-01,3G
240,1,24001,48361081,49057098,42681311,240-01,240-01,3G
240,1,24001,67064324,68754577,15961017,240-01,240-01,4G
240,1,24001,71841727,97455434,33473835,240-01,240-01,4G
240,1,24001,83996826,63846610,25484861,240-01,240-01,3G
240,1,24001,99421692,48990884,91094767,240-01,240-01,3G
240,1,24001,95326367,21960648,61486382,240-01,240-01,3G
240,1,24001,80069862,85151314,25419638,240-01,240-01,3G
240,1,24001,39749069,27130680,12058345,240-01,240-01,3G
240,1,24001,21921713,36425521,54013207,240-01,240-01,3G
240,1,24001,49971255,10946364,72209561,240-01,240-01,5G
240,1,24001,34378827,61155345,68019129,240-01,240-01,5G
240,1,24001,70917011,50202662,68321011,240-01,240-01,3G
240,1,24001,51401618,40576739,62385294,240-01,240-01,3G
240,1,24001,31709097,15727571,80488890,240-01,240-01,4G
240,1,24001,62768144,40725393,57298789,240-01,240-01,4G
240,1,24001,36923566,76950521,83369727,240-01,240-01,5G
240,1,24001,13283558,35509592,82912612,240-01,240-01,5G
240,1,24001,75532787,93858513,44246118,240-01,240-01,3G
240,1,24001,42816592,39142337,91119757,240-01,240-01,3G
240,1,24001,15051329,74839704,44107376,240-01,240-01,5G
240,1,24001,45528952,74818201,90916670,240-01,240-01,5G
240,1,24001,23363163,49321713,66030271,240-01,240-01,4G
240,1,24001,24604816,71734815,19183445,240-01,240-01,4G
240,1,24001,97638956,64105959,17095520,240-01,240-01,4G
240,1,24001,36748948,98497753,10463182,240-01,240-01,4G
240,1,24001,42049375,75309692,93113816,240-01,240-01,3G
240,1,24001,38163380,91885972,20808209,240-01,240-01,3G
240,1,24001,80209987,37498838,54054636,240-01,240-01,5G
240,1,24001,59519622,93422907,56403150,240-01,240-01,5G
240,1,24001,12619883,43690190,22092407,240-01,240-01,5G
240,1,24001,14377809,46424133,99672844,240-01,240-01,5G
240,1,24001,10303943,28628177,97909782,240-01,240-01,5G
240,1,24001,60125839,99262898,42221332,240-01,240-01,5G
240,1,24001,42786160,57667698,45529515,240-01,240-01,5G
240,1,24001,55522952,41909795,82665552,240-01,240-01,5G
240,1,24001,91366521,63654212,95731853,240-01,240-01,4G
240,1,24001,65220948,17894735,70839980,240-01,240-01,4G
240,1,24001,58736442,11949700,28183098,240-01,240-01,3G
240,1,24001,13663821,39842622,82349487,240-01,240-01,3G
240,1,24001,61595789,45141165,48487048,240-01,240-01,4G
240,1,24001,96892841,52469732,76655185,240-01,240-01,4G
240,1,24001,68587850,13137473,86947727,240-01,240-01,4G
240,1,24001,38889849,60677417,91808842,240-01,240-01,4G
240,1,24001,21367054,58021626,40652504,240-01,240-01,4G
240,1,24001,37986007,65417706,62986052,240-01,240-01,4G
240,1,24001,78841251,71524165,73107169,240-01,240-01,5G
240,1,24001,84435401,98539926,15024208,240-01,240-01,5G
240,1,24001,97735596,99504219,46744849,240-01,240-01,5G
240,1,24001,51633484,64667996,84593469,240-01,240-01,5G
240,1,24001,62881880,55155350,59034930,240-01,240-01,5G
240,1,24001,13919402,31185245,11197752,240-01,240-01,5G
240,1,24001,56264152,10629728,52370677,240-01,240-01,4G
240,1,24001,29195979,77992059,38296772,240-01,240-01,4G
240,1,24001,34560186,86005418,22079670,240-01,240-01,5G
240,1,24001,24752368,11171205,78136734,240-01,240-01,5G
240,1,24001,40392724,27200579,71385119,240-01,240-01,3G
240,1,24001,82516319,77113887,96837509,240-01,240-01,3G
240,1,24001,24648469,90161607,71154326,240-01,240-01,4G
240,1,24001,67250643,85963124,20222907,240-01,240-01,4G
240,1,24001,41987574,90166652,82686788,240-01,240-01,3G
240,1,24001,57204311,33849961,41058725,240-01,240-01,3G
240,1,24001,97362325,60118159,15495903,240-01,240-01,5G
240,1,24001,58279872,86774441,67763608,240-01,240-01,5G
240,1,24001,23803992,82037220,86123321,240-01,240-01,5G
240,1,24001,65945380,56110221,95947112,240-01,240-01,5G
240,1,24001,56005591,99825700,75983619,240-01,240-01,4G
240,1,24001,40619963,15392915,87186132,240-01,240-01,4G
240,1,24001,92859418,15504321,72638677,240-01,240-01,3G
240,1,24001,35714080,37284746,27758001,240-01,240-01,3G
240,1,24001,93155200,75917854,35666979,240-01,240-01,5G
240,1,24001,81614769,70145929,25293917,240-01,240-01,5G
240,1,24001,19172345,85906369,99561055,240-01,240-01,3G
240,1,24001,12964494,33621448,75998454,240-01,240-01,3G
240,1,24001,37250091,68739836,71337661,240-01,240-01,3G
240,1,24001,67899497,70601386,82208808,240-01,240-01,3G
240,1,24001,26724339,33196476,63533035,240-01,240-01,3G
240,1,24001,48906980,67622610,11380088,240-01,240-01,3G
240,1,24001,75820825,76254360,71836926,240-01,240-01,4G
240,1,24001,18804351,42497873,34563911,240-01,240-01,4G
240,1,24001,86746533,84466438,74137664,240-01,240-01,5G
240,1,24001,88038500,76688323,70524405,240-01,240-01,5G
240,1,24001,33802113,51501181,94838815,240-01,240-01,5G
240,1,24001,96166163,44785467,80498147,240-01,240-01,5G
240,1,24001,65289206,26668751,67706387,240-01,240-01,4G
240,1,24001,90242386,29451730,29633118,240-01,240-01,4G
240,1,24001,71162908,21230489,91089083,240-01,240-01,4G
240,1,24001,39452707,28392245,78624728,240-01,240-01,4G
240,1,24001,98083895,79270992,99829741,240-01,240-01,4G
240,1,24001,46555185,93383693,16167983,240-01,240-01,4G
240,1,24001,38796993,97583434,54872946,240-01,240-01,5G
240,1,24001,39209746,11787676,82614486,240-01,240-01,5G
240,1,24001,57140554,26488865,70094441,240-01,240-01,4G
240,1,24001,24977178,33285895,44748036,240-01,240-01,4G
240,1,24001,54560500,63175666,46908057,240-01,240-01,5G
240,1,24001,27200523,93449822,57090209,240-01,240-01,5G
240,1,24001,48424590,59054051,30988249,240-01,240-01,5G
240,1,24001,11636882,46822151,18004697,240-01,240-01,5G
240,1,24001,87642378,74970365,60678332,240-01,240-01,3G
240,1,24001,25617256,39517098,32648144,240-01,240-01,3G
240,1,24001,28625084,56512528,14200036,240-01,240-01,3G
240,1,24001,96939226,24039228,69331577,240-01,240-01,3G
240,1,24001,19061282,81691672,12001878,240-01,240-01,5G
240,1,24001,76269365,31307464,27080750,240-01,240-01,5G
240,1,24001,38152767,11577107,18795127,240-01,240-01,4G
240,1,24001,88543661,91609705,57391052,240-01,240-01,4G
240,1,24001,95823587,26186240,83337800,240-01,240-01,4G
240,1,24001,98838092,47210405,93196974,240-01,240-01,4G
240,1,24001,80864619,43546188,85817713,240-01,240-01,5G
240,1,24001,99926754,74102585,14555067,240-01,240-01,5G
240,1,24001,29219330,14228632,14028109,240-01,240-01,3G
240,1,24001,97501322,52560937,96374280,240-01,240-01,3G
240,1,24001,60832303,93225281,54534055,240-01,240-01,5G
240,1,24001,29976625,59469706,11420434,240-01,240-01,5G
240,1,24001,37979599,59967392,66741678,240-01,240-01,3G
240,1,24001,34482462,33735600,71737109,240-01,240-01,3G
240,1,24001,84242486,88756281,68394614,240-01,240-01,4G
240,1,24001,12388202,83854050,46490591,240-01,240-01,4G
240,1,24001,63574930,22570244,85185265,240-01,240-01,3G
240,1,24001,67865773,25067771,26987274,240-01,240-01,3G
240,1,24001,50985454,84260890,94890860,240-01,240-01,3G
240,1,24001,28433100,48391180,10822337,240-01,240-01,3G
240,1,24001,95549875,19134815,88031760,240-01,240-01,5G
240,1,24001,15612110,60170524,36024769,240-01,240-01,5G
240,1,24001,73246131,94073771,12508912,240-01,240-01,5G
240,1,24001,89194298,39869862,48237153,240-01,240-01,5G
240,1,24001,98447620,78053143,25657373,240-01,240-01,5G
240,1,24001,61265104,82561755,43146613,240-01,240-01,5G
240,1,24001,42538834,23732219,71253734,240-01,240-01,3G
240,1,24001,66800770,47360547,20169678,240-01,240-01,3G
240,1,24001,49207105,42475504,83302649,240-01,240-01,4G
240,1,24001,10514453,60620783,11995071,240-01,240-01,4G
240,1,24001,43496453,83011998,15101769,240-01,240-01,5G
240,1,24001,48332900,81178707,33338398,240-01,240-01,5G
240,1,24001,14134188,32455281,28120598,240-01,240-01,4G
240,1,24001,14105321,73077098,14121564,240-01,240-01,4G
240,1,24001,40336071,59140951,62492025,240-01,240-01,5G
240,1,24001,59798297,23773014,79787457,240-01,240-01,5G
240,1,24001,37632379,11889945,14765581,240-01,240-01,3G
240,1,24001,33538911,55236529,82185900,240-01,240-01,3G
240,1,24001,49660804,62388650,27339709,240-01,240-01,3G
240,1,24001,99994902,32202383,93025058,240-01,240-01,3G
240,1,24001,83266746,29914975,38708312,240-01,240-01,4G
240,1,24001,93922171,19557116,71226967,240-01,240-01,4G
240,1,24001,19842188,35793563,23282555,240-01,240-01,4G
240,1,24001,74060433,93137396,26819645,240-01,240-01,4G
240,1,24001,93488735,27818644,17871203,240-01,240-01,5G
240,1,24001,32395840,97626697,40193001,240-01,240-01,5G
240,1,24001,96207914,96347278,62040743,240-01,240-01,3G
240,1,24001,26242801,78327320,86316726,240-01,240-01,3G
240,1,24001,21186130,35433209,61091085,240-01,240-01,5G
240,1,24001,52223768,75003521,92954660,240-01,240-01,5G
240,1,24001,40897922,44294490,94297566,240-01,240-01,4G
240,1,24001,97048355,97887554,12043890,240-01,240-01,4G
240,1,24001,46697140,98261728,69383831,240-01,240-01,3G
240,1,24001,40687905,39760963,87102403,240-01,240-01,3G
240,1,24001,71854668,56078314,80789162,240-01,240-01,5G
240,1,24001,49376585,54522025,28342976,240-01,240-01,5G
240,1,24001,68478529,14465966,28774612,240-01,240-01,3G
240,1,24001,88271540,34503064,36273857,240-01,240-01,3G
240,1,24001,43998651,30225409,46903904,240-01,240-01,5G
240,1,24001,35575869,93972296,24163227,240-01,240-01,5G
240,1,24001,48139217,20829637,60251722,240-01,240-01,5G
240,1,24001,23873287,15788586,20446998,240-01,240-01,5G
240,1,24001,69029788,30402850,64868848,240-01,240-01,5G
240,1,24001,22081603,53651182,90381351,240-01,240-01,5G
240,1,24001,41461173,18157507,49285475,240-01,240-01,3G
240,1,24001,30296134,11714889,90720277,240-01,240-01,3G
240,1,24001,57818508,45782740,44769953,240-01,240-01,4G
240,1,24001,77094989,80452311,59411186,240-01,240-01,4G
240,1,24001,48971431,57480888,97068586,240-01,240-01,5G
240,1,24001,13256140,12519026,84088069,240-01,240-01,5G
240,1,24001,51098331,71858476,37028355,240-01,240-01,3G
240,1,24001,94247765,42967829,50804906,240-01,240-01,3G
240,1,24001,92199683,78785504,95432696,240-01,240-01,4G
240,1,24001,87232127,52952303,97198042,240-01,240-01,4G
240,1,24001,57524611,91152566,30948372,240-01,240-01,4G
240,1,24001,91471620,77963474,52953007,240-01,240-01,4G
240,1,24001,10535817,74440239,55716319,240-01,240-01,5G
240,1,24001,24957864,84522133,36190057,240-01,240-01,5G
240,1,24001,96517218,19346082,63069190,240-01,240-01,4G
240,1,24001,21513821,15293789,29296153,240-01,240-01,4G
240,1,24001,54239838,74552226,36309812,240-01,240-01,3G
240,1,24001,54514619,68249730,20727150,240-01,240-01,3G
240,1,24001,77889668,48157424,70616500,240-01,240-01,3G
240,1,24001,71520356,77650467,96379854,240-01,240-01,3G
240,1,24001,11914412,90409305,17284301,240-01,240-01,4G
240,1,24001,92356550,43725663,60214390,240-01,240-01,4G
240,1,24001,34525170,41409147,65011201,240-01,240-01,5G
240,1,24001,39003956,76463729,96328926,240-01,240-01,5G
240,1,24001,98741489,12094509,13406027,240-01,240-01,3G
240,1,24001,93193670,41825773,12539696,240-01,240-01,3G
240,1,24001,93426147,63894738,40526632,240-01,240-01,5G
240,1,24001,12570661,61894699,53037810,240-01,240-01,5G
240,1,24001,15970043,98613999,33369226,240-01,240-01,5G
240,1,24001,14923347,20896634,22079103,240-01,240-01,5G
240,1,24001,58829763,75060156,73626550,240-01,240-01,4G
240,1,24001,75788201,99919988,15909500,240-01,240-01,4G
240,1,24001,12784248,18058166,45760302,240-01,240-01,3G
240,1,24001,14152894,14075042,74357851,240-01,240-01,3G
240,1,24001,82206593,95021222,16103339,240-01,240-01,5G
240,1,24001,16723021,63083324,21584379,240-01,240-01,5G
240,1,24001,27775986,93864135,98235425,240-01,240-01,5G
240,1,24001,83737447,90578928,65820731,240-01,240-01,5G
240,1,24001,27981739,39805110,10762852,240-01,240-01,5G
240,1,24001,99814002,82336884,70079135,240-01,240-01,5G
240,1,24001,63231765,12935612,35166392,240-01,240-01,4G
240,1,24001,52752208,80136042,55140540,240-01,240-01,4G
240,1,24001,67238933,81706326,54588874,240-01,240-01,3G
240,1,24001,26838442,49502785,41091760,240-01,240-01,3G
240,1,24001,66715235,19886561,90982454,240-01,240-01,4G
240,1,24001,12416794,73112626,70463063,240-01,240-01,4G
240,1,24001,84946030,60045883,45047270,240-01,240-01,5G
240,1,24001,40624395,17337247,75413918,240-01,240-01,5G
240,1,24001,40128647,85272798,99653513,240-01,240-01,5G
240,1,24001,49168849,55519239,63354232,240-01,240-01,5G
240,1,24001,29444208,12342124,48671482,240-01,240-01,5G
240,1,24001,37489206,50210564,52904169,240-01,240-01,5G
240,1,24001,53984761,92467218,42187213,240-01,240-01,4G
240,1,24001,96909169,82660523,18494316,240-01,240-01,4G
240,1,24001,22340872,45101227,39925819,240-01,240-01,3G
240,1,24001,27166678,71038157,94220046,240-01,240-01,3G
240,1,24001,12332580,65955674,46284838,240-01,240-01,5G
240,1,24001,96673940,33268939,36136692,240-01,240-01,5G
240,1,24001,58108969,78625693,10256566,240-01,240-01,4G
240,1,24001,74813702,74721652,87707387,240-01,240-01,4G
240,1,24001,21572920,12765019,27193792,240-01,240-01,3G
240,1,24001,67257546,28967545,37155001,240-01,240-01,3G
240,1,24001,14158916,82046065,26981278,240-01,240-01,3G
240,1,24001,49831481,24399619,50550092,240-01,240-01,3G
240,1,24001,49511524,79224277,43760852,240-01,240-01,3G
240,1,24001,95694465,41634755,21674351,240-01,240-01,3G
240,1,24001,88385772,46980618,45091149,240-01,240-01,3G
240,1,24001,90364210,31038378,43841125,240-01,240-01,3G
240,1,24001,88559654,39110522,29537928,240-01,240-01,3G
240,1,24001,21345909,16928579,93386796,240-01,240-01,3G
240,1,24001,99729811,54010615,96967753,240-01,240-01,4G
240,1,24001,27745908,61697343,78696497,240-01,240-01,4G
240,1,24001,30321830,84031744,22658047,240-01,240-01,4G
240,1,24001,35485192,24420574,60362067,240-01,240-01,4G
240,1,24001,57949453,27943956,66885460,240-01,240-01,4G
240,1,24001,49889795,88174295,17529342,240-01,240-01,4G
240,1,24001,50740701,86737171,26751672,240-01,240-01,4G
240,1,24001,27687662,30399062,23473211,240-01,240-01,4G
240,1,24001,38866297,63547246,25531735,240-01,240-01,4G
240,1,24001,92101294,22498298,98386371,240-01,240-01,4G
240,1,24001,58276149,39177522,62772709,240-01,240-01,3G
240,1,24001,92160171,33686794,66412687,240-01,240-01,3G
240,1,24001,16126540,44194591,20312473,240-01,240-01,3G
240,1,24001,60797235,42593985,99694446,240-01,240-01,3G
240,1,24001,56128247,21233935,72439332,240-01,240-01,3G
240,1,24001,55344954,74909427,66852239,240-01,240-01,3G
240,1,24001,68677765,18917355,80773310,240-01,240-01,3G
240,1,24001,17474260,11337971,54439774,240-01,240-01,3G
240,1,24001,93479452,20325164,35741395,240-01,240-01,4G
240,1,24001,67848278,32368448,37340291,240-01,240-01,4G
240,1,24001,64288604,84762894,14846030,240-01,240-01,4G
240,1,24001,14109800,47573792,67318897,240-01,240-01,4G
240,1,24001,33576324,51570531,74717985,240-01,240-01,3G
240,1,24001,76667912,55591880,22962430,240-01,240-01,3G
240,1,24001,57340400,55346292,68566286,240-01,240-01,4G
240,1,24001,24530417,18391204,58338995,240-01,240-01,4G
240,1,24001,94146498,58115231,76739178,240-01,240-01,3G
240,1,24001,69686209,58151127,77123517,240-01,240-01,3G
240,1,24001,33529755,83885262,34275979,240-01,240-01,5G
240,1,24001,19082057,79936621,50277547,240-01,240-01,5G
240,1,24001,17568206,72770103,76777372,240-01,240-01,4G
240,1,24001,34516124,56963274,92713410,240-01,240-01,4G
240,1,24001,55663186,15731624,39484804,240-01,240-01,5G
240,1,24001,60155481,22971659,65139415,240-01,240-01,5G
240,1,24001,77230928,55875808,78211653,240-01,240-01,4G
240,1,24001,34353381,71369514,80771370,240-01,240-01,4G
240,1,24001,15936812,66273148,16000341,240-01,240-01,4G
240,1,24001,88177508,13721578,71097143,240-01,240-01,4G
240,1,24001,75122895,37085203,25337659,240-01,240-01,4G
240,1,24001,97663193,64970673,19297878,240-01,240-01,4G
240,1,24001,60957320,46593881,71123147,240-01,240-01,4G
240,1,24001,33172616,66722555,19087193,240-01,240-01,4G
240,1,24001,12269584,61151236,28745100,240-01,240-01,3G
240,1,24001,60507522,99598186,28237774,240-01,240-01,3G
240,1,24001,21375467,54196477,94829471,240-01,240-01,4G
240,1,24001,15445468,21000949,86837014,240-01,240-01,4G
240,1,24001,48508981,47146019,97699403,240-01,240-01,5G
240,1,24001,17740967,74402615,68831020,240-01,240-01,5G
240,1,24001,64558446,94203371,83104963,240-01,240-01,5G
240,1,24001,63780893,63208000,87690034,240-01,240-01,5G
240,1,24001,45666488,66356248,93143926,240-01,240-01,5G
240,1,24001,70890585,64331922,28164158,240-01,240-01,5G
240,1,24001,27139922,52178130,97806650,240-01,240-01,5G
240,1,24001,18307484,94777554,80098918,240-01,240-01,5G
240,1,24001,61726852,24002791,73745492,240-01,240-01,4G
240,1,24001,87464401,45985289,92196184,240-01,240-01,4G
240,1,24001,51956161,21716971,54378269,240-01,240-01,5G
240,1,24001,67414949,43949584,73689969,240-01,240-01,5G
240,1,24001,98253499,89151844,91758191,240-01,240-01,4G
240,1,24001,87806387,70211857,81920616,240-01,240-01,4G
240,1,24001,51938010,50533759,67879877,240-01,240-01,5G
240,1,24001,50883211,92749393,30298794,240-01,240-01,5G
240,1,24001,58155209,14403359,56928804,240-01,240-01,4G
240,1,24001,84132870,47940799,61370957,240-01,240-01,4G
240,1,24001,39749351,81838292,28607608,240-01,240-01,3G
240,1,24001,86802133,45884741,44395012,240-01,240-01,3G
240,1,24001,64070142,96801110,67823379,240-01,240-01,4G
240,1,24001,54396563,41931036,80160187,240-01,240-01,4G
240,1,24001,94857989,57674509,91944074,240-01,240-01,4G
240,1,24001,94141726,15074553,45120073,240-01,240-01,4G
240,1,24001,85061749,45815939,69673649,240-01,240-01,5G
240,1,24001,71855128,48048593,21446861,240-01,240-01,5G
240,1,24001,16170615,66324198,71557833,240-01,240-01,3G
240,1,24001,46056264,13867956,29762521,240-01,240-01,3G
240,1,24001,31497699,16443207,49863554,240-01,240-01,3G
240,1,24001,16258161,92470236,95648441,240-01,240-01,3G
240,1,24001,52676161,14844059,93983543,240-01,240-01,4G
240,1,24001,96126943,57932548,33277128,240-01,240-01,4G
240,1,24001,13041681,47626198,11296669,240-01,240-01,3G
240,1,24001,60514349,94987302,49349534,240-01,240-01,3G
240,1,24001,57289536,52340984,95716667,240-01,240-01,5G
240,1,24001,20459960,85564260,96110760,240-01,240-01,5G
240,1,24001,73065645,20178888,79318020,240-01,240-01,5G
240,1,24001,98731984,14492818,43813475,240-01,240-01,5G
240,1,24001,96550908,92280225,33821779,240-01,240-01,3G
240,1,24001,97911777,35054476,10493502,240-01,240-01,3G
240,1,24001,97212862,42637837,74178868,240-01,240-01,5G
240,1,24001,74130098,95412236,90307853,240-01,240-01,5G
240,1,24001,76260373,35404773,23243250,240-01,240-01,5G
240,1,24001,21229671,26870499,31555646,240-01,240-01,5G
240,1,24001,79782467,97440997,95144086,240-01,240-01,5G
240,1,24001,74453442,30495779,23215039,240-01,240-01,5G
240,1,24001,51543792,15224884,32163897,240-01,240-01,4G
240,1,24001,51579264,60899617,24207919,240-01,240-01,4G
240,1,24001,36217355,90548611,37915193,240-01,240-01,3G
240,1,24001,85052711,39983487,95780465,240-01,240-01,3G
240,1,24001,77874662,62404278,22826801,240-01,240-01,3G
240,1,24001,82749987,66851273,38308849,240-01,240-01,3G
240,1,24001,36174154,60238110,47042716,240-01,240-01,3G
240,1,24001,60144677,30812737,34500335,240-01,240-01,3G
240,1,24001,73172301,68375995,40253047,240-01,240-01,5G
240,1,24001,13057250,34889456,89596180,240-01,240-01,5G
240,1,24001,46100310,87073258,39748996,240-01,240-01,4G
240,1,24001,83688971,50079354,63094753,240-01,240-01,4G
240,1,24001,28026690,73355076,49682688,240-01,240-01,4G
240,1,24001,95194036,14281807,36607211,240-01,240-01,4G
240,1,24001,30429019,11620167,25814485,240-01,240-01,3G
240,1,24001,70669840,11508060,71063791,240-01,240-01,3G
240,1,24001,79779938,35250604,81739055,240-01,240-01,3G
240,1,24001,65762231,87274678,12073705,240-01,240-01,3G
240,1,24001,42298906,67033513,83359475,240-01,240-01,4G
240,1,24001,29987303,55306008,60406676,240-01,240-01,4G
240,1,24001,19948060,60521615,17939816,240-01,240-01,5G
240,1,24001,78768349,45963818,38326072,240-01,240-01,5G
240,1,24001,43309062,24111705,94681908,240-01,240-01,4G
240,1,24001,23548340,69645084,66186996,240-01,240-01,4G
240,1,24001,41282707,48977440,95579915,240-01,240-01,5G
240,1,24001,92880575,95069684,34598262,240-01,240-01,5G
240,1,24001,15827226,72999931,56338575,240-01,240-01,5G
240,1,24001,22921297,62348439,38975098,240-01,240-01,5G
240,1,24001,55955110,28380641,51541600,240-01,240-01,3G
240,1,24001,70574828,54124741,23639826,240-01,240-01,3G
240,1,24001,33159329,92298586,87284662,240-01,240-01,4G
240,1,24001,20986030,81045264,23945573,240-01,240-01,4G
240,1,24001,15682313,27172974,26288539,240-01,240-01,3G
240,1,24001,36612960,29848729,55765456,240-01,240-01,3G
240,1,24001,60500367,70193466,73558258,240-01,240-01,3G
240,1,24001,75255555,27293093,17386342,240-01,240-01,3G
240,1,24001,87055095,28826523,62557016,240-01,240-01,5G
240,1,24001,74067710,48287397,54267848,240-01,240-01,5G
240,1,24001,96864111,40475289,45790538,240-01,240-01,3G
240,1,24001,59880361,16440949,58355430,240-01,240-01,3G
240,1,24001,89890687,72730813,43979642,240-01,240-01,5G
240,1,24001,75228941,44351447,68300033,240-01,240-01,5G
240,1,24001,44379485,17883291,85180892,240-01,240-01,3G
240,1,24001,10007127,12230433,34032968,240-01,240-01,3G
240,1,24001,37727060,70591972,72512510,240-01,240-01,4G
240,1,24001,95024250,31335267,99908880,240-01,240-01,4G
240,1,24001,89825026,43055203,31677063,240-01,240-01,3G
240,1,24001,95468481,10899662,37935397,240-01,240-01,3G
240,1,24001,18199045,10036166,81620002,240-01,240-01,3G
240,1,24001,72458862,15862219,76791916,240-01,240-01,3G
240,1,24001,86282208,99105169,45057783,240-01,240-01,3G
240,1,24001,67182972,43710048,42396819,240-01,240-01,3G
240,1,24001,83778828,86275137,60887243,240-01,240-01,4G
240,1,24001,13922634,29149981,75848957,240-01,240-01,4G
240,1,24001,28474993,49738938,67643914,240-01,240-01,4G
240,1,24001,56139108,88214369,97450534,240-01,240-01,4G
240,1,24001,95229082,17123777,87686267,240-01,240-01,5G
240,1,24001,99469477,67324113,91149730,240-01,240-01,5G
240,1,24001,61873468,71625649,75415522,240-01,240-01,5G
240,1,24001,60654077,67257421,69975824,240-01,240-01,5G
240,1,24001,46588977,43495163,11409482,240-01,240-01,4G
240,1,24001,99535815,20768173,16832100,240-01,240-01,4G
240,1,24001,70609421,82105913,65393535,240-01,240-01,4G
240,1,24001,70028614,30160389,16484230,240-01,240-01,4G
240,1,24001,83406530,33077320,16299244,240-01,240-01,3G
240,1,24001,33693668,94782742,25532897,240-01,240-01,3G
240,1,24001,34861536,60690573,15287185,240-01,240-01,5G
240,1,24001,96204421,73320987,73285284,240-01,240-01,5G
240,1,24001,93618398,12278138,37341918,240-01,240-01,4G
240,1,24001,26176198,86665891,86413376,240-01,240-01,4G
240,1,24001,48088818,48323027,47836676,240-01,240-01,4G
240,1,24001,84175140,43957947,16947030,240-01,240-01,4G
240,1,24001,38889554,58582759,91197197,240-01,240-01,3G
240,1,24001,62006776,43347218,92398135,240-01,240-01,3G
240,1,24001,87613851,45520780,64502313,240-01,240-01,4G
240,1,24001,33318111,50676781,77089063,240-01,240-01,4G
240,1,24001,68085075,49848161,40914278,240-01,240-01,5G
240,1,24001,76561242,57930739,93908335,240-01,240-01,5G
240,1,24001,30788396,61333538,18129319,240-01,240-01,5G
240,1,24001,34374585,67123492,46725797,240-01,240-01,5G
240,1,24001,18116979,88169964,35694986,240-01,240-01,4G
240,1,24001,50831839,27192012,64709350,240-01,240-01,4G
240,1,24001,95492575,84665704,63368766,240-01,240-01,5G
240,1,24001,22414610,99213576,91344175,240-01,240-01,5G
240,1,24001,55545397,37868736,46162358,240-01,240-01,4G
240,1,24001,99978044,30122754,51950276,240-01,240-01,4G
240,1,24001,72655597,29108421,61495099,240-01,240-01,4G
240,1,24001,98285678,12358306,49902882,240-01,240-01,4G
240,1,24001,81536117,59549098,69636814,240-01,240-01,5G
240,1,24001,61072769,30469480,19271736,240-01,240-01,5G
240,1,24001,65354911,53361510,11148934,240-01,240-01,5G
240,1,24001,27794969,88230098,45619853,240-01,240-01,5G
240,1,24001,59069091,87433846,22355375,240-01,240-01,3G
240,1,24001,42654926,27535644,22236348,240-01,240-01,3G
240,1,24001,62770345,29758671,58568466,240-01,240-01,4G
240,1,24001,28005616,86823521,74380864,240-01,240-01,4G
240,1,24001,98145438,30982779,84672384,240-01,240-01,3G
240,1,24001,71378229,31636885,22890855,240-01,240-01,3G
240,1,24001,40267229,57715702,44569949,240-01,240-01,4G
240,1,24001,82084847,66296385,11243634,240-01,240-01,4G
240,1,24001,36091878,61840468,89978017,240-01,240-01,4G
240,1,24001,25277108,56505811,79297916,240-01,240-01,4G
240,1,24001,49738959,22011523,47830924,240-01,240-01,4G
240,1,24001,81671210,26190216,81825878,240-01,240-01,4G
240,1,24001,76991218,86386278,98219784,240-01,240-01,4G
240,1,24001,90031581,23035269,27193497,240-01,240-01,4G
240,1,24001,98125229,17150337,97172825,240-01,240-01,4G
240,1,24001,50176753,82755388,82602037,240-01,240-01,4G
240,1,24001,40068268,11881892,33243695,240-01,240-01,5G
240,1,24001,12795748,26466438,92777991,240-01,240-01,5G
240,1,24001,18000059,77324410,93293142,240-01,240-01,4G
240,1,24001,16128155,50489489,68233096,240-01,240-01,4G
240,1,24001,50905036,66740289,69259999,240-01,240-01,4G
240,1,24001,61919408,28761257,18879773,240-01,240-01,4G
240,1,24001,18355589,41333072,51879532,240-01,240-01,3G
240,1,24001,46936323,84055257,72698145,240-01,240-01,3G
240,1,24001,46886085,37842570,47688851,240-01,240-01,3G
240,1,24001,65548601,28886703,52339491,240-01,240-01,3G
240,1,24001,47777579,93000835,66450704,240-01,240-01,3G
240,1,24001,76037839,31120231,33461202,240-01,240-01,3G
240,1,24001,10912608,55100490,12159959,240-01,240-01,5G
240,1,24001,71207176,28347927,45847144,240-01,240-01,5G
240,1,24001,36852676,15559520,82149405,240-01,240-01,4G
240,1,24001,51837014,64696045,88480778,240-01,240-01,4G
240,1,24001,61229120,52461753,31362099,240-01,240-01,5G
240,1,24001,92093517,35814242,31914805,240-01,240-01,5G
240,1,24001,35596920,24367829,50610244,240-01,240-01,4G
240,1,24001,42277608,11839214,49000917,240-01,240-01,4G
240,1,24001,66621034,98263633,57282387,240-01,240-01,4G
240,1,24001,12052938,60981957,49005564,240-01,240-01,4G
240,1,24001,37571781,41841688,11577925,240-01,240-01,4G
240,1,24001,94661552,49726840,83072642,240-01,240-01,4G
240,1,24001,41513351,26131070,72375494,240-01,240-01,4G
240,1,24001,44924155,69034808,54464901,240-01,240-01,4G
240,1,24001,93530092,39850349,22196746,240-01,240-01,5G
240,1,24001,99599399,13432363,22054113,240-01,240-01,5G
240,1,24001,74467742,15869752,81872520,240-01,240-01,4G
240,1,24001,46109789,32426060,33117778,240-01,240-01,4G
240,1,24001,12970104,44426339,67063067,240-01,240-01,3G
240,1,24001,77554678,49942669,41649308,240-01,240-01,3G
240,1,24001,88986053,11139995,28881311,240-01,240-01,5G
240,1,24001,47421718,24174373,69874584,240-01,240-01,5G
240,1,24001,95290754,91350181,26064620,240-01,240-01,5G
240,1,24001,68138240,72006003,13327690,240-01,240-01,5G
240,1,24001,19040814,17137586,46371236,240-01,240-01,4G
240,1,24001,39536483,25701463,76475499,240-01,240-01,4G
240,1,24001,52730662,14633499,12095168,240-01,240-01,3G
240,1,24001,45240638,56079522,41813716,240-01,240-01,3G
240,1,24001,13436022,37888824,25034296,240-01,240-01,5G
240,1,24001,52006736,50966760,64953963,240-01,240-01,5G
240,1,24001,59323767,76993817,74372627,240-01,240-01,4G
240,1,24001,58691324,16881364,62555405,240-01,240-01,4G
240,1,24001,80786439,57565518,31121564,240-01,240-01,4G
240,1,24001,66662715,12207617,47552547,240-01,240-01,4G
240,1,24001,95458831,88638064,77797178,240-01,240-01,4G
240,1,24001,32718807,28288784,61988023,240-01,240-01,4G
240,1,24001,44238523,58419069,89524205,240-01,240-01,3G
240,1,24001,90588724,90045562,49228370,240-01,240-01,3G
240,1,24001,31855990,61869554,69349774,240-01,240-01,4G
240,1,24001,96223131,86207603,22971161,240-01,240-01,4G
240,1,24001,14871792,92586425,30168163,240-01,240-01,5G
240,1,24001,42697369,27886934,20688879,240-01,240-01,5G
240,1,24001,67500579,59093894,85120482,240-01,240-01,4G
240,1,24001,18894503,83995907,54345240,240-01,240-01,4G
240,1,24001,97840234,57016812,53994584,240-01,240-01,5G
240,1,24001,51537360,88798316,49303421,240-01,240-01,5G
240,1,24001,83491118,25212598,64881810,240-01,240-01,5G
240,1,24001,94765850,96516229,30729299,240-01,240-01,5G
240,1,24001,30584217,78822032,11014449,240-01,240-01,5G
240,1,24001,59276136,47546556,73255735,240-01,240-01,5G
240,1,24001,85155937,45529847,55162154,240-01,240-01,5G
240,1,24001,11352419,68390901,44488241,240-01,240-01,5G
240,1,24001,99914801,79980014,74339932,240-01,240-01,4G
240,1,24001,43900752,77506310,71690440,240-01,240-01,4G
240,1,24001,71354928,64531570,60885570,240-01,240-01,3G
240,1,24001,58550351,75765388,56859147,240-01,240-01,3G
240,1,24001,94196012,74533772,49961750,240-01,240-01,5G
240,1,24001,59442459,69492844,89914944,240-01,240-01,5G
240,1,24001,45634388,86230692,29756843,240-01,240-01,4G
240,1,24001,91610367,41535509,18519904,240-01,240-01,4G
240,1,24001,70293844,10915204,61791522,240-01,240-01,4G
240,1,24001,14364020,37810820,19731584,240-01,240-01,4G
240,1,24001,70329695,13391743,74090756,240-01,240-01,4G
240,1,24001,68477841,89766135,98985563,240-01,240-01,4G
240,1,24001,32195528,37864939,27846194,240-01,240-01,3G
240,1,24001,78716053,70440689,71901599,240-01,240-01,3G
240,1,24001,54499895,26301995,11343777,240-01,240-01,4G
240,1,24001,53316334,65901900,13385199,240-01,240-01,4G
240,1,24001,23291191,76521211,73348942,240-01,240-01,4G
240,1,24001,80015638,78534291,71496033,240-01,240-01,4G
240,1,24001,69427569,34957870,20015429,240-01,240-01,4G
240,1,24001,13836685,58552080,60062710,240-01,240-01,4G
240,1,24001,81026031,83176680,65932833,240-01,240-01,3G
240,1,24001,41816772,66237733,34703560,240-01,240-01,3G
240,1,24001,37462350,42041761,67739465,240-01,240-01,5G
240,1,24001,32746319,71310761,92032801,240-01,240-01,5G
240,1,24001,54626284,34466663,39379088,240-01,240-01,3G
240,1,24001,27704930,36668266,65521158,240-01,240-01,3G
240,1,24001,28201684,88837397,80695035,240-01,240-01,3G
240,1,24001,81295701,12639867,67236672,240-01,240-01,3G
240,1,24001,61434936,88324294,39247091,240-01,240-01,3G
240,1,24001,76230208,94445390,99163854,240-01,240-01,3G
240,1,24001,10082442,80743445,44174142,240-01,240-01,4G
240,1,24001,18949019,48976456,96373651,240-01,240-01,4G
240,1,24001,43384723,70144389,44908276,240-01,240-01,5G
240,1,24001,27898153,33410245,41706101,240-01,240-01,5G
240,1,24001,91817639,88933007,83343182,240-01,240-01,3G
240,1,24001,21920433,48455739,60801534,240-01,240-01,3G
240,1,24001,10106576,44893396,90556601,240-01,240-01,3G
240,1,24001,53965097,18970528,87631189,240-01,240-01,3G
240,1,24001,94768690,58451005,97967360,240-01,240-01,5G
240,1,24001,58765332,42402514,82329571,240-01,240-01,5G
240,1,24001,55246829,62047872,51167405,240-01,240-01,5G
240,1,24001,14404110,15696171,50439237,240-01,240-01,5G
240,1,24001,80596285,65981229,22732189,240-01,240-01,3G
240,1,24001,31189257,43339654,32852424,240-01,240-01,3G
240,1,24001,82194996,71884519,54710168,240-01,240-01,5G
240,1,24001,40157073,66999962,62555760,240-01,240-01,5G
240,1,24001,17075213,61088069,25096209,240-01,240-01,3G
240,1,24001,98790974,17580027,96323924,240-01,240-01,3G
240,1,24001,87775735,69661762,36538338,240-01,240-01,5G
240,1,24001,70133301,80818030,49185542,240-01,240-01,5G
240,1,24001,41733710,36427776,15425750,240-01,240-01,3G
240,1,24001,76597691,68364299,82236792,240-01,240-01,3G
240,1,24001,15876147,41156993,25510941,240-01,240-01,3G
240,1,24001,20234831,45854346,73724509,240-01,240-01,3G
240,1,24001,77865451,12747672,81727995,240-01,240-01,3G
240,1,24001,21383302,92474568,72620980,240-01,240-01,3G
240,1,24001,80310776,66586568,92522134,240-01,240-01,5G
240,1,24001,43463982,57586822,57609339,240-01,240-01,5G
240,1,24001,18002118,88760464,50969262,240-01,240-01,4G
240,1,24001,31440956,76930003,69753609,240-01,240-01,4G
240,1,24001,10270283,67186875,72453302,240-01,240-01,3G
240,1,24001,64367374,83341861,38181700,240-01,240-01,3G
240,1,24001,45995355,99919151,34807501,240-01,240-01,5G
240,1,24001,61006680,88076832,12779308,240-01,240-01,5G
240,1,24001,68297002,15577736,78886041,240-01,240-01,3G
240,1,24001,69496528,66135186,53804878,240-01,240-01,3G
240,1,24001,31075290,24756757,54739195,240-01,240-01,4G
240,1,24001,72233940,77596319,39349492,240-01,240-01,4G
240,1,24001,18145407,80928343,39947214,240-01,240-01,4G
240,1,24001,94456284,70414899,70896588,240-01,240-01,4G
240,1,24001,63645902,18681599,50390174,240-01,240-01,5G
240,1,24001,57823676,52959519,86193646,240-01,240-01,5G
240,1,24001,48241229,68495127,11926988,240-01,240-01,4G
240,1,24001,49533528,29530405,31955252,240-01,240-01,4G
240,1,24001,25606167,90292553,41868261,240-01,240-01,3G
240,1,24001,52499623,75482879,27225362,240-01,240-01,3G
240,1,24001,64786809,80537209,73701899,240-01,240-01,3G
240,1,24001,72259494,40919725,70607427,240-01,240-01,3G
240,1,24001,23569441,95492920,36521860,240-01,240-01,4G
240,1,24001,20871126,37845286,90132617,240-01,240-01,4G
240,1,24001,65883893,19802027,34469904,240-01,240-01,4G
240,1,24001,50081087,86030624,19235960,240-01,240-01,4G
240,1,24001,31558004,45139194,21407970,240-01,240-01,4G
240,1,24001,54398300,10705049,43745523,240-01,240-01,4G
240,1,24001,88760571,97553387,38591975,240-01,240-01,4G
240,1,24001,63153526,21764008,93236213,240-01,240-01,4G
240,1,24001,94976811,81543507,34615081,240-01,240-01,5G
240,1,24001,88028730,33532608,51871077,240-01,240-01,5G
240,1,24001,94033854,28283755,15735799,240-01,240-01,3G
240,1,24001,99000771,95681524,22905364,240-01,240-01,3G
240,1,24001,57528733,18786802,46450903,240-01,240-01,5G
240,1,24001,57387826,76623833,22080798,240-01,240-01,5G
240,1,24001,53875634,86471678,79102441,240-01,240-01,4G
240,1,24001,90785649,30355603,61242317,240-01,240-01,4G
240,1,24001,55503347,95074375,79333851,240-01,240-01,4G
240,1,24001,48333293,63212307,99661965,240-01,240-01,4G
240,1,24001,68468302,29405782,30855187,240-01,240-01,3G
240,1,24001,83069803,25147787,12104947,240-01,240-01,3G
240,1,24001,67908288,44791294,47699049,240-01,240-01,5G
240,1,24001,63269698,18053047,31495313,240-01,240-01,5G
240,1,24001,96401788,22347505,81606601,240-01,240-01,3G
240,1,24001,89998877,16909642,34080979,240-01,240-01,3G
240,1,24001,46180555,11919694,32506780,240-01,240-01,4G
240,1,24001,27577575,67626395,75656038,240-01,240-01,4G
240,1,24001,54522224,36467579,16593686,240-01,240-01,5G
240,1,24001,35413531,89346185,60839932,240-01,240-01,5G
240,1,24001,92640036,11097382,81035863,240-01,240-01,4G
240,1,24001,98568899,55809221,85555002,240-01,240-01,4G
240,1,24001,65247038,58905701,54153981,240-01,240-01,3G
240,1,24001,25870435,14341801,55396882,240-01,240-01,3G
240,1,24001,45651366,34513906,55094238,240-01,240-01,3G
240,1,24001,70225504,21080806,86459977,240-01,240-01,3G
240,1,24001,73054344,26046727,78501591,240-01,240-01,3G
240,1,24001,35814392,64223937,92507108,240-01,240-01,3G
240,1,24001,68620475,10715513,17922678,240-01,240-01,4G
240,1,24001,46729842,14851771,75665826,240-01,240-01,4G
240,1,24001,43857602,63156477,11080309,240-01,240-01,3G
240,1,24001,19536113,98196938,36546778,240-01,240-01,3G
240,1,24001,88346687,45814880,93223336,240-01,240-01,5G
240,1,24001,89251508,73963384,91161692,240-01,240-01,5G
240,1,24001,70531524,47802857,16580346,240-01,240-01,5G
240,1,24001,87148950,57892147,11259298,240-01,240-01,5G
240,1,24001,52128725,60424706,78582806,240-01,240-01,3G
240,1,24001,97522028,92613281,43355107,240-01,240-01,3G
240,1,24001,77713218,19236240,10670187,240-01,240-01,4G
240,1,24001,77436722,64107961,31174396,240-01,240-01,4G
240,1,24001,43215100,17991611,20074613,240-01,240-01,5G
240,1,24001,68611275,32026066,45177743,240-01,240-01,5G
240,1,24001,96680541,31488531,16812190,240-01,240-01,5G
240,1,24001,34322016,13832372,32742307,240-01,240-01,5G
240,1,24001,30078248,61202022,42743849,240-01,240-01,4G
240,1,24001,28660892,80046664,23728607,240-01,240-01,4G
240,1,24001,25418531,94115800,17667929,240-01,240-01,4G
240,1,24001,63817538,58804943,61859876,240-01,240-01,4G
240,1,24001,40034383,25454460,29275174,240-01,240-01,5G
240,1,24001,69655273,86064696,69253783,240-01,240-01,5G
240,1,24001,80210774,72447741,55095640,240-01,240-01,5G
240,1,24001,61838177,30077685,48751529,240-01,240-01,5G
240,1,24001,63376772,42692276,43861220,240-01,240-01,4G
240,1,24001,91457377,98269618,59243878,240-01,240-01,4G
240,1,24001,61505892,38111757,58565438,240-01,240-01,3G
240,1,24001,65211344,18831228,85704627,240-01,240-01,3G
240,1,24001,31477277,70035998,70372283,240-01,240-01,3G
240,1,24001,82238639,99820189,44492047,240-01,240-01,3G
240,1,24001,77076164,54173548,77120821,240-01,240-01,3G
240,1,24001,31716448,98980753,18661046,240-01,240-01,3G
240,1,24001,35751404,26611023,73757913,240-01,240-01,4G
240,1,24001,22236430,72120996,92699599,240-01,240-01,4G
240,1,24001,98132856,75216345,77046241,240-01,240-01,4G
240,1,24001,72087505,56867940,78786816,240-01,240-01,4G
240,1,24001,87440055,46585128,18840203,240-01,240-01,4G
240,1,24001,92032896,85680739,68659386,240-01,240-01,4G
240,1,24001,87317902,39690119,71200254,240-01,240-01,5G
240,1,24001,58667719,59957322,16992615,240-01,240-01,5G
240,1,24001,34140588,59556872,48533016,240-01,240-01,3G
240,1,24001,43581957,52905943,54102448,240-01,240-01,3G
240,1,24001,86376668,53100833,45201620,240-01,240-01,5G
240,1,24001,85609623,24285885,63267286,240-01,240-01,5G
240,1,24001,58097072,64733459,26631005,240-01,240-01,5G
240,1,24001,88875819,92062621,15625044,240-01,240-01,5G
240,1,24001,56620925,60652732,35942845,240-01,240-01,3G
240,1,24001,53093915,47171783,55506841,240-01,240-01,3G
240,1,24001,11987889,25262011,82656101,240-01,240-01,3G
240,1,24001,42259045,60211413,55791912,240-01,240-01,3G
240,1,24001,20317599,88794515,10888515,240-01,240-01,3G
240,1,24001,34664605,48654622,70462465,240-01,240-01,3G
240,1,24001,53751496,12684385,60569730,240-01,240-01,3G
240,1,24001,49950011,59164813,84382451,240-01,240-01,3G
240,1,24001,54050352,77063023,72850194,240-01,240-01,3G
240,1,24001,10933666,54472514,39178865,240-01,240-01,3G
240,1,24001,31565720,60472769,67374116,240-01,240-01,4G
240,1,24001,82114508,74701382,66964099,240-01,240-01,4G
240,1,24001,82886547,27470124,63625350,240-01,240-01,4G
240,1,24001,20878848,10988481,32709004,240-01,240-01,4G
240,1,24001,50865037,65447688,28421556,240-01,240-01,4G
240,1,24001,85855951,55451067,32559103,240-01,240-01,4G
240,1,24001,69073193,59221456,26247732,240-01,240-01,4G
240,1,24001,66235493,81660647,43724339,240-01,240-01,4G
240,1,24001,44396565,85232452,53186041,240-01,240-01,4G
240,1,24001,20346736,83826635,80326417,240-01,240-01,4G
240,1,24001,54011375,34398339,93088682,240-01,240-01,5G
240,1,24001,45614055,62614244,66827314,240-01,240-01,5G
240,1,24001,41411665,90211225,72883355,240-01,240-01,5G
240,1,24001,50651465,27431278,31518005,240-01,240-01,5G
240,1,24001,27005935,46890487,77779343,240-01,240-01,3G
240,1,24001,98586604,46992373,61669997,240-01,240-01,3G
240,1,24001,65272069,42571436,46940806,240-01,240-01,3G
240,1,24001,18392149,63534981,24747608,240-01,240-01,3G
240,1,24001,64712843,15997835,25363851,240-01,240-01,5G
240,1,24001,57049657,51361746,69095912,240-01,240-01,5G
240,1,24001,61620289,56199983,60913819,240-01,240-01,4G
240,1,24001,30103281,81737945,26901414,240-01,240-01,4G
240,1,24001,87262702,82455859,27141032,240-01,240-01,3G
240,1,24001,68391189,23506398,10406469,240-01,240-01,3G
240,1,24001,70115612,62844785,65379312,240-01,240-01,5G
240,1,24001,92883941,56659384,86339022,240-01,240-01,5G
240,1,24001,21851427,61422509,70834939,240-01,240-01,3G
240,1,24001,11137093,87980594,74522689,240-01,240-01,3G
240,1,24001,19776210,95273512,33285981,240-01,240-01,3G
240,1,24001,96472379,36224245,62950203,240-01,240-01,3G
240,1,24001,80615965,81463580,24483724,240-01,240-01,4G
240,1,24001,98091591,18268902,94562165,240-01,240-01,4G
240,1,24001,85394476,62205602,86825500,240-01,240-01,4G
240,1,24001,10968394,45908220,12595365,240-01,240-01,4G
240,1,24001,30326840,76953671,91569676,240-01,240-01,3G
240,1,24001,57446851,81226052,62399611,240-01,240-01,3G
240,1,24001,20506801,95676624,58962047,240-01,240-01,3G
240,1,24001,26060863,87421500,13140753,240-01,240-01,3G
240,1,24001,12140823,76617751,70188715,240-01,240-01,3G
240,1,24001,33075473,88959724,11538574,240-01,240-01,3G
240,1,24001,69994618,92811504,52356481,240-01,240-01,5G
240,1,24001,48939424,12569198,90418129,240-01,240-01,5G
240,1,24001,39231734,48975058,52284747,240-01,240-01,5G
240,1,24001,59953976,54622705,74660693,240-01,240-01,5G
240,1,24001,14634699,58198913,36238695,240-01,240-01,4G
240,1,24001,24162595,16637408,90220617,240-01,240-01,4G
240,1,24001,15898842,13290160,96287880,240-01,240-01,4G
240,1,24001,94787944,37279243,76804019,240-01,240-01,4G
240,1,24001,68768849,55179004,78257178,240-01,240-01,4G
240,1,24001,27977824,13593268,78821145,240-01,240-01,4G
240,1,24001,76549495,57850108,38107856,240-01,240-01,5G
240,1,24001,34938754,25143323,70767506,240-01,240-01,5G
240,1,24001,61700207,28474101,92595112,240-01,240-01,4G
240,1,24001,94208106,90836807,53314187,240-01,240-01,4G
240,1,24001,92123088,86402031,51653999,240-01,240-01,3G
240,1,24001,91712578,49793028,40631409,240-01,240-01,3G
240,1,24001,88243949,86639557,94345699,240-01,240-01,3G
240,1,24001,83073565,52331905,62720204,240-01,240-01,3G
240,1,24001,69691631,61390247,41851422,240-01,240-01,5G
240,1,24001,80338033,46118556,88252707,240-01,240-01,5G
240,1,24001,52957390,84141652,41663570,240-01,240-01,5G
240,1,24001,12952610,42437295,28337099,240-01,240-01,5G
240,1,24001,16360393,25046615,96636655,240-01,240-01,5G
240,1,24001,97354851,30338952,29735028,240-01,240-01,5G
240,1,24001,19116347,16729682,38177516,240-01,240-01,5G
240,1,24001,48246977,94608967,63653642,240-01,240-01,5G
240,1,24001,88792942,33581821,28475986,240-01,240-01,5G
240,1,24001,15989660,35927273,18293719,240-01,240-01,5G
240,1,24001,78580284,19014505,85563038,240-01,240-01,3G
240,1,24001,60725101,87908976,18286850,240-01,240-01,3G
240,1,24001,45767788,98789774,37057885,240-01,240-01,4G
240,1,24001,52045247,52106233,11776740,240-01,240-01,4G
240,1,24001,63963583,26392878,64157037,240-01,240-01,3G
240,1,24001,20376353,63133072,67643371,240-01,240-01,3G
240,1,24001,16856441,57765000,81715773,240-01,240-01,4G
240,1,24001,93968871,65208379,38314443,240-01,240-01,4G
240,1,24001,51177935,61753903,12497036,240-01,240-01,5G
240,1,24001,44010278,55472573,16685068,240-01,240-01,5G
240,1,24001,25615888,82399334,24393119,240-01,240-01,5G
240,1,24001,61936545,28515437,91311788,240-01,240-01,5G
240,1,24001,91876848,30301214,93368995,240-01,240-01,3G
240,1,24001,91008582,23795008,17510020,240-01,240-01,3G
240,1,24001,21002350,82276838,99169322,240-01,240-01,4G
240,1,24001,49644547,14868913,15485924,240-01,240-01,4G
240,1,24001,41716893,68636730,19306102,240-01,240-01,4G
240,1,24001,95239814,57841661,59818249,240-01,240-01,4G
240,1,24001,52608504,15482598,31349671,240-01,240-01,4G
240,1,24001,45868757,58933490,99955585,240-01,240-01,4G
240,1,24001,42282593,91313546,50944916,240-01,240-01,4G
240,1,24001,50247163,34711653,55647786,240-01,240-01,4G
240,1,24001,54960499,32854747,75540709,240-01,240-01,3G
240,1,24001,50232282,56973087,43792367,240-01,240-01,3G
240,1,24001,39247372,46092982,44178404,240-01,240-01,5G
240,1,24001,76717790,42309744,35206026,240-01,240-01,5G
240,1,24001,92461923,98999329,85011572,240-01,240-01,4G
240,1,24001,19969383,27564179,29600112,240-01,240-01,4G
240,1,24001,88306722,51157547,15510765,240-01,240-01,3G
240,1,24001,58109350,63455625,23779912,240-01,240-01,3G
240,1,24001,64141476,76135640,94330536,240-01,240-01,3G
240,1,24001,76201488,32262723,41309739,240-01,240-01,3G
240,1,24001,78245325,51556971,39671305,240-01,240-01,4G
240,1,24001,52521367,81866516,59375526,240-01,240-01,4G
240,1,24001,98835586,92814641,74617774,240-01,240-01,5G
240,1,24001,70727715,58339191,91005853,240-01,240-01,5G
240,1,24001,50171937,62442594,29267430,240-01,240-01,5G
240,1,24001,31929665,48059414,36475014,240-01,240-01,5G
240,1,24001,89649025,68201933,19696707,240-01,240-01,5G
240,1,24001,17173203,16324455,67723057,240-01,240-01,5G
240,1,24001,23826049,46601809,44245932,240-01,240-01,3G
240,1,24001,34360667,66453337,87926560,240-01,240-01,3G
240,1,24001,23469302,54705905,53813268,240-01,240-01,4G
240,1,24001,51673945,95971353,55998042,240-01,240-01,4G
240,1,24001,18221013,42404045,19951111,240-01,240-01,3G
240,1,24001,79215952,75122673,91693218,240-01,240-01,3G
240,1,24001,33493489,16420710,99200753,240-01,240-01,3G
240,1,24001,62585833,14726472,23556668,240-01,240-01,3G
240,1,24001,55536562,97781627,70956246,240-01,240-01,3G
240,1,24001,41496150,76323995,52210276,240-01,240-01,3G
240,1,24001,62155082,69611665,87823752,240-01,240-01,4G
240,1,24001,42986544,92466926,21878062,240-01,240-01,4G
240,1,24001,84084081,39124276,22736509,240-01,240-01,4G
240,1,24001,14497510,17081243,96693895,240-01,240-01,4G
240,1,24001,78399749,60748695,68470296,240-01,240-01,4G
240,1,24001,25944196,67908744,77733634,240-01,240-01,4G
240,1,24001,92616488,55708041,97273284,240-01,240-01,4G
240,1,24001,86381159,95790176,89734078,240-01,240-01,4G
240,1,24001,14494151,54005767,31437973,240-01,240-01,5G
240,1,24001,51205392,46158234,62740745,240-01,240-01,5G
240,1,24001,42953858,85702699,29629597,240-01,240-01,3G
240,1,24001,16724321,82437287,53850619,240-01,240-01,3G
240,1,24001,86663180,35006901,65379657,240-01,240-01,5G
240,1,24001,60611770,66153164,57849711,240-01,240-01,5G
240,1,24001,79238243,54321634,87154794,240-01,240-01,4G
240,1,24001,24214792,52689343,41540402,240-01,240-01,4G
240,1,24001,50827772,81587738,37496525,240-01,240-01,3G
240,1,24001,38014057,84799930,42297597,240-01,240-01,3G
240,1,24001,19197876,15254700,92918013,240-01,240-01,3G
240,1,24001,67764679,45317438,75834737,240-01,240-01,3G
240,1,24001,70458673,22235024,62923595,240-01,240-01,4G
240,1,24001,51135494,56478072,37339322,240-01,240-01,4G
240,1,24001,49427230,81715407,62024110,240-01,240-01,3G
240,1,24001,22914758,88372765,83216480,240-01,240-01,3G
240,1,24001,81451998,17891544,51360201,240-01,240-01,3G
240,1,24001,93117300,23438207,15187382,240-01,240-01,3G
240,1,24001,10942984,19179033,90383530,240-01,240-01,4G
240,1,24001,17178739,29604257,18187846,240-01,240-01,4G
240,1,24001,48489232,41559436,65812011,240-01,240-01,3G
240,1,24001,98647243,13882297,88147572,240-01,240-01,3G
240,1,24001,99071088,54210255,96604418,240-01,240-01,5G
240,1,24001,42647371,94103459,75511658,240-01,240-01,5G
240,1,24001,40627506,19147560,27371962,240-01,240-01,4G
240,1,24001,25673262,81708387,92222100,240-01,240-01,4G
240,1,24001,94262219,90930138,46879123,240-01,240-01,4G
240,1,24001,87796388,82138637,44863087,240-01,240-01,4G
240,1,24001,54583155,54413538,95004673,240-01,240-01,5G
240,1,24001,70187149,58469486,18757051,240-01,240-01,5G
240,1,24001,14877704,78405076,70843625,240-01,240-01,5G
240,1,24001,90049865,54627679,82263988,240-01,240-01,5G
240,1,24001,95997332,33813178,25998504,240-01,240-01,3G
240,1,24001,24783358,16670350,53410078,240-01,240-01,3G
240,1,24001,68394083,93934595,81018303,240-01,240-01,3G
240,1,24001,91280441,33769381,33975204,240-01,240-01,3G
240,1,24001,51101043,25174923,53001389,240-01,240-01,3G
240,1,24001,72909406,30492960,66026341,240-01,240-01,3G
240,1,24001,23551196,22156056,53190420,240-01,240-01,3G
240,1,24001,35104435,55136369,89383039,240-01,240-01,3G
240,1,24001,20707530,85790943,41781473,240-01,240-01,4G
240,1,24001,42082438,44450410,39884134,240-01,240-01,4G
240,1,24001,41882141,71517592,44166318,240-01,240-01,5G
240,1,24001,40191752,80123572,50539045,240-01,240-01,5G
240,1,24001,85897654,54990242,33224493,240-01,240-01,3G
240,1,24001,43579078,89279121,95057991,240-01,240-01,3G
240,1,24001,85111884,76500319,29519693,240-01,240-01,5G
240,1,24001,66721293,96514197,15511377,240-01,240-01,5G
240,1,24001,20797982,88831493,84687522,240-01,240-01,3G
240,1,24001,33186271,37714727,20893937,240-01,240-01,3G
240,1,24001,91532140,68972621,25192192,240-01,240-01,5G
240,1,24001,62151507,66311870,65853649,240-01,240-01,5G
240,1,24001,90052162,63414847,24136306,240-01,240-01,4G
240,1,24001,72829656,81559179,98308278,240-01,240-01,4G
240,1,24001,41000186,82186398,34457772,240-01,240-01,3G
240,1,24001,84300171,72233485,17060772,240-01,240-01,3G
240,1,24001,78687445,59049995,10016336,240-01,240-01,4G
240,1,24001,58204239,65383253,18161540,240-01,240-01,4G
240,1,24001,32008016,97298956,76212164,240-01,240-01,4G
240,1,24001,68018104,59440852,29507979,240-01,240-01,4G
240,1,24001,79630156,40259547,77920608,240-01,240-01,5G
240,1,24001,32168413,44741943,76572220,240-01,240-01,5G
240,1,24001,40989225,41816600,43060330,240-01,240-01,3G
240,1,24001,51116177,47589345,27353699,240-01,240-01,3G
240,1,24001,76295777,69182296,88854022,240-01,240-01,3G
240,1,24001,44717608,15493790,45553287,240-01,240-01,3G
240,1,24001,46630676,87783388,36594974,240-01,240-01,3G
240,1,24001,47760650,80138685,91336628,240-01,240-01,3G
240,1,24001,47053332,40909790,95986714,240-01,240-01,4G
240,1,24001,69948308,16462571,13533362,240-01,240-01,4G
240,1,24001,38157141,11865094,53757257,240-01,240-01,4G
240,1,24001,18684175,51202022,83283143,240-01,240-01,4G
240,1,24001,80778872,27493178,10344044,240-01,240-01,5G
240,1,24001,44918168,46858750,17910622,240-01,240-01,5G
240,1,24001,76806977,26032192,57142561,240-01,240-01,4G
240,1,24001,39416463,66204326,56275521,240-01,240-01,4G
240,1,24001,26487395,58515788,59979599,240-01,240-01,4G
240,1,24001,91838496,97766411,67744614,240-01,240-01,4G
240,1,24001,35862470,48824449,18692092,240-01,240-01,3G
240,1,24001,82376016,86695171,32237180,240-01,240-01,3G
240,1,24001,94634044,57468103,35291196,240-01,240-01,3G
240,1,24001,77058448,17065529,11542866,240-01,240-01,3G
240,1,24001,26924265,85907840,84989939,240-01,240-01,4G
240,1,24001,10750753,21758187,98537315,240-01,240-01,4G
240,1,24001,68588163,90001418,58726544,240-01,240-01,5G
240,1,24001,70800117,81404745,30612840,240-01,240-01,5G
240,1,24001,39339012,31038656,69313868,240-01,240-01,5G
240,1,24001,52275581,45667280,63309745,240-01,240-01,5G
240,1,24001,63158213,67954223,78973709,240-01,240-01,4G
240,1,24001,39245377,29600997,31378521,240-01,240-01,4G
240,1,24001,98377095,22773636,45749126,240-01,240-01,3G
240,1,24001,26192753,83168902,18748580,240-01,240-01,3G
240,1,24001,52776191,90623114,22607126,240-01,240-01,4G
240,1,24001,60800384,58312604,55656599,240-01,240-01,4G
240,1,24001,73603797,92581869,25439399,240-01,240-01,3G
240,1,24001,37716707,93550965,71409727,240-01,240-01,3G
240,1,24001,12707618,32943996,11916162,240-01,240-01,3G
240,1,24001,43459760,45724551,50535472,240-01,240-01,3G
240,1,24001,88028301,28269618,32267417,240-01,240-01,4G
240,1,24001,89938810,17570406,42620613,240-01,240-01,4G
240,1,24001,54863291,49748752,48450403,240-01,240-01,3G
240,1,24001,33160711,82332762,62844155,240-01,240-01,3G
240,1,24001,28534378,13710528,97000183,240-01,240-01,3G
240,1,24001,94502349,19903925,97348949,240-01,240-01,3G
240,1,24001,44535865,10640468,31346331,240-01,240-01,5G
240,1,24001,38760675,62046003,28894552,240-01,240-01,5G
240,1,24001,69459880,93942258,26379158,240-01,240-01,3G
240,1,24001,68753118,58475546,54061014,240-01,240-01,3G
240,1,24001,29557845,83766787,81397178,240-01,240-01,4G
240,1,24001,30279934,25912284,25103828,240-01,240-01,4G
240,1,24001,47371152,19516225,61000383,240-01,240-01,5G
240,1,24001,92890452,42512200,34308813,240-01,240-01,5G
240,1,24001,54463522,57108954,75249755,240-01,240-01,5G
240,1,24001,91294641,58409711,78212668,240-01,240-01,5G
240,1,24001,96228780,60569690,58754489,240-01,240-01,3G
240,1,24001,98424814,69516833,80312426,240-01,240-01,3G
240,1,24001,12593101,46521699,69217734,240-01,240-01,4G
240,1,24001,13785311,49977291,49854513,240-01,240-01,4G
240,1,24001,58260380,84475988,21747838,240-01,240-01,5G
240,1,24001,39792588,77015063,39092944,240-01,240-01,5G
240,1,24001,30396539,15416328,52632499,240-01,240-01,3G
240,1,24001,86222127,92668280,56383815,240-01,240-01,3G
240,1,24001,49273998,58717707,35983479,240-01,240-01,3G
240,1,24001,84237007,30240531,93858849,240-01,240-01,3G
240,1,24001,74538308,43999047,58110600,240-01,240-01,5G
240,1,24001,37989115,37603133,65843735,240-01,240-01,5G
240,1,24001,84048381,35068135,59109828,240-01,240-01,3G
240,1,24001,72555535,12284884,29222391,240-01,240-01,3G
240,1,24001,74399006,15812713,24813386,240-01,240-01,3G
240,1,24001,28499706,22724545,20596304,240-01,240-01,3G
240,1,24001,87480696,44194083,42928424,240-01,240-01,4G
240,1,24001,74941045,92150062,32002225,240-01,240-01,4G
240,1,24001,29069622,83527185,87341374,240-01,240-01,4G
240,1,24001,80865520,67101252,70416688,240-01,240-01,4G
240,1,24001,63394443,49009122,37851937,240-01,240-01,4G
240,1,24001,74197462,19548762,60759872,240-01,240-01,4G
240,1,24001,92726885,35050987,45230569,240-01,240-01,5G
240,1,24001,67784103,95595578,51493377,240-01,240-01,5G
240,1,24001,87793850,22880592,13151501,240-01,240-01,3G
240,1,24001,60854491,31909346,13710092,240-01,240-01,3G
240,1,24001,18755914,40746746,99244645,240-01,240-01,5G
240,1,24001,21594951,25071989,29915037,240-01,240-01,5G
240,1,24001,42998833,81155381,12997864,240-01,240-01,3G
240,1,24001,48057436,45388852,59159278,240-01,240-01,3G
240,1,24001,89458705,47688624,58853752,240-01,240-01,3G
240,1,24001,77281576,65148221,84729153,240-01,240-01,3G
240,1,24001,51695231,73827341,61234532,240-01,240-01,4G
240,1,24001,94245445,79308469,83541880,240-01,240-01,4G
240,1,24001,35891418,85058791,94507675,240-01,240-01,4G
240,1,24001,65491523,75799144,33638103,240-01,240-01,4G
240,1,24001,26749432,26651091,50483900,240-01,240-01,4G
240,1,24001,10373549,41125170,78186855,240-01,240-01,4G
240,1,24001,92966684,27814588,54002957,240-01,240-01,5G
240,1,24001,29177180,90242051,93654567,240-01,240-01,5G
240,1,24001,56647549,10574492,91097675,240-01,240-01,3G
240,1,24001,53605922,24969968,95112840,240-01,240-01,3G
240,1,24001,77955616,28946178,56225299,240-01,240-01,5G
240,1,24001,82466119,74303425,16801075,240-01,240-01,5G
240,1,24001,26293794,71705928,59068909,240-01,240-01,5G
240,1,24001,92308972,19213847,68417951,240-01,240-01,5G
240,1,24001,33099166,21164844,53933144,240-01,240-01,4G
240,1,24001,37646569,50360995,10225758,240-01,240-01,4G
240,1,24001,48883543,46406617,95062071,240-01,240-01,4G
240,1,24001,70995369,20483552,24856469,240-01,240-01,4G
240,1,24001,66136334,67351625,30288535,240-01,240-01,3G
240,1,24001,26788390,15621642,50396724,240-01,240-01,3G
240,1,24001,18081792,95658832,16576417,240-01,240-01,4G
240,1,24001,66338814,94873990,80844927,240-01,240-01,4G
240,1,24001,68138296,52304407,18599081,240-01,240-01,5G
240,1,24001,86344070,48536449,78027867,240-01,240-01,5G
240,1,24001,68190668,10905146,70780908,240-01,240-01,5G
240,1,24001,36117123,34246642,26796572,240-01,240-01,5G
240,1,24001,84719035,72615849,85926740,240-01,240-01,5G
240,1,24001,46047193,32932860,57987440,240-01,240-01,5G
240,1,24001,63124118,95161711,17886355,240-01,240-01,4G
240,1,24001,86914658,76564553,91236273,240-01,240-01,4G
240,1,24001,20798918,45154157,59096317,240-01,240-01,4G
240,1,24001,95842871,26924262,69620849,240-01,240-01,4G
240,1,24001,67254402,76322623,59622463,240-01,240-01,3G
240,1,24001,13978756,79192307,99887968,240-01,240-01,3G
240,1,24001,31997047,33787410,46446123,240-01,240-01,5G
240,1,24001,56867749,42306778,98633320,240-01,240-01,5G
240,1,24001,99402204,53548643,12630507,240-01,240-01,4G
240,1,24001,76939499,35596349,36718157,240-01,240-01,4G
240,1,24001,46754887,47485390,99841576,240-01,240-01,4G
240,1,24001,15787519,83620482,99145466,240-01,240-01,4G
240,1,24001,81426022,14824970,60996513,240-01,240-01,5G
240,1,24001,40530663,41223043,98994042,240-01,240-01,5G
240,1,24001,67862786,43222043,18962886,240-01,240-01,4G
240,1,24001,37595359,70838446,47948650,240-01,240-01,4G
240,1,24001,86218888,23839808,16361114,240-01,240-01,5G
240,1,24001,45268740,84281006,25173863,240-01,240-01,5G
240,1,24001,25431140,29405663,83652845,240-01,240-01,5G
240,1,24001,48888278,99312881,23829261,240-01,240-01,5G
240,1,24001,59306112,46682123,12210419,240-01,240-01,3G
240,1,24001,96399957,64938999,65327523,240-01,240-01,3G
240,1,24001,50063488,20005341,28344067,240-01,240-01,5G
240,1,24001,24469990,56853718,84508929,240-01,240-01,5G
240,1,24001,19811451,33989490,67085157,240-01,240-01,4G
240,1,24001,68250892,33016053,53813109,240-01,240-01,4G
240,1,24001,82523294,62407127,54759687,240-01,240-01,4G
240,1,24001,30302132,62202038,82721939,240-01,240-01,4G
240,1,24001,12755567,67304120,19473391,240-01,240-01,4G
240,1,24001,66835814,20077533,60291398,240-01,240-01,4G
240,1,24001,62692439,34884699,54882476,240-01,240-01,5G
240,1,24001,38655832,80105198,80549682,240-01,240-01,5G
240,1,24001,73501137,90182316,63233064,240-01,240-01,3G
240,1,24001,67145517,74914900,15440349,240-01,240-01,3G
240,1,24001,81426784,50184506,80390750,240-01,240-01,5G
240,1,24001,66641959,79988481,67863053,240-01,240-01,5G
240,1,24001,25062686,77110469,28947804,240-01,240-01,3G
240,1,24001,37286703,54293257,43760715,240-01,240-01,3G
240,1,24001,16553193,44162292,92969139,240-01,240-01,4G
240,1,24001,89119114,61304530,30718607,240-01,240-01,4G
240,1,24001,17825762,37712110,97053029,240-01,240-01,4G
240,1,24001,25067790,88199591,33682508,240-01,240-01,4G
240,1,24001,45862563,58270285,83350857,240-01,240-01,3G
240,1,24001,78943364,90182102,70697933,240-01,240-01,3G
240,1,24001,46574297,19777747,61051428,240-01,240-01,5G
240,1,24001,65989959,91414813,25453175,240-01,240-01,5G
240,1,24001,24763826,28058381,50753381,240-01,240-01,4G
240,1,24001,16343557,59324462,89233426,240-01,240-01,4G
240,1,24001,74528163,45747325,55323011,240-01,240-01,5G
240,1,24001,88795019,25104441,84480690,240-01,240-01,5G
240,1,24001,75912507,47488239,86402678,240-01,240-01,5G
240,1,24001,60683731,67928396,15033899,240-01,240-01,5G
240,1,24001,58748005,21674827,14636388,240-01,240-01,5G
240,1,24001,95050893,35037608,79942525,240-01,240-01,5G
240,1,24001,46063669,31887517,98673693,240-01,240-01,5G
240,1,24001,85645135,44739589,91237638,240-01,240-01,5G
240,1,24001,95038380,86258106,14635058,240-01,240-01,5G
240,1,24001,17462864,63951621,80566165,240-01,240-01,5G
240,1,24001,88087247,85305467,58881268,240-01,240-01,5G
240,1,24001,48288260,27333385,91426280,240-01,240-01,5G
240,1,24001,15151264,56190419,19715284,240-01,240-01,4G
240,1,24001,39551760,28873230,48812325,240-01,240-01,4G
240,1,24001,79801018,52311165,36534371,240-01,240-01,5G
240,1,24001,82680982,61454950,96466150,240-01,240-01,5G
240,1,24001,33809221,25207425,21695718,240-01,240-01,5G
240,1,24001,23670864,82508435,93926123,240-01,240-01,5G
240,1,24001,25732909,56827190,11424110,240-01,240-01,4G
240,1,24001,51933234,60705945,76215698,240-01,240-01,4G
240,1,24001,88616195,15815855,92725217,240-01,240-01,3G
240,1,24001,37389982,60391473,68449545,240-01,240-01,3G
240,1,24001,88640434,14510251,20522530,240-01,240-01,3G
240,1,24001,58898392,72892029,27704883,240-01,240-01,3G
240,1,24001,65910566,62416282,18208103,240-01,240-01,5G
240,1,24001,69037047,31211311,84349381,240-01,240-01,5G
240,1,24001,21099736,17535293,28103329,240-01,240-01,4G
240,1,24001,15501603,23471227,52301252,240-01,240-01,4G
240,1,24001,72911326,66392979,56750924,240-01,240-01,5G
240,1,24001,27244692,46791162,19459403,240-01,240-01,5G
240,1,24001,78953034,55109044,10803677,240-01,240-01,4G
240,1,24001,79225730,83965047,58026358,240-01,240-01,4G
240,1,24001,19035949,63056777,23337662,240-01,240-01,3G
240,1,24001,63968571,47060163,97155052,240-01,240-01,3G
240,1,24001,28626914,88874365,13847551,240-01,240-01,3G
240,1,24001,85245037,16267532,10960777,240-01,240-01,3G
240,1,24001,96786989,14127302,27390981,240-01,240-01,3G
240,1,24001,87423588,81986505,71344980,240-01,240-01,3G
240,1,24001,91974966,35596960,75948002,240-01,240-01,4G
240,1,24001,72183893,39048112,30710144,240-01,240-01,4G
240,1,24001,12587974,53834021,20615550,240-01,240-01,4G
240,1,24001,40211474,93482593,13385495,240-01,240-01,4G
240,1,24001,44469895,50524500,81428856,240-01,240-01,4G
240,1,24001,71178643,28281563,63744492,240-01,240-01,4G
240,1,24001,11877201,50800996,84100318,240-01,240-01,4G
240,1,24001,28186153,51086583,71534536,240-01,240-01,4G
240,1,24001,63825564,69122638,33443056,240-01,240-01,4G
240,1,24001,77366603,36821981,95168530,240-01,240-01,4G
240,1,24001,91192388,40944893,52768962,240-01,240-01,5G
240,1,24001,70690734,21961581,48721048,240-01,240-01,5G
240,1,24001,68232254,34933944,92652714,240-01,240-01,4G
240,1,24001,81031570,60753559,21848651,240-01,240-01,4G
240,1,24001,13272353,76065644,92625427,240-01,240-01,5G
240,1,24001,51227896,68036146,45635194,240-01,240-01,5G
240,1,24001,39660537,72957712,63019903,240-01,240-01,3G
240,1,24001,93631223,56203626,75387096,240-01,240-01,3G
240,1,24001,97849004,47938607,89721225,240-01,240-01,4G
240,1,24001,46165064,52667453,63609397,240-01,240-01,4G
240,1,24001,85388013,16044604,70658094,240-01,240-01,3G
240,1,24001,69858378,52368809,70827543,240-01,240-01,3G
240,1,24001,97840170,25521334,87106513,240-01,240-01,5G
240,1,24001,31483126,51167763,60771499,240-01,240-01,5G
240,1,24001,29811429,56678604,95303927,240-01,240-01,5G
240,1,24001,95697085,88079454,85113752,240-01,240-01,5G
240,1,24001,35486547,66097146,15227608,240-01,240-01,5G
240,1,24001,22383660,61562882,84828913,240-01,240-01,5G
240,1,24001,65304814,19126140,92457240,240-01,240-01,4G
240,1,24001,19617650,10155176,27170525,240-01,240-01,4G
240,1,24001,67768938,97440181,84487296,240-01,240-01,3G
240,1,24001,98858451,58767537,66985884,240-01,240-01,3G
240,1,24001,16478154,35529839,49430405,240-01,240-01,4G
240,1,24001,98608184,14547873,87842525,240-01,240-01,4G
240,1,24001,77790750,53793592,24817932,240-01,240-01,4G
240,1,24001,25165503,93712540,14130636,240-01,240-01,4G
240,1,24001,63801673,15377489,17742145,240-01,240-01,3G
240,1,24001,18064402,26010690,68849837,240-01,240-01,3G
240,1,24001,30090819,77256935,34136566,240-01,240-01,3G
240,1,24001,85927275,50510385,12507786,240-01,240-01,3G
240,1,24001,81534646,40948228,75860670,240-01,240-01,4G
240,1,24001,12781861,15965451,18803631,240-01,240-01,4G
240,1,24001,27054640,33402241,42153253,240-01,240-01,4G
240,1,24001,95280838,74530549,11613502,240-01,240-01,4G
240,1,24001,51588977,50734200,65555282,240-01,240-01,5G
240,1,24001,39145715,75214154,19394896,240-01,240-01,5G
240,1,24001,78116106,11584154,10450250,240-01,240-01,4G
240,1,24001,51917005,94354698,93652510,240-01,240-01,4G
240,1,24001,17505464,35261538,24438499,240-01,240-01,3G
240,1,24001,59973370,75789038,42034516,240-01,240-01,3G
240,1,24001,67252310,19522716,77353267,240-01,240-01,3G
240,1,24001,57930814,97164205,56435404,240-01,240-01,3G
240,1,24001,11658512,94443192,65779416,240-01,240-01,5G
240,1,24001,63503426,44118330,66552809,240-01,240-01,5G
240,1,24001,53478788,84409990,90651383,240-01,240-01,4G
240,1,24001,69122745,81994116,76232182,240-01,240-01,4G
240,1,24001,19404932,19787654,68938402,240-01,240-01,4G
240,1,24001,63794898,53847590,75895283,240-01,240-01,4G
240,1,24001,27569154,15232626,57778391,240-01,240-01,4G
240,1,24001,42912789,81314685,25994082,240-01,240-01,4G
240,1,24001,65383422,66667163,32062962,240-01,240-01,5G
240,1,24001,10922945,77389934,58344025,240-01,240-01,5G
240,1,24001,48739534,38202093,60847016,240-01,240-01,3G
240,1,24001,17759135,14404345,55317945,240-01,240-01,3G
240,1,24001,70495737,19566185,80962994,240-01,240-01,4G
240,1,24001,79410440,27199120,30808111,240-01,240-01,4G
240,1,24001,74702602,18775803,17089731,240-01,240-01,3G
240,1,24001,63304918,17055160,36417658,240-01,240-01,3G
240,1,24001,75938542,65389141,80538187,240-01,240-01,3G
240,1,24001,45701478,28919664,73459324,240-01,240-01,3G
240,1,24001,72336927,33603427,51902211,240-01,240-01,4G
240,1,24001,83459250,45062508,54956072,240-01,240-01,4G
240,1,24001,52514079,26440330,87640071,240-01,240-01,5G
240,1,24001,60300072,48978837,30972744,240-01,240-01,5G
240,1,24001,25518331,35587019,95296768,240-01,240-01,4G
240,1,24001,21945284,59032783,78044751,240-01,240-01,4G
240,1,24001,29535076,64789157,50460072,240-01,240-01,4G
240,1,24001,42682507,21715313,60745043,240-01,240-01,4G
240,1,24001,86576383,98358359,49030688,240-01,240-01,3G
240,1,24001,93335635,55714503,94589831,240-01,240-01,3G
240,1,24001,78343284,27347633,26972046,240-01,240-01,5G
240,1,24001,88885083,16633106,37617542,240-01,240-01,5G
240,1,24001,29623568,35290937,86530842,240-01,240-01,3G
240,1,24001,59573175,12538139,63535803,240-01,240-01,3G
240,1,24001,59966039,53542027,62972199,240-01,240-01,4G
240,1,24001,85570610,96091951,87852945,240-01,240-01,4G
240,1,24001,54933220,49528308,71069676,240-01,240-01,4G
240,1,24001,81411951,68510822,77078170,240-01,240-01,4G
240,1,24001,77681315,58722658,37426146,240-01,240-01,5G
240,1,24001,48571644,90812976,19406591,240-01,240-01,5G
240,1,24001,54237314,95869508,15197810,240-01,240-01,5G
240,1,24001,52761999,92246746,85889226,240-01,240-01,5G
240,1,24001,28513257,62832512,84882253,240-01,240-01,4G
240,1,24001,39767913,94781019,93695989,240-01,240-01,4G
240,1,24001,70359404,80906839,22912037,240-01,240-01,3G
240,1,24001,27161399,78232885,21839546,240-01,240-01,3G
240,1,24001,75051970,28832874,23743225,240-01,240-01,4G
240,1,24001,83482487,93334032,53851457,240-01,240-01,4G
240,1,24001,24772559,21110461,39630447,240-01,240-01,4G
240,1,24001,30192747,87526421,49123346,240-01,240-01,4G
240,1,24001,80231886,97549739,14310346,240-01,240-01,4G
240,1,24001,21511384,38297878,50038687,240-01,240-01,4G
240,1,24001,87197424,27360410,33681195,240-01,240-01,5G
240,1,24001,75416428,92514632,25733097,240-01,240-01,5G
240,1,24001,30403477,44698586,67928149,240-01,240-01,4G
240,1,24001,87748538,11963182,40194505,240-01,240-01,4G
240,1,24001,58424161,22257719,22896034,240-01,240-01,4G
240,1,24001,23857590,81999907,43934003,240-01,240-01,4G
240,1,24001,49819214,92220361,40870336,240-01,240-01,5G
240,1,24001,33484778,63144437,66591385,240-01,240-01,5G
240,1,24001,62826264,86447929,87093306,240-01,240-01,5G
240,1,24001,59474204,29663025,58004023,240-01,240-01,5G
240,1,24001,95240836,77909727,29446913,240-01,240-01,4G
240,1,24001,78198012,89326353,35129597,240-01,240-01,4G
240,1,24001,45736850,49384135,83959328,240-01,240-01,3G
240,1,24001,42901952,67475679,89240616,240-01,240-01,3G
240,1,24001,90285160,61982858,68663120,240-01,240-01,4G
240,1,24001,44748189,96073200,35851503,240-01,240-01,4G
240,1,24001,11772396,58478547,41332789,240-01,240-01,5G
240,1,24001,50188068,93889604,83711308,240-01,240-01,5G
240,1,24001,26153768,82285255,86592538,240-01,240-01,3G
240,1,24001,25535872,48545528,45885793,240-01,240-01,3G
240,1,24001,79429253,36523340,54186958,240-01,240-01,3G
240,1,24001,61434840,52161773,15719185,240-01,240-01,3G
240,1,24001,80204457,66068536,92058018,240-01,240-01,4G
240,1,24001,57749291,89281508,88980994,240-01,240-01,4G
240,1,24001,91277000,37454260,95828268,240-01,240-01,5G
240,1,24001,39935672,19327854,29028624,240-01,240-01,5G
240,1,24001,64557753,56935510,42518053,240-01,240-01,5G
240,1,24001,11987162,39593923,92784874,240-01,240-01,5G
240,1,24001,30960518,79355468,98672663,240-01,240-01,3G
240,1,24001,26684003,54803595,41608536,240-01,240-01,3G
240,1,24001,93787369,59907970,79766567,240-01,240-01,4G
240,1,24001,20577405,31883845,92311192,240-01,240-01,4G
240,1,24001,19743561,45919119,43568414,240-01,240-01,3G
240,1,24001,96026525,94014241,58156522,240-01,240-01,3G
240,1,24001,34059884,28974699,15419518,240-01,240-01,4G
240,1,24001,24515014,58746413,94630134,240-01,240-01,4G
240,1,24001,32459727,61784424,38642001,240-01,240-01,3G
240,1,24001,21686147,52179528,44125660,240-01,240-01,3G
240,1,24001,77293214,79355010,36579179,240-01,240-01,3G
240,1,24001,17468918,24034577,90007035,240-01,240-01,3G
240,1,24001,49460730,72137802,19045103,240-01,240-01,3G
240,1,24001,61076018,15172969,53384695,240-01,240-01,3G
240,1,24001,29562263,71596286,47502725,240-01,240-01,3G
240,1,24001,40380668,30344813,17136035,240-01,240-01,3G
240,1,24001,38112671,33268945,85083221,240-01,240-01,3G
240,1,24001,49238091,45388639,34848362,240-01,240-01,3G
240,1,24001,10339437,17972379,51204314,240-01,240-01,4G
240,1,24001,43066671,38976578,33443082,240-01,240-01,4G
240,1,24001,57991691,34347133,70113486,240-01,240-01,4G
240,1,24001,31028070,48264812,22752340,240-01,240-01,4G
240,1,24001,82378030,59431594,78118923,240-01,240-01,5G
240,1,24001,98532866,43606149,30921141,240-01,240-01,5G
240,1,24001,70107274,85915321,93100958,240-01,240-01,5G
240,1,24001,54193474,38865917,34576514,240-01,240-01,5G
240,1,24001,14236958,82701251,90719836,240-01,240-01,3G
240,1,24001,31097234,69732012,12236145,240-01,240-01,3G
240,1,24001,21485410,36182615,49511166,240-01,240-01,3G
240,1,24001,63526931,88255089,34928473,240-01,240-01,3G
240,1,24001,12105044,91749452,11192804,240-01,240-01,4G
240,1,24001,60720135,86297386,30646261,240-01,240-01,4G
240,1,24001,90007319,52051195,60123433,240-01,240-01,4G
240,1,24001,83482204,87379618,63654332,240-01,240-01,4G
240,1,24001,91470997,38777074,20513698,240-01,240-01,5G
240,1,24001,11203496,67554344,68986310,240-01,240-01,5G
240,1,24001,15655189,30589880,33488496,240-01,240-01,3G
240,1,24001,13701390,47033606,53825570,240-01,240-01,3G
240,1,24001,19101023,92343206,48938139,240-01,240-01,5G
240,1,24001,64359526,16507781,29776205,240-01,240-01,5G
240,1,24001,16073097,11243903,82201837,240-01,240-01,5G
240,1,24001,34371138,82064069,14261323,240-01,240-01,5G
240,1,24001,12741848,17830653,90502086,240-01,240-01,3G
240,1,24001,73862923,91720523,84639749,240-01,240-01,3G
240,1,24001,91226413,68359544,47477720,240-01,240-01,3G
240,1,24001,31925437,23680064,25363950,240-01,240-01,3G
240,1,24001,35915994,31338003,13293009,240-01,240-01,4G
240,1,24001,27973158,65230867,61390061,240-01,240-01,4G
240,1,24001,31354056,21242985,57495666,240-01,240-01,4G
240,1,24001,48553959,53397663,99744731,240-01,240-01,4G
240,1,24001,34491761,72084147,26980820,240-01,240-01,5G
240,1,24001,16886678,54121847,13008440,240-01,240-01,5G
240,1,24001,23091078,41701672,45117455,240-01,240-01,3G
240,1,24001,47891845,23824770,51349580,240-01,240-01,3G
240,1,24001,72764828,38339574,56774342,240-01,240-01,5G
240,1,24001,74635244,53759992,72309466,240-01,240-01,5G
240,1,24001,21861904,97831740,50051798,240-01,240-01,4G
240,1,24001,25879101,51253938,70149690,240-01,240-01,4G
240,1,24001,86640347,73023276,41266128,240-01,240-01,3G
240,1,24001,37072162,96335339,39847659,240-01,240-01,3G
240,1,24001,77108413,64349147,45425585,240-01,240-01,5G
240,1,24001,12869716,80173324,83117285,240-01,240-01,5G
240,1,24001,44195867,80854388,58586624,240-01,240-01,3G
240,1,24001,34841210,15430295,69724063,240-01,240-01,3G
240,1,24001,68315201,24887594,74220979,240-01,240-01,5G
240,1,24001,21771386,77931763,47751350,240-01,240-01,5G
240,1,24001,76279005,43520436,32591331,240-01,240-01,5G
240,1,24001,29249884,79694288,47489961,240-01,240-01,5G
240,1,24001,35640123,69176432,83977755,240-01,240-01,3G
240,1,24001,34807387,33804495,87280166,240-01,240-01,3G
240,1,24001,17664816,18607509,47449301,240-01,240-01,4G
240,1,24001,21131464,40810608,39361004,240-01,240-01,4G
240,1,24001,69265904,53786958,96473437,240-01,240-01,4G
240,1,24001,22073751,92865653,67513320,240-01,240-01,4G
240,1,24001,59007855,67385418,47008373,240-01,240-01,5G
240,1,24001,33402074,59442999,39960571,240-01,240-01,5G
240,1,24001,73231290,16580477,54615315,240-01,240-01,5G
240,1,24001,95817711,24456740,79200088,240-01,240-01,5G
240,1,24001,11909328,52421270,82338867,240-01,240-01,5G
240,1,24001,94956336,86450087,92385980,240-01,240-01,5G
240,1,24001,84095447,64045388,81145056,240-01,240-01,3G
240,1,24001,73257104,24703514,43535884,240-01,240-01,3G
240,1,24001,77262547,72228262,51166793,240-01,240-01,5G
240,1,24001,25113437,59788724,59403243,240-01,240-01,5G
240,1,24001,41827777,81011728,71880116,240-01,240-01,3G
240,1,24001,37395144,56603428,65729644,240-01,240-01,3G
240,1,24001,26717322,24656614,87684073,240-01,240-01,4G
240,1,24001,84652667,43442788,10968541,240-01,240-01,4G
240,1,24001,12752055,84433786,32159169,240-01,240-01,4G
240,1,24001,22342474,53214597,21106249,240-01,240-01,4G
240,1,24001,10654940,86817647,51749806,240-01,240-01,4G
240,1,24001,32423977,96073016,81606169,240-01,240-01,4G
240,1,24001,75142094,59773224,96115180,240-01,240-01,4G
240,1,24001,36562856,92243768,57790565,240-01,240-01,4G
240,1,24001,53995750,18271051,13691070,240-01,240-01,3G
240,1,24001,76206559,14612911,37816967,240-01,240-01,3G
240,1,24001,44805488,37103865,73167652,240-01,240-01,4G
240,1,24001,58491719,33761870,99444871,240-01,240-01,4G
240,1,24001,74894336,35991177,20057369,240-01,240-01,3G
240,1,24001,69589866,66815549,54245507,240-01,240-01,3G
240,1,24001,56158716,67700278,80890928,240-01,240-01,4G
240,1,24001,21880272,59821008,15022087,240-01,240-01,4G
240,1,24001,65894378,58729505,56521523,240-01,240-01,5G
240,1,24001,16369819,32082360,84045278,240-01,240-01,5G
240,1,24001,46960269,97009820,66627336,240-01,240-01,3G
240,1,24001,32167815,62431212,87480220,240-01,240-01,3G
240,1,24001,64752670,43191525,10399358,240-01,240-01,4G
240,1,24001,41029688,11919453,20141735,240-01,240-01,4G
240,1,24001,88968621,67408641,60791455,240-01,240-01,5G
240,1,24001,87078520,89550452,51037264,240-01,240-01,5G
240,1,24001,59011951,44200309,80964141,240-01,240-01,3G
240,1,24001,17514548,24168536,96744772,240-01,240-01,3G
240,1,24001,28394210,43356070,71282173,240-01,240-01,5G
240,1,24001,94894809,85892728,42979515,240-01,240-01,5G
240,1,24001,74460513,89214996,30198636,240-01,240-01,4G
240,1,24001,14131979,58991987,73831160,240-01,240-01,4G
240,1,24001,65799301,78753122,62763202,240-01,240-01,3G
240,1,24001,93188612,39845485,38256940,240-01,240-01,3G
240,1,24001,55023776,33824818,94114877,240-01,240-01,3G
240,1,24001,74689596,60259827,55473517,240-01,240-01,3G
240,1,24001,17304964,34672981,39123567,240-01,240-01,3G
240,1,24001,66962779,91670442,32629030,240-01,240-01,3G
240,1,24001,66911966,46237829,69514469,240-01,240-01,4G
240,1,24001,20795302,42839743,35765648,240-01,240-01,4G
240,1,24001,62984934,16455197,66767895,240-01,240-01,3G
240,1,24001,46083569,87984285,22956985,240-01,240-01,3G
240,1,24001,94899763,74240005,76153802,240-01,240-01,4G
240,1,24001,88182677,51331737,39209590,240-01,240-01,4G
240,1,24001,84186712,80269622,78685145,240-01,240-01,5G
240,1,24001,41766726,87316150,75013205,240-01,240-01,5G
240,1,24001,94239853,71286485,19385087,240-01,240-01,4G
240,1,24001,59293030,94945750,97511171,240-01,240-01,4G
240,1,24001,29651822,62807933,65150864,240-01,240-01,4G
240,1,24001,65080929,24581034,58596806,240-01,240-01,4G
240,1,24001,60617366,59249836,16846679,240-01,240-01,5G
240,1,24001,35295682,90663940,16199121,240-01,240-01,5G
240,1,24001,36756290,74708445,47532085,240-01,240-01,3G
240,1,24001,98401198,25105668,86878037,240-01,240-01,3G
240,1,24001,41040333,55434484,74336670,240-01,240-01,3G
240,1,24001,16829268,36222365,14142514,240-01,240-01,3G
240,1,24001,84476835,38775861,40481353,240-01,240-01,5G
240,1,24001,44485458,48244212,63019088,240-01,240-01,5G
240,1,24001,22187808,29314122,85480276,240-01,240-01,5G
240,1,24001,29575808,46425194,83207022,240-01,240-01,5G
240,1,24001,66365641,15098502,53000725,240-01,240-01,5G
240,1,24001,17472529,56295136,33916676,240-01,240-01,5G
240,1,24001,56693087,34613306,11632294,240-01,240-01,3G
240,1,24001,36854928,92134746,37014884,240-01,240-01,3G
240,1,24001,99526402,60921438,28090500,240-01,240-01,5G
240,1,24001,82373102,93146190,25574582,240-01,240-01,5G
240,1,24001,61179165,85827756,29734451,240-01,240-01,5G
240,1,24001,52499635,10408627,15502125,240-01,240-01,5G
240,1,24001,98394934,75410604,56655800,240-01,240-01,3G
240,1,24001,65042666,23152996,17547878,240-01,240-01,3G
240,1,24001,42710917,41135010,29713614,240-01,240-01,4G
240,1,24001,40196654,14331196,24454795,240-01,240-01,4G
240,1,24001,63705172,55764372,64654341,240-01,240-01,4G
240,1,24001,25146756,43034235,51554403,240-01,240-01,4G
240,1,24001,16950541,84754270,23931622,240-01,240-01,4G
240,1,24001,73993789,74175391,25847037,240-01,240-01,4G
240,1,24001,65447261,84592477,30991826,240-01,240-01,3G
240,1,24001,59874531,92572811,97911584,240-01,240-01,3G
240,1,24001,69110294,50361700,30128904,240-01,240-01,4G
240,1,24001,13374622,13510701,85873015,240-01,240-01,4G
240,1,24001,33528745,84436096,41603632,240-01,240-01,5G
240,1,24001,80907368,57652522,74968711,240-01,240-01,5G
240,1,24001,23374689,83083502,59044123,240-01,240-01,5G
240,1,24001,24876166,88274095,36515579,240-01,240-01,5G
240,1,24001,90621735,65838361,70770165,240-01,240-01,3G
240,1,24001,27458718,31952886,62376355,240-01,240-01,3G
240,1,24001,72617626,35817511,69703075,240-01,240-01,3G
240,1,24001,15149710,79619505,29468920,240-01,240-01,3G
240,1,24001,56238542,86352719,94911902,240-01,240-01,3G
240,1,24001,73756713,62881410,49181476,240-01,240-01,3G
240,1,24001,88058975,52417038,21521867,240-01,240-01,5G
240,1,24001,27420438,85476052,31855304,240-01,240-01,5G
240,1,24001,28385682,46192977,13292004,240-01,240-01,4G
240,1,24001,62374108,78372734,95092237,240-01,240-01,4G
240,1,24001,75614192,49416669,70129621,240-01,240-01,5G
240,1,24001,28488484,88881403,84357245,240-01,240-01,5G
240,1,24001,74688669,20880108,55022819,240-01,240-01,3G
240,1,24001,11361695,53709304,93044436,240-01,240-01,3G
240,1,24001,45416038,69542191,71674869,240-01,240-01,3G
240,1,24001,74875992,93853603,33344952,240-01,240-01,3G
240,1,24001,60121225,47705065,51795632,240-01,240-01,3G
240,1,24001,32438573,42718585,47935943,240-01,240-01,3G
240,1,24001,10568788,12423016,26144917,240-01,240-01,3G
240,1,24001,79049497,45402260,42965095,240-01,240-01,3G
240,1,24001,16290689,11282454,61006822,240-01,240-01,3G
240,1,24001,74121833,98447527,38499398,240-01,240-01,3G
240,1,24001,59369075,76299834,57431358,240-01,240-01,5G
240,1,24001,18904356,31710516,93575611,240-01,240-01,5G
240,1,24001,21989598,84335397,30712871,240-01,240-01,5G
240,1,24001,90000756,53432581,58951849,240-01,240-01,5G
240,1,24001,16541609,23945988,66498024,240-01,240-01,3G
240,1,24001,40346834,14889099,61012441,240-01,240-01,3G
240,1,24001,25800082,74395286,33462457,240-01,240-01,4G
240,1,24001,70649117,79795338,25213552,240-01,240-01,4G
240,1,24001,80722454,10612457,67923924,240-01,240-01,5G
240,1,24001,66937721,53309765,33329366,240-01,240-01,5G
240,1,24001,55194455,27324635,61037117,240-01,240-01,5G
240,1,24001,69896015,58533434,76129628,240-01,240-01,5G
240,1,24001,31839740,55418480,56147779,240-01,240-01,5G
240,1,24001,55038212,95299823,92708890,240-01,240-01,5G
240,1,24001,25150798,35224899,74180073,240-01,240-01,3G
240,1,24001,48544247,29976853,60610508,240-01,240-01,3G
240,1,24001,62814710,85185428,18756312,240-01,240-01,5G
240,1,24001,30945619,76950587,55401733,240-01,240-01,5G
240,1,24001,51690294,76378145,18349302,240-01,240-01,5G
240,1,24001,15784935,84456755,71636883,240-01,240-01,5G
240,1,24001,94458896,91127531,97637653,240-01,240-01,5G
240,1,24001,71300392,41099246,93830474,240-01,240-01,5G
240,1,24001,56692081,96411891,24599526,240-01,240-01,3G
240,1,24001,89418474,84625174,95831632,240-01,240-01,3G
240,1,24001,10548049,14356306,59377355,240-01,240-01,5G
240,1,24001,96337003,26291614,51006090,240-01,240-01,5G
240,1,24001,84356599,84235434,93207747,240-01,240-01,3G
240,1,24001,40374706,16200515,54334728,240-01,240-01,3G
240,1,24001,48918054,58626577,36307733,240-01,240-01,5G
240,1,24001,39079890,15477346,46707143,240-01,240-01,5G
240,1,24001,57320356,93678240,53935120,240-01,240-01,4G
240,1,24001,88127180,53775622,49234157,240-01,240-01,4G
240,1,24001,55479286,96875635,73443614,240-01,240-01,4G
240,1,24001,42582235,57486036,35577704,240-01,240-01,4G
240,1,24001,94116666,64267726,86867233,240-01,240-01,4G
240,1,24001,18069454,31421771,37598316,240-01,240-01,4G
240,1,24001,20795489,93441911,93472253,240-01,240-01,4G
240,1,24001,53266051,19574433,78546137,240-01,240-01,4G
240,1,24001,63142098,19872912,42449573,240-01,240-01,4G
240,1,24001,91709927,64250928,70016927,240-01,240-01,4G
240,1,24001,35960829,91114929,59918632,240-01,240-01,4G
240,1,24001,22151280,94049064,17724077,240-01,240-01,4G
240,1,24001,11946780,28615466,54655869,240-01,240-01,3G
240,1,24001,48355866,79356079,62628011,240-01,240-01,3G
240,1,24001,99951116,45558130,87733495,240-01,240-01,4G
240,1,24001,27440509,28073231,99226602,240-01,240-01,4G
240,1,24001,59568513,79120209,54484181,240-01,240-01,3G
240,1,24001,28471193,67921763,83462708,240-01,240-01,3G
240,1,24001,24299026,54470239,28920078,240-01,240-01,5G
240,1,24001,92337540,20861825,44372466,240-01,240-01,5G
240,1,24001,86965093,60766544,75808483,240-01,240-01,5G
240,1,24001,32958395,14134517,49921054,240-01,240-01,5G
240,1,24001,19998378,64029976,11204591,240-01,240-01,3G
240,1,24001,72134362,46289451,87098770,240-01,240-01,3G
240,1,24001,89583880,78844836,38910217,240-01,240-01,3G
240,1,24001,67661199,11163226,47909370,240-01,240-01,3G
240,1,24001,28923162,95612580,52945567,240-01,240-01,3G
240,1,24001,60401704,51921500,67080691,240-01,240-01,3G
240,1,24001,43465959,80911617,96383276,240-01,240-01,4G
240,1,24001,55092033,32754486,26110751,240-01,240-01,4G
240,1,24001,27594248,63538009,41219560,240-01,240-01,3G
240,1,24001,73120992,33949807,70140446,240-01,240-01,3G
240,1,24001,94434587,19622035,86198622,240-01,240-01,5G
240,1,24001,81597495,47557913,40706330,240-01,240-01,5G
240,1,24001,44614257,28155300,55328504,240-01,240-01,4G
240,1,24001,86144330,15790100,68335293,240-01,240-01,4G
240,1,24001,64336224,82201467,34107477,240-01,240-01,3G
240,1,24001,23515065,46736829,91677815,240-01,240-01,3G
240,1,24001,22914951,57066165,99459776,240-01,240-01,3G
240,1,24001,91098902,23274295,86430810,240-01,240-01,3G
240,1,24001,84501066,69330448,92193930,240-01,240-01,3G
240,1,24001,62092985,73940179,80760124,240-01,240-01,3G
240,1,24001,21632350,65818280,14969266,240-01,240-01,5G
240,1,24001,13951496,90297766,76864139,240-01,240-01,5G
240,1,24001,34192465,69863932,33307759,240-01,240-01,4G
240,1,24001,28283723,52828360,80949508,240-01,240-01,4G
240,1,24001,84812752,72654457,62627203,240-01,240-01,5G
240,1,24001,37720880,58698985,97904834,240-01,240-01,5G
240,1,24001,87800429,76299936,88941705,240-01,240-01,3G
240,1,24001,66761526,13777604,15760350,240-01,240-01,3G
240,1,24001,37549506,25340742,43560875,240-01,240-01,3G
240,1,24001,33502429,17612144,64105362,240-01,240-01,3G
240,1,24001,14868258,91531030,57462855,240-01,240-01,5G
240,1,24001,83664550,96732322,64897145,240-01,240-01,5G
240,1,24001,81813693,22720740,52764373,240-01,240-01,4G
240,1,24001,82507764,45082529,99737233,240-01,240-01,4G
240,1,24001,74109992,27527850,99504447,240-01,240-01,3G
240,1,24001,41651299,40795144,96878906,240-01,240-01,3G
240,1,24001,31295344,57088868,35326375,240-01,240-01,4G
240,1,24001,12813980,23597186,60081497,240-01,240-01,4G
240,1,24001,46036253,88738750,59366693,240-01,240-01,5G
240,1,24001,67172872,37270023,47918921,240-01,240-01,5G
240,1,24001,32778302,28664861,40717077,240-01,240-01,5G
240,1,24001,50298778,90099397,54912877,240-01,240-01,5G
240,1,24001,33260167,46235062,77159740,240-01,240-01,3G
240,1,24001,29168914,37507686,15981046,240-01,240-01,3G
240,1,24001,44033768,33596981,51602446,240-01,240-01,3G
240,1,24001,42068286,45592917,47436368,240-01,240-01,3G
240,1,24001,68357535,33835555,69261691,240-01,240-01,4G
240,1,24001,80828197,72757127,71601323,240-01,240-01,4G
240,1,24001,59686897,58728599,80735991,240-01,240-01,4G
240,1,24001,24273230,39672354,13975402,240-01,240-01,4G
240,1,24001,45211216,44014896,72290433,240-01,240-01,3G
240,1,24001,89109492,15479814,31264294,240-01,240-01,3G
240,1,24001,68475701,66026334,49307146,240-01,240-01,3G
240,1,24001,76049296,30247865,19476896,240-01,240-01,3G
240,1,24001,82268016,65243485,66711303,240-01,240-01,3G
240,1,24001,22511358,88781902,50826280,240-01,240-01,3G
240,1,24001,19561461,88663544,75209408,240-01,240-01,4G
240,1,24001,87546532,30551307,61545242,240-01,240-01,4G
240,1,24001,54776811,64318707,82638427,240-01,240-01,3G
240,1,24001,85067810,95509521,95322971,240-01,240-01,3G
240,1,24001,25699051,73310817,18555656,240-01,240-01,4G
240,1,24001,77276890,59437543,83009611,240-01,240-01,4G
240,1,24001,70459600,30224511,30439610,240-01,240-01,3G
240,1,24001,56806368,97220665,52090351,240-01,240-01,3G
240,1,24001,87634470,62416171,88450681,240-01,240-01,4G
240,1,24001,88487092,23431960,38947733,240-01,240-01,4G
240,1,24001,62666675,42757679,99745198,240-01,240-01,5G
240,1,24001,58669604,19976119,23136431,240-01,240-01,5G
240,1,24001,60849893,12344400,40181353,240-01,240-01,3G
240,1,24001,23675265,95395112,89551052,240-01,240-01,3G
240,1,24001,14470303,55659751,11246117,240-01,240-01,4G
240,1,24001,81907699,20868340,65620884,240-01,240-01,4G
240,1,24001,89092270,89094931,39692950,240-01,240-01,4G
240,1,24001,90578669,47565774,57057679,240-01,240-01,4G
240,1,24001,60370816,56662561,68905216,240-01,240-01,5G
240,1,24001,36760429,85732231,85698193,240-01,240-01,5G
240,1,24001,24182851,61883222,19254493,240-01,240-01,3G
240,1,24001,60249760,87678922,40936234,240-01,240-01,3G
240,1,24001,56044066,16556597,45253310,240-01,240-01,3G
240,1,24001,47929419,57860432,43152940,240-01,240-01,3G
240,1,24001,68600059,57283800,61382657,240-01,240-01,5G
240,1,24001,94125639,27172153,28686915,240-01,240-01,5G
240,1,24001,82141412,42007535,62378856,240-01,240-01,5G
240,1,24001,63244750,17488917,71699289,240-01,240-01,5G
240,1,24001,93634974,74361204,93638636,240-01,240-01,5G
240,1,24001,73923263,72494563,14488069,240-01,240-01,5G
240,1,24001,11657754,52264760,10341561,240-01,240-01,5G
240,1,24001,39715022,90287148,48049540,240-01,240-01,5G
240,1,24001,44748538,69004192,18979630,240-01,240-01,4G
240,1,24001,79735652,15317816,51874647,240-01,240-01,4G
240,1,24001,80251389,98162532,34319678,240-01,240-01,5G
240,1,24001,97345166,61175438,79519421,240-01,240-01,5G
240,1,24001,31768225,79145859,73290307,240-01,240-01,4G
240,1,24001,57496481,82849605,42183068,240-01,240-01,4G
240,1,24001,75614967,84822144,68863070,240-01,240-01,5G
240,1,24001,53696082,69341055,42888881,240-01,240-01,5G
240,1,24001,61764994,10159943,26224738,240-01,240-01,4G
240,1,24001,82724182,49178311,40043131,240-01,240-01,4G
240,1,24001,17897137,64352129,78113273,240-01,240-01,4G
240,1,24001,76106277,52503905,20465073,240-01,240-01,4G
240,1,24001,48484937,28019787,92210512,240-01,240-01,3G
240,1,24001,93751735,45512793,28178916,240-01,240-01,3G
240,1,24001,57312128,10586318,14156512,240-01,240-01,3G
240,1,24001,15896315,28179795,52424920,240-01,240-01,3G
240,1,24001,45709266,78819640,63469828,240-01,240-01,5G
240,1,24001,97077784,63661041,54699822,240-01,240-01,5G
240,1,24001,32386346,14653302,37090684,240-01,240-01,3G
240,1,24001,97745587,56877953,42068146,240-01,240-01,3G
240,1,24001,85677156,11663089,79787310,240-01,240-01,4G
240,1,24001,11354684,90669131,51111407,240-01,240-01,4G
240,1,24001,82826549,49186266,86333414,240-01,240-01,5G
240,1,24001,85128804,77087659,50064667,240-01,240-01,5G
240,1,24001,54014324,52697231,61756886,240-01,240-01,3G
240,1,24001,66309246,51476368,19690492,240-01,240-01,3G
240,1,24001,45876191,61750826,99601330,240-01,240-01,5G
240,1,24001,44775414,12118380,81026627,240-01,240-01,5G
240,1,24001,86098962,45321706,97836516,240-01,240-01,3G
240,1,24001,11396473,49952774,71163174,240-01,240-01,3G
240,1,24001,48673026,36081758,66130267,240-01,240-01,5G
240,1,24001,58620737,10634264,41623830,240-01,240-01,5G
240,1,24001,69750961,80842334,12635722,240-01,240-01,3G
240,1,24001,34248902,69262457,77658230,240-01,240-01,3G
240,1,24001,75017968,26279167,74190184,240-01,240-01,4G
240,1,24001,54980182,93616469,72473558,240-01,240-01,4G
240,1,24001,63849039,84111753,44770823,240-01,240-01,4G
240,1,24001,32893872,92719831,30189624,240-01,240-01,4G
240,1,24001,51818915,93004919,89734049,240-01,240-01,3G
240,1,24001,39452051,25825276,58034674,240-01,240-01,3G
240,1,24001,42044744,75591109,27576212,240-01,240-01,5G
240,1,24001,37138586,28146290,98040660,240-01,240-01,5G
240,1,24001,44093420,24223840,59600720,240-01,240-01,4G
240,1,24001,25090130,20981043,97535918,240-01,240-01,4G
240,1,24001,55206998,95965053,35065166,240-01,240-01,5G
240,1,24001,96989956,34098974,76630399,240-01,240-01,5G
240,1,24001,60619370,40982025,51551591,240-01,240-01,4G
240,1,24001,39905628,36106175,19531312,240-01,240-01,4G
240,1,24001,25080215,95269227,46796920,240-01,240-01,3G
240,1,24001,42317587,41748179,30334381,240-01,240-01,3G
240,1,24001,21750301,26235419,77467733,240-01,240-01,5G
240,1,24001,53369931,71581028,87341707,240-01,240-01,5G
240,1,24001,18699154,37060580,38017916,240-01,240-01,5G
240,1,24001,10235313,68031644,61107632,240-01,240-01,5G
240,1,24001,94882441,98457484,71591422,240-01,240-01,4G
240,1,24001,21604365,16587605,71520160,240-01,240-01,4G
240,1,24001,19205984,50305333,33324237,240-01,240-01,4G
240,1,24001,55651327,39689347,69793119,240-01,240-01,4G
240,1,24001,48418926,12995808,99296915,240-01,240-01,3G
240,1,24001,99147087,39525301,32277324,240-01,240-01,3G
240,1,24001,96404617,58001122,10826417,240-01,240-01,3G
240,1,24001,86455990,77578058,44063375,240-01,240-01,3G
240,1,24001,42880839,95866576,76069474,240-01,240-01,4G
240,1,24001,18981239,79968595,86384220,240-01,240-01,4G
240,1,24001,13049673,31150352,66283710,240-01,240-01,5G
240,1,24001,10941238,26928303,92072105,240-01,240-01,5G
240,1,24001,20078555,45874085,66213067,240-01,240-01,5G
240,1,24001,31059856,51786110,17036257,240-01,240-01,5G
240,1,24001,51999359,82339158,13079834,240-01,240-01,5G
240,1,24001,64048330,19491739,39526157,240-01,240-01,5G
240,1,24001,47607734,96678065,71525710,240-01,240-01,5G
240,1,24001,83244708,81563262,71666207,240-01,240-01,5G
240,1,24001,67388679,90177671,64225223,240-01,240-01,5G
240,1,24001,36902195,48262884,35308522,240-01,240-01,5G
240,1,24001,78495957,28874607,78612989,240-01,240-01,3G
240,1,24001,46107679,74135769,49837158,240-01,240-01,3G
240,1,24001,90111512,24920698,42399715,240-01,240-01,4G
240,1,24001,99994830,13025820,42683007,240-01,240-01,4G
240,1,24001,10150479,82218060,76220698,240-01,240-01,3G
240,1,24001,83935630,76433459,95400704,240-01,240-01,3G
240,1,24001,39915750,89841882,45029763,240-01,240-01,5G
240,1,24001,90679950,90720483,19767822,240-01,240-01,5G
240,1,24001,90657455,96860421,29850514,240-01,240-01,5G
240,1,24001,81820368,58079690,32478718,240-01,240-01,5G
240,1,24001,17479199,30822180,21340734,240-01,240-01,4G
240,1,24001,92531622,75958895,25042219,240-01,240-01,4G
240,1,24001,61851661,25403561,98886612,240-01,240-01,4G
240,1,24001,97907718,33680430,39570931,240-01,240-01,4G
240,1,24001,88752943,96964729,41150599,240-01,240-01,5G
240,1,24001,30559935,22263568,47115932,240-01,240-01,5G
240,1,24001,55985563,48560408,36322820,240-01,240-01,5G
240,1,24001,57903794,92656460,24890939,240-01,240-01,5G
240,1,24001,96844634,14214854,88928665,240-01,240-01,5G
240,1,24001,44150174,61726933,32725652,240-01,240-01,5G
240,1,24001,42250744,33457200,67121533,240-01,240-01,4G
240,1,24001,68275540,77650920,15357733,240-01,240-01,4G
240,1,24001,25041563,15188690,43076442,240-01,240-01,4G
240,1,24001,90342706,62617410,79878965,240-01,240-01,4G
240,1,24001,71393762,89874361,87125045,240-01,240-01,5G
240,1,24001,30631629,38779770,77599266,240-01,240-01,5G
240,1,24001,15309336,97889286,73298619,240-01,240-01,3G
240,1,24001,89964706,90008715,30019763,240-01,240-01,3G
240,1,24001,76450136,87008739,98893273,240-01,240-01,3G
240,1,24001,68407411,75385800,19578547,240-01,240-01,3G
240,1,24001,46597021,14086087,43788147,240-01,240-01,3G
240,1,24001,75248579,92189047,65046669,240-01,240-01,3G
240,1,24001,81176596,44633601,16552728,240-01,240-01,3G
240,1,24001,14581025,45805953,98762531,240-01,240-01,3G
240,1,24001,91876949,38085482,71134081,240-01,240-01,3G
240,1,24001,22482133,55163980,20444618,240-01,240-01,3G
240,1,24001,38766248,93644754,74686411,240-01,240-01,4G
240,1,24001,12985688,56687879,57597153,240-01,240-01,4G
240,1,24001,30734608,44109722,60098630,240-01,240-01,5G
240,1,24001,58249531,13320338,66049250,240-01,240-01,5G
240,1,24001,92387931,24959599,30105056,240-01,240-01,3G
240,1,24001,38972540,19985089,61843642,240-01,240-01,3G
240,1,24001,27450774,33733039,34988993,240-01,240-01,4G
240,1,24001,19268069,71194889,84852361,240-01,240-01,4G
240,1,24001,81231104,31260364,49633783,240-01,240-01,5G
240,1,24001,32979534,51320398,99085743,240-01,240-01,5G
240,1,24001,38193383,55940862,30691691,240-01,240-01,5G
240,1,24001,26218962,76777763,98666637,240-01,240-01,5G
240,1,24001,38610935,55114374,34827205,240-01,240-01,5G
240,1,24001,94768704,24276282,31358705,240-01,240-01,5G
240,1,24001,88843374,86875414,74180739,240-01,240-01,5G
240,1,24001,76747238,22330283,84368338,240-01,240-01,5G
240,1,24001,18423432,82902244,99734662,240-01,240-01,4G
240,1,24001,83654134,70106628,94693408,240-01,240-01,4G
240,1,24001,68537297,39173957,14433207,240-01,240-01,4G
240,1,24001,44287553,79289629,27680951,240-01,240-01,4G
240,1,24001,21378654,63000674,48892883,240-01,240-01,5G
240,1,24001,89144470,92505533,59450245,240-01,240-01,5G
240,1,24001,35927192,77901695,22563739,240-01,240-01,3G
240,1,24001,60149644,72505395,16427390,240-01,240-01,3G
240,1,24001,31347055,21807403,14273148,240-01,240-01,4G
240,1,24001,82035344,52570343,61559472,240-01,240-01,4G
240,1,24001,79656011,92854992,96481910,240-01,240-01,5G
240,1,24001,20385800,23719799,51116040,240-01,240-01,5G
240,1,24001,44296361,50270637,37779279,240-01,240-01,4G
240,1,24001,99915194,59298232,78416123,240-01,240-01,4G
240,1,24001,80260413,68567763,42582278,240-01,240-01,4G
240,1,24001,94687081,37121989,91471758,240-01,240-01,4G
240,1,24001,24935250,24836229,53835825,240-01,240-01,3G
240,1,24001,30614476,36461349,46716900,240-01,240-01,3G
240,1,24001,24922683,95474461,86126976,240-01,240-01,5G
240,1,24001,33372756,76998077,57552823,240-01,240-01,5G
240,1,24001,69325249,34537232,61066118,240-01,240-01,4G
240,1,24001,79608721,39414349,58082376,240-01,240-01,4G
240,1,24001,34511271,76344262,10443448,240-01,240-01,4G
240,1,24001,78873587,28714615,47929856,240-01,240-01,4G
240,1,24001,34900109,80945452,18385169,240-01,240-01,3G
240,1,24001,18731369,98505475,38880977,240-01,240-01,3G
240,1,24001,79345865,35698979,65869459,240-01,240-01,5G
240,1,24001,54834740,40091579,25283660,240-01,240-01,5G
240,1,24001,52719658,70609401,53740200,240-01,240-01,5G
240,1,24001,30753801,70738737,87887864,240-01,240-01,5G
240,1,24001,12457423,40040324,10494394,240-01,240-01,5G
240,1,24001,32652161,35578290,98881370,240-01,240-01,5G
240,1,24001,94275888,44067854,65374971,240-01,240-01,3G
240,1,24001,46484389,10938591,30652800,240-01,240-01,3G
240,1,24001,55726374,58602173,73350266,240-01,240-01,3G
240,1,24001,89674885,14582582,39391862,240-01,240-01,3G
240,1,24001,11785459,64016755,14141499,240-01,240-01,4G
240,1,24001,80780409,32429759,87057775,240-01,240-01,4G
240,1,24001,12530301,43993284,28974404,240-01,240-01,4G
240,1,24001,81817031,53193897,72076148,240-01,240-01,4G
240,1,24001,44440936,17918109,63731876,240-01,240-01,3G
240,1,24001,22021801,55754727,45267173,240-01,240-01,3G
240,1,24001,85667640,39912646,78646589,240-01,240-01,4G
240,1,24001,46416618,90347389,22755714,240-01,240-01,4G
240,1,24001,61702883,12875773,51792960,240-01,240-01,4G
240,1,24001,27439258,22506104,71590434,240-01,240-01,4G
240,1,24001,44265321,34873706,29056102,240-01,240-01,5G
240,1,24001,39812698,28501941,22598441,240-01,240-01,5G
240,1,24001,53298559,50150470,27709565,240-01,240-01,3G
240,1,24001,19874807,60705026,41386205,240-01,240-01,3G
240,1,24001,94447532,90511919,34887953,240-01,240-01,3G
240,1,24001,61432705,25777881,61577540,240-01,240-01,3G
240,1,24001,32370698,84009883,82951271,240-01,240-01,5G
240,1,24001,77855004,51877073,30778759,240-01,240-01,5G
240,1,24001,60721844,39127410,39195897,240-01,240-01,4G
240,1,24001,20173700,79732750,26608429,240-01,240-01,4G
240,1,24001,59155658,56034576,37745354,240-01,240-01,4G
240,1,24001,94495076,44699263,47612263,240-01,240-01,4G
240,1,24001,77938044,74350861,58752774,240-01,240-01,4G
240,1,24001,58500306,43774944,64981983,240-01,240-01,4G
240,1,24001,99623010,72366015,75969172,240-01,240-01,4G
240,1,24001,41173675,11066123,53365178,240-01,240-01,4G
240,1,24001,47548824,20721377,11988477,240-01,240-01,3G
240,1,24001,50102843,12602714,20749560,240-01,240-01,3G
240,1,24001,99334298,43160466,60096236,240-01,240-01,5G
240,1,24001,13290489,93042043,92171326,240-01,240-01,5G
240,1,24001,98407534,90484520,99796556,240-01,240-01,5G
240,1,24001,73689261,68268591,88756106,240-01,240-01,5G
240,1,24001,50125201,39397916,83826833,240-01,240-01,5G
240,1,24001,31724188,18707414,58212010,240-01,240-01,5G
240,1,24001,27911047,38729235,79405162,240-01,240-01,3G
240,1,24001,38297801,11951486,49117903,240-01,240-01,3G
240,1,24001,43443159,30617387,65803828,240-01,240-01,4G
240,1,24001,62279566,97898832,82583166,240-01,240-01,4G
240,1,24001,58824099,40582619,97066665,240-01,240-01,5G
240,1,24001,43506069,13325973,15966511,240-01,240-01,5G
240,1,24001,34304115,58883540,99183517,240-01,240-01,4G
240,1,24001,42368868,82669029,20579046,240-01,240-01,4G
240,1,24001,32311277,45918689,71358299,240-01,240-01,5G
240,1,24001,21937639,43514950,75341789,240-01,240-01,5G
240,1,24001,75491891,79128137,17441345,240-01,240-01,3G
240,1,24001,12279485,16786508,12881255,240-01,240-01,3G
240,1,24001,90187034,18842571,26409574,240-01,240-01,3G
240,1,24001,23206384,55796909,93641440,240-01,240-01,3G
240,1,24001,67884847,82823761,75364418,240-01,240-01,4G
240,1,24001,54527381,84225874,89393054,240-01,240-01,4G
240,1,24001,22336552,26390898,53684916,240-01,240-01,3G
240,1,24001,67714819,59418180,89636339,240-01,240-01,3G
240,1,24001,48525207,14295179,31569473,240-01,240-01,3G
240,1,24001,20595778,91253391,63705781,240-01,240-01,3G
240,1,24001,60495245,25396835,45230932,240-01,240-01,4G
240,1,24001,93267450,99345914,80149912,240-01,240-01,4G
240,1,24001,80062014,18650778,61011700,240-01,240-01,5G
240,1,24001,39885765,24580718,87112429,240-01,240-01,5G
240,1,24001,54418036,50402779,79561506,240-01,240-01,5G
240,1,24001,29619024,50076971,94686197,240-01,240-01,5G
240,1,24001,83503487,73887336,39367716,240-01,240-01,4G
240,1,24001,76103505,26782853,18722672,240-01,240-01,4G
240,1,24001,10220909,11111655,21043171,240-01,240-01,5G
240,1,24001,27145297,22984387,61933607,240-01,240-01,5G
240,1,24001,32725747,17086351,70759802,240-01,240-01,5G
240,1,24001,68018558,26685006,81896484,240-01,240-01,5G
240,1,24001,31445734,22838096,89405567,240-01,240-01,5G
240,1,24001,40189530,57505265,61032779,240-01,240-01,5G
240,1,24001,20178688,34463020,36459633,240-01,240-01,3G
240,1,24001,26716778,89112152,25745497,240-01,240-01,3G
240,1,24001,81689857,73933212,61552775,240-01,240-01,3G
240,1,24001,26255763,65496789,69825556,240-01,240-01,3G
240,1,24001,33056466,62812221,96308393,240-01,240-01,4G
240,1,24001,25488327,74448495,56644604,240-01,240-01,4G
240,1,24001,34910473,87888569,67261782,240-01,240-01,4G
240,1,24001,29469546,78895125,75592220,240-01,240-01,4G
240,1,24001,25493656,33665970,65407287,240-01,240-01,5G
240,1,24001,46314389,35868190,45187313,240-01,240-01,5G
240,1,24001,96796595,48327311,21701853,240-01,240-01,5G
240,1,24001,81725118,70665829,42404909,240-01,240-01,5G
240,1,24001,82540578,76584394,31520982,240-01,240-01,3G
240,1,24001,45177348,13287418,31991981,240-01,240-01,3G
240,1,24001,19536245,24679937,41354376,240-01,240-01,5G
240,1,24001,23344337,82759503,72545808,240-01,240-01,5G
240,1,24001,37149194,70000271,61001772,240-01,240-01,5G
240,1,24001,45978852,94185103,77791505,240-01,240-01,5G
240,1,24001,82633717,19050711,12598278,240-01,240-01,3G
240,1,24001,18571545,24303106,81438928,240-01,240-01,3G
240,1,24001,64504789,13659633,50912540,240-01,240-01,4G
240,1,24001,11373333,71501647,79026829,240-01,240-01,4G
240,1,24001,50565730,24495997,64623670,240-01,240-01,5G
240,1,24001,87442507,99183950,15990057,240-01,240-01,5G
240,1,24001,80551092,80154478,45642571,240-01,240-01,3G
240,1,24001,24170363,19675025,88420640,240-01,240-01,3G
240,1,24001,23451849,51897896,50676290,240-01,240-01,5G
240,1,24001,55926760,73633890,10934336,240-01,240-01,5G
240,1,24001,19802387,71656634,23954352,240-01,240-01,3G
240,1,24001,39677901,60665363,54306728,240-01,240-01,3G
240,1,24001,52871754,13351378,79393799,240-01,240-01,5G
240,1,24001,93319280,40616974,70467376,240-01,240-01,5G
240,1,24001,23744339,26352718,88451535,240-01,240-01,4G
240,1,24001,89907651,79425928,82683323,240-01,240-01,4G
240,1,24001,12875339,51557487,56143780,240-01,240-01,5G
240,1,24001,16455310,91002061,11285932,240-01,240-01,5G
240,1,24001,99207438,98341519,90267402,240-01,240-01,3G
240,1,24001,47001515,92200245,38904114,240-01,240-01,3G
240,1,24001,23128949,56797928,56412218,240-01,240-01,4G
240,1,24001,77394096,68965624,68753131,240-01,240-01,4G
240,1,24001,34966273,65174393,31480806,240-01,240-01,4G
240,1,24001,11765008,71240508,27903239,240-01,240-01,4G
240,1,24001,49769205,18008131,37661851,240-01,240-01,4G
240,1,24001,71333111,59548001,97465340,240-01,240-01,4G
240,1,24001,85483596,68045887,16647547,240-01,240-01,5G
240,1,24001,21658443,79636257,57351717,240-01,240-01,5G
240,1,24001,17156354,21224025,75049109,240-01,240-01,4G
240,1,24001,27094760,24281608,21928401,240-01,240-01,4G
240,1,24001,69236142,51493130,54032159,240-01,240-01,4G
240,1,24001,51136300,40805651,57330433,240-01,240-01,4G
240,1,24001,92502554,53425536,66551475,240-01,240-01,5G
240,1,24001,76701780,92200316,89421790,240-01,240-01,5G
240,1,24001,99510816,95710184,17986663,240-01,240-01,5G
240,1,24001,99610237,33812726,89436177,240-01,240-01,5G
240,1,24001,38962932,17587883,97983307,240-01,240-01,4G
240,1,24001,37473696,75284384,60010064,240-01,240-01,4G
240,1,24001,16549326,59341753,75699485,240-01,240-01,3G
240,1,24001,71094111,69532686,15148004,240-01,240-01,3G
240,1,24001,57879001,40587151,56929646,240-01,240-01,4G
240,1,24001,61697531,76848714,51120079,240-01,240-01,4G
240,1,24001,32373960,91148914,10137278,240-01,240-01,3G
240,1,24001,79367596,49600436,99188531,240-01,240-01,3G
240,1,24001,14040789,25802867,56520313,240-01,240-01,5G
240,1,24001,48269073,14342421,88393594,240-01,240-01,5G
240,1,24001,89816308,23472615,73481429,240-01,240-01,3G
240,1,24001,51893454,53536991,33552938,240-01,240-01,3G
240,1,24001,30334348,44730612,91474545,240-01,240-01,4G
240,1,24001,74574752,81031391,76769339,240-01,240-01,4G
240,1,24001,49528804,36415951,27200766,240-01,240-01,3G
240,1,24001,63541648,22832015,74324607,240-01,240-01,3G
240,1,24001,72060849,82323518,40518035,240-01,240-01,4G
240,1,24001,70280355,32738909,92561526,240-01,240-01,4G
240,1,24001,18587086,33354244,18218029,240-01,240-01,4G
240,1,24001,83550999,52763148,56113346,240-01,240-01,4G
240,1,24001,37851150,95128274,26933469,240-01,240-01,4G
240,1,24001,58644907,88121358,86815290,240-01,240-01,4G
240,1,24001,83469261,14587825,80001699,240-01,240-01,3G
240,1,24001,36140920,13594847,42300318,240-01,240-01,3G
240,1,24001,90958285,44790426,38094914,240-01,240-01,3G
240,1,24001,81613711,68990517,15939669,240-01,240-01,3G
240,1,24001,68827349,41946724,68596233,240-01,240-01,5G
240,1,24001,92114086,76467678,27179451,240-01,240-01,5G
240,1,24001,26958039,68607698,43821119,240-01,240-01,3G
240,1,24001,44212098,19152291,33851989,240-01,240-01,3G
240,1,24001,28682203,33054204,42521739,240-01,240-01,5G
240,1,24001,39851178,98507094,34359555,240-01,240-01,5G
240,1,24001,34675628,41116254,32135430,240-01,240-01,5G
240,1,24001,43450845,49419612,61650001,240-01,240-01,5G
240,1,24001,81909094,47254227,53520029,240-01,240-01,4G
240,1,24001,82540466,32188635,95825709,240-01,240-01,4G
240,1,24001,30529840,13143474,47774618,240-01,240-01,5G
240,1,24001,49367232,78130865,85665683,240-01,240-01,5G
240,1,24001,65393745,86398148,42123205,240-01,240-01,3G
240,1,24001,51518461,97900063,44184262,240-01,240-01,3G
240,1,24001,49713008,58089604,54824353,240-01,240-01,3G
240,1,24001,70424011,21877578,21929474,240-01,240-01,3G
240,1,24001,45163508,18809769,56960215,240-01,240-01,4G
240,1,24001,91972934,19659048,82727206,240-01,240-01,4G
240,1,24001,87598455,44163364,17010187,240-01,240-01,3G
240,1,24001,85231820,84784088,30694494,240-01,240-01,3G
240,1,24001,96343688,18479363,37758999,240-01,240-01,5G
240,1,24001,81385468,74099250,31521457,240-01,240-01,5G
240,1,24001,29547499,73403779,82024116,240-01,240-01,4G
240,1,24001,51860859,65049216,22614497,240-01,240-01,4G
240,1,24001,95922945,49852288,93763489,240-01,240-01,3G
240,1,24001,92246779,97528539,53422415,240-01,240-01,3G
240,1,24001,72094711,22069806,13913436,240-01,240-01,4G
240,1,24001,77701707,48443993,33026198,240-01,240-01,4G
240,1,24001,30020451,39056820,53489394,240-01,240-01,5G
240,1,24001,19278632,40063773,28214890,240-01,240-01,5G
240,1,24001,55904964,55835474,19156784,240-01,240-01,4G
240,1,24001,70359012,37735376,29737365,240-01,240-01,4G
240,1,24001,17774858,11226553,39315733,240-01,240-01,5G
240,1,24001,58209516,54669379,32848063,240-01,240-01,5G
240,1,24001,90926086,26868182,16181818,240-01,240-01,5G
240,1,24001,87248432,58421070,54443925,240-01,240-01,5G
240,1,24001,50074715,49985349,80952138,240-01,240-01,3G
240,1,24001,48852294,41459040,81017794,240-01,240-01,3G
240,1,24001,57492505,30604480,84992447,240-01,240-01,3G
240,1,24001,56619712,94739453,59067477,240-01,240-01,3G
240,1,24001,11284224,59203122,81065240,240-01,240-01,5G
240,1,24001,67680666,96009922,62157073,240-01,240-01,5G
240,1,24001,40138384,85423718,79567327,240-01,240-01,3G
240,1,24001,22974267,12699691,20190454,240-01,240-01,3G
240,1,24001,28582508,54069551,95183200,240-01,240-01,5G
240,1,24001,56206168,23993415,33401787,240-01,240-01,5G
240,1,24001,60854864,90983962,38499619,240-01,240-01,5G
240,1,24001,13463853,78480444,61649866,240-01,240-01,5G
240,1,24001,92061457,32085611,10911003,240-01,240-01,5G
240,1,24001,15938039,57345698,74860924,240-01,240-01,5G
240,1,24001,66405125,43813360,28488564,240-01,240-01,4G
240,1,24001,51725038,77618526,21899438,240-01,240-01,4G
240,1,24001,70776430,33624547,43978253,240-01,240-01,4G
240,1,24001,88067875,35925368,30688031,240-01,240-01,4G
240,1,24001,98524014,43681730,17207458,240-01,240-01,5G
240,1,24001,48068972,27429578,97913225,240-01,240-01,5G
240,1,24001,13199915,18562774,56182205,240-01,240-01,3G
240,1,24001,59049488,38213461,61901214,240-01,240-01,3G
240,1,24001,89372413,10119688,27208999,240-01,240-01,3G
240,1,24001,16017852,19252976,49155902,240-01,240-01,3G
240,1,24001,34262338,50453874,66829404,240-01,240-01,4G
240,1,24001,85176038,76877879,91768772,240-01,240-01,4G
240,1,24001,43754797,37615870,78199156,240-01,240-01,5G
240,1,24001,73449166,70818483,48150464,240-01,240-01,5G
240,1,24001,17017962,74291102,57669394,240-01,240-01,3G
240,1,24001,73617400,93752337,16895877,240-01,240-01,3G
240,1,24001,58796027,86009617,33903329,240-01,240-01,5G
240,1,24001,35868048,44970076,43627860,240-01,240-01,5G
240,1,24001,16288331,94686307,62976881,240-01,240-01,3G
240,1,24001,43686130,62733200,21692588,240-01,240-01,3G
240,1,24001,29800435,30496540,24909596,240-01,240-01,3G
240,1,24001,39473741,77582803,34484379,240-01,240-01,3G
240,1,24001,33797986,50681014,23706679,240-01,240-01,5G
240,1,24001,48248307,73866569,31773944,240-01,240-01,5G
240,1,24001,25845507,72985498,27721931,240-01,240-01,5G
240,1,24001,32698800,41623760,60742807,240-01,240-01,5G
240,1,24001,47811361,37773123,90856378,240-01,240-01,4G
240,1,24001,74756843,47933297,23645179,240-01,240-01,4G
240,1,24001,90656399,65455587,93804948,240-01,240-01,3G
240,1,24001,15571659,43972943,28157838,240-01,240-01,3G
240,1,24001,13199460,73206564,72850164,240-01,240-01,5G
240,1,24001,50478329,71246746,99543959,240-01,240-01,5G
240,1,24001,74731554,22047009,42346003,240-01,240-01,3G
240,1,24001,91429601,42265901,87949356,240-01,240-01,3G
240,1,24001,49414461,12795208,86015091,240-01,240-01,3G
240,1,24001,69572536,65516788,15950571,240-01,240-01,3G
240,1,24001,25309843,47736821,86035254,240-01,240-01,4G
240,1,24001,35762056,57946782,38344073,240-01,240-01,4G
240,1,24001,15557602,64543577,66866894,240-01,240-01,4G
240,1,24001,83674816,52616904,49936736,240-01,240-01,4G
240,1,24001,87454962,20021938,24957432,240-01,240-01,3G
240,1,24001,28408245,75249588,17360675,240-01,240-01,3G
240,1,24001,64132076,68466438,24496101,240-01,240-01,5G
240,1,24001,14216812,96116124,11128287,240-01,240-01,5G
240,1,24001,67089994,99765499,21736109,240-01,240-01,5G
240,1,24001,55817150,63505428,61019820,240-01,240-01,5G
240,1,24001,25280487,51500582,52311529,240-01,240-01,4G
240,1,24001,49217926,49860131,74944524,240-01,240-01,4G
240,1,24001,96926375,91284268,72306332,240-01,240-01,5G
240,1,24001,35344389,79493215,47933080,240-01,240-01,5G
240,1,24001,55744457,73464895,37018795,240-01,240-01,5G
240,1,24001,20877755,62681962,82304542,240-01,240-01,5G
240,1,24001,60176350,39822923,67862903,240-01,240-01,5G
240,1,24001,42968686,98558666,58368638,240-01,240-01,5G
240,1,24001,37134957,32188096,74307919,240-01,240-01,4G
240,1,24001,62000221,48720862,89165094,240-01,240-01,4G
240,1,24001,72821215,46711535,41660343,240-01,240-01,4G
240,1,24001,57162939,47968017,53620420,240-01,240-01,4G
240,1,24001,43162821,27486351,91511554,240-01,240-01,3G
240,1,24001,13572359,60731808,48812916,240-01,240-01,3G
240,1,24001,67609515,41009041,62105145,240-01,240-01,4G
240,1,24001,52801678,71111989,23421447,240-01,240-01,4G
240,1,24001,17293843,84101686,63393721,240-01,240-01,3G
240,1,24001,44154376,27658790,83017486,240-01,240-01,3G
240,1,24001,47094479,37383955,31596612,240-01,240-01,5G
240,1,24001,15512312,15276988,56975715,240-01,240-01,5G
240,1,24001,11846408,44353914,15478077,240-01,240-01,3G
240,1,24001,72259084,12382490,94112584,240-01,240-01,3G
240,1,24001,78637086,71387454,28086571,240-01,240-01,4G
240,1,24001,50297856,99365789,85168301,240-01,240-01,4G
240,1,24001,78753836,31542982,33060760,240-01,240-01,4G
240,1,24001,44499799,31729299,71777892,240-01,240-01,4G
240,1,24001,53041211,58442823,26480034,240-01,240-01,3G
240,1,24001,52419409,13000925,79477501,240-01,240-01,3G
240,1,24001,98534666,71869914,79391318,240-01,240-01,4G
240,1,24001,77347070,17881120,52974434,240-01,240-01,4G
240,1,24001,67299648,15678266,45438171,240-01,240-01,4G
240,1,24001,55642234,85730375,84849761,240-01,240-01,4G
240,1,24001,47675919,82245226,70699173,240-01,240-01,3G
240,1,24001,62540583,50365076,33099674,240-01,240-01,3G
240,1,24001,82448207,60130381,78679128,240-01,240-01,5G
240,1,24001,11022963,31377503,21326052,240-01,240-01,5G
240,1,24001,17538367,90580741,41087611,240-01,240-01,3G
240,1,24001,43812832,47497243,56436397,240-01,240-01,3G
240,1,24001,77914402,96659820,35793350,240-01,240-01,4G
240,1,24001,14551101,51303073,10546226,240-01,240-01,4G
240,1,24001,53468313,18120508,17173760,240-01,240-01,5G
240,1,24001,13465591,25468643,47783164,240-01,240-01,5G
240,1,24001,82857910,51752581,51346788,240-01,240-01,3G
240,1,24001,28807274,79017446,22166986,240-01,240-01,3G
240,1,24001,64849323,79301551,55440713,240-01,240-01,5G
240,1,24001,81161298,50966177,80396685,240-01,240-01,5G
240,1,24001,35341980,89292699,19869816,240-01,240-01,5G
240,1,24001,10944676,23760349,28495929,240-01,240-01,5G
240,1,24001,38376390,47843594,67565717,240-01,240-01,3G
240,1,24001,48815551,54976795,56113429,240-01,240-01,3G
240,1,24001,39793189,72328041,84848251,240-01,240-01,5G
240,1,24001,20402087,49189759,94494515,240-01,240-01,5G
240,1,24001,87262327,83263775,24642592,240-01,240-01,4G
240,1,24001,81940887,61838037,79685578,240-01,240-01,4G
240,1,24001,25093622,69632164,62937182,240-01,240-01,4G
240,1,24001,31452702,65417908,27414528,240-01,240-01,4G
240,1,24001,84354001,29575949,64716290,240-01,240-01,4G
240,1,24001,49132164,75123743,27269292,240-01,240-01,4G
240,1,24001,17995294,51009149,48178033,240-01,240-01,3G
240,1,24001,93787213,71577696,98140567,240-01,240-01,3G
240,1,24001,61944786,35961986,79398939,240-01,240-01,4G
240,1,24001,15095057,76093939,46601590,240-01,240-01,4G
240,1,24001,97356563,78658910,30131964,240-01,240-01,3G
240,1,24001,78051149,11383654,69427781,240-01,240-01,3G
240,1,24001,68672537,36303236,64498000,240-01,240-01,5G
240,1,24001,60282317,58321429,54706170,240-01,240-01,5G
240,1,24001,37887121,10985425,84984471,240-01,240-01,5G
240,1,24001,90165389,69446258,66788121,240-01,240-01,5G
240,1,24001,29809269,92898662,42935864,240-01,240-01,3G
240,1,24001,10860398,94801449,85346746,240-01,240-01,3G
240,1,24001,43715781,75759550,75336038,240-01,240-01,5G
240,1,24001,61082786,18578411,86027242,240-01,240-01,5G
240,1,24001,83452251,97187158,15451810,240-01,240-01,4G
240,1,24001,39859633,98401614,67610727,240-01,240-01,4G
240,1,24001,20377946,97504494,88761237,240-01,240-01,3G
240,1,24001,37195424,32532062,88351652,240-01,240-01,3G
240,1,24001,49805662,17421321,56588115,240-01,240-01,3G
240,1,24001,75309404,48608757,78966740,240-01,240-01,3G
240,1,24001,48075570,34838415,25702717,240-01,240-01,4G
240,1,24001,82601848,42225491,77054580,240-01,240-01,4G
240,1,24001,81522389,51410214,10923187,240-01,240-01,4G
240,1,24001,26705611,93281715,50763089,240-01,240-01,4G
240,1,24001,11368213,35601559,79106049,240-01,240-01,5G
240,1,24001,61326149,65769223,46404769,240-01,240-01,5G
240,1,24001,14526890,66607299,13174956,240-01,240-01,3G
240,1,24001,97041538,93268785,53060810,240-01,240-01,3G
240,1,24001,33804492,98980929,81773290,240-01,240-01,5G
240,1,24001,89836145,35211091,80519899,240-01,240-01,5G
240,1,24001,46597249,19010545,16326199,240-01,240-01,3G
240,1,24001,99078612,88841513,15738690,240-01,240-01,3G
240,1,24001,50218064,68056148,24795145,240-01,240-01,4G
240,1,24001,83719055,65271204,17188152,240-01,240-01,4G
240,1,24001,71872675,27912704,34399098,240-01,240-01,5G
240,1,24001,31060660,77152198,38552137,240-01,240-01,5G
240,1,24001,14025639,76718896,85557639,240-01,240-01,5G
240,1,24001,27814208,36361305,29325871,240-01,240-01,5G
240,1,24001,31621261,35530238,99827455,240-01,240-01,5G
240,1,24001,10558030,90855826,67649097,240-01,240-01,5G
240,1,24001,16081348,71698325,46489493,240-01,240-01,3G
240,1,24001,36289701,52023356,42830658,240-01,240-01,3G
240,1,24001,93667796,47877425,60587755,240-01,240-01,5G
240,1,24001,73141741,47180465,76805180,240-01,240-01,5G
240,1,24001,56602609,46049630,10260178,240-01,240-01,5G
240,1,24001,89366023,74059042,14396977,240-01,240-01,5G
240,1,24001,25566079,28752249,67995993,240-01,240-01,4G
240,1,24001,36278764,20215124,25982915,240-01,240-01,4G
240,1,24001,21585177,25489943,86446255,240-01,240-01,4G
240,1,24001,56981628,19516818,34542814,240-01,240-01,4G
240,1,24001,38763989,90001977,71273683,240-01,240-01,4G
240,1,24001,68250687,92862007,76215749,240-01,240-01,4G
240,1,24001,64179329,61638450,25496979,240-01,240-01,4G
240,1,24001,70817878,14931054,91070245,240-01,240-01,4G
240,1,24001,64534988,97531748,53496087,240-01,240-01,5G
240,1,24001,93153657,21865065,86596614,240-01,240-01,5G
240,1,24001,84989417,48794640,14829173,240-01,240-01,4G
240,1,24001,77043443,62435920,13129390,240-01,240-01,4G
240,1,24001,58940283,23249969,62905218,240-01,240-01,5G
240,1,24001,72227206,36619233,32872677,240-01,240-01,5G
240,1,24001,86352891,53379235,74825161,240-01,240-01,4G
240,1,24001,26889415,37296474,70158115,240-01,240-01,4G
240,1,24001,40234815,52801658,67375835,240-01,240-01,3G
240,1,24001,85686572,62807143,61328412,240-01,240-01,3G
240,1,24001,18099431,29985742,48361551,240-01,240-01,5G
240,1,24001,27634502,96434161,95117740,240-01,240-01,5G
240,1,24001,17850438,88332179,45845385,240-01,240-01,3G
240,1,24001,47119348,33648889,19180765,240-01,240-01,3G
240,1,24001,20992901,94211989,58785219,240-01,240-01,5G
240,1,24001,36045121,91146484,15794378,240-01,240-01,5G
240,1,24001,55505996,66629217,83511033,240-01,240-01,3G
240,1,24001,57675685,42510289,44591366,240-01,240-01,3G
240,1,24001,12637306,82459610,85045249,240-01,240-01,5G
240,1,24001,25665182,84413587,20159934,240-01,240-01,5G
240,1,24001,32623819,64877022,65689991,240-01,240-01,5G
240,1,24001,97555880,84980580,44279140,240-01,240-01,5G
240,1,24001,25022456,78270892,33578800,240-01,240-01,4G
240,1,24001,85351694,92655304,48530650,240-01,240-01,4G
240,1,24001,88794892,12963046,27099875,240-01,240-01,4G
240,1,24001,65209616,60374690,96870611,240-01,240-01,4G
240,1,24001,47707897,50131855,38526253,240-01,240-01,5G
240,1,24001,50171037,60833342,31978455,240-01,240-01,5G
240,1,24001,57960660,73978692,79350456,240-01,240-01,5G
240,1,24001,26559160,97145084,60315450,240-01,240-01,5G
240,1,24001,20040438,78313361,13078030,240-01,240-01,5G
240,1,24001,93418572,96006918,53369230,240-01,240-01,5G
240,1,24001,37244828,12213423,44021716,240-01,240-01,4G
240,1,24001,76216864,88626653,48165938,240-01,240-01,4G
240,1,24001,30899392,33337829,14574801,240-01,240-01,4G
240,1,24001,73754402,40132425,84769660,240-01,240-01,4G
240,1,24001,43175658,18617213,77135265,240-01,240-01,3G
240,1,24001,89723444,18199396,50710146,240-01,240-01,3G
240,1,24001,42023599,95348951,20979884,240-01,240-01,3G
240,1,24001,68033387,71043157,41672853,240-01,240-01,3G
240,1,24001,56415388,10294689,76753956,240-01,240-01,3G
240,1,24001,44051676,10414250,76783811,240-01,240-01,3G
240,1,24001,15229999,36742680,74041781,240-01,240-01,4G
240,1,24001,37149383,63260543,85052322,240-01,240-01,4G
240,1,24001,40777075,33458273,97545029,240-01,240-01,4G
240,1,24001,35953137,10626009,20262763,240-01,240-01,4G
240,1,24001,38115602,81867765,71321018,240-01,240-01,3G
240,1,24001,86289614,11439378,35170019,240-01,240-01,3G
240,1,24001,10214944,30659950,80474722,240-01,240-01,5G
240,1,24001,29457996,21321674,72049021,240-01,240-01,5G
240,1,24001,73164425,56510109,13542508,240-01,240-01,5G
240,1,24001,33955307,48230621,74484543,240-01,240-01,5G
240,1,24001,35301486,93055809,91330666,240-01,240-01,5G
240,1,24001,88600680,62000464,41241813,240-01,240-01,5G
240,1,24001,94284764,57824300,14650328,240-01,240-01,5G
240,1,24001,94283900,17533325,47163406,240-01,240-01,5G
240,1,24001,17540993,51055204,87967926,240-01,240-01,4G
240,1,24001,43465941,14523093,59062765,240-01,240-01,4G
240,1,24001,66004786,90955479,45823321,240-01,240-01,5G
240,1,24001,80050496,54053861,82482965,240-01,240-01,5G
240,1,24001,21220291,32150449,24022119,240-01,240-01,5G
240,1,24001,30847715,72034425,46901077,240-01,240-01,5G
240,1,24001,64914194,37264631,22978853,240-01,240-01,4G
240,1,24001,31681287,57851880,71891985,240-01,240-01,4G
240,1,24001,25412168,43846305,59034758,240-01,240-01,4G
240,1,24001,37967225,82032864,75441130,240-01,240-01,4G
240,1,24001,71575504,21797578,91593825,240-01,240-01,4G
240,1,24001,77093012,13601440,74374790,240-01,240-01,4G
240,1,24001,18330072,93407236,70095988,240-01,240-01,4G
240,1,24001,16478432,13198962,83523666,240-01,240-01,4G
240,1,24001,13260906,85259613,30834959,240-01,240-01,4G
240,1,24001,83973878,53285087,93921418,240-01,240-01,4G
240,1,24001,38849386,99757703,81158541,240-01,240-01,5G
240,1,24001,56013959,23559635,17189094,240-01,240-01,5G
240,1,24001,53575469,17819069,16259302,240-01,240-01,4G
240,1,24001,62190399,77979105,65868189,240-01,240-01,4G
240,1,24001,35122056,88760470,20705863,240-01,240-01,5G
240,1,24001,44745006,21971303,77717696,240-01,240-01,5G
240,1,24001,63739516,49675802,59224775,240-01,240-01,5G
240,1,24001,21697983,10919264,37943619,240-01,240-01,5G
240,1,24001,69793644,33415505,51429999,240-01,240-01,4G
240,1,24001,88967982,29930641,57291239,240-01,240-01,4G
240,1,24001,71895977,10594409,50526121,240-01,240-01,4G
240,1,24001,46971641,26760933,94030871,240-01,240-01,4G
240,1,24001,76736819,38960384,31566289,240-01,240-01,3G
240,1,24001,59841316,48920679,51206389,240-01,240-01,3G
240,1,24001,44830228,25454033,21889615,240-01,240-01,4G
240,1,24001,51453075,75345463,33956300,240-01,240-01,4G
240,1,24001,28765952,50215351,96996834,240-01,240-01,3G
240,1,24001,49219261,72317112,73317472,240-01,240-01,3G
240,1,24001,22310351,25702280,59701791,240-01,240-01,3G
240,1,24001,31017379,87196033,28821996,240-01,240-01,3G
240,1,24001,55688622,13577894,70065858,240-01,240-01,5G
240,1,24001,41472810,25422629,65522079,240-01,240-01,5G
240,1,24001,32163481,15166737,61700665,240-01,240-01,3G
240,1,24001,32894983,83732237,81000541,240-01,240-01,3G
240,1,24001,80777305,41810637,66875484,240-01,240-01,4G
240,1,24001,46800227,98069060,25624194,240-01,240-01,4G
240,1,24001,19399280,68102423,33741954,240-01,240-01,4G
240,1,24001,17709520,35594514,22908549,240-01,240-01,4G
240,1,24001,47616768,61083019,46148210,240-01,240-01,5G
240,1,24001,30250199,35037481,70069763,240-01,240-01,5G
240,1,24001,83979773,16481356,47699504,240-01,240-01,4G
240,1,24001,58418578,33574955,21386902,240-01,240-01,4G
240,1,24001,38745217,20731462,39606908,240-01,240-01,5G
240,1,24001,25433120,24730546,44022693,240-01,240-01,5G
240,1,24001,27968244,74944179,39959872,240-01,240-01,4G
240,1,24001,99141420,95426466,52102859,240-01,240-01,4G
240,1,24001,42125433,19237392,28109512,240-01,240-01,3G
240,1,24001,66901426,67278299,22892668,240-01,240-01,3G
240,1,24001,82837086,79837401,45365687,240-01,240-01,4G
240,1,24001,73946618,21083268,51853316,240-01,240-01,4G
240,1,24001,19601322,36183898,36798317,240-01,240-01,3G
240,1,24001,13284978,27222197,41460601,240-01,240-01,3G
240,1,24001,15178483,93522658,89626887,240-01,240-01,4G
240,1,24001,29078817,70518695,56705521,240-01,240-01,4G
240,1,24001,20464731,78436465,92868354,240-01,240-01,5G
240,1,24001,54813281,77836928,89515449,240-01,240-01,5G
240,1,24001,32886864,20432764,97898358,240-01,240-01,4G
240,1,24001,83751182,99353599,69303170,240-01,240-01,4G
240,1,24001,99360501,37664013,79785665,240-01,240-01,3G
240,1,24001,59830707,60966355,16668039,240-01,240-01,3G
240,1,24001,91639883,49776850,59782777,240-01,240-01,5G
240,1,24001,48959223,27330801,82061784,240-01,240-01,5G
240,1,24001,18878884,40914572,55476134,240-01,240-01,4G
240,1,24001,41606122,94581065,53208206,240-01,240-01,4G
240,1,24001,63299724,48719208,18092893,240-01,240-01,4G
240,1,24001,65352999,17931132,77911062,240-01,240-01,4G
240,1,24001,65529680,73898178,55156497,240-01,240-01,3G
240,1,24001,87587628,27275483,52157166,240-01,240-01,3G
240,1,24001,83750729,40590622,87731230,240-01,240-01,5G
240,1,24001,43053313,47138455,10663952,240-01,240-01,5G
240,1,24001,63723470,98349089,81517821,240-01,240-01,5G
240,1,24001,30960413,45944101,28756845,240-01,240-01,5G
240,1,24001,54790766,17476353,96275751,240-01,240-01,4G
240,1,24001,58698138,30587887,89447304,240-01,240-01,4G
240,1,24001,72538282,50851304,40307790,240-01,240-01,5G
240,1,24001,10626894,12799321,40638334,240-01,240-01,5G
240,1,24001,21390392,25539694,28512132,240-01,240-01,4G
240,1,24001,80630133,66168958,98850121,240-01,240-01,4G
240,1,24001,49664982,77224965,23411125,240-01,240-01,5G
240,1,24001,57492209,59072019,32782645,240-01,240-01,5G
240,1,24001,85446898,60254234,95231263,240-01,240-01,3G
240,1,24001,46060715,35130051,96048581,240-01,240-01,3G
240,1,24001,34856182,52198713,13774022,240-01,240-01,5G
240,1,24001,74151914,33517598,12531730,240-01,240-01,5G
240,1,24001,50860398,23809921,85981879,240-01,240-01,4G
240,1,24001,19005495,13227377,20102673,240-01,240-01,4G
240,1,24001,54103689,14325986,63787147,240-01,240-01,4G
240,1,24001,13614347,50679362,53635741,240-01,240-01,4G
240,1,24001,15978544,14861271,67653238,240-01,240-01,5G
240,1,24001,95308957,33408034,61625701,240-01,240-01,5G
240,1,24001,28562647,97300888,12629533,240-01,240-01,5G
240,1,24001,13161461,12990041,15632421,240-01,240-01,5G
240,1,24001,45363030,54774255,14307022,240-01,240-01,4G
240,1,24001,69738396,23424814,44200048,240-01,240-01,4G
240,1,24001,91700576,34285394,81764284,240-01,240-01,3G
240,1,24001,43573005,38523495,91186420,240-01,240-01,3G
240,1,24001,99838338,53363565,83064198,240-01,240-01,3G
240,1,24001,32263187,65965690,46001254,240-01,240-01,3G
240,1,24001,81271659,66717288,29899140,240-01,240-01,4G
240,1,24001,28929067,43432755,13047775,240-01,240-01,4G
240,1,24001,14270708,86556575,67733615,240-01,240-01,4G
240,1,24001,75333848,88221265,92259887,240-01,240-01,4G
240,1,24001,67597977,49046371,33711426,240-01,240-01,3G
240,1,24001,47186118,95230618,22650247,240-01,240-01,3G
240,1,24001,35140698,46720066,34038386,240-01,240-01,4G
240,1,24001,10135964,24423364,92922295,240-01,240-01,4G
240,1,24001,35455805,79158872,43886823,240-01,240-01,5G
240,1,24001,18061611,92942419,58161110,240-01,240-01,5G
240,1,24001,76296123,54966498,62210879,240-01,240-01,4G
240,1,24001,35118843,87173139,61165910,240-01,240-01,4G
240,1,24001,64374267,72720269,40322267,240-01,240-01,3G
240,1,24001,34953092,92339425,86409977,240-01,240-01,3G
240,1,24001,74061949,36044595,35224977,240-01,240-01,3G
240,1,24001,50147604,18462235,24195084,240-01,240-01,3G
240,1,24001,33548242,69814314,78684730,240-01,240-01,3G
240,1,24001,23554509,12324312,18884894,240-01,240-01,3G
240,1,24001,39775812,14103859,18899888,240-01,240-01,3G
240,1,24001,83550807,27093714,39055487,240-01,240-01,3G
240,1,24001,65372147,52406695,59491625,240-01,240-01,3G
240,1,24001,80952781,94426264,19644244,240-01,240-01,3G
240,1,24001,43362768,26979126,73042454,240-01,240-01,3G
240,1,24001,89175972,55062306,29748730,240-01,240-01,3G
240,1,24001,19378966,28737661,18952425,240-01,240-01,4G
240,1,24001,91667701,58244157,32689949,240-01,240-01,4G
240,1,24001,94486355,87830629,25374946,240-01,240-01,4G
240,1,24001,30504993,54629538,29376816,240-01,240-01,4G
240,1,24001,25962162,24122458,56901690,240-01,240-01,3G
240,1,24001,29038394,48068549,99873359,240-01,240-01,3G
240,1,24001,33878162,47057317,72388407,240-01,240-01,5G
240,1,24001,66340339,40299668,40340425,240-01,240-01,5G
240,1,24001,25975788,11193302,40184198,240-01,240-01,3G
240,1,24001,77258596,68973438,57274557,240-01,240-01,3G
240,1,24001,98784317,44949401,19788832,240-01,240-01,3G
240,1,24001,67380854,43830951,14702038,240-01,240-01,3G
240,1,24001,76077231,53781357,27265731,240-01,240-01,3G
240,1,24001,18062108,45026934,45310959,240-01,240-01,3G
240,1,24001,95561885,60752221,79334880,240-01,240-01,4G
240,1,24001,70798336,36242449,18842074,240-01,240-01,4G
240,1,24001,36072140,68224327,90963011,240-01,240-01,3G
240,1,24001,78683593,39512941,82895420,240-01,240-01,3G
240,1,24001,78849107,60576038,65509729,240-01,240-01,3G
240,1,24001,18898585,67663767,24534083,240-01,240-01,3G
240,1,24001,14832960,16572067,57454453,240-01,240-01,5G
240,1,24001,89103733,50290143,80948277,240-01,240-01,5G
240,1,24001,11730404,41017687,29735610,240-01,240-01,4G
240,1,24001,40707030,40601135,44095976,240-01,240-01,4G
240,1,24001,88736103,92794961,61783987,240-01,240-01,4G
240,1,24001,64644357,22089303,87221036,240-01,240-01,4G
240,1,24001,54377880,41447501,82996819,240-01,240-01,3G
240,1,24001,57531107,37760064,11939581,240-01,240-01,3G
240,1,24001,98381121,73567492,17339720,240-01,240-01,3G
240,1,24001,70873293,63905583,84587695,240-01,240-01,3G
240,1,24001,94662537,20914151,67019804,240-01,240-01,4G
240,1,24001,87328643,63040620,33593472,240-01,240-01,4G
240,1,24001,92549582,68505830,44148023,240-01,240-01,4G
240,1,24001,78067519,94812161,83069555,240-01,240-01,4G
240,1,24001,31555271,50296534,34606450,240-01,240-01,4G
240,1,24001,42836710,80956465,59199616,240-01,240-01,4G
240,1,24001,46509457,60429776,54600195,240-01,240-01,3G
240,1,24001,41551834,66503242,17383015,240-01,240-01,3G
240,1,24001,82884447,91027881,70457280,240-01,240-01,3G
240,1,24001,58254055,21721634,93181097,240-01,240-01,3G
240,1,24001,17702764,83363237,78809612,240-01,240-01,5G
240,1,24001,17059105,40387613,46126959,240-01,240-01,5G
240,1,24001,75364514,21665876,65857797,240-01,240-01,5G
240,1,24001,92178562,27860264,23397211,240-01,240-01,5G
240,1,24001,10668180,33051642,77912661,240-01,240-01,5G
240,1,24001,23820535,84871267,35259128,240-01,240-01,5G
240,1,24001,71560032,44974938,59826358,240-01,240-01,5G
240,1,24001,88716598,96096895,98564385,240-01,240-01,5G
240,1,24001,42081887,68884917,28904039,240-01,240-01,5G
240,1,24001,79304777,27079270,65742788,240-01,240-01,5G
240,1,24001,79162768,99197268,55971399,240-01,240-01,4G
240,1,24001,63763868,75364080,48121564,240-01,240-01,4G
240,1,24001,43292954,90608838,22314902,240-01,240-01,4G
240,1,24001,10252424,68684186,10672435,240-01,240-01,4G
240,1,24001,25718800,42982185,37862325,240-01,240-01,5G
240,1,24001,49416765,51882725,12887234,240-01,240-01,5G
240,1,24001,76461464,88643878,67828663,240-01,240-01,5G
240,1,24001,78682471,94914843,58550183,240-01,240-01,5G
240,1,24001,44689944,37269694,26437605,240-01,240-01,5G
240,1,24001,43781240,94520861,36969814,240-01,240-01,5G
240,1,24001,96702041,34652904,39779740,240-01,240-01,5G
240,1,24001,54045281,51846838,46705035,240-01,240-01,5G
240,1,24001,28399830,72751316,36105281,240-01,240-01,4G
240,1,24001,33888372,27672062,66009312,240-01,240-01,4G
240,1,24001,69808210,41472353,38646641,240-01,240-01,5G
240,1,24001,90063925,79270065,90140226,240-01,240-01,5G
240,1,24001,72786265,48550672,90650226,240-01,240-01,4G
240,1,24001,54421087,28013676,22338704,240-01,240-01,4G
240,1,24001,31975267,62321229,99246504,240-01,240-01,5G
240,1,24001,77782928,11320278,88580188,240-01,240-01,5G
240,1,24001,20881349,66428927,45787789,240-01,240-01,3G
240,1,24001,80941877,54262795,93074804,240-01,240-01,3G
240,1,24001,32525486,33149745,24771939,240-01,240-01,5G
240,1,24001,40049848,76000829,52373028,240-01,240-01,5G
240,1,24001,71317912,67712911,54015233,240-01,240-01,5G
240,1,24001,10881621,63424211,59458042,240-01,240-01,5G
240,1,24001,87419789,84810562,49579683,240-01,240-01,3G
240,1,24001,25758959,51356388,13874308,240-01,240-01,3G
240,1,24001,16547615,10736120,71895579,240-01,240-01,4G
240,1,24001,54963379,43526220,81839884,240-01,240-01,4G
240,1,24001,69259315,82237350,46385220,240-01,240-01,5G
240,1,24001,98177540,63044665,47367385,240-01,240-01,5G
240,1,24001,12181802,22127631,59388901,240-01,240-01,3G
240,1,24001,82439780,26426141,54580361,240-01,240-01,3G
240,1,24001,79346643,48343637,54315462,240-01,240-01,4G
240,1,24001,60963720,54401065,88644039,240-01,240-01,4G
240,1,24001,63862604,61152020,18675466,240-01,240-01,3G
240,1,24001,70316522,54959090,68436324,240-01,240-01,3G
240,1,24001,27038746,43268896,60768197,240-01,240-01,5G
240,1,24001,27531128,60284493,45089563,240-01,240-01,5G
240,1,24001,74941646,91918832,87990817,240-01,240-01,5G
240,1,24001,81533158,48139714,58345190,240-01,240-01,5G
240,1,24001,53992096,74634824,33949253,240-01,240-01,4G
240,1,24001,75013555,58898798,73858359,240-01,240-01,4G
240,1,24001,29113174,37326870,34401091,240-01,240-01,5G
240,1,24001,20351154,75243001,99955977,240-01,240-01,5G
240,1,24001,18285840,69259107,32417444,240-01,240-01,3G
240,1,24001,32814847,46410814,32997420,240-01,240-01,3G
240,1,24001,79565207,94380479,65794907,240-01,240-01,3G
240,1,24001,45438080,11137001,60549271,240-01,240-01,3G
240,1,24001,44458676,85364035,64159385,240-01,240-01,3G
240,1,24001,70122204,22485529,23449671,240-01,240-01,3G
240,1,24001,60187249,80156248,70935671,240-01,240-01,4G
240,1,24001,83975058,10949357,29067517,240-01,240-01,4G
240,1,24001,83543397,48402176,88433826,240-01,240-01,5G
240,1,24001,34351858,10268405,16266590,240-01,240-01,5G
240,1,24001,61807186,27609771,44822284,240-01,240-01,4G
240,1,24001,75894292,69174635,47652476,240-01,240-01,4G
240,1,24001,41646389,91424726,95789861,240-01,240-01,4G
240,1,24001,93081446,19050969,23117777,240-01,240-01,4G
240,1,24001,88152111,48571859,48572564,240-01,240-01,4G
240,1,24001,19030055,67883100,68246338,240-01,240-01,4G
240,1,24001,74690922,70843973,56473239,240-01,240-01,5G
240,1,24001,80809851,81942219,32198517,240-01,240-01,5G
240,1,24001,31603437,89804656,76193406,240-01,240-01,3G
240,1,24001,70878074,52012563,33573084,240-01,240-01,3G
240,1,24001,74101702,41777739,76139997,240-01,240-01,4G
240,1,24001,48965268,40593397,98274093,240-01,240-01,4G
240,1,24001,30766704,44400321,24083051,240-01,240-01,4G
240,1,24001,75817457,47871759,17870375,240-01,240-01,4G
240,1,24001,72056985,62905142,28320466,240-01,240-01,5G
240,1,24001,54838472,87373438,89329446,240-01,240-01,5G
240,1,24001,25244302,32193980,27886738,240-01,240-01,3G
240,1,24001,24643040,88939335,97578145,240-01,240-01,3G
240,1,24001,35862481,47800906,28997041,240-01,240-01,5G
240,1,24001,34858283,46598282,73479553,240-01,240-01,5G
240,1,24001,57856304,92992246,20156981,240-01,240-01,3G
240,1,24001,47534320,90402418,33494026,240-01,240-01,3G
240,1,24001,67695800,49240037,99278083,240-01,240-01,3G
240,1,24001,45693075,57683905,34356384,240-01,240-01,3G
240,1,24001,10794209,14922472,92800785,240-01,240-01,3G
240,1,24001,94519608,88794231,99752136,240-01,240-01,3G
240,1,24001,81386654,45186313,83996092,240-01,240-01,4G
240,1,24001,97957149,58360507,84586172,240-01,240-01,4G
240,1,24001,21596624,19277828,89568868,240-01,240-01,5G
240,1,24001,76295349,99364760,55056415,240-01,240-01,5G
240,1,24001,57670074,38603023,70828187,240-01,240-01,4G
240,1,24001,23971299,19486066,80207760,240-01,240-01,4G
240,1,24001,54516283,14405039,60395184,240-01,240-01,3G
240,1,24001,23533805,71781127,15718315,240-01,240-01,3G
240,1,24001,10673443,30697386,89090034,240-01,240-01,5G
240,1,24001,27328986,22804416,53336919,240-01,240-01,5G
240,1,24001,35657581,10915481,51024256,240-01,240-01,4G
240,1,24001,93121744,62285876,79297144,240-01,240-01,4G
240,1,24001,49570122,26957045,76286659,240-01,240-01,4G
240,1,24001,48490784,56250271,94957599,240-01,240-01,4G
240,1,24001,96003209,54710725,29403068,240-01,240-01,3G
240,1,24001,54842927,73949307,93356127,240-01,240-01,3G
240,1,24001,90901831,62310178,82480160,240-01,240-01,3G
240,1,24001,32242290,94723682,44550628,240-01,240-01,3G
240,1,24001,56566997,70202169,76876785,240-01,240-01,5G
240,1,24001,96407528,11169277,33170619,240-01,240-01,5G
240,1,24001,35356234,97086800,71781299,240-01,240-01,3G
240,1,24001,35941834,65566698,80256635,240-01,240-01,3G
240,1,24001,47259370,24094695,30727601,240-01,240-01,5G
240,1,24001,15607925,64051400,41861390,240-01,240-01,5G
240,1,24001,96435049,35978489,80996750,240-01,240-01,3G
240,1,24001,67288486,89653331,72348848,240-01,240-01,3G
240,1,24001,82837731,88998969,70818298,240-01,240-01,3G
240,1,24001,16375162,98094247,67283065,240-01,240-01,3G
240,1,24001,62283684,98764353,19351162,240-01,240-01,4G
240,1,24001,83151243,58825890,69623584,240-01,240-01,4G
240,1,24001,38424869,83172867,74263522,240-01,240-01,4G
240,1,24001,96678244,75477467,86640889,240-01,240-01,4G
240,1,24001,62171096,99201743,85709483,240-01,240-01,5G
240,1,24001,86140124,82416807,22182141,240-01,240-01,5G
240,1,24001,86107678,24916105,18535644,240-01,240-01,5G
240,1,24001,27393057,54791459,20606757,240-01,240-01,5G
240,1,24001,65490133,49845834,54519799,240-01,240-01,3G
240,1,24001,84871749,13067129,98118532,240-01,240-01,3G
240,1,24001,95244801,23881843,85509527,240-01,240-01,3G
240,1,24001,69631099,96512758,18485009,240-01,240-01,3G
240,1,24001,47474041,68510957,71824818,240-01,240-01,3G
240,1,24001,43333886,58517663,47880052,240-01,240-01,3G
240,1,24001,64050145,65515061,71137113,240-01,240-01,4G
240,1,24001,35727533,50353454,29821692,240-01,240-01,4G
240,1,24001,22877331,83386633,13996519,240-01,240-01,4G
240,1,24001,41332623,88172895,97091085,240-01,240-01,4G
240,1,24001,59178974,29356550,23268552,240-01,240-01,5G
240,1,24001,75609971,53882189,27700925,240-01,240-01,5G
240,1,24001,61168955,64716806,38745892,240-01,240-01,3G
240,1,24001,61551181,83884547,47439377,240-01,240-01,3G
240,1,24001,83588358,93253113,79699194,240-01,240-01,5G
240,1,24001,54554260,23603077,75332765,240-01,240-01,5G
240,1,24001,43974876,97955077,51076068,240-01,240-01,4G
240,1,24001,42437997,74095566,60764244,240-01,240-01,4G
240,1,24001,35834311,30740927,79618085,240-01,240-01,4G
240,1,24001,96158980,79275367,12436579,240-01,240-01,4G
240,1,24001,95711406,20909588,65916144,240-01,240-01,4G
240,1,24001,65987257,82215227,57559360,240-01,240-01,4G
240,1,24001,58055289,89774770,88830093,240-01,240-01,4G
240,1,24001,29441679,10908050,15607571,240-01,240-01,4G
240,1,24001,43235518,68206439,10358999,240-01,240-01,5G
240,1,24001,34025590,21603107,30382002,240-01,240-01,5G
240,1,24001,67871855,35400153,90731904,240-01,240-01,5G
240,1,24001,19957178,76224707,53732322,240-01,240-01,5G
240,1,24001,76099920,80132214,75337978,240-01,240-01,4G
240,1,24001,28852903,38024383,61590403,240-01,240-01,4G
240,1,24001,69726592,68241104,33407779,240-01,240-01,3G
240,1,24001,92855646,93774351,11614743,240-01,240-01,3G
240,1,24001,87096396,39580162,87508153,240-01,240-01,4G
240,1,24001,73878839,82180811,36579709,240-01,240-01,4G
240,1,24001,34220945,50510682,28957642,240-01,240-01,4G
240,1,24001,95500904,25477717,73178372,240-01,240-01,4G
240,1,24001,34456617,89527175,92704613,240-01,240-01,4G
240,1,24001,99581908,97966835,91451383,240-01,240-01,4G
240,1,24001,74334200,41197074,10506380,240-01,240-01,4G
240,1,24001,21020574,26702474,61672561,240-01,240-01,4G
240,1,24001,80743843,94454745,16094574,240-01,240-01,5G
240,1,24001,73114704,34999017,73326164,240-01,240-01,5G
240,1,24001,81480535,46081707,75266539,240-01,240-01,5G
240,1,24001,65864223,48142367,89584306,240-01,240-01,5G
240,1,24001,46160437,94871353,79085972,240-01,240-01,5G
240,1,24001,54621367,91426077,18009567,240-01,240-01,5G
240,1,24001,91505045,83961718,12423265,240-01,240-01,5G
240,1,24001,17636911,65932782,59597363,240-01,240-01,5G
240,1,24001,35904574,24806542,51621478,240-01,240-01,4G
240,1,24001,72279255,80830581,16421114,240-01,240-01,4G
240,1,24001,76260594,61280802,60425269,240-01,240-01,3G
240,1,24001,26022328,68206119,19855244,240-01,240-01,3G
240,1,24001,79493247,84418468,13207920,240-01,240-01,4G
240,1,24001,27427953,34311948,66056798,240-01,240-01,4G
240,1,24001,38485452,68727864,69771098,240-01,240-01,3G
240,1,24001,21008489,58318701,50015485,240-01,240-01,3G
240,1,24001,48023739,69702656,39809310,240-01,240-01,4G
240,1,24001,61193703,95579926,89351868,240-01,240-01,4G
240,1,24001,78893087,83164727,66756856,240-01,240-01,5G
240,1,24001,96370045,38222855,64434241,240-01,240-01,5G
240,1,24001,74005033,81199386,86963882,240-01,240-01,4G
240,1,24001,33310226,43810283,17854650,240-01,240-01,4G
240,1,24001,34585318,78266210,71395607,240-01,240-01,4G
240,1,24001,11317291,94836848,82862675,240-01,240-01,4G
240,1,24001,11877054,14071316,52180833,240-01,240-01,3G
240,1,24001,88460514,20996104,73196935,240-01,240-01,3G
240,1,24001,98176621,85832899,18006462,240-01,240-01,4G
240,1,24001,95781711,59044510,29532195,240-01,240-01,4G
240,1,24001,31806086,46133879,79960359,240-01,240-01,5G
240,1,24001,45571071,87559657,62747033,240-01,240-01,5G
240,1,24001,67952801,85008876,65311344,240-01,240-01,3G
240,1,24001,80871248,94384280,93728670,240-01,240-01,3G
240,1,24001,15704237,38369866,34399110,240-01,240-01,4G
240,1,24001,57950756,84669547,73070277,240-01,240-01,4G
240,1,24001,95191680,97894546,13488008,240-01,240-01,5G
240,1,24001,15373763,68194716,76724605,240-01,240-01,5G
240,1,24001,39622651,54262920,84706682,240-01,240-01,4G
240,1,24001,90300748,59500992,27045423,240-01,240-01,4G
240,1,24001,72840108,36841749,76023012,240-01,240-01,4G
240,1,24001,86915338,49427236,75475986,240-01,240-01,4G
240,1,24001,18248664,24854554,67592905,240-01,240-01,3G
240,1,24001,37178059,95955880,91340100,240-01,240-01,3G
240,1,24001,39633332,13860920,20597708,240-01,240-01,4G
240,1,24001,77612907,84520573,73068656,240-01,240-01,4G
240,1,24001,10095688,71170189,22482928,240-01,240-01,3G
240,1,24001,42545200,94986778,13485792,240-01,240-01,3G
240,1,24001,31335076,99232057,41379892,240-01,240-01,5G
240,1,24001,19034463,31775471,17026428,240-01,240-01,5G
240,1,24001,39928849,19367796,42785476,240-01,240-01,4G
240,1,24001,56541710,30839752,37124639,240-01,240-01,4G
240,1,24001,27456533,38080962,36221035,240-01,240-01,5G
240,1,24001,36454262,89647517,69428630,240-01,240-01,5G
240,1,24001,89811925,16088508,68745642,240-01,240-01,4G
240,1,24001,13167708,72899169,60812497,240-01,240-01,4G
240,1,24001,19680643,53223421,75594577,240-01,240-01,4G
240,1,24001,66433710,23543816,19893686,240-01,240-01,4G
240,1,24001,37542943,64185079,69715375,240-01,240-01,4G
240,1,24001,16532034,46783962,35905660,240-01,240-01,4G
240,1,24001,57195809,71517767,57137300,240-01,240-01,3G
240,1,24001,96681776,29437886,53336078,240-01,240-01,3G
240,1,24001,56342891,93394063,59181523,240-01,240-01,3G
240,1,24001,70751068,82689171,76763486,240-01,240-01,3G
240,1,24001,17285108,68047830,57524232,240-01,240-01,4G
240,1,24001,59588107,46231059,69613053,240-01,240-01,4G
240,1,24001,62739997,75717227,39674144,240-01,240-01,5G
240,1,24001,86468073,96938818,38656172,240-01,240-01,5G
240,1,24001,34102064,77515127,56189706,240-01,240-01,4G
240,1,24001,61282027,60571303,42435353,240-01,240-01,4G
240,1,24001,62520916,40591525,40599577,240-01,240-01,5G
240,1,24001,89036301,24022617,83763107,240-01,240-01,5G
240,1,24001,65734736,89014785,21118549,240-01,240-01,3G
240,1,24001,69517945,44418417,57094359,240-01,240-01,3G
240,1,24001,50316293,63622460,82564724,240-01,240-01,4G
240,1,24001,15623656,45715014,41734092,240-01,240-01,4G
240,1,24001,37743933,27325344,40898177,240-01,240-01,3G
240,1,24001,98389097,63419931,36730751,240-01,240-01,3G
240,1,24001,87417169,18202264,43551434,240-01,240-01,3G
240,1,24001,90779125,27171228,43301823,240-01,240-01,3G
240,1,24001,27737626,91782275,83050338,240-01,240-01,4G
240,1,24001,15654591,99417947,56906039,240-01,240-01,4G
240,1,24001,38190284,11457479,65255238,240-01,240-01,3G
240,1,24001,13129903,40841676,37069894,240-01,240-01,3G
240,1,24001,10125551,41606346,20747010,240-01,240-01,3G
240,1,24001,60595506,59034414,85356139,240-01,240-01,3G
240,1,24001,89356030,93155938,41705704,240-01,240-01,5G
240,1,24001,13661531,95588061,88180047,240-01,240-01,5G
240,1,24001,78291678,36548339,41967596,240-01,240-01,3G
240,1,24001,97160809,78011367,85020681,240-01,240-01,3G
240,1,24001,38168375,51727236,39970702,240-01,240-01,4G
240,1,24001,82112542,57825565,75895364,240-01,240-01,4G
240,1,24001,22116147,70690854,57235560,240-01,240-01,4G
240,1,24001,58094960,55477296,50687007,240-01,240-01,4G
240,1,24001,31277488,78712681,62859167,240-01,240-01,5G
240,1,24001,11846613,79912591,52971925,240-01,240-01,5G
240,1,24001,89597060,35845946,62280138,240-01,240-01,5G
240,1,24001,68554538,63239893,47253149,240-01,240-01,5G
240,1,24001,32582591,29816127,51095115,240-01,240-01,3G
240,1,24001,44379014,47683821,77233990,240-01,240-01,3G
240,1,24001,38402758,63744341,26326588,240-01,240-01,5G
240,1,24001,58060781,86893001,19360341,240-01,240-01,5G
240,1,24001,71532567,49284773,80509247,240-01,240-01,3G
240,1,24001,41421896,40709684,13054396,240-01,240-01,3G
240,1,24001,67685803,76744854,17849978,240-01,240-01,4G
240,1,24001,65635814,44421791,17105565,240-01,240-01,4G
240,1,24001,96465677,60978020,64098427,240-01,240-01,4G
240,1,24001,54794247,18320453,30333525,240-01,240-01,4G
240,1,24001,10964423,66099166,68868547,240-01,240-01,4G
240,1,24001,63563257,98311352,47761805,240-01,240-01,4G
240,1,24001,17840615,14697590,40835420,240-01,240-01,3G
240,1,24001,28442287,20267626,13459355,240-01,240-01,3G
240,1,24001,97219273,78375760,90485346,240-01,240-01,4G
240,1,24001,17054766,87545311,14023862,240-01,240-01,4G
240,1,24001,64565333,18286582,95433399,240-01,240-01,3G
240,1,24001,89125528,57467337,47063611,240-01,240-01,3G
240,1,24001,61726520,77679341,74781232,240-01,240-01,4G
240,1,24001,86222157,83975145,56972896,240-01,240-01,4G
240,1,24001,66684039,11629845,85333338,240-01,240-01,3G
240,1,24001,72849283,20429836,83600190,240-01,240-01,3G
240,1,24001,14682282,19867558,65055983,240-01,240-01,5G
240,1,24001,39154468,13102651,21582688,240-01,240-01,5G
240,1,24001,35128510,75355312,61504238,240-01,240-01,5G
240,1,24001,97976925,79012612,85553982,240-01,240-01,5G
240,1,24001,48528400,95398124,13271955,240-01,240-01,5G
240,1,24001,95867736,42986862,87354307,240-01,240-01,5G
240,1,24001,65953648,89444118,38562457,240-01,240-01,4G
240,1,24001,28112921,49068823,84920705,240-01,240-01,4G
240,1,24001,52603351,21262917,87915959,240-01,240-01,4G
240,1,24001,46247921,93780029,76138422,240-01,240-01,4G
240,1,24001,17555613,44097032,35241265,240-01,240-01,4G
240,1,24001,97874885,34734487,96632604,240-01,240-01,4G
240,1,24001,37738423,27047346,28663823,240-01,240-01,5G
240,1,24001,15023124,47791499,70599055,240-01,240-01,5G
240,1,24001,96387156,11033257,87852991,240-01,240-01,4G
240,1,24001,98923225,52801772,60509075,240-01,240-01,4G
240,1,24001,50120946,91868156,70130512,240-01,240-01,3G
240,1,24001,45761808,94287859,80151871,240-01,240-01,3G
240,1,24001,30054378,55730305,47769890,240-01,240-01,4G
240,1,24001,35240648,87253217,81311280,240-01,240-01,4G
240,1,24001,94787989,38108593,59742488,240-01,240-01,4G
240,1,24001,48100779,69386673,95024077,240-01,240-01,4G
240,1,24001,54182589,60183863,85109394,240-01,240-01,3G
240,1,24001,19619121,30950981,91531202,240-01,240-01,3G
240,1,24001,30101083,60379305,30694718,240-01,240-01,4G
240,1,24001,81236416,36918282,48866596,240-01,240-01,4G
240,1,24001,98698383,20877237,98603330,240-01,240-01,4G
240,1,24001,26815852,99155044,72768110,240-01,240-01,4G
240,1,24001,55623189,24140145,60350584,240-01,240-01,5G
240,1,24001,31647313,45558077,72788573,240-01,240-01,5G
240,1,24001,54265796,30035563,11357315,240-01,240-01,4G
240,1,24001,45468005,36889252,53971870,240-01,240-01,4G
240,1,24001,88263885,36575415,57998219,240-01,240-01,3G
240,1,24001,48690279,81514898,78981153,240-01,240-01,3G
240,1,24001,89097296,91212673,41087958,240-01,240-01,4G
240,1,24001,73453357,64169276,65723724,240-01,240-01,4G
240,1,24001,63614494,92134084,76267817,240-01,240-01,3G
240,1,24001,82422957,20413132,94589847,240-01,240-01,3G
240,1,24001,99095708,59503809,22456532,240-01,240-01,4G
240,1,24001,81131543,67373696,81537714,240-01,240-01,4G
240,1,24001,90061496,40862158,68608328,240-01,240-01,5G
240,1,24001,91957005,79696043,75656074,240-01,240-01,5G
240,1,24001,76964733,26875276,17411232,240-01,240-01,5G
240,1,24001,72741866,27514622,81854493,240-01,240-01,5G
240,1,24001,20166132,51472115,55991307,240-01,240-01,4G
240,1,24001,94748336,29632322,29175934,240-01,240-01,4G
240,1,24001,18355174,27167930,87086339,240-01,240-01,3G
240,1,24001,37283613,52823479,57830628,240-01,240-01,3G
240,1,24001,10997991,11473904,41536025,240-01,240-01,4G
240,1,24001,39262855,84946106,32216863,240-01,240-01,4G
240,1,24001,18014128,67123393,20360182,240-01,240-01,4G
240,1,24001,19255673,71438035,28862941,240-01,240-01,4G
240,1,24001,33085450,61150065,90635679,240-01,240-01,4G
240,1,24001,18007784,37296378,28052259,240-01,240-01,4G
240,1,24001,53925819,96128849,43714343,240-01,240-01,3G
240,1,24001,25431018,66806371,59107179,240-01,240-01,3G
240,1,24001,59527282,34568479,18494668,240-01,240-01,5G
240,1,24001,80715942,79005537,77021347,240-01,240-01,5G
240,1,24001,40813873,36869785,88615683,240-01,240-01,5G
240,1,24001,11962526,66004733,30029070,240-01,240-01,5G
240,1,24001,64248221,31532926,41500244,240-01,240-01,4G
240,1,24001,45298031,42307149,43297835,240-01,240-01,4G
240,1,24001,45950517,11585575,44908895,240-01,240-01,4G
240,1,24001,60612344,85758489,35761291,240-01,240-01,4G
240,1,24001,28895026,58526000,20933495,240-01,240-01,3G
240,1,24001,12134466,39710035,44682939,240-01,240-01,3G
240,1,24001,78885791,89137461,54289767,240-01,240-01,5G
240,1,24001,73186776,42030537,21741676,240-01,240-01,5G
240,1,24001,45051778,86810860,70036236,240-01,240-01,3G
240,1,24001,31782489,41288040,17975877,240-01,240-01,3G
240,1,24001,59853939,36303179,20366053,240-01,240-01,3G
240,1,24001,27404290,99269037,89093453,240-01,240-01,3G
240,1,24001,85940878,91038282,31916643,240-01,240-01,3G
240,1,24001,13852503,53607437,39120589,240-01,240-01,3G
240,1,24001,10231059,66883911,39079032,240-01,240-01,3G
240,1,24001,35020498,54297118,32157075,240-01,240-01,3G
240,1,24001,29135261,29182824,85963157,240-01,240-01,4G
240,1,24001,97298469,69529038,51941547,240-01,240-01,4G
240,1,24001,96851891,10068981,98939835,240-01,240-01,4G
240,1,24001,17913573,16730568,25125487,240-01,240-01,4G
240,1,24001,30247798,68950837,23158192,240-01,240-01,3G
240,1,24001,86902871,39021409,19469578,240-01,240-01,3G
240,1,24001,53080582,40661052,12208061,240-01,240-01,4G
240,1,24001,35711455,60910686,21332905,240-01,240-01,4G
240,1,24001,53768018,84354158,53321803,240-01,240-01,4G
240,1,24001,61897095,71388442,60129982,240-01,240-01,4G
240,1,24001,82058838,37652483,86234620,240-01,240-01,3G
240,1,24001,76547984,65434777,42148461,240-01,240-01,3G
240,1,24001,80616888,79714559,57193183,240-01,240-01,4G
240,1,24001,95163298,75083366,37367497,240-01,240-01,4G
240,1,24001,25219412,14578043,42695819,240-01,240-01,5G
240,1,24001,87731833,39660612,21312773,240-01,240-01,5G
240,1,24001,38791398,54751546,26285291,240-01,240-01,3G
240,1,24001,24304831,35488555,18061819,240-01,240-01,3G
240,1,24001,59704699,39605055,96609140,240-01,240-01,5G
240,1,24001,83474698,92907209,75704226,240-01,240-01,5G
240,1,24001,79702060,21976867,55811617,240-01,240-01,4G
240,1,24001,83500708,78217166,98895119,240-01,240-01,4G
240,1,24001,20672674,71730910,86625131,240-01,240-01,3G
240,1,24001,22397579,73315518,42943773,240-01,240-01,3G
240,1,24001,77087731,32026855,87220718,240-01,240-01,5G
240,1,24001,78721818,96917593,43963129,240-01,240-01,5G
240,1,24001,45614361,77429615,94683971,240-01,240-01,4G
240,1,24001,13790075,92749757,92556868,240-01,240-01,4G
240,1,24001,41657315,70908976,39598783,240-01,240-01,4G
240,1,24001,56948991,46264769,73577326,240-01,240-01,4G
240,1,24001,65809382,59098374,97881732,240-01,240-01,4G
240,1,24001,77576887,55825239,40685657,240-01,240-01,4G
240,1,24001,17314161,94393282,28554656,240-01,240-01,4G
240,1,24001,84212807,77791188,39323159,240-01,240-01,4G
240,1,24001,56534177,72055087,99751987,240-01,240-01,4G
240,1,24001,75096770,55198237,51258995,240-01,240-01,4G
240,1,24001,40594079,54652988,41790519,240-01,240-01,4G
240,1,24001,50219632,79598661,44601289,240-01,240-01,4G
240,1,24001,10144698,96927978,20907208,240-01,240-01,3G
240,1,24001,33515992,73048576,23566566,240-01,240-01,3G
240,1,24001,92943981,42418424,86402609,240-01,240-01,4G
240,1,24001,95300166,28009106,40309318,240-01,240-01,4G
240,1,24001,98170932,86565592,45085509,240-01,240-01,3G
240,1,24001,72276730,98204632,81063848,240-01,240-01,3G
240,1,24001,20042399,65045849,92408260,240-01,240-01,3G
240,1,24001,81329360,44218859,15832443,240-01,240-01,3G
240,1,24001,51233551,20347726,90502816,240-01,240-01,4G
240,1,24001,51093950,92813957,44248842,240-01,240-01,4G
240,1,24001,45756824,29453495,39344020,240-01,240-01,4G
240,1,24001,69827533,24233349,69449457,240-01,240-01,4G
240,1,24001,22354440,62524209,85076116,240-01,240-01,5G
240,1,24001,98629617,54117011,52911048,240-01,240-01,5G
240,1,24001,46516637,69983845,90816685,240-01,240-01,3G
240,1,24001,54663083,51209588,79687705,240-01,240-01,3G
240,1,24001,59916313,20875192,38899858,240-01,240-01,3G
240,1,24001,98246229,53602956,20124483,240-01,240-01,3G
240,1,24001,62123294,40018810,56538034,240-01,240-01,4G
240,1,24001,53826331,51194169,81302257,240-01,240-01,4G
240,1,24001,91861434,58285490,57428038,240-01,240-01,3G
240,1,24001,61512903,41536789,58670880,240-01,240-01,3G
240,1,24001,23158661,15488557,84201074,240-01,240-01,3G
240,1,24001,85350888,39508063,80569580,240-01,240-01,3G
240,1,24001,91115850,40911227,17026004,240-01,240-01,5G
240,1,24001,35025334,46394639,53174767,240-01,240-01,5G
240,1,24001,15482734,40233337,91492126,240-01,240-01,3G
240,1,24001,26611279,17868328,33796938,240-01,240-01,3G
240,1,24001,65120364,94366201,12940443,240-01,240-01,4G
240,1,24001,40316401,24901048,71845671,240-01,240-01,4G
240,1,24001,80345811,60860985,71439377,240-01,240-01,3G
240,1,24001,97155391,46874398,68363842,240-01,240-01,3G
240,1,24001,29021572,31719313,39039684,240-01,240-01,5G
240,1,24001,77803631,98248622,83647792,240-01,240-01,5G
240,1,24001,25299895,34931929,35586845,240-01,240-01,3G
240,1,24001,20193021,10053764,77478617,240-01,240-01,3G
240,1,24001,26696987,95500809,19158983,240-01,240-01,3G
240,1,24001,87882836,74518804,23882742,240-01,240-01,3G
240,1,24001,89775941,80871781,22750679,240-01,240-01,3G
240,1,24001,54498498,83526597,57536291,240-01,240-01,3G
240,1,24001,31606477,56991453,92122609,240-01,240-01,3G
240,1,24001,42579922,73383152,40730473,240-01,240-01,3G
240,1,24001,92299108,30026650,86945507,240-01,240-01,3G
240,1,24001,33128419,11883773,18703501,240-01,240-01,3G
240,1,24001,75098381,51649957,56857432,240-01,240-01,5G
240,1,24001,87059388,93404933,92890268,240-01,240-01,5G
240,1,24001,81864258,31828228,28896216,240-01,240-01,3G
240,1,24001,72439150,60479963,47984050,240-01,240-01,3G
240,1,24001,89708960,26200310,83465740,240-01,240-01,5G
240,1,24001,15759768,10162273,56637168,240-01,240-01,5G
240,1,24001,27756710,16602278,54799450,240-01,240-01,4G
240,1,24001,60615699,65281915,67935689,240-01,240-01,4G
240,1,24001,11301066,97841962,25162178,240-01,240-01,3G
240,1,24001,20137550,18523302,99645625,240-01,240-01,3G
240,1,24001,84325995,29514703,20314940,240-01,240-01,5G
240,1,24001,23039344,20175994,76591098,240-01,240-01,5G
240,1,24001,33097573,79441477,43595282,240-01,240-01,5G
240,1,24001,80833395,11803140,57237277,240-01,240-01,5G
240,1,24001,69232674,71777465,37062864,240-01,240-01,5G
240,1,24001,51948332,60229650,93481160,240-01,240-01,5G
240,1,24001,89330054,67706050,90794826,240-01,240-01,5G
240,1,24001,90538393,22590177,18054048,240-01,240-01,5G
240,1,24001,61867750,71506498,22971304,240-01,240-01,5G
240,1,24001,80623123,54398413,99064974,240-01,240-01,5G
240,1,24001,68106589,15920749,88201290,240-01,240-01,3G
240,1,24001,96051626,48611300,19159471,240-01,240-01,3G
240,1,24001,90691440,77643391,10395006,240-01,240-01,3G
240,1,24001,43066759,85095603,81869492,240-01,240-01,3G
240,1,24001,58751927,41452228,32848765,240-01,240-01,3G
240,1,24001,49173696,13042411,93779276,240-01,240-01,3G
240,1,24001,54711006,98986662,16696709,240-01,240-01,3G
240,1,24001,93726666,41355172,73338883,240-01,240-01,3G
240,1,24001,95407464,89598428,26472068,240-01,240-01,4G
240,1,24001,23739389,57468156,64895822,240-01,240-01,4G
240,1,24001,18375363,37309840,63520851,240-01,240-01,5G
240,1,24001,59738275,93448513,87307777,240-01,240-01,5G
240,1,24001,58637077,66726752,70949641,240-01,240-01,5G
240,1,24001,48047058,11145224,18025386,240-01,240-01,5G
240,1,24001,54316828,91629251,38711124,240-01,240-01,4G
240,1,24001,60685965,69474941,65755965,240-01,240-01,4G
240,1,24001,59818814,60594035,72077960,240-01,240-01,4G
240,1,24001,88895238,64450191,21704268,240-01,240-01,4G
240,1,24001,20670234,34386997,94036082,240-01,240-01,3G
240,1,24001,39455552,87146363,90802336,240-01,240-01,3G
240,1,24001,46240003,33219338,61606586,240-01,240-01,5G
240,1,24001,60967035,78076582,32683235,240-01,240-01,5G
240,1,24001,40148225,64453156,76792028,240-01,240-01,5G
240,1,24001,16964749,62268530,55204182,240-01,240-01,5G
240,1,24001,93570039,46553856,87038060,240-01,240-01,3G
240,1,24001,57467335,90988418,94301168,240-01,240-01,3G
240,1,24001,63057047,81843240,54161860,240-01,240-01,3G
240,1,24001,88237182,94133304,30784875,240-01,240-01,3G
240,1,24001,98338054,36299784,12993152,240-01,240-01,3G
240,1,24001,74301469,91740236,95996006,240-01,240-01,3G
240,1,24001,82718866,40329122,10907638,240-01,240-01,3G
240,1,24001,12612580,16321457,57264872,240-01,240-01,3G
240,1,24001,82644150,63661010,96491971,240-01,240-01,5G
240,1,24001,52169781,33916657,92099618,240-01,240-01,5G
240,1,24001,54549094,85242732,24043895,240-01,240-01,3G
240,1,24001,60106352,28934558,63133660,240-01,240-01,3G
240,1,24001,77768246,15325330,60902712,240-01,240-01,3G
240,1,24001,27054422,32678318,21686874,240-01,240-01,3G
240,1,24001,96713806,54999721,43258875,240-01,240-01,4G
240,1,24001,45662829,25758086,49584723,240-01,240-01,4G
240,1,24001,88006807,81791357,90318467,240-01,240-01,5G
240,1,24001,35770043,58407178,34876992,240-01,240-01,5G
240,1,24001,40224862,97791042,31033463,240-01,240-01,3G
240,1,24001,56743188,18302428,43907026,240-01,240-01,3G
240,1,24001,51041778,36190466,33378586,240-01,240-01,4G
240,1,24001,82117514,97317685,37824921,240-01,240-01,4G
240,1,24001,81846766,47538180,26465915,240-01,240-01,4G
240,1,24001,83641397,58976160,70501506,240-01,240-01,4G
240,1,24001,80229788,27406348,53645957,240-01,240-01,5G
240,1,24001,34267667,33517297,13562575,240-01,240-01,5G
240,1,24001,47770689,25140841,47472527,240-01,240-01,4G
240,1,24001,55068604,98580017,42746340,240-01,240-01,4G
240,1,24001,48191635,63833257,71540036,240-01,240-01,5G
240,1,24001,32303079,90612490,82033033,240-01,240-01,5G
240,1,24001,59897169,80015355,41267269,240-01,240-01,3G
240,1,24001,22920450,49797647,53784180,240-01,240-01,3G
240,1,24001,97075611,33379462,42888583,240-01,240-01,3G
240,1,24001,75402295,96623037,56401571,240-01,240-01,3G
240,1,24001,45514348,96247452,59933525,240-01,240-01,4G
240,1,24001,28808205,19437819,73018824,240-01,240-01,4G
240,1,24001,79346374,88571170,16349872,240-01,240-01,3G
240,1,24001,94280253,36775075,17191165,240-01,240-01,3G
240,1,24001,16725675,54120357,49632251,240-01,240-01,3G
240,1,24001,16893948,46323341,76695967,240-01,240-01,3G
240,1,24001,45471590,14566732,14535839,240-01,240-01,5G
240,1,24001,84452385,97877488,80304239,240-01,240-01,5G
240,1,24001,57419145,69758765,68875461,240-01,240-01,3G
240,1,24001,21155417,55981883,34855979,240-01,240-01,3G
240,1,24001,77673399,96564528,89309235,240-01,240-01,5G
240,1,24001,46240981,18260808,10825401,240-01,240-01,5G
240,1,24001,80602312,51308765,47395561,240-01,240-01,5G
240,1,24001,69306217,39134077,97841588,240-01,240-01,5G
240,1,24001,65399199,40003771,70240440,240-01,240-01,3G
240,1,24001,87659684,37855552,94343175,240-01,240-01,3G
240,1,24001,26823520,18640583,40559575,240-01,240-01,4G
240,1,24001,33017119,20094368,43636851,240-01,240-01,4G
240,1,24001,27968765,36623348,71684586,240-01,240-01,3G
240,1,24001,95981080,38297926,11121716,240-01,240-01,3G
240,1,24001,80382278,22253974,58360038,240-01,240-01,3G
240,1,24001,21992310,79534724,40449817,240-01,240-01,3G
240,1,24001,79305806,75993251,92191661,240-01,240-01,4G
240,1,24001,94061891,42367602,76212039,240-01,240-01,4G
240,1,24001,66492831,57783986,59136029,240-01,240-01,3G
240,1,24001,31691442,77868024,30377282,240-01,240-01,3G
240,1,24001,30587222,16896806,98010115,240-01,240-01,5G
240,1,24001,32628382,45568389,24636391,240-01,240-01,5G
240,1,24001,69948309,24149839,65037492,240-01,240-01,5G
240,1,24001,23666593,93704746,59116424,240-01,240-01,5G
240,1,24001,81619331,15758282,24922450,240-01,240-01,5G
240,1,24001,52278135,73412005,45259952,240-01,240-01,5G
240,1,24001,45252362,26848703,83494824,240-01,240-01,3G
240,1,24001,90609542,76963702,35958056,240-01,240-01,3G
240,1,24001,98509985,19808485,13033024,240-01,240-01,3G
240,1,24001,55743210,35478064,71367023,240-01,240-01,3G
240,1,24001,30154028,87614579,52878402,240-01,240-01,4G
240,1,24001,26727086,77046579,24592529,240-01,240-01,4G
240,1,24001,42286076,33220111,38934213,240-01,240-01,4G
240,1,24001,92756771,36397102,74201304,240-01,240-01,4G
240,1,24001,72045729,13553027,52657635,240-01,240-01,4G
240,1,24001,84502398,15377548,97867488,240-01,240-01,4G
240,1,24001,74974379,68757719,23974802,240-01,240-01,4G
240,1,24001,40786181,61840046,63235243,240-01,240-01,4G
240,1,24001,34148357,50908032,47364352,240-01,240-01,4G
240,1,24001,18100210,58260693,21053966,240-01,240-01,4G
240,1,24001,79941592,56476132,49705819,240-01,240-01,4G
240,1,24001,45917481,41606521,37389011,240-01,240-01,4G
240,1,24001,89492484,68346400,37720554,240-01,240-01,5G
240,1,24001,98170450,34446111,20795244,240-01,240-01,5G
240,1,24001,93335127,10780647,39069616,240-01,240-01,4G
240,1,24001,15187536,15130919,31401199,240-01,240-01,4G
240,1,24001,87861371,80512902,97173450,240-01,240-01,5G
240,1,24001,61422700,26668159,13403958,240-01,240-01,5G
240,1,24001,83384054,72412279,89120356,240-01,240-01,3G
240,1,24001,52813534,10628326,19003025,240-01,240-01,3G
240,1,24001,39140669,35460954,64538056,240-01,240-01,4G
240,1,24001,12686315,10559163,98070578,240-01,240-01,4G
240,1,24001,90119221,49448237,75608589,240-01,240-01,5G
240,1,24001,83171346,55589535,56613715,240-01,240-01,5G
240,1,24001,36074571,25910504,12782261,240-01,240-01,4G
240,1,24001,93776422,40606373,93860256,240-01,240-01,4G
240,1,24001,67769178,86977609,81454869,240-01,240-01,5G
240,1,24001,65247124,76966694,70083467,240-01,240-01,5G
240,1,24001,63968786,46104260,83037121,240-01,240-01,4G
240,1,24001,26291927,52339615,78708456,240-01,240-01,4G
240,1,24001,11483226,69386829,38533327,240-01,240-01,4G
240,1,24001,66636862,52027447,56604422,240-01,240-01,4G
240,1,24001,50653516,48172165,34644506,240-01,240-01,4G
240,1,24001,90873343,88869420,75166126,240-01,240-01,4G
240,1,24001,66925595,15607870,25727110,240-01,240-01,4G
240,1,24001,28801368,70170970,78541038,240-01,240-01,4G
240,1,24001,67525370,22664034,57707688,240-01,240-01,5G
240,1,24001,99010691,88348728,82913804,240-01,240-01,5G
240,1,24001,29181393,94257544,41039827,240-01,240-01,5G
240,1,24001,57377576,12959326,21188825,240-01,240-01,5G
240,1,24001,79632484,34018866,72258765,240-01,240-01,3G
240,1,24001,73172625,78068082,90359148,240-01,240-01,3G
240,1,24001,63590719,70033429,86004899,240-01,240-01,4G
240,1,24001,74022094,29025967,87040877,240-01,240-01,4G
240,1,24001,34654822,23930291,68385269,240-01,240-01,3G
240,1,24001,97688361,94442980,36699161,240-01,240-01,3G
240,1,24001,60513673,86564251,64788751,240-01,240-01,4G
240,1,24001,14049887,90737069,75893540,240-01,240-01,4G
240,1,24001,57725642,61289322,52157445,240-01,240-01,4G
240,1,24001,77102048,52651352,17134752,240-01,240-01,4G
240,1,24001,20472349,75781656,53119379,240-01,240-01,3G
240,1,24001,89099855,68091271,24101126,240-01,240-01,3G
240,1,24001,36561295,93256853,21807942,240-01,240-01,4G
240,1,24001,95369009,58734131,70474333,240-01,240-01,4G
240,1,24001,14349279,36539411,35657374,240-01,240-01,3G
240,1,24001,74060728,83985799,46284341,240-01,240-01,3G
240,1,24001,64561707,60681401,76608058,240-01,240-01,4G
240,1,24001,50828299,94886598,57045506,240-01,240-01,4G
240,1,24001,59845816,88627466,38795697,240-01,240-01,5G
240,1,24001,25966273,69309476,63280638,240-01,240-01,5G
240,1,24001,13992952,75733156,47072709,240-01,240-01,5G
240,1,24001,55359287,18368631,36600933,240-01,240-01,5G
240,1,24001,68079759,32010446,40021700,240-01,240-01,3G
240,1,24001,54562668,81081966,65019129,240-01,240-01,3G
240,1,24001,52624140,51092827,18647505,240-01,240-01,3G
240,1,24001,67707662,78299071,35424240,240-01,240-01,3G
240,1,24001,58914602,96061410,15286681,240-01,240-01,4G
240,1,24001,68698418,73613114,82892893,240-01,240-01,4G
240,1,24001,62656749,75728451,20663509,240-01,240-01,3G
240,1,24001,38148724,57187928,89997182,240-01,240-01,3G
240,1,24001,69060087,48863561,79786664,240-01,240-01,5G
240,1,24001,88845871,68542860,30459127,240-01,240-01,5G
240,1,24001,43808840,32155502,91934139,240-01,240-01,4G
240,1,24001,43008050,36967138,86954580,240-01,240-01,4G
240,1,24001,90898379,33739188,68146208,240-01,240-01,4G
240,1,24001,29967487,70097824,90961188,240-01,240-01,4G
240,1,24001,30765400,32961862,71782632,240-01,240-01,5G
240,1,24001,71727455,73826346,12385927,240-01,240-01,5G
240,1,24001,75030737,50078891,82472093,240-01,240-01,5G
240,1,24001,81360112,13689347,79319774,240-01,240-01,5G
240,1,24001,52087502,83031621,13897508,240-01,240-01,4G
240,1,24001,66501232,64355092,30000795,240-01,240-01,4G
240,1,24001,38147413,93673168,23942972,240-01,240-01,5G
240,1,24001,77014708,64872304,87714290,240-01,240-01,5G
240,1,24001,53606460,39568000,91897281,240-01,240-01,5G
240,1,24001,90092146,15674007,83056954,240-01,240-01,5G
240,1,24001,45821916,21580440,95094403,240-01,240-01,4G
240,1,24001,84467621,26983809,16320070,240-01,240-01,4G
240,1,24001,46022286,88588281,72897492,240-01,240-01,5G
240,1,24001,58542490,40363906,61403145,240-01,240-01,5G
240,1,24001,13587545,28466246,14402857,240-01,240-01,4G
240,1,24001,27090884,73306051,41762003,240-01,240-01,4G
240,1,24001,56247143,69479296,35146443,240-01,240-01,5G
240,1,24001,77692405,73907527,15653976,240-01,240-01,5G
240,1,24001,65053098,49158675,42937826,240-01,240-01,4G
240,1,24001,22755883,31274957,98444421,240-01,240-01,4G
240,1,24001,26741183,41356898,18138444,240-01,240-01,4G
240,1,24001,36335382,15395478,43723477,240-01,240-01,4G
240,1,24001,90057520,88014862,95620370,240-01,240-01,5G
240,1,24001,50759466,22053702,73210425,240-01,240-01,5G
240,1,24001,57137095,93236009,45586069,240-01,240-01,5G
240,1,24001,84634101,99768141,52820996,240-01,240-01,5G
240,1,24001,67359690,28391324,86942830,240-01,240-01,4G
240,1,24001,71524730,81931061,82558182,240-01,240-01,4G
240,1,24001,89541580,62942916,89340174,240-01,240-01,5G
240,1,24001,76643969,45760920,73058741,240-01,240-01,5G
240,1,24001,33148848,75440369,45350930,240-01,240-01,4G
240,1,24001,66294415,44142595,30498854,240-01,240-01,4G
240,1,24001,59280523,90060886,91542057,240-01,240-01,5G
240,1,24001,64680939,53370295,73642445,240-01,240-01,5G
240,1,24001,67843771,14015369,71238491,240-01,240-01,3G
240,1,24001,55422227,21281356,47951546,240-01,240-01,3G
240,1,24001,58952800,73360326,22664744,240-01,240-01,3G
240,1,24001,37507572,24193226,15343606,240-01,240-01,3G
240,1,24001,83697811,72619461,22094288,240-01,240-01,5G
240,1,24001,59274569,76694491,37798397,240-01,240-01,5G
240,1,24001,57225259,40763398,29949494,240-01,240-01,3G
240,1,24001,39741604,27901634,98001490,240-01,240-01,3G
240,1,24001,53705617,11706050,97672891,240-01,240-01,4G
240,1,24001,46557127,12474164,14416463,240-01,240-01,4G
240,1,24001,95366538,15196983,26634384,240-01,240-01,4G
240,1,24001,44717103,50990873,49995960,240-01,240-01,4G
240,1,24001,28557089,66141663,68228343,240-01,240-01,4G
240,1,24001,91017000,86217181,20832566,240-01,240-01,4G
240,1,24001,46962444,83747318,38979997,240-01,240-01,5G
240,1,24001,90078622,33806978,30228245,240-01,240-01,5G
240,1,24001,23636199,40871047,58167187,240-01,240-01,4G
240,1,24001,30554591,60386829,82727568,240-01,240-01,4G
240,1,24001,36398631,75659053,63807150,240-01,240-01,5G
240,1,24001,32435971,78437596,60852215,240-01,240-01,5G
240,1,24001,64944283,34897309,19804057,240-01,240-01,5G
240,1,24001,91962110,47998344,17116887,240-01,240-01,5G
240,1,24001,72168169,33753932,79745028,240-01,240-01,3G
240,1,24001,29890747,91693878,90506726,240-01,240-01,3G
240,1,24001,44428241,75050001,70978651,240-01,240-01,3G
240,1,24001,83961467,93283765,63296711,240-01,240-01,3G
240,1,24001,49159802,88909874,34369895,240-01,240-01,3G
240,1,24001,11128677,79044065,30411952,240-01,240-01,3G
240,1,24001,46210002,96886240,27825853,240-01,240-01,3G
240,1,24001,65155877,22787482,94381866,240-01,240-01,3G
240,1,24001,74103633,85987582,41171121,240-01,240-01,4G
240,1,24001,66036853,89032312,45589682,240-01,240-01,4G
240,1,24001,81088842,89168380,88968942,240-01,240-01,5G
240,1,24001,56668807,99033717,13336895,240-01,240-01,5G
240,1,24001,39379304,35462228,35426421,240-01,240-01,3G
240,1,24001,18119639,36094850,87893572,240-01,240-01,3G
240,1,24001,61824765,19876065,86844228,240-01,240-01,4G
240,1,24001,33613565,15413074,61151634,240-01,240-01,4G
240,1,24001,67477927,60516352,52862872,240-01,240-01,4G
240,1,24001,19278870,17213692,35945180,240-01,240-01,4G
240,1,24001,36656276,62568778,56626940,240-01,240-01,4G
240,1,24001,88104808,80692850,41990622,240-01,240-01,4G
240,1,24001,80842105,42562115,60316686,240-01,240-01,3G
240,1,24001,73458230,63566618,48209039,240-01,240-01,3G
240,1,24001,61408074,17112122,15819017,240-01,240-01,3G
240,1,24001,76648224,40329641,11871552,240-01,240-01,3G
240,1,24001,68449971,19449711,69667233,240-01,240-01,5G
240,1,24001,56513033,65338103,53216919,240-01,240-01,5G
240,1,24001,43618156,54123547,86536756,240-01,240-01,3G
240,1,24001,78982739,97287543,79495587,240-01,240-01,3G
240,1,24001,37072174,77852121,22813405,240-01,240-01,3G
240,1,24001,95814698,73278416,72131079,240-01,240-01,3G
240,1,24001,64734176,21699208,78125524,240-01,240-01,5G
240,1,24001,78874834,16548642,66254595,240-01,240-01,5G
240,1,24001,55583453,13197271,83413591,240-01,240-01,4G
240,1,24001,25368032,45705693,52154315,240-01,240-01,4G
240,1,24001,42051726,31578880,38070825,240-01,240-01,5G
240,1,24001,51679970,79870968,58025356,240-01,240-01,5G
240,1,24001,14030402,51244360,37665388,240-01,240-01,5G
240,1,24001,38348589,16762223,46337436,240-01,240-01,5G
240,1,24001,64980135,81065098,31362932,240-01,240-01,4G
240,1,24001,34555074,51605683,32884472,240-01,240-01,4G
240,1,24001,47138005,32559781,21241485,240-01,240-01,5G
240,1,24001,10895683,80237706,38358975,240-01,240-01,5G
240,1,24001,20264038,32532300,17609528,240-01,240-01,4G
240,1,24001,19575383,75836903,74242024,240-01,240-01,4G
240,1,24001,64716087,39504426,75860359,240-01,240-01,3G
240,1,24001,13540017,63812742,13887557,240-01,240-01,3G
240,1,24001,50201081,76621259,88776493,240-01,240-01,5G
240,1,24001,96268330,24074514,25506689,240-01,240-01,5G
240,1,24001,99768981,61590950,19184871,240-01,240-01,4G
240,1,24001,76924848,91302016,75774789,240-01,240-01,4G
240,1,24001,19666084,46954455,38850165,240-01,240-01,3G
240,1,24001,78160929,72394199,53238200,240-01,240-01,3G
240,1,24001,33120328,24808943,28737356,240-01,240-01,5G
240,1,24001,94137295,21168325,95768432,240-01,240-01,5G
240,1,24001,60793895,60159239,11009943,240-01,240-01,3G
240,1,24001,85169420,29835596,65991156,240-01,240-01,3G
240,1,24001,88291742,46168994,37852915,240-01,240-01,3G
240,1,24001,98166472,78451533,26096924,240-01,240-01,3G
240,1,24001,40098062,78693249,36293973,240-01,240-01,4G
240,1,24001,46132214,63687554,97168588,240-01,240-01,4G
240,1,24001,15171947,30900404,65271638,240-01,240-01,4G
240,1,24001,35165856,55172732,97737483,240-01,240-01,4G
240,1,24001,98072502,93173597,46667980,240-01,240-01,3G
240,1,24001,48946624,30104917,35365165,240-01,240-01,3G
240,1,24001,35283791,24810626,69073003,240-01,240-01,4G
240,1,24001,51892906,39663701,62379665,240-01,240-01,4G
240,1,24001,22027609,81092009,81016828,240-01,240-01,4G
240,1,24001,62329966,70228265,16661021,240-01,240-01,4G
240,1,24001,13631395,26486042,52620490,240-01,240-01,3G
240,1,24001,65055536,28678942,66679377,240-01,240-01,3G
240,1,24001,33606843,87013994,97058135,240-01,240-01,4G
240,1,24001,95018806,97491478,81793240,240-01,240-01,4G
240,1,24001,93353746,34708957,17456415,240-01,240-01,5G
240,1,24001,42852392,24168636,51282078,240-01,240-01,5G
240,1,24001,30880911,23252886,66355937,240-01,240-01,5G
240,1,24001,88087422,11497356,86414629,240-01,240-01,5G
240,1,24001,85918680,23592928,21680589,240-01,240-01,5G
240,1,24001,54576279,17894902,53597782,240-01,240-01,5G
240,1,24001,47488643,94252278,61441071,240-01,240-01,4G
240,1,24001,22451957,74518175,22693012,240-01,240-01,4G
240,1,24001,75903681,67850770,34813109,240-01,240-01,4G
240,1,24001,50516239,89534635,74121672,240-01,240-01,4G
240,1,24001,98215503,18802319,42698409,240-01,240-01,3G
240,1,24001,17270204,37489368,54684780,240-01,240-01,3G
240,1,24001,33243546,27962373,50888126,240-01,240-01,5G
240,1,24001,10603731,65653859,22209222,240-01,240-01,5G
240,1,24001,18818351,50030337,79812594,240-01,240-01,4G
240,1,24001,39428888,24836678,77403903,240-01,240-01,4G
240,1,24001,79810853,37317982,24458192,240-01,240-01,4G
240,1,24001,45968035,39658298,51556323,240-01,240-01,4G
240,1,24001,45253264,44610565,15831747,240-01,240-01,5G
240,1,24001,29622104,16275205,68891186,240-01,240-01,5G
240,1,24001,57845149,24465471,85529748,240-01,240-01,4G
240,1,24001,12574509,98256530,46061721,240-01,240-01,4G
240,1,24001,14169688,55119508,53154969,240-01,240-01,3G
240,1,24001,49929324,55598365,62423424,240-01,240-01,3G
240,1,24001,44512361,55828940,36757373,240-01,240-01,4G
240,1,24001,52164358,62477717,45929395,240-01,240-01,4G
240,1,24001,29191320,54827553,32413272,240-01,240-01,4G
240,1,24001,40649390,14338235,88968750,240-01,240-01,4G
240,1,24001,46831269,97666488,79019664,240-01,240-01,5G
240,1,24001,47090841,91467519,71776919,240-01,240-01,5G
240,1,24001,69687522,61442676,14040268,240-01,240-01,5G
240,1,24001,64705439,45697093,17149839,240-01,240-01,5G
240,1,24001,19039313,80599319,54394358,240-01,240-01,5G
240,1,24001,19524709,13866283,60784997,240-01,240-01,5G
240,1,24001,57632960,27296101,79967342,240-01,240-01,4G
240,1,24001,95953288,19720676,52537985,240-01,240-01,4G
240,1,24001,12185159,14026734,59698887,240-01,240-01,4G
240,1,24001,69708116,27900394,26331858,240-01,240-01,4G
240,1,24001,73232126,36817719,17824369,240-01,240-01,4G
240,1,24001,22058772,50244884,78083154,240-01,240-01,4G
240,1,24001,77213708,31244068,44883333,240-01,240-01,5G
240,1,24001,88849536,79212102,45853717,240-01,240-01,5G
240,1,24001,41584022,90107832,22642118,240-01,240-01,5G
240,1,24001,80185477,97319764,89688141,240-01,240-01,5G
240,1,24001,16276404,53275146,97637849,240-01,240-01,5G
240,1,24001,55227864,19202298,77820794,240-01,240-01,5G
240,1,24001,65577660,93752264,19576698,240-01,240-01,3G
240,1,24001,46140889,65424690,56817031,240-01,240-01,3G
240,1,24001,58384173,16746045,42532859,240-01,240-01,5G
240,1,24001,71631811,37053745,55629738,240-01,240-01,5G
240,1,24001,74001086,78738025,16613975,240-01,240-01,5G
240,1,24001,52334505,80445662,68204178,240-01,240-01,5G
240,1,24001,21744065,16127836,77386237,240-01,240-01,4G
240,1,24001,78260580,86690576,44007699,240-01,240-01,4G
240,1,24001,99979813,89159874,35067261,240-01,240-01,3G
240,1,24001,88332524,56904359,84889626,240-01,240-01,3G
240,1,24001,89078323,13779630,15469390,240-01,240-01,5G
240,1,24001,39008735,79230796,15451821,240-01,240-01,5G
240,1,24001,58976240,74464307,89842610,240-01,240-01,3G
240,1,24001,87211671,85368161,33520664,240-01,240-01,3G
240,1,24001,59204264,70374359,15049853,240-01,240-01,4G
240,1,24001,18168394,68056388,83191617,240-01,240-01,4G
240,1,24001,18706725,39192843,80981104,240-01,240-01,4G
240,1,24001,14539639,66330456,69273582,240-01,240-01,4G
240,1,24001,92896489,90117663,56114957,240-01,240-01,5G
240,1,24001,82286967,95496033,76482804,240-01,240-01,5G
240,1,24001,88997703,29824061,13017095,240-01,240-01,4G
240,1,24001,23835479,38684389,78926781,240-01,240-01,4G
240,1,24001,31156966,21937612,25553085,240-01,240-01,4G
240,1,24001,49814846,51387301,31718742,240-01,240-01,4G
240,1,24001,52530912,39692581,40174069,240-01,240-01,3G
240,1,24001,89455642,84666178,91875092,240-01,240-01,3G
240,1,24001,64079678,86750174,60098693,240-01,240-01,4G
240,1,24001,40680064,19344956,78877851,240-01,240-01,4G
240,1,24001,24463075,66139130,62384813,240-01,240-01,3G
240,1,24001,98381548,68415856,35224018,240-01,240-01,3G
240,1,24001,24340609,65044148,97285661,240-01,240-01,4G
240,1,24001,80920271,99798206,38564428,240-01,240-01,4G
240,1,24001,27048683,56696856,20504965,240-01,240-01,3G
240,1,24001,31246754,24514507,60812110,240-01,240-01,3G
240,1,24001,63177444,93206989,91771592,240-01,240-01,4G
240,1,24001,18980302,60328124,50880206,240-01,240-01,4G
240,1,24001,40479144,49914038,43104056,240-01,240-01,4G
240,1,24001,79568465,24896289,73036004,240-01,240-01,4G
240,1,24001,53140503,93710571,85472725,240-01,240-01,4G
240,1,24001,34801858,75459857,17637958,240-01,240-01,4G
240,1,24001,37255435,75880005,83953223,240-01,240-01,3G
240,1,24001,62290429,69357184,34943933,240-01,240-01,3G
240,1,24001,38056110,38163900,31922577,240-01,240-01,3G
240,1,24001,26379881,75678856,32671197,240-01,240-01,3G
240,1,24001,89327816,31947828,12817403,240-01,240-01,4G
240,1,24001,44220919,96531918,41673757,240-01,240-01,4G
240,1,24001,34396951,91060435,73275553,240-01,240-01,5G
240,1,24001,90078690,90097605,39969179,240-01,240-01,5G
240,1,24001,81899884,91177678,37958818,240-01,240-01,3G
240,1,24001,16776191,63863261,63727775,240-01,240-01,3G
240,1,24001,80299932,54936422,92875174,240-01,240-01,5G
240,1,24001,86392302,99858026,32735648,240-01,240-01,5G
240,1,24001,61098200,71802101,86066824,240-01,240-01,3G
240,1,24001,28851942,81777522,30507483,240-01,240-01,3G
240,1,24001,62975176,31027793,96465415,240-01,240-01,4G
240,1,24001,37490270,88918626,96283583,240-01,240-01,4G
240,1,24001,45199157,47315560,42242054,240-01,240-01,4G
240,1,24001,49986611,46382856,50648799,240-01,240-01,4G
240,1,24001,31874689,26221587,82896984,240-01,240-01,4G
240,1,24001,40426799,27509230,15299834,240-01,240-01,4G
240,1,24001,51740530,16758066,34643006,240-01,240-01,5G
240,1,24001,70809800,13175072,88786766,240-01,240-01,5G
240,1,24001,76564344,54199209,67946988,240-01,240-01,4G
240,1,24001,49208944,42899612,51889259,240-01,240-01,4G
240,1,24001,21456531,38480258,43551542,240-01,240-01,3G
240,1,24001,71818892,64283886,51820119,240-01,240-01,3G
240,1,24001,51321171,59194302,41744209,240-01,240-01,5G
240,1,24001,94762267,57741368,84100375,240-01,240-01,5G
240,1,24001,95191719,35507518,38248297,240-01,240-01,4G
240,1,24001,67125103,57595404,81557529,240-01,240-01,4G
240,1,24001,63440574,62351049,64777604,240-01,240-01,5G
240,1,24001,47087770,51129725,60419846,240-01,240-01,5G
240,1,24001,83350378,82703658,98789372,240-01,240-01,5G
240,1,24001,36850558,45659072,44551898,240-01,240-01,5G
240,1,24001,63766435,55351894,37939502,240-01,240-01,3G
240,1,24001,25659762,32423476,54586673,240-01,240-01,3G
240,1,24001,76886172,71600861,95042397,240-01,240-01,5G
240,1,24001,67029992,81119182,97536498,240-01,240-01,5G
240,1,24001,84371126,95806162,71600613,240-01,240-01,4G
240,1,24001,32971120,43170138,28655365,240-01,240-01,4G
240,1,24001,99856503,72390488,47095947,240-01,240-01,4G
240,1,24001,36653942,29674650,37640601,240-01,240-01,4G
240,1,24001,48856648,49504704,13913893,240-01,240-01,3G
240,1,24001,14249906,36594538,11709526,240-01,240-01,3G
240,1,24001,43728027,18890475,71579785,240-01,240-01,3G
240,1,24001,63747702,78772285,13187353,240-01,240-01,3G
240,1,24001,32796840,71072401,37425734,240-01,240-01,3G
240,1,24001,24696986,54249629,88636702,240-01,240-01,3G
240,1,24001,36158612,29041327,92339300,240-01,240-01,4G
240,1,24001,21931263,39303997,95463785,240-01,240-01,4G
240,1,24001,88777432,96233655,78866718,240-01,240-01,3G
240,1,24001,85256727,87686400,22249810,240-01,240-01,3G
240,1,24001,86303744,28508629,51526355,240-01,240-01,5G
240,1,24001,46165337,55456291,44733886,240-01,240-01,5G
240,1,24001,36028925,95427557,94110868,240-01,240-01,4G
240,1,24001,14104408,43709336,11734274,240-01,240-01,4G
240,1,24001,23026505,33950525,38563901,240-01,240-01,5G
240,1,24001,21753041,24044775,27195488,240-01,240-01,5G
240,1,24001,48104612,39352863,57847376,240-01,240-01,3G
240,1,24001,71076767,62263559,74894695,240-01,240-01,3G
240,1,24001,16368442,16084358,98379546,240-01,240-01,5G
240,1,24001,56305053,79601776,63559302,240-01,240-01,5G
240,1,24001,17276516,59372636,76297199,240-01,240-01,5G
240,1,24001,88941166,35149404,83040810,240-01,240-01,5G
240,1,24001,11793244,68474541,72918567,240-01,240-01,3G
240,1,24001,30710558,45641554,33916184,240-01,240-01,3G
240,1,24001,23981484,42297349,89122175,240-01,240-01,4G
240,1,24001,61311316,45127421,75971771,240-01,240-01,4G
240,1,24001,92535583,25033128,37711285,240-01,240-01,5G
240,1,24001,88298949,51355758,99791769,240-01,240-01,5G
240,1,24001,70046860,54946964,37699674,240-01,240-01,4G
240,1,24001,54155462,13503362,84354379,240-01,240-01,4G
240,1,24001,22710233,32956188,66287207,240-01,240-01,5G
240,1,24001,17873884,33501929,92504533,240-01,240-01,5G
240,1,24001,58267306,47455608,53381418,240-01,240-01,5G
240,1,24001,35488819,63872478,36307765,240-01,240-01,5G
240,1,24001,28493490,88747081,41770660,240-01,240-01,3G
240,1,24001,98319881,53747103,70400271,240-01,240-01,3G
240,1,24001,17210342,71637873,52848758,240-01,240-01,5G
240,1,24001,86473418,98504807,35070479,240-01,240-01,5G
240,1,24001,91300536,57856838,32213268,240-01,240-01,5G
240,1,24001,63792456,10683489,45993196,240-01,240-01,5G
240,1,24001,82680823,50216595,38868970,240-01,240-01,5G
240,1,24001,57025062,22451084,28281458,240-01,240-01,5G
240,1,24001,58232581,11855506,94385585,240-01,240-01,3G
240,1,24001,64866125,61847527,65651245,240-01,240-01,3G
240,1,24001,57709067,16756071,59035092,240-01,240-01,3G
240,1,24001,64372213,19520459,10601790,240-01,240-01,3G
240,1,24001,32842043,91582745,14019472,240-01,240-01,5G
240,1,24001,86009075,17232756,61295437,240-01,240-01,5G
240,1,24001,27651757,31795381,72381907,240-01,240-01,5G
240,1,24001,15775285,34208647,93717046,240-01,240-01,5G
240,1,24001,90993764,51773368,47906408,240-01,240-01,4G
240,1,24001,55730412,77094941,42302236,240-01,240-01,4G
240,1,24001,55577594,67092697,30913862,240-01,240-01,3G
240,1,24001,34032079,71291638,74272132,240-01,240-01,3G
240,1,24001,39931036,91110450,73150139,240-01,240-01,4G
240,1,24001,32222898,59753492,73472986,240-01,240-01,4G
240,1,24001,49943301,85272874,53450281,240-01,240-01,3G
240,1,24001,49062000,57288990,28622723,240-01,240-01,3G
240,1,24001,27107374,71666714,64709300,240-01,240-01,3G
240,1,24001,33000298,55167827,33671726,240-01,240-01,3G
240,1,24001,67497568,18475517,68745103,240-01,240-01,4G
240,1,24001,84935083,78206161,60942320,240-01,240-01,4G
240,1,24001,72549955,92790218,91511704,240-01,240-01,5G
240,1,24001,46244199,58185016,83890305,240-01,240-01,5G
240,1,24001,13560513,63354223,46384189,240-01,240-01,3G
240,1,24001,85833926,42196712,70217668,240-01,240-01,3G
240,1,24001,39725915,21157734,38234939,240-01,240-01,4G
240,1,24001,50643172,58025353,47401367,240-01,240-01,4G
240,1,24001,78542800,76293364,76022412,240-01,240-01,4G
240,1,24001,85602728,21426489,68949090,240-01,240-01,4G
240,1,24001,13781571,96056105,17618057,240-01,240-01,3G
240,1,24001,93204494,31377219,53888330,240-01,240-01,3G
240,1,24001,84568911,49241962,83027631,240-01,240-01,4G
240,1,24001,24574013,52207544,17033625,240-01,240-01,4G
240,1,24001,18399792,95010057,91180001,240-01,240-01,4G
240,1,24001,23675525,10809333,44235014,240-01,240-01,4G
240,1,24001,88241258,55411809,62390716,240-01,240-01,3G
240,1,24001,66980736,91262745,37479704,240-01,240-01,3G
240,1,24001,42209464,23188434,16693863,240-01,240-01,4G
240,1,24001,76091680,98978662,57000612,240-01,240-01,4G
240,1,24001,23644934,86690773,12911079,240-01,240-01,4G
240,1,24001,61819263,43430893,89835809,240-01,240-01,4G
240,1,24001,33099332,58860103,83966783,240-01,240-01,5G
240,1,24001,42999441,70021753,40836071,240-01,240-01,5G
240,1,24001,68063351,71387435,97000429,240-01,240-01,5G
240,1,24001,63768654,14320564,65911919,240-01,240-01,5G
240,1,24001,62747673,68132706,24075345,240-01,240-01,5G
240,1,24001,12157520,88296471,56699391,240-01,240-01,5G
240,1,24001,96103157,88546294,33400887,240-01,240-01,3G
240,1,24001,51166505,91464212,54698051,240-01,240-01,3G
240,1,24001,56155258,33128569,41924379,240-01,240-01,3G
240,1,24001,36572361,76894458,40444695,240-01,240-01,3G
240,1,24001,43220297,80934131,11993405,240-01,240-01,3G
240,1,24001,15402546,46447242,56032938,240-01,240-01,3G
240,1,24001,26816662,54322094,27925476,240-01,240-01,5G
240,1,24001,84364012,26317982,35523194,240-01,240-01,5G
240,1,24001,32500734,35276035,55129552,240-01,240-01,5G
240,1,24001,54704554,19224932,96111294,240-01,240-01,5G
240,1,24001,51114926,51043711,21317668,240-01,240-01,3G
240,1,24001,11753784,32065566,24558551,240-01,240-01,3G
240,1,24001,71124702,28195728,44958295,240-01,240-01,3G
240,1,24001,81006233,17254634,74353778,240-01,240-01,3G
240,1,24001,39814082,66018955,96751690,240-01,240-01,4G
240,1,24001,96037978,51310244,81228008,240-01,240-01,4G
240,1,24001,59420944,20016655,73246263,240-01,240-01,3G
240,1,24001,45365980,31494329,38125463,240-01,240-01,3G
240,1,24001,53812452,89579713,35007393,240-01,240-01,3G
240,1,24001,30013071,33463673,22103644,240-01,240-01,3G
240,1,24001,31531900,20761379,48121442,240-01,240-01,4G
240,1,24001,79957265,30778434,11642854,240-01,240-01,4G
240,1,24001,56156436,64037561,19559349,240-01,240-01,3G
240,1,24001,16326076,69654387,37319993,240-01,240-01,3G
240,1,24001,79305272,60554584,54740208,240-01,240-01,5G
240,1,24001,54824694,51942410,12554583,240-01,240-01,5G
240,1,24001,11320743,83923280,70068197,240-01,240-01,4G
240,1,24001,82773159,29686263,77087177,240-01,240-01,4G
240,1,24001,72098565,96086741,91745902,240-01,240-01,3G
240,1,24001,76459061,81396125,94923944,240-01,240-01,3G
240,1,24001,67876905,74526027,95798768,240-01,240-01,4G
240,1,24001,54587999,88359906,17203672,240-01,240-01,4G
240,1,24001,21947048,13941390,91209151,240-01,240-01,5G
240,1,24001,53730580,85087327,51657027,240-01,240-01,5G
240,1,24001,42252895,92775491,87716206,240-01,240-01,3G
240,1,24001,16519732,62830956,91174801,240-01,240-01,3G
240,1,24001,72487037,61269428,36208225,240-01,240-01,5G
240,1,24001,17751171,19307585,69328679,240-01,240-01,5G
240,1,24001,11434074,61596084,41164270,240-01,240-01,5G
240,1,24001,60378169,90676057,25770096,240-01,240-01,5G
240,1,24001,52519813,29662907,65917741,240-01,240-01,3G
240,1,24001,21200551,24994183,28253605,240-01,240-01,3G
240,1,24001,11919836,72693474,81806514,240-01,240-01,4G
240,1,24001,78071397,90575825,10126674,240-01,240-01,4G
240,1,24001,59500881,36637304,17630198,240-01,240-01,3G
240,1,24001,51155805,79521352,98797873,240-01,240-01,3G
240,1,24001,68629843,52141475,21448297,240-01,240-01,4G
240,1,24001,99460601,84000439,70482048,240-01,240-01,4G
240,1,24001,99438511,21222151,25342192,240-01,240-01,5G
240,1,24001,88105862,62161710,78583219,240-01,240-01,5G
240,1,24001,48322926,42332136,14350901,240-01,240-01,3G
240,1,24001,66883200,21294450,16702649,240-01,240-01,3G
240,1,24001,20650021,87481727,54558897,240-01,240-01,5G
240,1,24001,40264877,17244548,26228446,240-01,240-01,5G
240,1,24001,83680764,31044813,47353247,240-01,240-01,5G
240,1,24001,65781234,31197170,95315165,240-01,240-01,5G
240,1,24001,46969082,79645220,38592100,240-01,240-01,3G
240,1,24001,97524643,72703516,25449342,240-01,240-01,3G
240,1,24001,64701669,59726446,57925872,240-01,240-01,5G
240,1,24001,51377161,79129128,17049376,240-01,240-01,5G
240,1,24001,11010017,62120602,49209433,240-01,240-01,5G
240,1,24001,80963685,77535218,28739444,240-01,240-01,5G
240,1,24001,84806112,85601944,67248031,240-01,240-01,3G
240,1,24001,73421412,85279984,62467957,240-01,240-01,3G
240,1,24001,90451835,99604976,71128786,240-01,240-01,3G
240,1,24001,51498324,50992544,34954972,240-01,240-01,3G
240,1,24001,32342874,35018042,35796928,240-01,240-01,3G
240,1,24001,44185253,34140427,92062944,240-01,240-01,3G
240,1,24001,37863233,78752692,79246072,240-01,240-01,3G
240,1,24001,61657829,91998112,85574256,240-01,240-01,3G
240,1,24001,12300681,95869873,32082395,240-01,240-01,4G
240,1,24001,82271255,82187977,62134029,240-01,240-01,4G
240,1,24001,88721466,72079031,47643937,240-01,240-01,4G
240,1,24001,60891742,24586006,76154013,240-01,240-01,4G
240,1,24001,67122662,20949428,58738548,240-01,240-01,5G
240,1,24001,30109085,16630244,77436454,240-01,240-01,5G
240,1,24001,29083563,60108484,71458513,240-01,240-01,3G
240,1,24001,67473755,38429445,87092532,240-01,240-01,3G
240,1,24001,70881244,88678294,88743680,240-01,240-01,3G
240,1,24001,79149402,34948471,42426572,240-01,240-01,3G
240,1,24001,34006833,33500240,42223050,240-01,240-01,3G
240,1,24001,91737511,26689976,68080580,240-01,240-01,3G
240,1,24001,12511915,75177069,78236239,240-01,240-01,5G
240,1,24001,92894867,54103281,37335669,240-01,240-01,5G
240,1,24001,73910428,29301075,65479767,240-01,240-01,5G
240,1,24001,10850297,17677487,15082048,240-01,240-01,5G
240,1,24001,22075980,34873824,19441049,240-01,240-01,4G
240,1,24001,51655230,27905862,74891355,240-01,240-01,4G
240,1,24001,79331908,59597517,56978628,240-01,240-01,4G
240,1,24001,59262661,76500103,61682497,240-01,240-01,4G
240,1,24001,42857387,30126106,45985353,240-01,240-01,4G
240,1,24001,20040551,78491660,53621464,240-01,240-01,4G
240,1,24001,40233155,49161432,83801725,240-01,240-01,5G
240,1,24001,52829645,45504175,92201558,240-01,240-01,5G
240,1,24001,58654905,49076480,55515405,240-01,240-01,5G
240,1,24001,83269880,30382259,44780867,240-01,240-01,5G
240,1,24001,95008601,42411232,93497873,240-01,240-01,3G
240,1,24001,24537987,74066482,11638192,240-01,240-01,3G
240,1,24001,10516820,78820325,22324775,240-01,240-01,3G
240,1,24001,92699218,77861100,67009614,240-01,240-01,3G
240,1,24001,80705546,53179398,71459998,240-01,240-01,3G
240,1,24001,70116160,81060106,65890695,240-01,240-01,3G
240,1,24001,85535181,71725097,75514257,240-01,240-01,4G
240,1,24001,98231114,63888163,67812323,240-01,240-01,4G
240,1,24001,19548362,95627176,82183707,240-01,240-01,5G
240,1,24001,54791081,82562802,49513400,240-01,240-01,5G
240,1,24001,77796803,34757539,58298063,240-01,240-01,4G
240,1,24001,98134914,50376364,49504093,240-01,240-01,4G
240,1,24001,39419448,25021987,90835810,240-01,240-01,4G
240,1,24001,42917789,77543516,46338895,240-01,240-01,4G
240,1,24001,82239056,53683549,73838158,240-01,240-01,5G
240,1,24001,51218497,32252340,55013945,240-01,240-01,5G
240,1,24001,83629215,19042323,27365464,240-01,240-01,3G
240,1,24001,21500131,18103516,78092318,240-01,240-01,3G
240,1,24001,81732453,30266707,75757491,240-01,240-01,5G
240,1,24001,21639212,75226146,24137042,240-01,240-01,5G
240,1,24001,38904840,59060442,39015341,240-01,240-01,4G
240,1,24001,76461384,75435105,43655798,240-01,240-01,4G
240,1,24001,13508691,39522492,58064126,240-01,240-01,3G
240,1,24001,25889034,22888227,22368113,240-01,240-01,3G
240,1,24001,14779410,80401578,23349808,240-01,240-01,4G
240,1,24001,56766980,53126969,90169946,240-01,240-01,4G
240,1,24001,97048666,89048978,15956771,240-01,240-01,5G
240,1,24001,45210879,82999778,41244725,240-01,240-01,5G
240,1,24001,49262623,29006684,74090439,240-01,240-01,5G
240,1,24001,44437126,18045546,85888123,240-01,240-01,5G
240,1,24001,95095007,67342947,88638838,240-01,240-01,5G
240,1,24001,78007917,31544795,71873466,240-01,240-01,5G
240,1,24001,54989522,91341499,78681879,240-01,240-01,5G
240,1,24001,42058884,29312765,92909565,240-01,240-01,5G
240,1,24001,89385112,42481218,36158503,240-01,240-01,3G
240,1,24001,87215959,98427703,79435153,240-01,240-01,3G
240,1,24001,18580383,82164552,79103979,240-01,240-01,3G
240,1,24001,40595272,20736687,35718614,240-01,240-01,3G
240,1,24001,19756693,64485377,14609345,240-01,240-01,3G
240,1,24001,27843794,74472753,49312711,240-01,240-01,3G
240,1,24001,29203393,88802951,75659077,240-01,240-01,5G
240,1,24001,15305641,85752453,70641554,240-01,240-01,5G
240,1,24001,49098002,46640027,66499620,240-01,240-01,5G
240,1,24001,26619191,37356026,94723669,240-01,240-01,5G
240,1,24001,34215927,92459975,72447747,240-01,240-01,3G
240,1,24001,46131808,71391384,24324498,240-01,240-01,3G
240,1,24001,13934050,60523386,87494642,240-01,240-01,3G
240,1,24001,39088777,19201052,48090892,240-01,240-01,3G
240,1,24001,93290778,22697873,99555444,240-01,240-01,4G
240,1,24001,80436631,55421769,60283057,240-01,240-01,4G
240,1,24001,77496664,45445425,41500140,240-01,240-01,4G
240,1,24001,50555950,42523807,77402610,240-01,240-01,4G
240,1,24001,93461156,84335921,54052993,240-01,240-01,3G
240,1,24001,76158335,19248178,91891749,240-01,240-01,3G
240,1,24001,56877468,76984217,38497325,240-01,240-01,3G
240,1,24001,74126217,59966584,12822862,240-01,240-01,3G
240,1,24001,60336425,20432954,85675457,240-01,240-01,5G
240,1,24001,10866782,78787298,29060307,240-01,240-01,5G
240,1,24001,27723337,15373721,89835562,240-01,240-01,4G
240,1,24001,13466691,57856016,29728806,240-01,240-01,4G
240,1,24001,86273621,85857141,32748071,240-01,240-01,3G
240,1,24001,20553299,44545200,88576823,240-01,240-01,3G
240,1,24001,77002318,85173586,92088174,240-01,240-01,3G
240,1,24001,71563492,39274065,98345788,240-01,240-01,3G
240,1,24001,93157140,36159040,69328456,240-01,240-01,5G
240,1,24001,17993183,65453274,61191298,240-01,240-01,5G
240,1,24001,83935304,88015612,43904663,240-01,240-01,5G
240,1,24001,35884447,52198595,58680438,240-01,240-01,5G
240,1,24001,65741312,36998149,27707693,240-01,240-01,5G
240,1,24001,73495217,95394361,22623304,240-01,240-01,5G
240,1,24001,25178737,44712734,45622978,240-01,240-01,3G
240,1,24001,90948740,56718929,53489004,240-01,240-01,3G
240,1,24001,69177875,21487046,33482940,240-01,240-01,5G
240,1,24001,72801866,39364367,22428785,240-01,240-01,5G
240,1,24001,36460598,75779973,10205839,240-01,240-01,3G
240,1,24001,72403464,75366789,45756586,240-01,240-01,3G
240,1,24001,40300416,74531190,28868223,240-01,240-01,5G
240,1,24001,89948858,76433125,68585465,240-01,240-01,5G
240,1,24001,72053629,51656783,33184888,240-01,240-01,5G
240,1,24001,41962711,75163891,60892109,240-01,240-01,5G
240,1,24001,46263932,26011380,31169785,240-01,240-01,5G
240,1,24001,26639249,11367020,35623038,240-01,240-01,5G
240,1,24001,53044186,60740436,84117417,240-01,240-01,3G
240,1,24001,60024801,49277487,55915524,240-01,240-01,3G
240,1,24001,37141503,27060713,75113024,240-01,240-01,5G
240,1,24001,31268241,74064265,56951172,240-01,240-01,5G
240,1,24001,42418891,78927355,24199180,240-01,240-01,5G
240,1,24001,74181156,96526432,58130561,240-01,240-01,5G
240,1,24001,43399270,92437476,81669830,240-01,240-01,3G
240,1,24001,29107234,26171292,79212430,240-01,240-01,3G
240,1,24001,15852063,77355076,92382174,240-01,240-01,5G
240,1,24001,82106738,65096196,20824164,240-01,240-01,5G
240,1,24001,75705647,92372885,79659536,240-01,240-01,5G
240,1,24001,36009478,45632783,60213441,240-01,240-01,5G
240,1,24001,60907037,58601605,92856821,240-01,240-01,5G
240,1,24001,82777597,40650662,57101131,240-01,240-01,5G
240,1,24001,93524656,18299240,43357734,240-01,240-01,3G
240,1,24001,89516944,30642285,57341528,240-01,240-01,3G
240,1,24001,39756527,48092516,78011722,240-01,240-01,5G
240,1,24001,26680842,88741080,43857450,240-01,240-01,5G
240,1,24001,75794926,88356863,52283676,240-01,240-01,5G
240,1,24001,71385718,40193767,97774341,240-01,240-01,5G
240,1,24001,14600348,65063250,17269900,240-01,240-01,4G
240,1,24001,24387330,18169369,83036173,240-01,240-01,4G
240,1,24001,89991398,25162136,13346950,240-01,240-01,3G
240,1,24001,33076049,72368067,35168516,240-01,240-01,3G
240,1,24001,10852910,44152984,67814237,240-01,240-01,5G
240,1,24001,55314390,54333556,80544424,240-01,240-01,5G
240,1,24001,19584261,97941073,95666456,240-01,240-01,4G
240,1,24001,59689952,14377766,51730351,240-01,240-01,4G
240,1,24001,70477122,30162203,55111046,240-01,240-01,3G
240,1,24001,69058581,40863279,12151586,240-01,240-01,3G
240,1,24001,90772820,82814198,72200407,240-01,240-01,5G
240,1,24001,46548627,59647355,22964701,240-01,240-01,5G
240,1,24001,55667896,39521790,51132625,240-01,240-01,4G
240,1,24001,63158589,80235142,70343855,240-01,240-01,4G
240,1,24001,15728180,44476631,15208852,240-01,240-01,3G
240,1,24001,54480858,84364660,62501640,240-01,240-01,3G
240,1,24001,18112294,20927057,20352577,240-01,240-01,3G
240,1,24001,85002201,14812155,28028405,240-01,240-01,3G
240,1,24001,37075588,42596800,19108681,240-01,240-01,4G
240,1,24001,23659334,94510974,64468168,240-01,240-01,4G
240,1,24001,24888995,55206761,30073215,240-01,240-01,5G
240,1,24001,62237714,64632973,31275986,240-01,240-01,5G
240,1,24001,63370450,78216102,73838945,240-01,240-01,3G
240,1,24001,30357298,71994570,97564458,240-01,240-01,3G
240,1,24001,74517005,32031339,79461117,240-01,240-01,3G
240,1,24001,54216291,67140170,42137735,240-01,240-01,3G
240,1,24001,70173827,99716837,20598547,240-01,240-01,4G
240,1,24001,58303094,93445039,34601125,240-01,240-01,4G
240,1,24001,89295534,62710028,28361983,240-01,240-01,4G
240,1,24001,54612523,46249255,10562449,240-01,240-01,4G
240,1,24001,30758908,96390346,33623042,240-01,240-01,4G
240,1,24001,87830662,29460219,12891304,240-01,240-01,4G
240,1,24001,13892333,29527876,92879190,240-01,240-01,3G
240,1,24001,99173502,62262498,44998187,240-01,240-01,3G
240,1,24001,31453895,60996916,60143450,240-01,240-01,3G
240,1,24001,56753547,14087957,22611344,240-01,240-01,3G
240,1,24001,51416687,12312524,36825493,240-01,240-01,4G
240,1,24001,23054370,15060682,87798958,240-01,240-01,4G
240,1,24001,23327064,74789317,81093667,240-01,240-01,5G
240,1,24001,14679718,60185278,71725238,240-01,240-01,5G
240,1,24001,43426773,10644704,69651643,240-01,240-01,3G
240,1,24001,77942754,34154704,13471093,240-01,240-01,3G
240,1,24001,83406155,27870932,60017083,240-01,240-01,3G
240,1,24001,28195066,29967779,49977795,240-01,240-01,3G
240,1,24001,72361725,99664715,82229595,240-01,240-01,5G
240,1,24001,70052358,78273987,54490437,240-01,240-01,5G
240,1,24001,42597514,55208864,13965097,240-01,240-01,5G
240,1,24001,77912543,33303837,31266612,240-01,240-01,5G
240,1,24001,49524520,34541936,55778164,240-01,240-01,3G
240,1,24001,34521104,96090447,28885495,240-01,240-01,3G
240,1,24001,15417876,90499962,75368689,240-01,240-01,5G
240,1,24001,66429356,76341010,55449868,240-01,240-01,5G
240,1,24001,88187881,20888714,50847436,240-01,240-01,4G
240,1,24001,44694832,81093932,88089649,240-01,240-01,4G
240,1,24001,55020421,95874358,80948726,240-01,240-01,4G
240,1,24001,78299375,19855446,21912524,240-01,240-01,4G
240,1,24001,68336963,26975660,14648870,240-01,240-01,3G
240,1,24001,51123408,14915307,63079491,240-01,240-01,3G
240,1,24001,32331025,47888521,31733431,240-01,240-01,4G
240,1,24001,58870010,16427755,20880756,240-01,240-01,4G
240,1,24001,36771574,17415056,94296389,240-01,240-01,4G
240,1,24001,95288035,17616615,60711066,240-01,240-01,4G
240,1,24001,37221372,49642018,65451205,240-01,240-01,4G
240,1,24001,43599262,44419203,76613498,240-01,240-01,4G
240,1,24001,15300189,38163899,13035950,240-01,240-01,5G
240,1,24001,90219962,23549156,55185705,240-01,240-01,5G
240,1,24001,35475443,67027386,21253157,240-01,240-01,5G
240,1,24001,92748146,68026393,43356057,240-01,240-01,5G
240,1,24001,41391231,12631820,12916947,240-01,240-01,4G
240,1,24001,57214771,80277477,37915172,240-01,240-01,4G
240,1,24001,59938732,69761466,13984497,240-01,240-01,5G
240,1,24001,77382024,93564604,43152009,240-01,240-01,5G
240,1,24001,98737295,26729977,84529406,240-01,240-01,4G
240,1,24001,69763141,23166175,91764203,240-01,240-01,4G
240,1,24001,58702082,67574219,93972164,240-01,240-01,4G
240,1,24001,23394080,18081110,67480593,240-01,240-01,4G
240,1,24001,66106467,69168803,79918079,240-01,240-01,3G
240,1,24001,39312987,93211218,32181953,240-01,240-01,3G
240,1,24001,63090042,58937063,23652345,240-01,240-01,4G
240,1,24001,80092648,56455264,10611243,240-01,240-01,4G
240,1,24001,53241713,65597173,28959565,240-01,240-01,4G
240,1,24001,31146020,11689856,90030469,240-01,240-01,4G
240,1,24001,51625102,33698865,77217805,240-01,240-01,4G
240,1,24001,26005050,89495916,31092222,240-01,240-01,4G
240,1,24001,50803061,19632632,64597595,240-01,240-01,4G
240,1,24001,22863317,73123141,62449291,240-01,240-01,4G
240,1,24001,41383611,69464288,31649719,240-01,240-01,4G
240,1,24001,24169359,56240271,31511659,240-01,240-01,4G
240,1,24001,60798585,29507289,22742728,240-01,240-01,3G
240,1,24001,87233147,37141941,10277253,240-01,240-01,3G
240,1,24001,52348233,63008296,95466957,240-01,240-01,4G
240,1,24001,54062120,72319448,42042272,240-01,240-01,4G
240,1,24001,31387734,45917931,54601164,240-01,240-01,3G
240,1,24001,99770182,98148222,90210517,240-01,240-01,3G
240,1,24001,56001368,74355601,71505086,240-01,240-01,3G
240,1,24001,85796964,27461785,92314282,240-01,240-01,3G
240,1,24001,12716268,22888008,44283951,240-01,240-01,5G
240,1,24001,42104607,48625033,83908653,240-01,240-01,5G
240,1,24001,31042374,85306820,29918375,240-01,240-01,4G
240,1,24001,69670241,41949858,64536772,240-01,240-01,4G
240,1,24001,98542831,81765729,53504759,240-01,240-01,5G
240,1,24001,47459595,41373225,95074725,240-01,240-01,5G
240,1,24001,82104877,28590819,79196401,240-01,240-01,4G
240,1,24001,98434196,35292549,23178496,240-01,240-01,4G
240,1,24001,39786674,13763407,48311056,240-01,240-01,3G
240,1,24001,55653258,45422387,66310000,240-01,240-01,3G
240,1,24001,83773541,76785844,96576991,240-01,240-01,4G
240,1,24001,70476118,60910597,93541885,240-01,240-01,4G
240,1,24001,60783918,85097412,21045967,240-01,240-01,5G
240,1,24001,17490004,22463252,43280633,240-01,240-01,5G
240,1,24001,50139607,32663261,19966723,240-01,240-01,3G
240,1,24001,60595914,39050767,81510110,240-01,240-01,3G
240,1,24001,78913677,20194035,11121600,240-01,240-01,5G
240,1,24001,22888696,81146674,11147302,240-01,240-01,5G
240,1,24001,22991901,21449435,43364374,240-01,240-01,5G
240,1,24001,62231729,34199612,84913535,240-01,240-01,5G
240,1,24001,80052175,39680494,39100522,240-01,240-01,3G
240,1,24001,71038791,57380553,13046917,240-01,240-01,3G
240,1,24001,34081842,96466847,43289256,240-01,240-01,5G
240,1,24001,88992964,28850518,72988790,240-01,240-01,5G
240,1,24001,89959330,90823750,24793548,240-01,240-01,3G
240,1,24001,81413351,79122468,92093914,240-01,240-01,3G
240,1,24001,98957501,88516456,59421715,240-01,240-01,3G
240,1,24001,37590642,56286322,24916085,240-01,240-01,3G
240,1,24001,24994437,82771470,92319533,240-01,240-01,3G
240,1,24001,52518376,90951397,35011821,240-01,240-01,3G
240,1,24001,55540425,48736124,12248773,240-01,240-01,5G
240,1,24001,32645840,39091493,22455678,240-01,240-01,5G
240,1,24001,87293556,54420171,50660386,240-01,240-01,4G
240,1,24001,80787915,64432550,79905449,240-01,240-01,4G
240,1,24001,50079329,14085140,16818326,240-01,240-01,4G
240,1,24001,60208504,30375653,25887601,240-01,240-01,4G
240,1,24001,88238615,39041652,54735134,240-01,240-01,5G
240,1,24001,32522802,50493475,56324581,240-01,240-01,5G
240,1,24001,14099613,71492762,61605111,240-01,240-01,3G
240,1,24001,15013894,36717982,20593030,240-01,240-01,3G
240,1,24001,90200001,89703061,94877217,240-01,240-01,5G
240,1,24001,19764106,53047106,22718379,240-01,240-01,5G
240,1,24001,38909843,27192182,31104536,240-01,240-01,4G
240,1,24001,78845274,60235519,81992812,240-01,240-01,4G
240,1,24001,37480483,64643375,26054286,240-01,240-01,3G
240,1,24001,51857743,24147497,39691254,240-01,240-01,3G
240,1,24001,73345433,70942191,17588864,240-01,240-01,4G
240,1,24001,22991348,26423923,91642061,240-01,240-01,4G
240,1,24001,93129647,41326499,95933065,240-01,240-01,3G
240,1,24001,42352096,17754666,89661691,240-01,240-01,3G
240,1,24001,49495752,84374359,46283852,240-01,240-01,5G
240,1,24001,50445587,23977607,90213886,240-01,240-01,5G
240,1,24001,43305288,18382186,79639427,240-01,240-01,4G
240,1,24001,98422704,70744247,69493088,240-01,240-01,4G
240,1,24001,34484097,32490207,43557081,240-01,240-01,5G
240,1,24001,65615706,74660224,73923061,240-01,240-01,5G
240,1,24001,69343523,76000263,66689346,240-01,240-01,5G
240,1,24001,25970362,14227934,67200800,240-01,240-01,5G
240,1,24001,23336456,94124420,97206925,240-01,240-01,3G
240,1,24001,18678054,82815571,82500760,240-01,240-01,3G
240,1,24001,26572679,58998583,60130154,240-01,240-01,3G
240,1,24001,65679236,68945349,99904962,240-01,240-01,3G
240,1,24001,97799711,90039589,19018481,240-01,240-01,5G
240,1,24001,35472709,92594824,86226136,240-01,240-01,5G
240,1,24001,98973505,47326043,52332473,240-01,240-01,4G
240,1,24001,14152765,80974577,30583548,240-01,240-01,4G
240,1,24001,73522484,48021337,13172593,240-01,240-01,3G
240,1,24001,60355545,13124799,37738363,240-01,240-01,3G
240,1,24001,45368419,60909811,39175118,240-01,240-01,5G
240,1,24001,40577220,72483503,84257779,240-01,240-01,5G
240,1,24001,72528561,24102648,47891608,240-01,240-01,5G
240,1,24001,47484776,41767256,16305254,240-01,240-01,5G
240,1,24001,40904114,84544447,73505787,240-01,240-01,5G
240,1,24001,79885850,29963339,37427097,240-01,240-01,5G
240,1,24001,11887801,71548254,60477007,240-01,240-01,3G
240,1,24001,79734229,31257415,67799961,240-01,240-01,3G
240,1,24001,16903850,18620556,50236376,240-01,240-01,5G
240,1,24001,70967858,75256241,63583448,240-01,240-01,5G
240,1,24001,78158143,17653670,41775263,240-01,240-01,5G
240,1,24001,98734863,28457165,42314002,240-01,240-01,5G
240,1,24001,54734600,50977074,55833122,240-01,240-01,5G
240,1,24001,56913149,74321615,63709903,240-01,240-01,5G
240,1,24001,49586183,86898896,15395409,240-01,240-01,3G
240,1,24001,96926140,45317222,33784066,240-01,240-01,3G
240,1,24001,85283312,56784196,82563993,240-01,240-01,5G
240,1,24001,36180693,51886173,33869534,240-01,240-01,5G
240,1,24001,74824750,27283762,23144031,240-01,240-01,5G
240,1,24001,54783850,28888800,46902327,240-01,240-01,5G
240,1,24001,42245179,38325330,55143100,240-01,240-01,4G
240,1,24001,28342772,63078753,88827707,240-01,240-01,4G
240,1,24001,55146061,94666579,17468647,240-01,240-01,3G
240,1,24001,15144446,18326993,38897584,240-01,240-01,3G
240,1,24001,56412807,29769599,57848947,240-01,240-01,3G
240,1,24001,43481257,13799168,77144171,240-01,240-01,3G
240,1,24001,26663782,44828632,70847201,240-01,240-01,3G
240,1,24001,41437797,71900840,60896460,240-01,240-01,3G
240,1,24001,83573173,10077145,63887099,240-01,240-01,5G
240,1,24001,25865420,47192796,82632545,240-01,240-01,5G
240,1,24001,55487499,31513072,29519825,240-01,240-01,3G
240,1,24001,80067205,18106113,76264559,240-01,240-01,3G
240,1,24001,11843801,20268775,42051279,240-01,240-01,3G
240,1,24001,80855586,89108532,48462099,240-01,240-01,3G
240,1,24001,14521335,93490364,46324816,240-01,240-01,3G
240,1,24001,35743039,79230741,95528553,240-01,240-01,3G
240,1,24001,85957134,98896111,89544926,240-01,240-01,4G
240,1,24001,89630541,78231756,72164123,240-01,240-01,4G
240,1,24001,54272236,13451852,56934665,240-01,240-01,5G
240,1,24001,38149661,78865898,52804065,240-01,240-01,5G
240,1,24001,46344200,51941633,50335720,240-01,240-01,4G
240,1,24001,22869576,23876630,15863300,240-01,240-01,4G
240,1,24001,30807565,87160111,97353391,240-01,240-01,3G
240,1,24001,22802978,43991734,99978048,240-01,240-01,3G
240,1,24001,41556199,25220579,84934788,240-01,240-01,3G
240,1,24001,39559256,90578077,93611515,240-01,240-01,3G
240,1,24001,67694013,52351726,47277947,240-01,240-01,3G
240,1,24001,93225686,33982705,28000553,240-01,240-01,3G
240,1,24001,44525400,68691582,96712153,240-01,240-01,3G
240,1,24001,51134422,96561022,87763389,240-01,240-01,3G
240,1,24001,55885305,72198656,76054457,240-01,240-01,3G
240,1,24001,29508720,31484293,32004786,240-01,240-01,3G
240,1,24001,18349523,63438683,15719523,240-01,240-01,3G
240,1,24001,58286613,24365162,31992652,240-01,240-01,3G
240,1,24001,38538652,91340237,50818941,240-01,240-01,5G
240,1,24001,20848277,22952144,60382171,240-01,240-01,5G
240,1,24001,87405668,79532624,33309512,240-01,240-01,4G
240,1,24001,52675725,26861962,65528643,240-01,240-01,4G
240,1,24001,23481169,34015736,78725716,240-01,240-01,5G
240,1,24001,71107240,77309177,34109006,240-01,240-01,5G
240,1,24001,12818203,36611426,67985624,240-01,240-01,5G
240,1,24001,25544504,54188859,30204265,240-01,240-01,5G
240,1,24001,73122369,32937460,40196356,240-01,240-01,5G
240,1,24001,60430760,52767232,35082000,240-01,240-01,5G
240,1,24001,25617232,54703102,33272664,240-01,240-01,5G
240,1,24001,35758964,39420279,99175787,240-01,240-01,5G
240,1,24001,37384799,37565924,35061528,240-01,240-01,3G
240,1,24001,60477090,22033207,89935283,240-01,240-01,3G
240,1,24001,77429137,71061139,16839118,240-01,240-01,3G
240,1,24001,25223936,52340606,53455771,240-01,240-01,3G
240,1,24001,69085546,74291440,19598924,240-01,240-01,4G
240,1,24001,78763879,20250233,81733038,240-01,240-01,4G
240,1,24001,89547341,94507882,56116399,240-01,240-01,4G
240,1,24001,52127978,33275972,34884062,240-01,240-01,4G
240,1,24001,18715075,98426609,23321660,240-01,240-01,5G
240,1,24001,66052798,85558025,91149451,240-01,240-01,5G
240,1,24001,27876035,38701119,31788688,240-01,240-01,4G
240,1,24001,16150832,74621613,35654130,240-01,240-01,4G
240,1,24001,74240482,74726767,19487030,240-01,240-01,3G
240,1,24001,89751925,69921522,34840212,240-01,240-01,3G
240,1,24001,39284573,53145306,27917761,240-01,240-01,5G
240,1,24001,75853949,99868151,40011753,240-01,240-01,5G
240,1,24001,86822224,19353827,92565456,240-01,240-01,5G
240,1,24001,51232213,15163311,63815559,240-01,240-01,5G
240,1,24001,24435908,20469764,95553434,240-01,240-01,5G
240,1,24001,52069539,17680441,33045372,240-01,240-01,5G
240,1,24001,75549459,80406757,64061731,240-01,240-01,4G
240,1,24001,48376734,96842085,23239650,240-01,240-01,4G
240,1,24001,13254025,11137305,17815410,240-01,240-01,5G
240,1,24001,85655696,60329955,30784253,240-01,240-01,5G
240,1,24001,94906102,82573145,14070643,240-01,240-01,3G
240,1,24001,36077938,71184926,53032222,240-01,240-01,3G
240,1,24001,61236094,25711684,73928735,240-01,240-01,5G
240,1,24001,66848405,89625405,51904440,240-01,240-01,5G
240,1,24001,72567932,76714529,50415852,240-01,240-01,4G
240,1,24001,40152407,60900740,67934531,240-01,240-01,4G
240,1,24001,35609690,15646454,37143805,240-01,240-01,5G
240,1,24001,86542620,68941387,38077382,240-01,240-01,5G
240,1,24001,24023194,80222379,83481423,240-01,240-01,4G
240,1,24001,51852040,30291668,43194719,240-01,240-01,4G
240,1,24001,88574618,16158822,11394995,240-01,240-01,5G
240,1,24001,63097265,37334815,52575429,240-01,240-01,5G
240,1,24001,78880312,78988080,67849704,240-01,240-01,3G
240,1,24001,34759150,58636564,50465506,240-01,240-01,3G
240,1,24001,99388579,94141649,51658308,240-01,240-01,5G
240,1,24001,85961853,13533328,93570778,240-01,240-01,5G
240,1,24001,12783619,99718386,61946537,240-01,240-01,5G
240,1,24001,30834973,31378700,40852929,240-01,240-01,5G
240,1,24001,46127861,16988188,75770904,240-01,240-01,3G
240,1,24001,83238774,19017081,96443693,240-01,240-01,3G
240,1,24001,69374614,51563183,56656143,240-01,240-01,3G
240,1,24001,14912730,39951002,55161700,240-01,240-01,3G
240,1,24001,12120961,65797698,86493982,240-01,240-01,3G
240,1,24001,76145990,68592856,93550951,240-01,240-01,3G
240,1,24001,16055082,96214721,91153127,240-01,240-01,3G
240,1,24001,84571732,66039647,43153002,240-01,240-01,3G
240,1,24001,60163536,12449586,81230694,240-01,240-01,4G
240,1,24001,80379184,80749019,41783893,240-01,240-01,4G
240,1,24001,43399357,77942262,53750596,240-01,240-01,4G
240,1,24001,84926514,12095952,65994210,240-01,240-01,4G
240,1,24001,31621928,61717385,90029134,240-01,240-01,5G
240,1,24001,67434544,64636023,83125351,240-01,240-01,5G
240,1,24001,98902441,10823061,48417386,240-01,240-01,3G
240,1,24001,42612188,31816974,51689780,240-01,240-01,3G
240,1,24001,48986963,51209744,60196709,240-01,240-01,4G
240,1,24001,62916715,41083765,45218303,240-01,240-01,4G
240,1,24001,76619527,92569922,72116805,240-01,240-01,3G
240,1,24001,54062823,24712352,28186927,240-01,240-01,3G
240,1,24001,24520070,27318779,40237709,240-01,240-01,4G
240,1,24001,53828160,68150911,49812846,240-01,240-01,4G
240,1,24001,23772252,91123009,56960251,240-01,240-01,5G
240,1,24001,77883611,31679156,93242973,240-01,240-01,5G
240,1,24001,79899010,38420362,34748259,240-01,240-01,4G
240,1,24001,49346657,28322193,41840233,240-01,240-01,4G
240,1,24001,13530716,42763333,89696253,240-01,240-01,4G
240,1,24001,83826896,33974286,73360940,240-01,240-01,4G
240,1,24001,11460692,35886123,30437934,240-01,240-01,5G
240,1,24001,73322847,64261676,34625432,240-01,240-01,5G
240,1,24001,82213497,17361692,42401890,240-01,240-01,4G
240,1,24001,31226117,31594468,72332704,240-01,240-01,4G
240,1,24001,42381149,92508850,23733856,240-01,240-01,3G
240,1,24001,75588756,96633472,55790929,240-01,240-01,3G
240,1,24001,51011533,93851384,41460533,240-01,240-01,4G
240,1,24001,59970585,74655653,40565195,240-01,240-01,4G
240,1,24001,89643672,73484016,38935448,240-01,240-01,3G
240,1,24001,57477676,93568016,22594131,240-01,240-01,3G
240,1,24001,13554714,64826495,77053696,240-01,240-01,3G
240,1,24001,56070235,94214891,41102517,240-01,240-01,3G
240,1,24001,93547201,70803268,46749045,240-01,240-01,3G
240,1,24001,40053901,66059871,42532505,240-01,240-01,3G
240,1,24001,71100697,88658322,14974483,240-01,240-01,5G
240,1,24001,95395126,33397172,72549844,240-01,240-01,5G
240,1,24001,68041738,12574906,73994363,240-01,240-01,5G
240,1,24001,84923390,54404834,11909978,240-01,240-01,5G
240,1,24001,25751484,39440963,84876395,240-01,240-01,4G
240,1,24001,80082567,12407159,22433667,240-01,240-01,4G
240,1,24001,21387104,91242702,61441360,240-01,240-01,4G
240,1,24001,20876660,53653722,31404532,240-01,240-01,4G
240,1,24001,90487552,51376600,61776849,240-01,240-01,4G
240,1,24001,17134866,53292935,66889855,240-01,240-01,4G
240,1,24001,37577870,27218237,13743645,240-01,240-01,5G
240,1,24001,29122117,67355969,79835781,240-01,240-01,5G
240,1,24001,47146389,32190949,88654381,240-01,240-01,3G
240,1,24001,38698363,32654430,60878317,240-01,240-01,3G
240,1,24001,29135704,26472291,81227580,240-01,240-01,3G
240,1,24001,63806477,93467207,60007347,240-01,240-01,3G
240,1,24001,91595737,18632108,30567546,240-01,240-01,3G
240,1,24001,24144727,93596472,68296995,240-01,240-01,3G
240,1,24001,31747248,45415104,85340496,240-01,240-01,3G
240,1,24001,76922854,29014415,60307385,240-01,240-01,3G
240,1,24001,26237945,20231089,97861683,240-01,240-01,5G
240,1,24001,68122645,38123443,93841211,240-01,240-01,5G
240,1,24001,30018889,69892237,97590267,240-01,240-01,5G
240,1,24001,66222075,33283521,90951772,240-01,240-01,5G
240,1,24001,51584035,17814126,19418175,240-01,240-01,5G
240,1,24001,18705625,21672806,66553593,240-01,240-01,5G
240,1,24001,51746031,61807394,53935934,240-01,240-01,5G
240,1,24001,97543537,60030680,64232058,240-01,240-01,5G
240,1,24001,40538119,57766549,44387684,240-01,240-01,4G
240,1,24001,63747070,94004549,55296056,240-01,240-01,4G
240,1,24001,99002586,20252837,79634571,240-01,240-01,3G
240,1,24001,42648074,95583060,56591731,240-01,240-01,3G
240,1,24001,19954413,93887018,44321513,240-01,240-01,5G
240,1,24001,24531743,52866821,18510689,240-01,240-01,5G
240,1,24001,16740177,50813138,59739741,240-01,240-01,4G
240,1,24001,16022229,97391636,40502241,240-01,240-01,4G
240,1,24001,12996891,83917531,22437201,240-01,240-01,5G
240,1,24001,54644533,69064412,23730820,240-01,240-01,5G
240,1,24001,65883332,95857415,40797772,240-01,240-01,3G
240,1,24001,72461730,41520285,51897752,240-01,240-01,3G
240,1,24001,38681633,17173502,69194119,240-01,240-01,3G
240,1,24001,87872393,26472486,31168868,240-01,240-01,3G
240,1,24001,98404910,99045946,86048400,240-01,240-01,4G
240,1,24001,13694823,57346514,62000332,240-01,240-01,4G
240,1,24001,77777103,26220085,28146126,240-01,240-01,4G
240,1,24001,54894534,51122797,42671368,240-01,240-01,4G
240,1,24001,16381230,62466755,98419673,240-01,240-01,5G
240,1,24001,61782692,20683686,79817230,240-01,240-01,5G
240,1,24001,18945270,95369178,17978493,240-01,240-01,3G
240,1,24001,47594401,45698086,20868935,240-01,240-01,3G
240,1,24001,28887146,79892212,67917408,240-01,240-01,3G
240,1,24001,56209071,28825150,67103726,240-01,240-01,3G
240,1,24001,89104657,96207667,60244926,240-01,240-01,4G
240,1,24001,79499969,59055859,55062891,240-01,240-01,4G
240,1,24001,88215282,46691891,34853863,240-01,240-01,3G
240,1,24001,30170551,50231093,93391147,240-01,240-01,3G
240,1,24001,26231257,33566990,41931749,240-01,240-01,4G
240,1,24001,11396283,62091005,40042168,240-01,240-01,4G
240,1,24001,59166963,62608466,62196074,240-01,240-01,4G
240,1,24001,24868747,70546916,99659011,240-01,240-01,4G
240,1,24001,87453032,52009617,61988349,240-01,240-01,3G
240,1,24001,15552564,63605074,96878915,240-01,240-01,3G
240,1,24001,80842791,73463646,15009453,240-01,240-01,4G
240,1,24001,54103133,62025535,59290949,240-01,240-01,4G
240,1,24001,10559546,49025170,49515679,240-01,240-01,4G
240,1,24001,53051984,14097903,19011156,240-01,240-01,4G
240,1,24001,39815824,13126127,78362241,240-01,240-01,3G
240,1,24001,44481813,87368370,53597180,240-01,240-01,3G
240,1,24001,10619029,36594831,97011945,240-01,240-01,3G
240,1,24001,89988328,47130923,44558174,240-01,240-01,3G
240,1,24001,81924301,33171930,37489645,240-01,240-01,4G
240,1,24001,17055559,11353194,63638399,240-01,240-01,4G
240,1,24001,93520447,49821374,67362015,240-01,240-01,4G
240,1,24001,51899277,75346642,85934208,240-01,240-01,4G
240,1,24001,70639334,69713217,46870602,240-01,240-01,3G
240,1,24001,98926731,96453837,12423660,240-01,240-01,3G
240,1,24001,11172339,50926898,91326321,240-01,240-01,3G
240,1,24001,29141559,55367962,23906480,240-01,240-01,3G
240,1,24001,50917894,36318010,56784881,240-01,240-01,4G
240,1,24001,77924106,67545198,28118008,240-01,240-01,4G
240,1,24001,64115268,96830766,28315907,240-01,240-01,4G
240,1,24001,86223746,97433626,64814286,240-01,240-01,4G
240,1,24001,53855714,78314631,97624121,240-01,240-01,4G
240,1,24001,69736101,21725637,70749482,240-01,240-01,4G
240,1,24001,86643015,68149023,36838222,240-01,240-01,5G
240,1,24001,92059925,82829101,84382580,240-01,240-01,5G
240,1,24001,23454170,83315649,70847092,240-01,240-01,5G
240,1,24001,64761209,85018302,99002528,240-01,240-01,5G
240,1,24001,20910715,63470166,52959345,240-01,240-01,3G
240,1,24001,29389562,60186180,25725348,240-01,240-01,3G
240,1,24001,93548604,46125950,45492318,240-01,240-01,4G
240,1,24001,62313211,78483266,29648674,240-01,240-01,4G
240,1,24001,54507220,31332364,71845895,240-01,240-01,4G
240,1,24001,79908787,92777770,66225542,240-01,240-01,4G
240,1,24001,49980285,97656810,59198318,240-01,240-01,4G
240,1,24001,35079661,97417348,30680309,240-01,240-01,4G
240,1,24001,27200568,60120704,19511195,240-01,240-01,5G
240,1,24001,28702363,78913646,50397518,240-01,240-01,5G
240,1,24001,33171440,42412296,35054662,240-01,240-01,4G
240,1,24001,74904979,20400940,78170799,240-01,240-01,4G
240,1,24001,30707358,96749046,18912357,240-01,240-01,3G
240,1,24001,75683997,71692553,32075404,240-01,240-01,3G
240,1,24001,90941859,98468301,96550877,240-01,240-01,4G
240,1,24001,75398016,54977381,47402006,240-01,240-01,4G
240,1,24001,60126540,53757079,37104128,240-01,240-01,3G
240,1,24001,26408874,36626485,86147752,240-01,240-01,3G
240,1,24001,87540081,86121123,56364973,240-01,240-01,4G
240,1,24001,96935626,28535529,87047706,240-01,240-01,4G
240,1,24001,64902044,21812625,77950913,240-01,240-01,4G
240,1,24001,55188938,54453164,25400358,240-01,240-01,4G
240,1,24001,60405339,35488993,41948315,240-01,240-01,5G
240,1,24001,93542843,48255382,92943968,240-01,240-01,5G
240,1,24001,26809411,77043532,16774530,240-01,240-01,4G
240,1,24001,48476675,74082421,91456508,240-01,240-01,4G
240,1,24001,48755448,92965344,97231602,240-01,240-01,3G
240,1,24001,11044518,10504041,67537114,240-01,240-01,3G
240,1,24001,57363092,46033274,41887917,240-01,240-01,5G
240,1,24001,33137652,90008112,27679818,240-01,240-01,5G
240,1,24001,14596985,98813104,26944695,240-01,240-01,4G
240,1,24001,92721580,86498067,72999423,240-01,240-01,4G
240,1,24001,58334752,64395895,51846295,240-01,240-01,4G
240,1,24001,33119734,75927212,16442569,240-01,240-01,4G
240,1,24001,22084720,44176811,19810118,240-01,240-01,3G
240,1,24001,38583783,19288292,89064502,240-01,240-01,3G
240,1,24001,72825149,49859717,42823276,240-01,240-01,4G
240,1,24001,55486002,56402653,98067529,240-01,240-01,4G
240,1,24001,50730618,12838857,90776499,240-01,240-01,3G
240,1,24001,99299157,26080959,20245286,240-01,240-01,3G
240,1,24001,30617694,60440891,14249737,240-01,240-01,5G
240,1,24001,88456518,76354518,37318551,240-01,240-01,5G
240,1,24001,43792800,30450893,31409330,240-01,240-01,5G
240,1,24001,68234084,29219395,76936592,240-01,240-01,5G
240,1,24001,42090521,41308380,22012346,240-01,240-01,4G
240,1,24001,36761290,85378527,16234471,240-01,240-01,4G
240,1,24001,98246188,86023927,75330724,240-01,240-01,3G
240,1,24001,47440338,85408099,26344284,240-01,240-01,3G
240,1,24001,79233969,55388237,77588623,240-01,240-01,5G
240,1,24001,61264521,61284576,49337660,240-01,240-01,5G
240,1,24001,46215390,79175798,81018429,240-01,240-01,3G
240,1,24001,67606964,97764052,30846481,240-01,240-01,3G
240,1,24001,45177265,27635967,96420013,240-01,240-01,5G
240,1,24001,80480762,73602302,60986949,240-01,240-01,5G
240,1,24001,68403251,23835265,57601633,240-01,240-01,5G
240,1,24001,14228461,42200337,43633620,240-01,240-01,5G
240,1,24001,15958466,91697411,86875095,240-01,240-01,3G
240,1,24001,65347342,46432515,78451349,240-01,240-01,3G
240,1,24001,79372123,88786503,50253090,240-01,240-01,4G
240,1,24001,15208625,71486614,67113188,240-01,240-01,4G
240,1,24001,45006557,10338194,80054101,240-01,240-01,4G
240,1,24001,47798710,81056078,39757204,240-01,240-01,4G
240,1,24001,45438074,65626295,57534216,240-01,240-01,3G
240,1,24001,64226571,15669406,72758747,240-01,240-01,3G
240,1,24001,35777900,59474955,23026771,240-01,240-01,5G
240,1,24001,40036449,19896002,51030052,240-01,240-01,5G
240,1,24001,67850904,16029620,57795721,240-01,240-01,5G
240,1,24001,59422085,82626770,60292269,240-01,240-01,5G
240,1,24001,95211081,52645870,62898912,240-01,240-01,4G
240,1,24001,49678087,73232304,66106718,240-01,240-01,4G
240,1,24001,74357766,81853790,64484540,240-01,240-01,5G
240,1,24001,98902951,92004708,76709170,240-01,240-01,5G
240,1,24001,56607848,95264208,32403612,240-01,240-01,4G
240,1,24001,91380010,20732977,65778631,240-01,240-01,4G
240,1,24001,98907516,76981274,37159185,240-01,240-01,4G
240,1,24001,44415203,61022430,18771533,240-01,240-01,4G
240,1,24001,72656143,43496448,99094780,240-01,240-01,4G
240,1,24001,93944462,44272743,80179863,240-01,240-01,4G
240,1,24001,45721948,71346634,66821371,240-01,240-01,5G
240,1,24001,69266917,69718036,44598957,240-01,240-01,5G
240,1,24001,86355634,56426083,52355775,240-01,240-01,5G
240,1,24001,35685541,17735306,66722824,240-01,240-01,5G
240,1,24001,58201830,29891011,16284590,240-01,240-01,4G
240,1,24001,52416822,24523233,52702457,240-01,240-01,4G
240,1,24001,50265756,99084549,32138232,240-01,240-01,3G
240,1,24001,75176478,49750475,35847639,240-01,240-01,3G
240,1,24001,71167035,90613441,45131759,240-01,240-01,3G
240,1,24001,22270177,24309947,85842007,240-01,240-01,3G
240,1,24001,58135100,92228530,75662634,240-01,240-01,3G
240,1,24001,34624483,36172469,61503946,240-01,240-01,3G
240,1,24001,92549558,14830080,26495880,240-01,240-01,4G
240,1,24001,33004141,44365782,14524579,240-01,240-01,4G
240,1,24001,93500195,55244582,58903419,240-01,240-01,4G
240,1,24001,34963898,36976906,13480668,240-01,240-01,4G
240,1,24001,73103046,56686765,18991673,240-01,240-01,4G
240,1,24001,88165540,74020793,37370426,240-01,240-01,4G
240,1,24001,79000095,97106942,95477190,240-01,240-01,3G
240,1,24001,22880719,93832038,46927450,240-01,240-01,3G
240,1,24001,82418270,78123463,87041117,240-01,240-01,5G
240,1,24001,33047769,91620841,70360062,240-01,240-01,5G
240,1,24001,21077691,77793814,26341998,240-01,240-01,5G
240,1,24001,84487270,57809147,72250801,240-01,240-01,5G
240,1,24001,58188327,70148856,82291652,240-01,240-01,4G
240,1,24001,19776361,34581703,12434730,240-01,240-01,4G
240,1,24001,83852216,92634928,32607603,240-01,240-01,3G
240,1,24001,95027560,50930372,82458347,240-01,240-01,3G
240,1,24001,45215160,51193134,42729617,240-01,240-01,4G
240,1,24001,25334245,90618365,21431753,240-01,240-01,4G
240,1,24001,84504085,10359874,47509943,240-01,240-01,5G
240,1,24001,29574213,65630027,66680575,240-01,240-01,5G
240,1,24001,60447813,83510711,18431472,240-01,240-01,5G
240,1,24001,45626541,72774636,56671017,240-01,240-01,5G
240,1,24001,82915839,38021016,85936879,240-01,240-01,4G
240,1,24001,41756402,90920469,86111344,240-01,240-01,4G
240,1,24001,11978166,82218372,86438923,240-01,240-01,3G
240,1,24001,80878874,45979283,60581118,240-01,240-01,3G
240,1,24001,49326859,28829333,74305125,240-01,240-01,5G
240,1,24001,17407251,93123228,47422483,240-01,240-01,5G
240,1,24001,72473117,87742383,58843874,240-01,240-01,3G
240,1,24001,50431778,84327807,40708094,240-01,240-01,3G
240,1,24001,34125540,23203450,30436577,240-01,240-01,3G
240,1,24001,39189034,96972362,10704825,240-01,240-01,3G
240,1,24001,93742933,43457682,70904271,240-01,240-01,4G
240,1,24001,51882619,45923512,80590872,240-01,240-01,4G
240,1,24001,52977624,71349000,97023213,240-01,240-01,3G
240,1,24001,87975454,16202578,91468240,240-01,240-01,3G
240,1,24001,45997693,17098232,73970754,240-01,240-01,3G
240,1,24001,15710305,41988661,82615863,240-01,240-01,3G
240,1,24001,63518929,61807703,87129333,240-01,240-01,4G
240,1,24001,60636002,65129906,70263708,240-01,240-01,4G
240,1,24001,88744575,36964366,43509540,240-01,240-01,3G
240,1,24001,17281726,86612435,38576403,240-01,240-01,3G
240,1,24001,60216913,27359308,82160974,240-01,240-01,4G
240,1,24001,35746687,88111580,19649635,240-01,240-01,4G
240,1,24001,65691936,45783451,68813349,240-01,240-01,5G
240,1,24001,79998824,86438953,59948980,240-01,240-01,5G
240,1,24001,91222438,81953418,24102678,240-01,240-01,5G
240,1,24001,67385683,33810468,80451611,240-01,240-01,5G
240,1,24001,30937302,31946554,20071319,240-01,240-01,3G
240,1,24001,26562475,25466483,97557186,240-01,240-01,3G
240,1,24001,68719005,74816090,13021121,240-01,240-01,4G
240,1,24001,54992052,94885822,61902445,240-01,240-01,4G
240,1,24001,67329581,84502798,94778425,240-01,240-01,4G
240,1,24001,20059777,98936298,89648388,240-01,240-01,4G
240,1,24001,18272903,16622023,74317441,240-01,240-01,4G
240,1,24001,49739466,67358916,29308416,240-01,240-01,4G
240,1,24001,15697534,93158343,83430576,240-01,240-01,4G
240,1,24001,21071697,19033182,77311932,240-01,240-01,4G
240,1,24001,64958298,63504893,56728029,240-01,240-01,4G
240,1,24001,89945498,98970851,65072394,240-01,240-01,4G
240,1,24001,99037415,89626824,39130920,240-01,240-01,5G
240,1,24001,84884462,68746416,36155653,240-01,240-01,5G
240,1,24001,68573030,74044268,87453344,240-01,240-01,3G
240,1,24001,93042729,54208404,28484137,240-01,240-01,3G
240,1,24001,54138276,62120035,10179081,240-01,240-01,5G
240,1,24001,98042368,16032843,63015387,240-01,240-01,5G
240,1,24001,74068647,71972464,63440461,240-01,240-01,3G
240,1,24001,35545406,49199212,31972650,240-01,240-01,3G
240,1,24001,41657738,80618850,41717776,240-01,240-01,4G
240,1,24001,75483710,46391035,83017215,240-01,240-01,4G
240,1,24001,63004031,29223457,92173997,240-01,240-01,4G
240,1,24001,30370237,86310261,45219136,240-01,240-01,4G
240,1,24001,84267791,58353959,61048462,240-01,240-01,3G
240,1,24001,71293662,39828923,33161155,240-01,240-01,3G
240,1,24001,25328983,54348265,89036080,240-01,240-01,4G
240,1,24001,48122919,39074519,55626237,240-01,240-01,4G
240,1,24001,39421051,30077804,17230100,240-01,240-01,3G
240,1,24001,10232619,23891683,51835974,240-01,240-01,3G
240,1,24001,75976393,37075700,46321201,240-01,240-01,3G
240,1,24001,95217084,51850473,63875578,240-01,240-01,3G
240,1,24001,78358957,69550602,65811713,240-01,240-01,4G
240,1,24001,86136706,88272075,83198313,240-01,240-01,4G
240,1,24001,64571330,93461286,89626942,240-01,240-01,5G
240,1,24001,90776274,48156680,98297559,240-01,240-01,5G
240,1,24001,62513553,56427692,76326318,240-01,240-01,3G
240,1,24001,29681727,93666249,71421213,240-01,240-01,3G
240,1,24001,76512525,88776724,84101403,240-01,240-01,3G
240,1,24001,33812924,66705616,23462608,240-01,240-01,3G
240,1,24001,20589001,92309433,46988789,240-01,240-01,4G
240,1,24001,36466766,82528599,88209949,240-01,240-01,4G
240,1,24001,91565713,56452282,79618332,240-01,240-01,5G
240,1,24001,92874964,90179979,35948494,240-01,240-01,5G
240,1,24001,84613149,79917883,80081912,240-01,240-01,4G
240,1,24001,17944505,30134714,72612468,240-01,240-01,4G
240,1,24001,40691002,69679038,44924866,240-01,240-01,3G
240,1,24001,75408178,93962395,17184037,240-01,240-01,3G
240,1,24001,96387960,76100488,12880904,240-01,240-01,5G
240,1,24001,14850361,84989836,88371201,240-01,240-01,5G
240,1,24001,80436896,45202332,64452350,240-01,240-01,3G
240,1,24001,22137100,32725225,51952043,240-01,240-01,3G
240,1,24001,74184065,23956121,32649839,240-01,240-01,3G
240,1,24001,89200800,72006788,87769940,240-01,240-01,3G
240,1,24001,94007396,42327681,33463119,240-01,240-01,3G
240,1,24001,37240501,84155430,58760887,240-01,240-01,3G
240,1,24001,88543086,60157648,42028002,240-01,240-01,4G
240,1,24001,53978489,12053893,31681846,240-01,240-01,4G
240,1,24001,72169246,31998295,96035970,240-01,240-01,5G
240,1,24001,53313199,70188985,36553124,240-01,240-01,5G
240,1,24001,37578001,76188637,62011944,240-01,240-01,5G
240,1,24001,67437183,39093197,68042290,240-01,240-01,5G
240,1,24001,39324356,52287880,73721986,240-01,240-01,4G
240,1,24001,60404194,13401226,47471243,240-01,240-01,4G
240,1,24001,35200606,89523393,82852027,240-01,240-01,3G
240,1,24001,64447394,91315836,35778328,240-01,240-01,3G
240,1,24001,66944370,78480826,49023123,240-01,240-01,5G
240,1,24001,93340976,77862429,56567798,240-01,240-01,5G
240,1,24001,67751541,78904945,76594611,240-01,240-01,4G
240,1,24001,53268261,98568884,20780318,240-01,240-01,4G
240,1,24001,93916865,74198045,17642220,240-01,240-01,4G
240,1,24001,32988221,58374914,75059443,240-01,240-01,4G
240,1,24001,31469060,23531827,74428511,240-01,240-01,5G
240,1,24001,37578272,54777321,51669511,240-01,240-01,5G
240,1,24001,26068780,87107902,91254818,240-01,240-01,4G
240,1,24001,54955286,16014660,11667716,240-01,240-01,4G
240,1,24001,90899218,44918660,86746767,240-01,240-01,5G
240,1,24001,60346947,91346831,91279359,240-01,240-01,5G
240,1,24001,64686600,59487375,43542491,240-01,240-01,5G
240,1,24001,39101057,99424450,74334369,240-01,240-01,5G
240,1,24001,39428402,70246210,24019963,240-01,240-01,4G
240,1,24001,79579320,70496069,39614822,240-01,240-01,4G
240,1,24001,84875134,87160772,73705969,240-01,240-01,3G
240,1,24001,66333557,20212917,61912037,240-01,240-01,3G
240,1,24001,18574093,46989051,92385436,240-01,240-01,3G
240,1,24001,81482967,46607280,88469346,240-01,240-01,3G
240,1,24001,84494968,35328877,63340643,240-01,240-01,3G
240,1,24001,61693590,53830369,22085645,240-01,240-01,3G
240,1,24001,26185164,20330877,76256188,240-01,240-01,4G
240,1,24001,74099346,69097795,79559437,240-01,240-01,4G
240,1,24001,65924363,37116619,16320265,240-01,240-01,3G
240,1,24001,38714475,85893629,71305667,240-01,240-01,3G
240,1,24001,79430753,87162109,79922136,240-01,240-01,3G
240,1,24001,69819818,60197400,74740866,240-01,240-01,3G
240,1,24001,12088495,14813616,41571375,240-01,240-01,3G
240,1,24001,72095908,93022461,26150069,240-01,240-01,3G
240,1,24001,10648654,19927953,78322663,240-01,240-01,3G
240,1,24001,38787937,62998305,19604116,240-01,240-01,3G
240,1,24001,92227442,87452820,13552316,240-01,240-01,5G
240,1,24001,40108983,29275390,30406044,240-01,240-01,5G
240,1,24001,54511843,65973889,14196455,240-01,240-01,3G
240,1,24001,63552855,69340764,19253963,240-01,240-01,3G
240,1,24001,57520989,80014691,51827908,240-01,240-01,4G
240,1,24001,38129716,26810213,88645262,240-01,240-01,4G
240,1,24001,14928043,96048950,86942037,240-01,240-01,3G
240,1,24001,93921311,64444926,72686783,240-01,240-01,3G
240,1,24001,67911190,15704233,34572191,240-01,240-01,4G
240,1,24001,52248255,72381315,56970135,240-01,240-01,4G
240,1,24001,78719602,65743694,38937283,240-01,240-01,3G
240,1,24001,29210279,33879369,31272390,240-01,240-01,3G
240,1,24001,92455211,95259164,86691040,240-01,240-01,5G
240,1,24001,61254452,16756492,16584914,240-01,240-01,5G
240,1,24001,25621240,36989580,52001256,240-01,240-01,3G
240,1,24001,14838498,99636591,71775673,240-01,240-01,3G
240,1,24001,72835432,43911165,58496496,240-01,240-01,3G
240,1,24001,74381068,80125642,11200960,240-01,240-01,3G
240,1,24001,34995907,13824577,85460684,240-01,240-01,5G
240,1,24001,93851515,76238139,63086692,240-01,240-01,5G
240,1,24001,10433493,56510627,43293322,240-01,240-01,4G
240,1,24001,81350817,73642209,42700429,240-01,240-01,4G
240,1,24001,50253771,31549187,29777131,240-01,240-01,3G
240,1,24001,71345956,10227707,61394620,240-01,240-01,3G
240,1,24001,95967166,89686548,97857823,240-01,240-01,4G
240,1,24001,35613891,82438687,94590592,240-01,240-01,4G
240,1,24001,15025284,88659506,43699578,240-01,240-01,3G
240,1,24001,84191836,11451422,10575088,240-01,240-01,3G
240,1,24001,12754908,95577102,25653024,240-01,240-01,3G
240,1,24001,38271287,30496498,99823915,240-01,240-01,3G
240,1,24001,73550247,97323035,11105279,240-01,240-01,3G
240,1,24001,45762111,14653295,93034356,240-01,240-01,3G
240,1,24001,16496347,26525560,65262123,240-01,240-01,5G
240,1,24001,39837291,26169002,34078039,240-01,240-01,5G
240,1,24001,64945906,69068259,17539253,240-01,240-01,3G
240,1,24001,63452012,26464311,17914290,240-01,240-01,3G
240,1,24001,95127033,32783311,44578393,240-01,240-01,4G
240,1,24001,48267749,42178157,44988546,240-01,240-01,4G
240,1,24001,76344859,96836112,89801359,240-01,240-01,5G
240,1,24001,31158751,51368513,56180111,240-01,240-01,5G
240,1,24001,67750819,76894987,87698343,240-01,240-01,5G
240,1,24001,91101024,86392414,43421338,240-01,240-01,5G
240,1,24001,43351660,11805967,43947801,240-01,240-01,3G
240,1,24001,57497846,64490363,13717068,240-01,240-01,3G
240,1,24001,62016108,69964572,91328489,240-01,240-01,4G
240,1,24001,45899808,46629750,24152442,240-01,240-01,4G
240,1,24001,64744611,29240384,99968799,240-01,240-01,4G
240,1,24001,25572627,46719142,82674486,240-01,240-01,4G
240,1,24001,31443809,10265906,86730346,240-01,240-01,4G
240,1,24001,65129590,24986346,81748362,240-01,240-01,4G
240,1,24001,89814584,57531104,77654726,240-01,240-01,5G
240,1,24001,63254811,76005470,13530925,240-01,240-01,5G
240,1,24001,73120342,13495333,49256495,240-01,240-01,3G
240,1,24001,71836885,53948287,68316425,240-01,240-01,3G
240,1,24001,15050163,87742680,69795456,240-01,240-01,4G
240,1,24001,68025132,67420472,74175865,240-01,240-01,4G
240,1,24001,54061799,95905010,21883724,240-01,240-01,4G
240,1,24001,22695951,38453935,58575559,240-01,240-01,4G
240,1,24001,64598783,45272893,65933702,240-01,240-01,4G
240,1,24001,46631444,21137697,72403623,240-01,240-01,4G
240,1,24001,20330741,69547865,48591104,240-01,240-01,5G
240,1,24001,19695297,44478320,62777406,240-01,240-01,5G
240,1,24001,28280996,39537647,86879989,240-01,240-01,4G
240,1,24001,56588505,15165681,31032273,240-01,240-01,4G
240,1,24001,81369869,24326519,76137328,240-01,240-01,3G
240,1,24001,43112270,85452322,23725419,240-01,240-01,3G
240,1,24001,99429632,94909486,40389758,240-01,240-01,4G
240,1,24001,15910719,64192275,86443833,240-01,240-01,4G
240,1,24001,19210422,57258556,94412052,240-01,240-01,5G
240,1,24001,78112000,54087764,90414350,240-01,240-01,5G
240,1,24001,92132858,18964542,23444669,240-01,240-01,5G
240,1,24001,67422399,78477118,38732780,240-01,240-01,5G
240,1,24001,69088264,61374360,50431919,240-01,240-01,3G
240,1,24001,82097562,96671805,13736770,240-01,240-01,3G
240,1,24001,96096945,44653506,44753477,240-01,240-01,5G
240,1,24001,73480755,97192173,59411084,240-01,240-01,5G
240,1,24001,19267901,70303120,57237652,240-01,240-01,5G
240,1,24001,21672018,70259387,84153208,240-01,240-01,5G
240,1,24001,78522353,41748079,41768485,240-01,240-01,4G
240,1,24001,28314613,27106231,48500613,240-01,240-01,4G
240,1,24001,19340602,83207647,82079771,240-01,240-01,5G
240,1,24001,98547203,88622421,83645978,240-01,240-01,5G
240,1,24001,14736677,80360180,30789333,240-01,240-01,3G
240,1,24001,40478899,13645279,11704943,240-01,240-01,3G
240,1,24001,77779123,29157989,49787055,240-01,240-01,3G
240,1,24001,78958722,66451785,50388231,240-01,240-01,3G
240,1,24001,39195425,38256575,15587864,240-01,240-01,3G
240,1,24001,81262501,36074376,38438614,240-01,240-01,3G
240,1,24001,89435163,83078202,53207469,240-01,240-01,3G
240,1,24001,70892795,83772833,10674496,240-01,240-01,3G
240,1,24001,53613427,95594755,28000237,240-01,240-01,3G
240,1,24001,18423153,71943953,59501735,240-01,240-01,3G
240,1,24001,73989316,12139809,15008387,240-01,240-01,4G
240,1,24001,45413584,50512558,15300482,240-01,240-01,4G
240,1,24001,54913193,76011449,21256517,240-01,240-01,4G
240,1,24001,29863242,58282631,27125155,240-01,240-01,4G
240,1,24001,58074910,40730870,20181387,240-01,240-01,4G
240,1,24001,76334576,59884580,27372606,240-01,240-01,4G
240,1,24001,85835769,72351606,47702894,240-01,240-01,3G
240,1,24001,37200181,77556348,69638649,240-01,240-01,3G
240,1,24001,35040974,39603685,34748390,240-01,240-01,3G
240,1,24001,44492647,32705524,33912374,240-01,240-01,3G
240,1,24001,48853706,88186000,34534878,240-01,240-01,3G
240,1,24001,23539057,41472731,53237271,240-01,240-01,3G
240,1,24001,79681297,96200142,20826150,240-01,240-01,3G
240,1,24001,21808095,91258069,51482828,240-01,240-01,3G
240,1,24001,40799694,23650583,18546798,240-01,240-01,4G
240,1,24001,18359336,84617134,24367075,240-01,240-01,4G
240,1,24001,44375711,48017644,49927492,240-01,240-01,3G
240,1,24001,21867854,58168797,28307818,240-01,240-01,3G
240,1,24001,76020390,70033178,42678370,240-01,240-01,5G
240,1,24001,87279215,71011169,73561417,240-01,240-01,5G
240,1,24001,38371679,78165034,10424735,240-01,240-01,4G
240,1,24001,73116965,77861828,16711881,240-01,240-01,4G
240,1,24001,13061466,22901934,87113707,240-01,240-01,3G
240,1,24001,71761475,58279572,54447948,240-01,240-01,3G
240,1,24001,72808754,72303553,50429601,240-01,240-01,3G
240,1,24001,98679965,54345001,53885029,240-01,240-01,3G
240,1,24001,50517838,17919491,98459894,240-01,240-01,4G
240,1,24001,19884924,62236199,46282328,240-01,240-01,4G
240,1,24001,14548927,33533590,41081113,240-01,240-01,4G
240,1,24001,62345125,41810563,76406175,240-01,240-01,4G
240,1,24001,37258009,62866416,69616181,240-01,240-01,3G
240,1,24001,30506860,29325827,47054551,240-01,240-01,3G
240,1,24001,35243016,29747874,68724844,240-01,240-01,5G
240,1,24001,55479337,39668415,46385002,240-01,240-01,5G
240,1,24001,55354546,44356601,64627981,240-01,240-01,5G
240,1,24001,68658106,22191270,62576440,240-01,240-01,5G
240,1,24001,24273601,46523336,91640087,240-01,240-01,3G
240,1,24001,96680864,54189750,70868567,240-01,240-01,3G
240,1,24001,50801758,34914046,47512623,240-01,240-01,4G
240,1,24001,10413421,75165242,48914953,240-01,240-01,4G
240,1,24001,20397169,35178157,32660485,240-01,240-01,5G
240,1,24001,46525593,78208807,20818310,240-01,240-01,5G
240,1,24001,62088172,36234116,47829662,240-01,240-01,4G
240,1,24001,69559609,69109207,67869288,240-01,240-01,4G
240,1,24001,73569448,27089400,33293716,240-01,240-01,3G
240,1,24001,39097191,13723542,17148382,240-01,240-01,3G
240,1,24001,76574863,62783605,71465684,240-01,240-01,4G
240,1,24001,66073441,58473113,26045923,240-01,240-01,4G
240,1,24001,96825689,70104465,39356163,240-01,240-01,5G
240,1,24001,33819613,42884963,75622868,240-01,240-01,5G
240,1,24001,76819211,35278619,47175064,240-01,240-01,4G
240,1,24001,44719099,87954822,45115682,240-01,240-01,4G
240,1,24001,85910610,38133429,26059842,240-01,240-01,5G
240,1,24001,24124510,44725574,66769069,240-01,240-01,5G
240,1,24001,34424958,15189123,94013751,240-01,240-01,3G
240,1,24001,87727676,27784280,99414244,240-01,240-01,3G
240,1,24001,93967648,79616594,94273844,240-01,240-01,5G
240,1,24001,99361670,43154373,99621598,240-01,240-01,5G
240,1,24001,65566854,96146021,38383491,240-01,240-01,5G
240,1,24001,26588828,27576808,67040900,240-01,240-01,5G
240,1,24001,81018655,19722625,95522044,240-01,240-01,5G
240,1,24001,86270280,96942546,69007495,240-01,240-01,5G
240,1,24001,62876054,58707434,59675579,240-01,240-01,3G
240,1,24001,44265057,21900134,68926947,240-01,240-01,3G
240,1,24001,23641761,20439511,11673819,240-01,240-01,4G
240,1,24001,71034855,61498808,42363621,240-01,240-01,4G
240,1,24001,93338999,65879904,13989558,240-01,240-01,4G
240,1,24001,97678997,91407799,75238863,240-01,240-01,4G
240,1,24001,16129526,86279382,58844967,240-01,240-01,5G
240,1,24001,28213801,12428610,99256051,240-01,240-01,5G
240,1,24001,34564036,34066660,37675915,240-01,240-01,4G
240,1,24001,22252883,47657907,63952085,240-01,240-01,4G
240,1,24001,59245279,48129849,79304048,240-01,240-01,3G
240,1,24001,16238313,72994977,20431669,240-01,240-01,3G
240,1,24001,95381956,35969094,44464730,240-01,240-01,5G
240,1,24001,21926176,24610064,22177739,240-01,240-01,5G
240,1,24001,67708152,96425154,17372531,240-01,240-01,3G
240,1,24001,83554312,67837641,41521082,240-01,240-01,3G
240,1,24001,80978539,73456580,83232135,240-01,240-01,5G
240,1,24001,15595421,74731302,36709967,240-01,240-01,5G
240,1,24001,34540864,83629207,62829213,240-01,240-01,3G
240,1,24001,29158850,94158977,55111018,240-01,240-01,3G
240,1,24001,87825250,60423308,51656567,240-01,240-01,4G
240,1,24001,17353835,57020714,73663987,240-01,240-01,4G
240,1,24001,11331063,83352275,66129190,240-01,240-01,5G
240,1,24001,89438422,36674115,12812103,240-01,240-01,5G
240,1,24001,33114385,56428939,24765750,240-01,240-01,5G
240,1,24001,54697810,29178622,31128517,240-01,240-01,5G
240,1,24001,23246267,24837444,22009531,240-01,240-01,3G
240,1,24001,46106582,99009090,83133228,240-01,240-01,3G
240,1,24001,90137569,59965228,37410585,240-01,240-01,5G
240,1,24001,51679183,87529660,79504881,240-01,240-01,5G
240,1,24001,19385017,36787887,33136246,240-01,240-01,3G
240,1,24001,91015430,89782861,19315961,240-01,240-01,3G
240,1,24001,57550137,68700324,33638389,240-01,240-01,4G
240,1,24001,55442032,21088365,76053586,240-01,240-01,4G
240,1,24001,44234530,29458368,41011453,240-01,240-01,5G
240,1,24001,55951365,88309649,36225763,240-01,240-01,5G
240,1,24001,81309207,91452178,99983238,240-01,240-01,4G
240,1,24001,15102454,12360675,38567121,240-01,240-01,4G
240,1,24001,95341747,84318785,68754972,240-01,240-01,3G
240,1,24001,24329801,21687199,99118028,240-01,240-01,3G
240,1,24001,60503909,79611863,63186532,240-01,240-01,5G
240,1,24001,96812294,95795581,30762469,240-01,240-01,5G
240,1,24001,93705650,78716842,94198530,240-01,240-01,4G
240,1,24001,84322178,97004219,11398409,240-01,240-01,4G
240,1,24001,63875393,37304111,25809644,240-01,240-01,4G
240,1,24001,76761302,54545508,75152155,240-01,240-01,4G
240,1,24001,76895233,14207727,85776309,240-01,240-01,4G
240,1,24001,55895434,10689415,55661649,240-01,240-01,4G
240,1,24001,53994753,25912643,34196104,240-01,240-01,5G
240,1,24001,93107195,16302453,46384425,240-01,240-01,5G
240,1,24001,94292639,30690330,79426638,240-01,240-01,3G
240,1,24001,64564610,22975261,51515845,240-01,240-01,3G
240,1,24001,61495761,63851071,95156527,240-01,240-01,5G
240,1,24001,41019529,29225270,96476144,240-01,240-01,5G
240,1,24001,76559902,16563625,80541140,240-01,240-01,4G
240,1,24001,76136200,30751514,54628004,240-01,240-01,4G
240,1,24001,29538037,84107420,44524111,240-01,240-01,5G
240,1,24001,87787168,81528588,55711220,240-01,240-01,5G
240,1,24001,99303605,85828725,92200841,240-01,240-01,5G
240,1,24001,97712154,79231150,94533915,240-01,240-01,5G
240,1,24001,41136258,26131352,13707456,240-01,240-01,3G
240,1,24001,40127599,18847110,71329254,240-01,240-01,3G
240,1,24001,94033880,52038062,16225838,240-01,240-01,5G
240,1,24001,25523996,35415963,67864980,240-01,240-01,5G
240,1,24001,47512692,70905539,74518130,240-01,240-01,3G
240,1,24001,43645238,41154271,92066875,240-01,240-01,3G
240,1,24001,88815928,21882605,79599860,240-01,240-01,4G
240,1,24001,41536296,47088561,63409217,240-01,240-01,4G
240,1,24001,84703075,98908912,63859662,240-01,240-01,3G
240,1,24001,50177221,62801747,75749311,240-01,240-01,3G
240,1,24001,19461011,38926819,74106447,240-01,240-01,4G
240,1,24001,36061052,21431242,43393695,240-01,240-01,4G
240,1,24001,53823784,98517589,32501354,240-01,240-01,5G
240,1,24001,63809595,42982956,95829359,240-01,240-01,5G
240,1,24001,44076451,20094177,67603430,240-01,240-01,3G
240,1,24001,92363469,14115469,80405824,240-01,240-01,3G
240,1,24001,27408474,37710651,42442543,240-01,240-01,4G
240,1,24001,46495863,27635662,17480866,240-01,240-01,4G
240,1,24001,32465777,57366563,21480531,240-01,240-01,5G
240,1,24001,36556834,42686033,57669115,240-01,240-01,5G
240,1,24001,89897424,85754766,66761869,240-01,240-01,3G
240,1,24001,29245816,23755688,96109293,240-01,240-01,3G
240,1,24001,33412658,24161643,63554550,240-01,240-01,5G
240,1,24001,13747247,98804151,13717891,240-01,240-01,5G
240,1,24001,97335733,71684664,36071563,240-01,240-01,3G
240,1,24001,16867618,66172938,43501200,240-01,240-01,3G
240,1,24001,38144065,78952795,41382793,240-01,240-01,4G
240,1,24001,92520238,70634887,38085790,240-01,240-01,4G
240,1,24001,16176060,56032899,90460149,240-01,240-01,5G
240,1,24001,41399095,20035202,40996954,240-01,240-01,5G
240,1,24001,74335569,68919299,71194761,240-01,240-01,4G
240,1,24001,43725659,75984206,79145071,240-01,240-01,4G
240,1,24001,71298930,89850770,19400904,240-01,240-01,4G
240,1,24001,52100561,13668310,50598176,240-01,240-01,4G
240,1,24001,69239686,48630162,34433815,240-01,240-01,3G
240,1,24001,23645944,98926587,96721880,240-01,240-01,3G
240,1,24001,42948667,84581778,91959015,240-01,240-01,3G
240,1,24001,77396193,25287056,28104602,240-01,240-01,3G
240,1,24001,47936319,13825667,67994672,240-01,240-01,3G
240,1,24001,45316120,92186847,20747270,240-01,240-01,3G
240,1,24001,56986604,75638052,44308029,240-01,240-01,5G
240,1,24001,79786285,44763601,72750892,240-01,240-01,5G
240,1,24001,87884959,27514120,61413128,240-01,240-01,3G
240,1,24001,96888982,14863474,11788957,240-01,240-01,3G
240,1,24001,65789054,73957810,72995753,240-01,240-01,3G
240,1,24001,86353565,31150976,25904551,240-01,240-01,3G
240,1,24001,10599304,95780373,33859392,240-01,240-01,3G
240,1,24001,44869202,86595573,61716834,240-01,240-01,3G
240,1,24001,30024604,30166441,15536075,240-01,240-01,4G
240,1,24001,43167428,23526333,13210624,240-01,240-01,4G
240,1,24001,36103660,15592219,87246467,240-01,240-01,4G
240,1,24001,69432498,38067926,33708673,240-01,240-01,4G
240,1,24001,83192009,54020765,31179064,240-01,240-01,4G
240,1,24001,87692207,63582642,83966157,240-01,240-01,4G
240,1,24001,14190908,58044452,16576966,240-01,240-01,3G
240,1,24001,75543594,98397173,57574721,240-01,240-01,3G
240,1,24001,74243926,25073672,23595883,240-01,240-01,3G
240,1,24001,72430096,41004394,50169847,240-01,240-01,3G
240,1,24001,48582332,17812109,55308231,240-01,240-01,4G
240,1,24001,86847061,67692820,98128312,240-01,240-01,4G
240,1,24001,41364510,38128017,59265999,240-01,240-01,3G
240,1,24001,73802278,12746488,63775061,240-01,240-01,3G
240,1,24001,38005439,99870882,47267519,240-01,240-01,5G
240,1,24001,52775984,19469197,14032208,240-01,240-01,5G
240,1,24001,23953751,11749743,38556801,240-01,240-01,4G
240,1,24001,20293465,74120198,71308672,240-01,240-01,4G
