MCC,MNC,PLMN,TMSI,LMSI,TLLI,LAI,RAI,Network_Type
240,1,24001,3522****,8656****,5182****,240-01,240-01,5G
240,1,24001,8743****,6180****,7282****,240-01,240-01,5G
240,1,24001,5651****,5476****,4383****,240-01,240-01,3G
240,1,24001,5989****,7741****,3610****,240-01,240-01,5G
240,1,24001,3762****,1293****,4554****,240-01,240-01,3G
240,1,24001,9216****,2960****,4767****,240-01,240-01,5G
240,1,24001,3461****,4476****,8368****,240-01,240-01,4G
240,1,24001,5137****,8727****,6107****,240-01,240-01,5G
240,1,24001,6522****,9736****,8317****,240-01,240-01,5G
240,1,24001,6366****,2516****,3549****,240-01,240-01,3G
240,1,24001,9223****,9019****,5270****,240-01,240-01,4G
240,1,24001,5225****,1651****,6143****,240-01,240-01,5G
240,1,24001,3676****,4616****,6355****,240-01,240-01,3G
240,1,24001,9104****,6671****,1387****,240-01,240-01,5G
240,1,24001,8042****,4841****,8713****,240-01,240-01,3G
240,1,24001,3802****,1298****,8708****,240-01,240-01,4G
240,1,24001,8575****,9240****,8192****,240-01,240-01,5G
240,1,24001,7086****,6498****,8585****,240-01,240-01,4G
240,1,24001,2044****,3087****,3203****,240-01,240-01,4G
240,1,24001,9185****,5117****,8097****,240-01,240-01,5G
240,1,24001,7278****,2709****,3382****,240-01,240-01,5G
240,1,24001,5712****,8109****,8408****,240-01,240-01,5G
240,1,24001,7961****,5065****,1173****,240-01,240-01,3G
240,1,24001,6287****,4044****,5604****,240-01,240-01,4G
240,1,24001,4678****,9980****,6294****,240-01,240-01,5G
240,1,24001,4646****,7711****,1399****,240-01,240-01,3G
240,1,24001,2047****,3589****,1965****,240-01,240-01,3G
240,1,24001,3101****,5950****,7515****,240-01,240-01,5G
240,1,24001,8007****,7757****,7388****,240-01,240-01,3G
240,1,24001,6676****,2836****,6833****,240-01,240-01,3G
240,1,24001,5965****,3072****,6552****,240-01,240-01,3G
240,1,24001,2493****,2609****,3472****,240-01,240-01,5G
240,1,24001,8464****,7470****,1643****,240-01,240-01,3G
240,1,24001,5693****,2887****,6175****,240-01,240-01,3G
240,1,24001,8510****,5320****,9968****,240-01,240-01,3G
240,1,24001,7602****,1761****,4978****,240-01,240-01,3G
240,1,24001,7388****,7118****,1622****,240-01,240-01,4G
240,1,24001,4175****,7643****,1820****,240-01,240-01,3G
240,1,24001,6699****,6949****,4773****,240-01,240-01,3G
240,1,24001,6559****,6421****,9559****,240-01,240-01,5G
240,1,24001,8133****,6433****,9507****,240-01,240-01,5G
240,1,24001,6958****,4140****,5905****,240-01,240-01,5G
240,1,24001,2989****,7523****,9090****,240-01,240-01,3G
240,1,24001,4805****,9900****,8311****,240-01,240-01,3G
240,1,24001,8653****,5434****,9431****,240-01,240-01,5G
240,1,24001,3588****,4240****,1346****,240-01,240-01,3G
240,1,24001,8762****,2340****,4228****,240-01,240-01,3G
240,1,24001,5330****,2415****,2857****,240-01,240-01,5G
240,1,24001,5107****,8438****,1460****,240-01,240-01,4G
240,1,24001,5009****,6876****,1601****,240-01,240-01,4G
240,1,24001,1163****,1279****,6926****,240-01,240-01,3G
240,1,24001,7984****,6442****,8186****,240-01,240-01,5G
240,1,24001,4759****,5066****,7185****,240-01,240-01,4G
240,1,24001,7951****,1997****,6430****,240-01,240-01,5G
240,1,24001,1845****,5053****,7322****,240-01,240-01,4G
240,1,24001,5740****,9745****,2005****,240-01,240-01,3G
240,1,24001,5487****,7475****,8371****,240-01,240-01,5G
240,1,24001,8098****,5275****,7895****,240-01,240-01,3G
240,1,24001,1809****,2544****,1725****,240-01,240-01,3G
240,1,24001,3232****,3051****,9272****,240-01,240-01,5G
240,1,24001,4100****,5317****,2177****,240-01,240-01,5G
240,1,24001,4548****,6109****,8660****,240-01,240-01,5G
240,1,24001,9433****,8882****,5815****,240-01,240-01,5G
240,1,24001,9237****,9257****,7647****,240-01,240-01,4G
240,1,24001,6526****,8265****,8359****,240-01,240-01,4G
240,1,24001,4764****,3201****,5889****,240-01,240-01,4G
240,1,24001,9005****,6175****,6394****,240-01,240-01,5G
240,1,24001,9366****,5275****,1846****,240-01,240-01,4G
240,1,24001,8704****,2598****,9868****,240-01,240-01,3G
240,1,24001,3720****,3566****,8193****,240-01,240-01,5G
240,1,24001,2046****,6328****,2326****,240-01,240-01,5G
240,1,24001,5095****,5665****,4105****,240-01,240-01,5G
240,1,24001,8875****,1255****,1836****,240-01,240-01,3G
240,1,24001,2995****,8400****,2816****,240-01,240-01,3G
240,1,24001,5878****,8722****,2471****,240-01,240-01,5G
240,1,24001,6763****,1229****,1160****,240-01,240-01,3G
240,1,24001,1092****,1722****,6756****,240-01,240-01,4G
240,1,24001,6659****,4715****,3863****,240-01,240-01,3G
240,1,24001,6366****,3216****,3096****,240-01,240-01,5G
240,1,24001,3002****,9530****,8674****,240-01,240-01,3G
240,1,24001,3122****,6215****,8980****,240-01,240-01,5G
240,1,24001,2597****,8027****,7948****,240-01,240-01,3G
240,1,24001,4972****,5533****,6178****,240-01,240-01,5G
240,1,24001,8224****,8466****,9732****,240-01,240-01,4G
240,1,24001,3037****,8309****,2159****,240-01,240-01,3G
240,1,24001,9247****,8515****,9923****,240-01,240-01,3G
240,1,24001,9578****,1954****,1496****,240-01,240-01,5G
240,1,24001,1762****,8967****,5427****,240-01,240-01,5G
240,1,24001,1753****,3026****,6496****,240-01,240-01,4G
240,1,24001,2325****,4949****,7334****,240-01,240-01,3G
240,1,24001,3040****,1244****,4141****,240-01,240-01,4G
240,1,24001,2491****,5049****,4566****,240-01,240-01,4G
240,1,24001,5085****,5524****,9986****,240-01,240-01,4G
240,1,24001,8161****,9847****,8677****,240-01,240-01,3G
240,1,24001,7199****,3808****,1572****,240-01,240-01,5G
240,1,24001,6684****,3089****,9647****,240-01,240-01,3G
240,1,24001,6731****,4920****,7533****,240-01,240-01,3G
240,1,24001,4571****,3481****,1421****,240-01,240-01,4G
240,1,24001,3711****,3141****,9063****,240-01,240-01,4G
240,1,24001,7089****,5656****,1557****,240-01,240-01,3G
240,1,24001,4132****,2382****,6026****,240-01,240-01,4G
240,1,24001,1474****,2424****,3560****,240-01,240-01,5G
240,1,24001,1598****,5392****,1081****,240-01,240-01,5G
240,1,24001,9019****,7182****,6209****,240-01,240-01,4G
240,1,24001,5682****,8094****,8706****,240-01,240-01,3G
240,1,24001,1845****,3718****,3730****,240-01,240-01,5G
240,1,24001,9617****,5625****,1849****,240-01,240-01,4G
240,1,24001,9687****,4780****,1928****,240-01,240-01,4G
240,1,24001,3230****,6217****,3714****,240-01,240-01,4G
240,1,24001,5447****,7476****,9209****,240-01,240-01,4G
240,1,24001,6158****,9707****,2439****,240-01,240-01,4G
240,1,24001,1179****,4502****,5805****,240-01,240-01,4G
240,1,24001,2798****,7972****,6378****,240-01,240-01,3G
240,1,24001,7539****,9315****,5904****,240-01,240-01,4G
240,1,24001,6058****,8192****,9334****,240-01,240-01,5G
240,1,24001,4582****,4261****,6206****,240-01,240-01,4G
240,1,24001,1266****,1706****,4854****,240-01,240-01,3G
240,1,24001,8299****,1905****,1063****,240-01,240-01,4G
240,1,24001,5302****,3929****,5070****,240-01,240-01,3G
240,1,24001,9426****,1139****,5012****,240-01,240-01,4G
240,1,24001,6124****,8486****,2272****,240-01,240-01,5G
240,1,24001,4258****,9286****,9850****,240-01,240-01,5G
240,1,24001,4028****,7944****,6510****,240-01,240-01,3G
240,1,24001,1098****,6739****,4897****,240-01,240-01,4G
240,1,24001,3994****,7054****,8953****,240-01,240-01,3G
240,1,24001,4983****,3048****,1696****,240-01,240-01,4G
240,1,24001,8642****,3514****,6769****,240-01,240-01,5G
240,1,24001,9151****,8382****,7460****,240-01,240-01,4G
240,1,24001,9546****,2560****,9973****,240-01,240-01,3G
240,1,24001,4529****,6738****,1150****,240-01,240-01,5G
240,1,24001,7910****,2778****,9753****,240-01,240-01,5G
240,1,24001,2918****,6596****,2348****,240-01,240-01,5G
240,1,24001,2467****,5943****,5541****,240-01,240-01,5G
240,1,24001,1427****,4973****,4500****,240-01,240-01,3G
240,1,24001,1355****,8248****,4116****,240-01,240-01,4G
240,1,24001,6357****,8071****,1052****,240-01,240-01,5G
240,1,24001,3005****,8447****,4914****,240-01,240-01,5G
240,1,24001,2250****,4362****,1211****,240-01,240-01,4G
240,1,24001,6375****,1662****,1729****,240-01,240-01,3G
240,1,24001,8783****,1975****,6533****,240-01,240-01,5G
240,1,24001,1003****,8771****,5088****,240-01,240-01,4G
240,1,24001,9534****,8946****,6089****,240-01,240-01,5G
240,1,24001,9159****,4936****,8656****,240-01,240-01,3G
240,1,24001,2872****,3909****,4330****,240-01,240-01,5G
240,1,24001,3365****,5450****,6384****,240-01,240-01,5G
240,1,24001,6075****,7069****,8284****,240-01,240-01,5G
240,1,24001,4338****,6613****,9855****,240-01,240-01,5G
240,1,24001,5478****,4271****,7139****,240-01,240-01,3G
240,1,24001,5868****,9139****,5860****,240-01,240-01,4G
240,1,24001,5681****,2537****,3936****,240-01,240-01,5G
240,1,24001,8072****,1715****,7710****,240-01,240-01,3G
240,1,24001,2340****,9103****,1230****,240-01,240-01,3G
240,1,24001,9998****,6338****,1993****,240-01,240-01,4G
240,1,24001,5383****,5854****,2082****,240-01,240-01,5G
240,1,24001,6782****,1677****,3843****,240-01,240-01,3G
240,1,24001,1844****,2612****,8322****,240-01,240-01,3G
240,1,24001,9275****,6147****,7716****,240-01,240-01,5G
240,1,24001,1917****,7303****,4942****,240-01,240-01,5G
240,1,24001,6683****,5466****,5888****,240-01,240-01,3G
240,1,24001,7213****,3097****,7778****,240-01,240-01,5G
240,1,24001,1092****,4027****,4827****,240-01,240-01,3G
240,1,24001,3189****,1738****,8219****,240-01,240-01,4G
240,1,24001,8002****,1919****,5033****,240-01,240-01,4G
240,1,24001,6482****,6912****,1959****,240-01,240-01,4G
240,1,24001,5522****,2464****,2147****,240-01,240-01,3G
240,1,24001,7476****,2209****,4004****,240-01,240-01,4G
240,1,24001,8196****,5014****,4604****,240-01,240-01,3G
240,1,24001,9140****,2126****,5077****,240-01,240-01,3G
240,1,24001,1928****,7729****,5939****,240-01,240-01,5G
240,1,24001,5518****,9590****,7655****,240-01,240-01,3G
240,1,24001,3237****,9897****,4685****,240-01,240-01,5G
240,1,24001,3934****,7488****,1849****,240-01,240-01,5G
240,1,24001,2432****,8486****,7758****,240-01,240-01,5G
240,1,24001,5682****,2875****,3968****,240-01,240-01,3G
240,1,24001,6622****,8904****,7641****,240-01,240-01,5G
240,1,24001,9635****,1383****,9108****,240-01,240-01,4G
240,1,24001,3846****,1217****,2646****,240-01,240-01,3G
240,1,24001,5115****,7126****,5158****,240-01,240-01,3G
240,1,24001,6521****,4166****,7172****,240-01,240-01,5G
240,1,24001,4496****,6867****,7359****,240-01,240-01,5G
240,1,24001,7557****,6849****,9352****,240-01,240-01,4G
240,1,24001,9195****,3294****,6223****,240-01,240-01,4G
240,1,24001,2986****,3935****,3385****,240-01,240-01,3G
240,1,24001,4323****,5758****,7947****,240-01,240-01,5G
240,1,24001,6660****,8566****,1681****,240-01,240-01,5G
240,1,24001,8800****,5347****,9953****,240-01,240-01,5G
240,1,24001,6637****,4651****,3497****,240-01,240-01,5G
240,1,24001,8223****,6830****,3097****,240-01,240-01,4G
240,1,24001,4567****,1933****,4244****,240-01,240-01,3G
240,1,24001,6176****,9907****,2959****,240-01,240-01,3G
240,1,24001,7338****,1219****,2379****,240-01,240-01,3G
240,1,24001,1250****,3496****,5796****,240-01,240-01,3G
240,1,24001,2598****,4821****,4181****,240-01,240-01,5G
240,1,24001,1471****,8516****,1568****,240-01,240-01,4G
240,1,24001,1242****,6931****,4034****,240-01,240-01,4G
240,1,24001,4039****,1607****,2307****,240-01,240-01,3G
240,1,24001,5333****,7368****,3890****,240-01,240-01,3G
240,1,24001,8334****,9882****,6818****,240-01,240-01,3G
240,1,24001,8930****,8104****,8738****,240-01,240-01,5G
240,1,24001,7618****,5957****,6365****,240-01,240-01,4G
240,1,24001,6351****,8095****,5660****,240-01,240-01,5G
240,1,24001,7494****,4522****,9375****,240-01,240-01,4G
240,1,24001,5347****,6567****,9328****,240-01,240-01,4G
240,1,24001,5428****,9011****,4149****,240-01,240-01,4G
240,1,24001,6003****,6474****,4817****,240-01,240-01,3G
240,1,24001,8693****,7231****,3504****,240-01,240-01,3G
240,1,24001,4724****,6823****,3549****,240-01,240-01,4G
240,1,24001,2612****,4369****,4816****,240-01,240-01,5G
240,1,24001,5194****,2976****,3001****,240-01,240-01,4G
240,1,24001,7545****,6593****,4113****,240-01,240-01,5G
240,1,24001,6459****,5978****,9965****,240-01,240-01,5G
240,1,24001,4263****,5932****,2714****,240-01,240-01,4G
240,1,24001,1278****,2091****,4437****,240-01,240-01,3G
240,1,24001,9389****,9405****,5500****,240-01,240-01,5G
240,1,24001,3786****,5045****,5640****,240-01,240-01,5G
240,1,24001,3330****,2410****,4753****,240-01,240-01,5G
240,1,24001,8666****,8140****,9896****,240-01,240-01,3G
240,1,24001,2557****,4217****,2939****,240-01,240-01,5G
240,1,24001,8321****,1657****,8105****,240-01,240-01,3G
240,1,24001,1161****,6536****,3090****,240-01,240-01,5G
240,1,24001,5697****,4983****,5254****,240-01,240-01,5G
240,1,24001,2683****,5934****,8650****,240-01,240-01,3G
240,1,24001,9175****,1792****,3044****,240-01,240-01,4G
240,1,24001,2262****,5182****,6287****,240-01,240-01,4G
240,1,24001,3528****,4891****,2115****,240-01,240-01,5G
240,1,24001,9209****,6380****,5228****,240-01,240-01,5G
240,1,24001,1626****,7898****,9306****,240-01,240-01,3G
240,1,24001,8799****,7869****,5760****,240-01,240-01,4G
240,1,24001,9185****,3233****,5106****,240-01,240-01,4G
240,1,24001,4923****,4507****,8677****,240-01,240-01,5G
240,1,24001,4835****,7447****,8690****,240-01,240-01,4G
240,1,24001,1864****,1740****,3470****,240-01,240-01,3G
240,1,24001,7200****,2664****,4006****,240-01,240-01,5G
240,1,24001,3490****,1841****,2362****,240-01,240-01,3G
240,1,24001,4411****,4666****,2570****,240-01,240-01,5G
240,1,24001,4461****,8101****,1575****,240-01,240-01,4G
240,1,24001,1848****,1299****,8887****,240-01,240-01,4G
240,1,24001,3824****,8228****,4583****,240-01,240-01,4G
240,1,24001,1087****,9580****,7138****,240-01,240-01,4G
240,1,24001,8216****,8034****,2337****,240-01,240-01,3G
240,1,24001,5215****,8206****,3236****,240-01,240-01,5G
240,1,24001,5538****,3482****,9684****,240-01,240-01,3G
240,1,24001,4539****,7249****,3433****,240-01,240-01,3G
240,1,24001,6938****,8593****,7929****,240-01,240-01,3G
240,1,24001,4727****,8813****,3362****,240-01,240-01,5G
240,1,24001,4418****,3323****,2749****,240-01,240-01,4G
240,1,24001,6596****,7544****,9082****,240-01,240-01,4G
240,1,24001,9140****,1354****,8963****,240-01,240-01,4G
240,1,24001,4686****,4050****,4117****,240-01,240-01,5G
240,1,24001,5325****,2767****,5559****,240-01,240-01,5G
240,1,24001,8320****,9985****,8737****,240-01,240-01,5G
240,1,24001,9924****,2991****,6224****,240-01,240-01,4G
240,1,24001,2856****,9483****,8806****,240-01,240-01,5G
240,1,24001,3255****,4836****,7656****,240-01,240-01,3G
240,1,24001,6506****,5459****,7046****,240-01,240-01,3G
240,1,24001,5357****,2290****,4936****,240-01,240-01,5G
240,1,24001,7379****,2398****,3425****,240-01,240-01,3G
240,1,24001,5961****,2977****,4041****,240-01,240-01,3G
240,1,24001,2876****,9286****,5701****,240-01,240-01,3G
240,1,24001,3220****,5799****,4799****,240-01,240-01,4G
240,1,24001,5356****,9416****,1681****,240-01,240-01,3G
240,1,24001,4165****,7208****,4828****,240-01,240-01,5G
240,1,24001,1723****,1082****,6415****,240-01,240-01,5G
240,1,24001,8534****,9989****,3243****,240-01,240-01,4G
240,1,24001,7148****,8303****,7525****,240-01,240-01,5G
240,1,24001,3222****,1260****,9163****,240-01,240-01,3G
240,1,24001,7523****,5611****,8807****,240-01,240-01,5G
240,1,24001,7960****,5563****,8780****,240-01,240-01,5G
240,1,24001,5294****,6414****,2170****,240-01,240-01,4G
240,1,24001,5522****,6878****,2607****,240-01,240-01,5G
240,1,24001,2831****,7305****,9047****,240-01,240-01,5G
240,1,24001,2380****,9411****,3063****,240-01,240-01,5G
240,1,24001,3616****,5933****,1607****,240-01,240-01,3G
240,1,24001,2831****,5003****,2524****,240-01,240-01,4G
240,1,24001,2999****,1948****,5287****,240-01,240-01,5G
240,1,24001,9809****,8768****,2682****,240-01,240-01,4G
240,1,24001,1742****,6581****,5769****,240-01,240-01,5G
240,1,24001,8168****,4931****,9969****,240-01,240-01,3G
240,1,24001,1998****,2002****,4124****,240-01,240-01,3G
240,1,24001,8876****,1453****,2550****,240-01,240-01,4G
240,1,24001,3725****,5671****,3488****,240-01,240-01,5G
240,1,24001,8904****,8711****,2953****,240-01,240-01,5G
240,1,24001,1122****,8034****,8302****,240-01,240-01,3G
240,1,24001,8496****,7662****,5115****,240-01,240-01,4G
240,1,24001,6437****,9767****,4517****,240-01,240-01,4G
240,1,24001,1156****,6699****,5609****,240-01,240-01,3G
240,1,24001,6167****,2616****,3619****,240-01,240-01,3G
240,1,24001,3848****,3568****,1193****,240-01,240-01,4G
240,1,24001,3338****,4631****,5310****,240-01,240-01,5G
240,1,24001,4987****,5292****,1157****,240-01,240-01,4G
240,1,24001,8193****,3308****,6689****,240-01,240-01,4G
240,1,24001,6179****,5476****,2131****,240-01,240-01,5G
240,1,24001,9905****,4784****,1089****,240-01,240-01,3G
240,1,24001,7643****,7777****,4808****,240-01,240-01,4G
240,1,24001,5058****,8967****,2762****,240-01,240-01,5G
240,1,24001,7798****,9600****,6493****,240-01,240-01,3G
240,1,24001,2096****,8025****,5547****,240-01,240-01,5G
240,1,24001,4633****,2270****,2345****,240-01,240-01,3G
240,1,24001,7809****,5190****,1023****,240-01,240-01,4G
240,1,24001,2904****,8665****,7624****,240-01,240-01,4G
240,1,24001,4178****,7545****,2233****,240-01,240-01,5G
240,1,24001,3718****,1328****,5658****,240-01,240-01,4G
240,1,24001,2794****,2180****,5029****,240-01,240-01,5G
240,1,24001,6030****,4292****,8062****,240-01,240-01,5G
240,1,24001,4892****,6225****,4412****,240-01,240-01,3G
240,1,24001,7419****,9302****,8977****,240-01,240-01,5G
240,1,24001,8684****,7724****,3642****,240-01,240-01,3G
240,1,24001,1029****,7958****,9899****,240-01,240-01,3G
240,1,24001,4733****,4147****,3489****,240-01,240-01,3G
240,1,24001,7167****,9458****,6361****,240-01,240-01,5G
240,1,24001,6224****,9298****,7026****,240-01,240-01,5G
240,1,24001,4557****,6002****,8016****,240-01,240-01,3G
240,1,24001,5750****,8943****,6614****,240-01,240-01,5G
240,1,24001,9944****,1702****,1637****,240-01,240-01,5G
240,1,24001,2421****,7890****,3062****,240-01,240-01,5G
240,1,24001,9790****,6131****,3948****,240-01,240-01,4G
240,1,24001,9286****,1872****,5940****,240-01,240-01,4G
240,1,24001,9003****,3392****,5148****,240-01,240-01,5G
240,1,24001,8190****,5014****,4576****,240-01,240-01,5G
240,1,24001,6957****,6596****,2967****,240-01,240-01,3G
240,1,24001,9973****,9277****,1804****,240-01,240-01,5G
240,1,24001,5200****,7989****,8585****,240-01,240-01,5G
240,1,24001,9230****,2869****,1582****,240-01,240-01,4G
240,1,24001,3141****,2097****,9546****,240-01,240-01,5G
240,1,24001,5996****,5367****,9530****,240-01,240-01,4G
240,1,24001,3069****,7062****,3111****,240-01,240-01,4G
240,1,24001,7039****,8683****,2612****,240-01,240-01,4G
240,1,24001,3514****,6074****,5890****,240-01,240-01,3G
240,1,24001,7275****,2611****,1104****,240-01,240-01,5G
240,1,24001,2839****,8782****,3492****,240-01,240-01,4G
240,1,24001,4953****,7419****,1676****,240-01,240-01,5G
240,1,24001,3406****,5915****,7599****,240-01,240-01,5G
240,1,24001,3013****,4737****,9023****,240-01,240-01,4G
240,1,24001,2579****,6816****,1604****,240-01,240-01,3G
240,1,24001,7343****,2628****,3700****,240-01,240-01,3G
240,1,24001,7843****,1008****,2560****,240-01,240-01,4G
240,1,24001,5191****,1820****,6341****,240-01,240-01,5G
240,1,24001,8041****,4157****,4644****,240-01,240-01,5G
240,1,24001,8324****,7642****,4552****,240-01,240-01,5G
240,1,24001,6262****,9756****,4406****,240-01,240-01,3G
240,1,24001,3630****,3134****,4122****,240-01,240-01,4G
240,1,24001,7666****,3558****,5101****,240-01,240-01,5G
240,1,24001,1545****,5602****,2291****,240-01,240-01,5G
240,1,24001,5208****,5482****,6730****,240-01,240-01,5G
240,1,24001,9186****,2636****,5049****,240-01,240-01,3G
240,1,24001,8349****,2486****,1317****,240-01,240-01,5G
240,1,24001,8298****,3480****,8070****,240-01,240-01,4G
240,1,24001,5607****,1976****,1498****,240-01,240-01,4G
240,1,24001,3843****,6046****,2035****,240-01,240-01,4G
240,1,24001,2243****,3247****,2872****,240-01,240-01,4G
240,1,24001,2787****,5347****,7044****,240-01,240-01,3G
240,1,24001,7544****,1157****,1460****,240-01,240-01,3G
240,1,24001,5498****,8339****,1274****,240-01,240-01,5G
240,1,24001,3888****,8831****,4657****,240-01,240-01,4G
240,1,24001,9294****,9053****,4397****,240-01,240-01,4G
240,1,24001,5681****,9470****,9271****,240-01,240-01,4G
240,1,24001,6314****,7747****,7364****,240-01,240-01,5G
240,1,24001,3679****,4290****,6257****,240-01,240-01,5G
240,1,24001,5051****,3390****,5082****,240-01,240-01,4G
240,1,24001,5311****,1686****,5192****,240-01,240-01,3G
240,1,24001,4397****,5805****,8709****,240-01,240-01,5G
240,1,24001,7274****,9521****,7000****,240-01,240-01,4G
240,1,24001,3870****,8606****,7040****,240-01,240-01,5G
240,1,24001,3252****,2060****,4691****,240-01,240-01,5G
240,1,24001,4234****,3445****,8801****,240-01,240-01,4G
240,1,24001,4621****,1316****,2168****,240-01,240-01,4G
240,1,24001,6950****,8334****,8106****,240-01,240-01,3G
240,1,24001,6716****,5680****,9647****,240-01,240-01,5G
240,1,24001,1910****,3869****,4836****,240-01,240-01,4G
240,1,24001,4150****,6111****,9496****,240-01,240-01,5G
240,1,24001,8936****,7393****,1931****,240-01,240-01,3G
240,1,24001,3240****,8250****,8889****,240-01,240-01,3G
240,1,24001,1186****,9676****,3915****,240-01,240-01,5G
240,1,24001,3947****,8602****,5030****,240-01,240-01,5G
240,1,24001,5692****,9814****,4224****,240-01,240-01,4G
240,1,24001,1510****,2203****,2829****,240-01,240-01,4G
240,1,24001,9646****,2978****,2411****,240-01,240-01,5G
240,1,24001,2705****,1330****,2034****,240-01,240-01,3G
240,1,24001,9599****,3352****,3192****,240-01,240-01,4G
240,1,24001,2736****,9508****,1315****,240-01,240-01,3G
240,1,24001,6358****,4323****,3545****,240-01,240-01,3G
240,1,24001,1046****,5817****,4443****,240-01,240-01,4G
240,1,24001,1688****,9866****,7221****,240-01,240-01,5G
240,1,24001,2457****,3432****,8018****,240-01,240-01,5G
240,1,24001,4971****,4403****,7794****,240-01,240-01,4G
240,1,24001,4308****,7075****,2949****,240-01,240-01,3G
240,1,24001,6369****,6337****,1116****,240-01,240-01,4G
240,1,24001,4577****,9058****,1306****,240-01,240-01,4G
240,1,24001,6812****,9401****,4635****,240-01,240-01,3G
240,1,24001,3017****,7969****,9983****,240-01,240-01,5G
240,1,24001,1672****,8118****,3397****,240-01,240-01,4G
240,1,24001,8298****,5133****,9346****,240-01,240-01,3G
240,1,24001,4971****,8526****,2633****,240-01,240-01,5G
240,1,24001,1654****,7640****,3988****,240-01,240-01,5G
240,1,24001,2638****,7075****,8515****,240-01,240-01,4G
240,1,24001,8056****,9654****,7696****,240-01,240-01,3G
240,1,24001,5939****,8401****,5602****,240-01,240-01,5G
240,1,24001,2909****,9662****,6477****,240-01,240-01,5G
240,1,24001,6530****,3508****,7436****,240-01,240-01,5G
240,1,24001,9829****,7135****,6689****,240-01,240-01,3G
240,1,24001,1203****,5362****,8308****,240-01,240-01,5G
240,1,24001,2069****,3688****,2397****,240-01,240-01,3G
240,1,24001,2196****,8316****,8975****,240-01,240-01,4G
240,1,24001,7927****,3931****,7509****,240-01,240-01,4G
240,1,24001,8434****,5814****,1114****,240-01,240-01,5G
240,1,24001,9393****,3717****,1456****,240-01,240-01,5G
240,1,24001,2020****,3689****,1658****,240-01,240-01,4G
240,1,24001,9306****,5324****,7949****,240-01,240-01,3G
240,1,24001,5759****,5345****,1439****,240-01,240-01,3G
240,1,24001,9706****,9243****,6123****,240-01,240-01,4G
240,1,24001,2143****,6809****,7540****,240-01,240-01,5G
240,1,24001,9610****,3634****,7451****,240-01,240-01,5G
240,1,24001,8276****,4975****,6641****,240-01,240-01,5G
240,1,24001,6995****,4336****,6911****,240-01,240-01,4G
240,1,24001,3368****,1579****,2445****,240-01,240-01,3G
240,1,24001,1559****,3557****,9902****,240-01,240-01,5G
240,1,24001,1308****,2927****,6738****,240-01,240-01,4G
240,1,24001,4019****,2596****,3562****,240-01,240-01,5G
240,1,24001,8140****,5736****,2698****,240-01,240-01,5G
240,1,24001,4143****,4961****,5485****,240-01,240-01,5G
240,1,24001,8525****,9726****,2054****,240-01,240-01,3G
240,1,24001,1475****,3196****,6784****,240-01,240-01,4G
240,1,24001,5699****,1790****,2579****,240-01,240-01,4G
240,1,24001,6069****,2205****,6046****,240-01,240-01,3G
240,1,24001,2776****,4250****,9104****,240-01,240-01,4G
240,1,24001,9703****,8764****,1612****,240-01,240-01,5G
240,1,24001,8855****,4718****,7832****,240-01,240-01,4G
240,1,24001,1397****,8034****,8888****,240-01,240-01,4G
240,1,24001,8383****,8561****,8113****,240-01,240-01,5G
240,1,24001,1411****,6340****,1857****,240-01,240-01,3G
240,1,24001,7183****,4311****,2297****,240-01,240-01,3G
240,1,24001,6875****,3474****,3171****,240-01,240-01,5G
240,1,24001,7108****,5240****,1261****,240-01,240-01,5G
240,1,24001,5587****,3604****,7779****,240-01,240-01,5G
240,1,24001,4684****,6431****,2675****,240-01,240-01,5G
240,1,24001,4361****,1873****,4766****,240-01,240-01,4G
240,1,24001,2611****,8874****,2842****,240-01,240-01,4G
240,1,24001,2895****,1191****,4249****,240-01,240-01,3G
240,1,24001,6128****,9109****,7428****,240-01,240-01,4G
240,1,24001,8607****,1930****,7402****,240-01,240-01,4G
240,1,24001,8293****,8047****,6620****,240-01,240-01,3G
240,1,24001,3222****,7132****,9608****,240-01,240-01,5G
240,1,24001,2609****,1478****,6219****,240-01,240-01,3G
240,1,24001,5433****,3146****,7057****,240-01,240-01,3G
240,1,24001,3256****,6644****,3937****,240-01,240-01,4G
240,1,24001,1031****,5685****,2885****,240-01,240-01,4G
240,1,24001,6745****,3506****,2300****,240-01,240-01,5G
240,1,24001,6436****,5576****,8056****,240-01,240-01,4G
240,1,24001,8044****,7494****,8060****,240-01,240-01,3G
240,1,24001,7850****,1245****,7561****,240-01,240-01,3G
240,1,24001,3864****,4809****,7402****,240-01,240-01,4G
240,1,24001,3744****,8916****,1352****,240-01,240-01,3G
240,1,24001,8014****,4044****,3627****,240-01,240-01,4G
240,1,24001,4211****,8417****,9816****,240-01,240-01,3G
240,1,24001,1758****,4023****,9969****,240-01,240-01,4G
240,1,24001,7176****,7323****,5366****,240-01,240-01,4G
240,1,24001,7409****,6574****,8583****,240-01,240-01,4G
240,1,24001,7779****,4807****,4301****,240-01,240-01,5G
240,1,24001,6224****,9486****,6248****,240-01,240-01,3G
240,1,24001,8712****,5623****,5428****,240-01,240-01,3G
240,1,24001,3826****,3009****,3881****,240-01,240-01,5G
240,1,24001,9368****,2657****,5629****,240-01,240-01,3G
240,1,24001,8426****,2143****,2564****,240-01,240-01,4G
240,1,24001,5427****,6241****,9358****,240-01,240-01,5G
240,1,24001,1700****,4941****,1231****,240-01,240-01,3G
240,1,24001,4650****,7019****,4167****,240-01,240-01,4G
240,1,24001,5662****,8236****,5035****,240-01,240-01,3G
240,1,24001,3227****,8393****,9273****,240-01,240-01,3G
240,1,24001,8152****,8292****,9384****,240-01,240-01,3G
240,1,24001,5267****,1969****,5052****,240-01,240-01,4G
240,1,24001,3034****,3998****,5911****,240-01,240-01,3G
240,1,24001,9506****,6328****,5223****,240-01,240-01,5G
240,1,24001,8348****,7142****,2226****,240-01,240-01,5G
240,1,24001,9640****,9079****,3424****,240-01,240-01,5G
240,1,24001,7692****,4842****,8579****,240-01,240-01,4G
240,1,24001,3840****,1240****,4722****,240-01,240-01,5G
240,1,24001,3812****,7895****,1401****,240-01,240-01,4G
240,1,24001,1538****,6086****,6046****,240-01,240-01,3G
240,1,24001,1314****,3651****,3775****,240-01,240-01,5G
240,1,24001,1120****,7054****,9770****,240-01,240-01,4G
240,1,24001,3303****,4441****,9646****,240-01,240-01,3G
240,1,24001,2116****,6766****,5216****,240-01,240-01,3G
240,1,24001,9016****,7024****,3054****,240-01,240-01,4G
240,1,24001,1063****,8324****,3282****,240-01,240-01,5G
240,1,24001,3332****,2156****,5865****,240-01,240-01,4G
240,1,24001,3372****,5949****,7725****,240-01,240-01,4G
240,1,24001,5860****,1510****,7975****,240-01,240-01,5G
240,1,24001,3710****,5253****,7302****,240-01,240-01,3G
240,1,24001,2285****,4226****,5911****,240-01,240-01,3G
240,1,24001,6911****,5093****,3475****,240-01,240-01,3G
240,1,24001,8890****,6767****,8982****,240-01,240-01,5G
240,1,24001,7411****,6319****,5550****,240-01,240-01,4G
240,1,24001,3365****,6981****,4770****,240-01,240-01,4G
240,1,24001,7679****,2168****,7620****,240-01,240-01,3G
240,1,24001,2670****,3218****,9210****,240-01,240-01,4G
240,1,24001,6393****,3993****,2068****,240-01,240-01,3G
240,1,24001,9529****,8715****,4889****,240-01,240-01,3G
240,1,24001,4772****,5228****,2759****,240-01,240-01,5G
240,1,24001,5008****,6602****,3202****,240-01,240-01,4G
240,1,24001,2237****,4026****,5528****,240-01,240-01,4G
240,1,24001,3085****,2268****,4771****,240-01,240-01,4G
240,1,24001,2731****,4137****,4499****,240-01,240-01,4G
240,1,24001,4398****,4633****,6232****,240-01,240-01,5G
240,1,24001,5409****,5335****,5551****,240-01,240-01,3G
240,1,24001,9731****,7283****,4127****,240-01,240-01,5G
240,1,24001,2988****,8230****,3912****,240-01,240-01,3G
240,1,24001,9047****,4517****,7763****,240-01,240-01,5G
240,1,24001,2832****,2443****,3732****,240-01,240-01,4G
240,1,24001,8838****,8617****,4690****,240-01,240-01,5G
240,1,24001,7304****,5361****,7341****,240-01,240-01,5G
240,1,24001,7455****,2277****,8071****,240-01,240-01,4G
240,1,24001,1731****,4568****,7782****,240-01,240-01,4G
240,1,24001,5887****,5025****,2405****,240-01,240-01,3G
240,1,24001,8297****,3773****,6261****,240-01,240-01,4G
240,1,24001,5111****,4650****,4586****,240-01,240-01,4G
240,1,24001,6814****,4596****,6262****,240-01,240-01,5G
240,1,24001,4197****,8636****,4365****,240-01,240-01,3G
240,1,24001,5481****,7705****,9945****,240-01,240-01,4G
240,1,24001,3136****,8266****,8410****,240-01,240-01,4G
240,1,24001,2892****,1228****,3350****,240-01,240-01,3G
240,1,24001,8360****,7841****,4646****,240-01,240-01,4G
240,1,24001,7495****,9425****,5925****,240-01,240-01,4G
240,1,24001,5619****,2831****,2466****,240-01,240-01,3G
240,1,24001,7009****,6438****,9066****,240-01,240-01,5G
240,1,24001,5108****,2651****,7802****,240-01,240-01,4G
240,1,24001,4831****,6612****,4009****,240-01,240-01,4G
240,1,24001,4385****,3747****,3689****,240-01,240-01,5G
240,1,24001,8028****,8221****,3518****,240-01,240-01,3G
240,1,24001,5973****,9699****,1652****,240-01,240-01,4G
240,1,24001,5572****,1265****,7460****,240-01,240-01,5G
240,1,24001,9610****,9314****,1517****,240-01,240-01,3G
240,1,24001,9864****,8687****,8168****,240-01,240-01,3G
240,1,24001,9623****,5255****,2605****,240-01,240-01,3G
240,1,24001,9451****,6383****,4810****,240-01,240-01,4G
240,1,24001,7423****,9236****,2274****,240-01,240-01,3G
240,1,24001,5046****,6656****,9689****,240-01,240-01,4G
240,1,24001,1458****,7621****,6320****,240-01,240-01,4G
240,1,24001,4184****,1114****,7957****,240-01,240-01,5G
240,1,24001,1295****,3808****,4603****,240-01,240-01,3G
240,1,24001,4022****,8204****,9819****,240-01,240-01,4G
240,1,24001,7526****,7519****,4546****,240-01,240-01,3G
240,1,24001,2834****,4589****,1271****,240-01,240-01,5G
240,1,24001,7291****,6527****,3149****,240-01,240-01,3G
240,1,24001,8071****,5033****,2194****,240-01,240-01,4G
240,1,24001,5771****,6022****,7963****,240-01,240-01,3G
240,1,24001,7108****,5962****,5663****,240-01,240-01,5G
240,1,24001,6261****,7173****,7183****,240-01,240-01,5G
240,1,24001,5542****,9155****,9350****,240-01,240-01,5G
240,1,24001,2918****,7898****,4189****,240-01,240-01,5G
240,1,24001,4502****,5405****,8692****,240-01,240-01,5G
240,1,24001,3189****,3372****,3370****,240-01,240-01,3G
240,1,24001,6970****,1625****,2035****,240-01,240-01,5G
240,1,24001,8618****,6089****,6074****,240-01,240-01,4G
240,1,24001,2882****,5459****,4978****,240-01,240-01,4G
240,1,24001,3304****,9041****,4113****,240-01,240-01,5G
240,1,24001,4136****,9834****,4623****,240-01,240-01,5G
240,1,24001,9738****,8344****,8560****,240-01,240-01,4G
240,1,24001,1731****,6092****,5294****,240-01,240-01,5G
240,1,24001,7023****,1477****,8609****,240-01,240-01,3G
240,1,24001,2139****,6814****,5919****,240-01,240-01,4G
240,1,24001,3366****,2888****,5447****,240-01,240-01,5G
240,1,24001,9035****,2884****,5382****,240-01,240-01,5G
240,1,24001,3356****,1064****,9536****,240-01,240-01,5G
240,1,24001,1655****,8092****,3558****,240-01,240-01,5G
240,1,24001,2641****,2584****,8677****,240-01,240-01,3G
240,1,24001,5298****,4797****,9348****,240-01,240-01,4G
240,1,24001,5136****,1262****,7685****,240-01,240-01,5G
240,1,24001,3567****,3109****,5256****,240-01,240-01,3G
240,1,24001,2488****,3836****,3916****,240-01,240-01,5G
240,1,24001,6711****,9932****,9808****,240-01,240-01,5G
240,1,24001,9885****,1215****,4521****,240-01,240-01,5G
240,1,24001,6432****,6363****,4934****,240-01,240-01,5G
240,1,24001,2910****,5149****,3524****,240-01,240-01,4G
240,1,24001,7478****,8404****,5845****,240-01,240-01,4G
240,1,24001,7554****,4049****,1100****,240-01,240-01,4G
240,1,24001,5477****,1741****,5451****,240-01,240-01,4G
240,1,24001,3401****,5080****,1337****,240-01,240-01,5G
240,1,24001,8187****,5590****,2674****,240-01,240-01,3G
240,1,24001,8353****,5820****,9894****,240-01,240-01,3G
240,1,24001,8468****,8651****,4506****,240-01,240-01,3G
240,1,24001,7465****,1051****,7599****,240-01,240-01,4G
240,1,24001,6233****,6615****,2546****,240-01,240-01,4G
240,1,24001,1451****,1553****,9492****,240-01,240-01,4G
240,1,24001,8348****,4117****,7486****,240-01,240-01,4G
240,1,24001,8535****,8088****,2792****,240-01,240-01,4G
240,1,24001,2786****,7713****,2023****,240-01,240-01,5G
240,1,24001,2000****,3255****,8184****,240-01,240-01,3G
240,1,24001,2021****,3626****,9328****,240-01,240-01,4G
240,1,24001,6625****,1533****,7318****,240-01,240-01,5G
240,1,24001,4524****,7112****,4076****,240-01,240-01,3G
240,1,24001,8251****,4602****,7905****,240-01,240-01,4G
240,1,24001,8506****,2088****,7192****,240-01,240-01,3G
240,1,24001,1318****,1607****,4580****,240-01,240-01,3G
240,1,24001,4150****,3051****,8311****,240-01,240-01,5G
240,1,24001,5961****,1310****,2074****,240-01,240-01,3G
240,1,24001,6857****,8441****,2235****,240-01,240-01,3G
240,1,24001,4992****,3516****,1522****,240-01,240-01,5G
240,1,24001,3132****,1131****,7841****,240-01,240-01,3G
240,1,24001,8488****,5787****,2248****,240-01,240-01,5G
240,1,24001,7480****,1816****,6526****,240-01,240-01,3G
240,1,24001,5237****,1862****,2187****,240-01,240-01,3G
240,1,24001,4024****,5145****,4113****,240-01,240-01,3G
240,1,24001,8720****,3140****,5942****,240-01,240-01,3G
240,1,24001,4081****,2748****,3864****,240-01,240-01,5G
240,1,24001,5311****,1184****,8928****,240-01,240-01,4G
240,1,24001,2306****,9877****,8716****,240-01,240-01,5G
240,1,24001,4621****,4529****,4536****,240-01,240-01,5G
240,1,24001,3667****,2682****,3669****,240-01,240-01,3G
240,1,24001,5101****,8796****,1907****,240-01,240-01,3G
240,1,24001,7778****,8865****,4531****,240-01,240-01,4G
240,1,24001,7244****,7033****,2696****,240-01,240-01,4G
240,1,24001,4478****,4363****,6793****,240-01,240-01,5G
240,1,24001,6694****,5816****,1261****,240-01,240-01,4G
240,1,24001,1811****,8980****,7775****,240-01,240-01,3G
240,1,24001,6755****,6088****,7860****,240-01,240-01,5G
240,1,24001,6201****,2388****,5151****,240-01,240-01,3G
240,1,24001,1699****,3876****,5855****,240-01,240-01,5G
240,1,24001,6362****,2625****,2039****,240-01,240-01,5G
240,1,24001,9046****,3698****,3175****,240-01,240-01,4G
240,1,24001,2199****,9692****,1151****,240-01,240-01,4G
240,1,24001,8226****,1836****,6349****,240-01,240-01,4G
240,1,24001,6253****,5748****,2673****,240-01,240-01,5G
240,1,24001,4600****,8423****,6710****,240-01,240-01,3G
240,1,24001,9535****,7372****,8292****,240-01,240-01,5G
240,1,24001,1762****,1890****,7266****,240-01,240-01,4G
240,1,24001,1653****,3715****,4620****,240-01,240-01,3G
240,1,24001,7021****,7917****,9056****,240-01,240-01,3G
240,1,24001,8558****,2869****,3416****,240-01,240-01,5G
240,1,24001,1189****,1224****,9844****,240-01,240-01,3G
240,1,24001,8798****,5400****,5724****,240-01,240-01,3G
240,1,24001,2727****,2600****,1180****,240-01,240-01,3G
240,1,24001,8960****,8921****,5424****,240-01,240-01,5G
240,1,24001,1459****,2179****,2725****,240-01,240-01,3G
240,1,24001,4171****,9538****,1745****,240-01,240-01,3G
240,1,24001,2528****,1979****,9454****,240-01,240-01,3G
240,1,24001,1481****,3941****,4456****,240-01,240-01,5G
240,1,24001,3970****,8525****,7756****,240-01,240-01,5G
240,1,24001,7887****,9514****,7342****,240-01,240-01,3G
240,1,24001,1779****,7232****,2700****,240-01,240-01,5G
240,1,24001,1298****,1951****,9535****,240-01,240-01,3G
240,1,24001,2046****,1679****,9838****,240-01,240-01,5G
240,1,24001,1711****,9905****,7647****,240-01,240-01,3G
240,1,24001,4229****,3967****,6129****,240-01,240-01,3G
240,1,24001,8350****,7125****,8227****,240-01,240-01,3G
240,1,24001,2498****,6047****,3963****,240-01,240-01,4G
240,1,24001,6468****,4457****,6392****,240-01,240-01,3G
240,1,24001,1086****,7519****,8014****,240-01,240-01,5G
240,1,24001,7544****,7851****,5283****,240-01,240-01,5G
240,1,24001,9695****,9803****,3658****,240-01,240-01,4G
240,1,24001,2965****,7834****,7325****,240-01,240-01,3G
240,1,24001,6692****,9250****,5092****,240-01,240-01,3G
240,1,24001,1835****,2633****,4696****,240-01,240-01,4G
240,1,24001,9211****,3076****,3001****,240-01,240-01,4G
240,1,24001,7289****,4067****,4387****,240-01,240-01,5G
240,1,24001,9967****,8088****,7990****,240-01,240-01,3G
240,1,24001,4535****,3711****,8659****,240-01,240-01,5G
240,1,24001,9532****,8492****,3765****,240-01,240-01,5G
240,1,24001,6175****,8434****,7018****,240-01,240-01,5G
240,1,24001,1486****,9498****,8343****,240-01,240-01,3G
240,1,24001,2925****,5403****,9540****,240-01,240-01,3G
240,1,24001,8773****,2650****,2228****,240-01,240-01,3G
240,1,24001,3863****,5739****,8822****,240-01,240-01,5G
240,1,24001,9168****,3357****,3611****,240-01,240-01,4G
240,1,24001,9272****,3888****,2947****,240-01,240-01,3G
240,1,24001,1646****,4552****,7678****,240-01,240-01,3G
240,1,24001,8300****,4651****,8528****,240-01,240-01,4G
240,1,24001,2843****,5964****,9211****,240-01,240-01,3G
240,1,24001,3447****,9112****,9124****,240-01,240-01,3G
240,1,24001,8319****,6083****,3953****,240-01,240-01,5G
240,1,24001,6484****,4668****,2152****,240-01,240-01,3G
240,1,24001,4578****,2053****,6001****,240-01,240-01,4G
240,1,24001,5682****,6594****,3758****,240-01,240-01,3G
240,1,24001,9162****,9934****,4334****,240-01,240-01,4G
240,1,24001,4231****,7362****,6609****,240-01,240-01,3G
240,1,24001,1172****,2681****,8342****,240-01,240-01,4G
240,1,24001,4042****,6403****,4902****,240-01,240-01,3G
240,1,24001,9996****,4773****,3269****,240-01,240-01,4G
240,1,24001,4783****,2153****,9894****,240-01,240-01,3G
240,1,24001,4578****,2287****,9514****,240-01,240-01,5G
240,1,24001,6229****,1176****,7156****,240-01,240-01,3G
240,1,24001,4589****,8884****,2807****,240-01,240-01,4G
240,1,24001,9048****,3867****,3339****,240-01,240-01,5G
240,1,24001,2394****,6600****,6287****,240-01,240-01,4G
240,1,24001,6184****,3188****,2308****,240-01,240-01,5G
240,1,24001,4921****,4721****,4248****,240-01,240-01,3G
240,1,24001,3411****,3828****,6168****,240-01,240-01,4G
240,1,24001,9576****,2799****,8871****,240-01,240-01,5G
240,1,24001,9582****,5562****,1372****,240-01,240-01,3G
240,1,24001,9428****,8054****,3435****,240-01,240-01,4G
240,1,24001,7612****,7187****,4466****,240-01,240-01,3G
240,1,24001,9661****,5814****,2985****,240-01,240-01,4G
240,1,24001,9556****,1187****,9264****,240-01,240-01,3G
240,1,24001,3131****,1430****,9941****,240-01,240-01,5G
240,1,24001,8212****,2409****,3838****,240-01,240-01,3G
240,1,24001,8973****,2239****,3767****,240-01,240-01,3G
240,1,24001,2138****,5162****,1995****,240-01,240-01,5G
240,1,24001,2192****,3733****,8208****,240-01,240-01,3G
240,1,24001,3544****,9470****,4633****,240-01,240-01,3G
240,1,24001,1028****,1044****,6170****,240-01,240-01,5G
240,1,24001,5412****,1455****,2030****,240-01,240-01,3G
240,1,24001,4819****,6571****,2207****,240-01,240-01,5G
240,1,24001,8642****,5849****,3652****,240-01,240-01,5G
240,1,24001,3599****,8092****,3934****,240-01,240-01,4G
240,1,24001,4168****,4948****,6328****,240-01,240-01,3G
240,1,24001,4507****,7332****,8520****,240-01,240-01,3G
240,1,24001,2282****,2572****,1977****,240-01,240-01,5G
240,1,24001,8410****,3719****,6966****,240-01,240-01,5G
240,1,24001,2333****,4563****,6291****,240-01,240-01,4G
240,1,24001,7585****,6145****,1422****,240-01,240-01,3G
240,1,24001,3572****,1558****,1613****,240-01,240-01,3G
240,1,24001,7252****,2240****,5355****,240-01,240-01,5G
240,1,24001,3492****,6395****,6435****,240-01,240-01,4G
240,1,24001,1653****,7544****,1489****,240-01,240-01,4G
240,1,24001,2108****,3656****,5389****,240-01,240-01,3G
240,1,24001,1573****,1834****,7607****,240-01,240-01,5G
240,1,24001,3271****,2570****,2572****,240-01,240-01,4G
240,1,24001,9279****,7255****,9260****,240-01,240-01,5G
240,1,24001,4832****,3535****,6652****,240-01,240-01,4G
240,1,24001,9235****,8748****,5962****,240-01,240-01,5G
240,1,24001,6061****,4847****,6285****,240-01,240-01,5G
240,1,24001,3972****,2575****,3773****,240-01,240-01,5G
240,1,24001,8622****,2284****,4640****,240-01,240-01,4G
240,1,24001,1860****,4145****,2260****,240-01,240-01,3G
240,1,24001,6050****,1392****,2370****,240-01,240-01,3G
240,1,24001,3929****,8048****,2244****,240-01,240-01,4G
240,1,24001,8466****,9071****,5019****,240-01,240-01,3G
240,1,24001,2206****,7272****,5356****,240-01,240-01,5G
240,1,24001,7235****,9200****,6126****,240-01,240-01,4G
240,1,24001,6452****,4702****,6392****,240-01,240-01,4G
240,1,24001,6381****,6029****,6330****,240-01,240-01,3G
240,1,24001,5564****,2327****,2872****,240-01,240-01,5G
240,1,24001,6249****,6021****,1790****,240-01,240-01,3G
240,1,24001,5882****,8197****,5957****,240-01,240-01,3G
240,1,24001,7805****,5972****,7123****,240-01,240-01,5G
240,1,24001,9524****,5325****,1147****,240-01,240-01,5G
240,1,24001,6729****,1489****,3432****,240-01,240-01,3G
240,1,24001,2950****,2216****,6899****,240-01,240-01,3G
240,1,24001,7969****,3529****,5898****,240-01,240-01,4G
240,1,24001,4824****,2285****,7854****,240-01,240-01,4G
240,1,24001,9036****,4738****,4223****,240-01,240-01,3G
240,1,24001,6126****,2972****,9463****,240-01,240-01,3G
240,1,24001,7861****,3283****,6448****,240-01,240-01,4G
240,1,24001,8998****,4144****,4007****,240-01,240-01,3G
240,1,24001,9216****,2241****,5819****,240-01,240-01,4G
240,1,24001,4126****,2967****,9203****,240-01,240-01,3G
240,1,24001,6690****,3151****,8252****,240-01,240-01,5G
240,1,24001,4117****,1223****,7507****,240-01,240-01,5G
240,1,24001,4831****,4274****,2780****,240-01,240-01,4G
240,1,24001,5650****,7694****,6068****,240-01,240-01,5G
240,1,24001,9555****,6989****,3023****,240-01,240-01,4G
240,1,24001,3769****,5990****,2921****,240-01,240-01,5G
240,1,24001,2359****,6892****,2458****,240-01,240-01,4G
240,1,24001,5784****,9158****,9071****,240-01,240-01,4G
240,1,24001,1585****,2110****,5188****,240-01,240-01,5G
240,1,24001,6381****,5349****,8422****,240-01,240-01,5G
240,1,24001,7167****,3414****,1945****,240-01,240-01,5G
240,1,24001,4946****,1504****,7806****,240-01,240-01,3G
240,1,24001,2684****,5684****,9141****,240-01,240-01,4G
240,1,24001,9927****,4077****,6319****,240-01,240-01,4G
240,1,24001,8585****,6436****,6678****,240-01,240-01,5G
240,1,24001,7598****,1628****,1830****,240-01,240-01,5G
240,1,24001,7499****,1881****,7908****,240-01,240-01,4G
240,1,24001,3717****,4953****,7435****,240-01,240-01,5G
240,1,24001,2183****,4539****,1795****,240-01,240-01,5G
240,1,24001,8260****,5169****,4982****,240-01,240-01,3G
240,1,24001,6395****,3300****,8865****,240-01,240-01,3G
240,1,24001,1848****,4207****,7242****,240-01,240-01,4G
240,1,24001,4864****,5639****,1084****,240-01,240-01,5G
240,1,24001,3722****,2068****,7191****,240-01,240-01,4G
240,1,24001,3052****,2820****,2244****,240-01,240-01,5G
240,1,24001,1761****,1504****,2529****,240-01,240-01,4G
240,1,24001,5843****,3406****,3345****,240-01,240-01,4G
240,1,24001,8752****,3245****,6509****,240-01,240-01,4G
240,1,24001,4691****,9592****,7888****,240-01,240-01,3G
240,1,24001,3524****,7845****,6551****,240-01,240-01,3G
240,1,24001,3614****,4871****,7253****,240-01,240-01,5G
240,1,24001,1745****,9593****,4117****,240-01,240-01,3G
240,1,24001,1106****,4455****,1336****,240-01,240-01,5G
240,1,24001,6421****,6277****,9894****,240-01,240-01,3G
240,1,24001,5127****,8865****,3088****,240-01,240-01,3G
240,1,24001,1428****,8521****,2819****,240-01,240-01,3G
240,1,24001,8721****,6941****,4563****,240-01,240-01,3G
240,1,24001,6814****,6948****,2064****,240-01,240-01,4G
240,1,24001,9870****,4821****,3697****,240-01,240-01,3G
240,1,24001,7016****,4557****,5567****,240-01,240-01,4G
240,1,24001,7673****,2834****,2458****,240-01,240-01,5G
240,1,24001,4002****,4234****,1816****,240-01,240-01,4G
240,1,24001,3251****,8061****,6093****,240-01,240-01,5G
240,1,24001,1552****,4507****,4840****,240-01,240-01,4G
240,1,24001,7457****,9364****,3841****,240-01,240-01,5G
240,1,24001,9835****,3306****,5461****,240-01,240-01,5G
240,1,24001,3603****,7555****,7469****,240-01,240-01,4G
240,1,24001,5569****,6993****,9766****,240-01,240-01,5G
240,1,24001,6551****,1915****,8944****,240-01,240-01,5G
240,1,24001,5877****,3893****,6338****,240-01,240-01,3G
240,1,24001,2723****,8942****,8853****,240-01,240-01,4G
240,1,24001,6289****,6168****,6353****,240-01,240-01,5G
240,1,24001,5818****,2742****,6156****,240-01,240-01,5G
240,1,24001,2690****,7948****,7351****,240-01,240-01,5G
240,1,24001,4851****,4759****,4509****,240-01,240-01,3G
240,1,24001,6681****,6949****,5328****,240-01,240-01,4G
240,1,24001,9522****,6404****,6060****,240-01,240-01,3G
240,1,24001,3072****,1397****,4281****,240-01,240-01,5G
240,1,24001,5587****,2597****,5652****,240-01,240-01,3G
240,1,24001,5273****,9821****,1694****,240-01,240-01,3G
240,1,24001,6867****,5771****,3682****,240-01,240-01,5G
240,1,24001,2053****,4085****,8790****,240-01,240-01,5G
240,1,24001,7623****,5348****,8156****,240-01,240-01,3G
240,1,24001,6177****,2006****,5736****,240-01,240-01,4G
240,1,24001,7500****,3805****,6284****,240-01,240-01,5G
240,1,24001,2206****,5803****,5085****,240-01,240-01,3G
240,1,24001,3938****,2386****,4729****,240-01,240-01,4G
240,1,24001,1992****,1950****,2497****,240-01,240-01,5G
240,1,24001,7704****,4715****,4849****,240-01,240-01,4G
240,1,24001,9701****,4689****,9552****,240-01,240-01,5G
240,1,24001,5743****,4356****,4096****,240-01,240-01,4G
240,1,24001,7586****,1839****,8839****,240-01,240-01,5G
240,1,24001,1333****,5171****,4300****,240-01,240-01,5G
240,1,24001,1658****,7131****,4429****,240-01,240-01,3G
240,1,24001,4305****,3862****,3122****,240-01,240-01,5G
240,1,24001,5038****,9664****,7203****,240-01,240-01,4G
240,1,24001,8026****,7535****,5168****,240-01,240-01,5G
240,1,24001,4405****,4528****,5113****,240-01,240-01,4G
240,1,24001,5278****,5884****,7578****,240-01,240-01,5G
240,1,24001,7302****,2939****,5949****,240-01,240-01,4G
240,1,24001,7435****,4971****,3889****,240-01,240-01,5G
240,1,24001,6458****,3227****,9354****,240-01,240-01,4G
240,1,24001,3581****,3207****,2179****,240-01,240-01,4G
240,1,24001,2658****,3303****,2076****,240-01,240-01,5G
240,1,24001,9919****,5902****,6919****,240-01,240-01,3G
240,1,24001,6234****,5992****,9890****,240-01,240-01,3G
240,1,24001,9399****,8105****,7448****,240-01,240-01,5G
240,1,24001,1562****,4758****,3498****,240-01,240-01,5G
240,1,24001,9228****,6725****,1794****,240-01,240-01,5G
240,1,24001,4908****,2669****,1704****,240-01,240-01,3G
240,1,24001,9798****,4971****,3458****,240-01,240-01,3G
240,1,24001,9273****,3365****,6212****,240-01,240-01,5G
240,1,24001,8728****,7380****,1174****,240-01,240-01,4G
240,1,24001,3813****,4222****,2872****,240-01,240-01,4G
240,1,24001,6240****,3470****,3335****,240-01,240-01,3G
240,1,24001,1946****,3451****,4458****,240-01,240-01,4G
240,1,24001,8172****,4750****,7282****,240-01,240-01,5G
240,1,24001,6717****,7606****,8954****,240-01,240-01,4G
240,1,24001,6395****,8979****,3624****,240-01,240-01,5G
240,1,24001,9330****,6308****,5221****,240-01,240-01,5G
240,1,24001,7450****,6480****,9469****,240-01,240-01,4G
240,1,24001,2144****,7041****,8786****,240-01,240-01,5G
240,1,24001,8809****,4801****,4335****,240-01,240-01,4G
240,1,24001,7853****,8064****,6122****,240-01,240-01,4G
240,1,24001,4001****,1981****,8912****,240-01,240-01,4G
240,1,24001,2194****,2567****,6291****,240-01,240-01,5G
240,1,24001,5082****,6195****,8635****,240-01,240-01,4G
240,1,24001,8476****,6736****,2187****,240-01,240-01,3G
240,1,24001,8387****,6036****,8951****,240-01,240-01,5G
240,1,24001,8442****,2871****,4857****,240-01,240-01,4G
240,1,24001,5237****,6584****,4118****,240-01,240-01,4G
240,1,24001,3355****,4553****,7902****,240-01,240-01,5G
240,1,24001,5370****,8008****,1899****,240-01,240-01,3G
240,1,24001,8547****,2656****,1209****,240-01,240-01,5G
240,1,24001,9586****,1652****,3525****,240-01,240-01,3G
240,1,24001,4167****,5799****,2739****,240-01,240-01,4G
240,1,24001,7794****,6096****,1255****,240-01,240-01,5G
240,1,24001,2771****,1264****,7043****,240-01,240-01,5G
240,1,24001,3811****,2629****,7314****,240-01,240-01,5G
240,1,24001,4650****,1060****,7388****,240-01,240-01,5G
240,1,24001,4567****,2915****,7762****,240-01,240-01,4G
240,1,24001,5100****,9580****,9332****,240-01,240-01,4G
240,1,24001,3815****,8041****,2248****,240-01,240-01,3G
240,1,24001,3379****,1953****,7402****,240-01,240-01,4G
240,1,24001,7386****,1993****,8611****,240-01,240-01,3G
240,1,24001,8060****,3811****,8716****,240-01,240-01,5G
240,1,24001,6693****,8854****,1627****,240-01,240-01,4G
240,1,24001,6911****,2363****,7428****,240-01,240-01,3G
240,1,24001,4475****,2539****,5920****,240-01,240-01,4G
240,1,24001,7230****,7288****,2849****,240-01,240-01,3G
240,1,24001,7236****,9987****,3120****,240-01,240-01,4G
240,1,24001,7220****,9877****,1951****,240-01,240-01,3G
240,1,24001,3593****,3961****,3609****,240-01,240-01,3G
240,1,24001,6776****,9983****,7247****,240-01,240-01,4G
240,1,24001,6737****,4497****,3165****,240-01,240-01,5G
240,1,24001,1327****,6798****,1890****,240-01,240-01,5G
240,1,24001,5091****,6759****,8210****,240-01,240-01,3G
240,1,24001,5841****,8542****,2603****,240-01,240-01,4G
240,1,24001,6884****,8552****,1820****,240-01,240-01,5G
240,1,24001,8020****,5939****,6053****,240-01,240-01,3G
240,1,24001,1334****,9877****,7338****,240-01,240-01,5G
240,1,24001,4293****,4915****,2409****,240-01,240-01,5G
240,1,24001,5828****,7967****,2287****,240-01,240-01,3G
240,1,24001,3759****,6624****,2987****,240-01,240-01,3G
240,1,24001,9830****,6574****,6990****,240-01,240-01,4G
240,1,24001,5790****,9120****,2524****,240-01,240-01,3G
240,1,24001,1269****,3073****,5906****,240-01,240-01,5G
240,1,24001,2659****,2549****,7700****,240-01,240-01,4G
240,1,24001,1095****,2805****,6172****,240-01,240-01,4G
240,1,24001,8091****,3505****,3898****,240-01,240-01,5G
240,1,24001,9603****,4053****,5412****,240-01,240-01,4G
240,1,24001,3966****,3907****,1093****,240-01,240-01,3G
240,1,24001,3137****,9641****,9233****,240-01,240-01,4G
240,1,24001,2799****,5587****,6349****,240-01,240-01,5G
240,1,24001,1572****,6909****,2865****,240-01,240-01,5G
240,1,24001,7829****,4120****,5419****,240-01,240-01,4G
240,1,24001,5068****,3404****,8329****,240-01,240-01,3G
240,1,24001,4153****,1842****,5452****,240-01,240-01,5G
240,1,24001,2634****,4946****,6867****,240-01,240-01,3G
240,1,24001,6005****,8224****,5929****,240-01,240-01,4G
240,1,24001,8802****,1924****,8260****,240-01,240-01,5G
240,1,24001,4000****,8600****,8505****,240-01,240-01,3G
240,1,24001,1899****,5712****,7512****,240-01,240-01,4G
240,1,24001,6889****,1280****,1283****,240-01,240-01,5G
240,1,24001,7139****,1298****,4998****,240-01,240-01,3G
240,1,24001,9082****,2031****,8125****,240-01,240-01,4G
240,1,24001,8530****,7278****,1975****,240-01,240-01,4G
240,1,24001,2530****,3101****,8087****,240-01,240-01,4G
240,1,24001,5102****,1265****,9561****,240-01,240-01,4G
240,1,24001,6326****,9196****,1759****,240-01,240-01,4G
240,1,24001,2953****,2761****,1681****,240-01,240-01,4G
240,1,24001,6503****,4186****,6737****,240-01,240-01,3G
240,1,24001,2274****,7145****,6431****,240-01,240-01,5G
240,1,24001,3555****,9149****,4029****,240-01,240-01,4G
240,1,24001,9554****,2054****,5004****,240-01,240-01,3G
240,1,24001,6510****,5674****,1994****,240-01,240-01,3G
240,1,24001,9392****,1947****,8190****,240-01,240-01,4G
240,1,24001,6808****,4342****,1236****,240-01,240-01,4G
240,1,24001,4252****,5498****,5211****,240-01,240-01,5G
240,1,24001,1222****,3906****,7546****,240-01,240-01,5G
240,1,24001,7963****,9844****,2869****,240-01,240-01,3G
240,1,24001,9064****,9566****,2596****,240-01,240-01,4G
240,1,24001,1320****,8918****,6611****,240-01,240-01,4G
240,1,24001,4819****,3178****,2058****,240-01,240-01,3G
240,1,24001,6040****,6596****,3085****,240-01,240-01,5G
240,1,24001,5975****,7955****,5999****,240-01,240-01,3G
240,1,24001,7355****,5775****,9618****,240-01,240-01,3G
240,1,24001,5202****,7763****,8899****,240-01,240-01,3G
240,1,24001,8875****,4064****,6074****,240-01,240-01,3G
240,1,24001,1346****,2552****,6873****,240-01,240-01,3G
240,1,24001,4292****,3426****,9174****,240-01,240-01,4G
240,1,24001,6492****,1304****,2166****,240-01,240-01,3G
240,1,24001,4008****,5733****,9577****,240-01,240-01,5G
240,1,24001,4002****,4262****,9857****,240-01,240-01,5G
240,1,24001,8969****,8827****,4704****,240-01,240-01,5G
240,1,24001,8407****,7941****,3499****,240-01,240-01,3G
240,1,24001,8843****,5460****,8504****,240-01,240-01,4G
240,1,24001,8811****,7304****,3874****,240-01,240-01,5G
240,1,24001,3335****,9882****,3324****,240-01,240-01,3G
240,1,24001,4130****,4850****,4639****,240-01,240-01,4G
240,1,24001,5157****,4575****,7834****,240-01,240-01,5G
240,1,24001,8383****,2367****,3560****,240-01,240-01,5G
240,1,24001,6984****,7925****,3862****,240-01,240-01,4G
240,1,24001,1141****,1233****,7885****,240-01,240-01,3G
240,1,24001,4417****,9735****,7192****,240-01,240-01,4G
240,1,24001,9373****,9920****,4805****,240-01,240-01,4G
240,1,24001,5530****,8347****,7748****,240-01,240-01,5G
240,1,24001,4573****,3776****,5891****,240-01,240-01,3G
240,1,24001,3961****,9479****,1478****,240-01,240-01,4G
240,1,24001,6267****,6623****,4399****,240-01,240-01,3G
240,1,24001,4375****,8580****,6555****,240-01,240-01,5G
240,1,24001,6202****,1622****,6492****,240-01,240-01,3G
240,1,24001,9503****,2469****,4902****,240-01,240-01,4G
240,1,24001,9328****,4678****,6783****,240-01,240-01,3G
240,1,24001,7797****,7529****,5614****,240-01,240-01,5G
240,1,24001,5136****,9025****,4173****,240-01,240-01,3G
240,1,24001,6575****,6186****,6060****,240-01,240-01,4G
240,1,24001,8126****,3355****,4922****,240-01,240-01,3G
240,1,24001,1805****,3932****,2341****,240-01,240-01,4G
240,1,24001,2453****,8504****,6361****,240-01,240-01,5G
240,1,24001,7672****,5931****,3309****,240-01,240-01,4G
240,1,24001,2927****,4968****,2265****,240-01,240-01,5G
240,1,24001,7330****,4462****,3520****,240-01,240-01,5G
240,1,24001,9616****,1283****,5290****,240-01,240-01,4G
240,1,24001,1187****,9438****,9221****,240-01,240-01,5G
240,1,24001,8003****,6972****,1174****,240-01,240-01,5G
240,1,24001,6490****,7038****,1216****,240-01,240-01,3G
240,1,24001,3792****,2533****,8338****,240-01,240-01,3G
240,1,24001,9721****,4636****,5060****,240-01,240-01,5G
240,1,24001,5314****,1444****,8389****,240-01,240-01,5G
240,1,24001,9606****,4205****,6829****,240-01,240-01,4G
240,1,24001,5028****,6343****,4418****,240-01,240-01,3G
240,1,24001,9596****,6012****,6250****,240-01,240-01,5G
240,1,24001,8200****,1272****,7200****,240-01,240-01,3G
240,1,24001,1252****,5729****,3387****,240-01,240-01,3G
240,1,24001,6915****,1008****,7544****,240-01,240-01,3G
240,1,24001,6177****,5293****,3980****,240-01,240-01,4G
240,1,24001,3693****,7373****,9426****,240-01,240-01,5G
240,1,24001,6060****,9506****,8442****,240-01,240-01,4G
240,1,24001,3131****,6865****,3172****,240-01,240-01,4G
240,1,24001,3334****,6221****,7248****,240-01,240-01,4G
240,1,24001,2620****,3704****,3641****,240-01,240-01,3G
240,1,24001,3147****,8736****,4184****,240-01,240-01,4G
240,1,24001,2869****,9067****,4096****,240-01,240-01,5G
240,1,24001,2972****,9512****,3217****,240-01,240-01,3G
240,1,24001,5558****,9525****,7469****,240-01,240-01,3G
240,1,24001,4566****,6150****,4938****,240-01,240-01,5G
240,1,24001,1724****,3279****,5349****,240-01,240-01,5G
240,1,24001,9759****,7797****,4868****,240-01,240-01,5G
240,1,24001,6373****,5265****,4923****,240-01,240-01,5G
240,1,24001,1544****,4605****,1114****,240-01,240-01,5G
240,1,24001,4625****,1877****,9051****,240-01,240-01,4G
240,1,24001,2985****,5258****,6224****,240-01,240-01,5G
240,1,24001,1362****,2219****,9345****,240-01,240-01,3G
240,1,24001,1096****,2053****,5807****,240-01,240-01,5G
240,1,24001,7223****,3912****,7028****,240-01,240-01,5G
240,1,24001,2984****,3371****,2157****,240-01,240-01,3G
240,1,24001,7434****,6299****,5623****,240-01,240-01,3G
240,1,24001,5323****,1405****,4648****,240-01,240-01,5G
240,1,24001,5783****,6544****,9541****,240-01,240-01,3G
240,1,24001,3935****,4294****,3187****,240-01,240-01,4G
240,1,24001,6416****,7379****,2615****,240-01,240-01,3G
240,1,24001,7948****,6214****,4402****,240-01,240-01,3G
240,1,24001,8980****,5357****,6104****,240-01,240-01,4G
240,1,24001,6492****,6733****,6989****,240-01,240-01,4G
240,1,24001,4144****,3033****,5626****,240-01,240-01,4G
240,1,24001,6960****,8873****,5735****,240-01,240-01,4G
240,1,24001,7791****,2102****,7572****,240-01,240-01,4G
240,1,24001,7365****,2139****,9371****,240-01,240-01,3G
240,1,24001,8599****,9623****,6253****,240-01,240-01,3G
240,1,24001,5558****,8585****,2573****,240-01,240-01,5G
240,1,24001,8440****,6240****,6361****,240-01,240-01,3G
240,1,24001,9372****,2072****,6000****,240-01,240-01,4G
240,1,24001,7529****,6781****,1910****,240-01,240-01,3G
240,1,24001,1365****,4204****,3976****,240-01,240-01,3G
240,1,24001,4735****,3995****,5018****,240-01,240-01,4G
240,1,24001,6956****,4220****,4782****,240-01,240-01,3G
240,1,24001,5506****,3836****,1779****,240-01,240-01,3G
240,1,24001,9178****,4210****,4014****,240-01,240-01,5G
240,1,24001,6804****,6847****,4021****,240-01,240-01,4G
240,1,24001,6505****,8603****,5424****,240-01,240-01,3G
240,1,24001,4254****,8246****,6393****,240-01,240-01,3G
240,1,24001,9079****,5369****,8347****,240-01,240-01,3G
240,1,24001,5642****,8177****,9041****,240-01,240-01,3G
240,1,24001,2251****,9653****,5939****,240-01,240-01,5G
240,1,24001,6828****,7569****,6971****,240-01,240-01,3G
240,1,24001,5779****,4153****,5812****,240-01,240-01,5G
240,1,24001,5281****,4159****,6244****,240-01,240-01,4G
240,1,24001,7559****,4202****,2170****,240-01,240-01,3G
240,1,24001,1834****,1336****,7946****,240-01,240-01,3G
240,1,24001,8966****,6713****,5237****,240-01,240-01,4G
240,1,24001,9766****,5119****,6618****,240-01,240-01,5G
240,1,24001,3637****,6197****,1706****,240-01,240-01,4G
240,1,24001,4417****,1671****,6207****,240-01,240-01,3G
240,1,24001,4845****,4016****,2928****,240-01,240-01,3G
240,1,24001,9615****,3935****,3373****,240-01,240-01,3G
240,1,24001,2384****,1863****,3832****,240-01,240-01,3G
240,1,24001,8063****,7093****,9533****,240-01,240-01,4G
240,1,24001,1417****,3449****,3977****,240-01,240-01,3G
240,1,24001,7112****,5206****,4590****,240-01,240-01,5G
240,1,24001,5738****,7725****,9251****,240-01,240-01,4G
240,1,24001,1976****,7246****,3687****,240-01,240-01,4G
240,1,24001,3784****,9884****,9825****,240-01,240-01,4G
240,1,24001,1053****,7618****,8470****,240-01,240-01,3G
240,1,24001,5527****,7514****,5721****,240-01,240-01,3G
240,1,24001,9392****,6813****,4018****,240-01,240-01,4G
240,1,24001,2547****,4820****,2618****,240-01,240-01,4G
240,1,24001,6396****,4986****,4874****,240-01,240-01,4G
240,1,24001,6103****,1653****,2593****,240-01,240-01,3G
240,1,24001,5373****,2744****,2965****,240-01,240-01,4G
240,1,24001,5199****,4910****,3710****,240-01,240-01,3G
240,1,24001,3870****,3809****,8928****,240-01,240-01,3G
240,1,24001,8417****,9436****,8996****,240-01,240-01,4G
240,1,24001,4532****,5433****,7872****,240-01,240-01,3G
240,1,24001,7377****,8352****,3516****,240-01,240-01,4G
240,1,24001,2403****,9641****,5782****,240-01,240-01,3G
240,1,24001,4519****,8251****,6914****,240-01,240-01,4G
240,1,24001,2537****,2885****,2855****,240-01,240-01,5G
240,1,24001,1827****,9180****,9680****,240-01,240-01,5G
240,1,24001,4096****,5450****,2686****,240-01,240-01,4G
240,1,24001,5375****,1189****,7088****,240-01,240-01,3G
240,1,24001,6698****,9809****,5872****,240-01,240-01,5G
240,1,24001,8495****,4904****,4600****,240-01,240-01,4G
240,1,24001,7793****,4253****,2904****,240-01,240-01,4G
240,1,24001,4355****,3993****,8850****,240-01,240-01,3G
240,1,24001,6073****,3381****,5845****,240-01,240-01,5G
240,1,24001,2153****,3439****,7114****,240-01,240-01,5G
240,1,24001,8082****,2744****,7881****,240-01,240-01,4G
240,1,24001,6955****,3642****,3026****,240-01,240-01,3G
240,1,24001,2697****,3899****,5575****,240-01,240-01,5G
240,1,24001,1641****,4089****,2419****,240-01,240-01,4G
240,1,24001,8338****,4760****,5051****,240-01,240-01,3G
240,1,24001,3992****,8348****,3356****,240-01,240-01,4G
240,1,24001,6000****,7778****,4326****,240-01,240-01,3G
240,1,24001,2128****,5864****,3473****,240-01,240-01,3G
240,1,24001,6293****,7061****,5532****,240-01,240-01,5G
240,1,24001,6512****,5756****,8971****,240-01,240-01,3G
240,1,24001,2184****,7814****,7225****,240-01,240-01,4G
240,1,24001,4140****,6908****,2834****,240-01,240-01,5G
240,1,24001,7083****,8026****,1096****,240-01,240-01,3G
240,1,24001,8090****,8462****,6672****,240-01,240-01,3G
240,1,24001,4359****,1177****,8578****,240-01,240-01,5G
240,1,24001,1248****,3921****,4487****,240-01,240-01,5G
240,1,24001,9744****,3944****,5174****,240-01,240-01,4G
240,1,24001,9410****,4521****,9296****,240-01,240-01,3G
240,1,24001,8014****,4587****,6937****,240-01,240-01,3G
240,1,24001,6605****,1775****,3329****,240-01,240-01,5G
240,1,24001,5443****,4819****,7056****,240-01,240-01,3G
240,1,24001,7934****,7785****,9526****,240-01,240-01,3G
240,1,24001,4388****,5921****,8583****,240-01,240-01,5G
240,1,24001,4425****,6540****,6079****,240-01,240-01,3G
240,1,24001,2782****,1468****,5926****,240-01,240-01,4G
240,1,24001,9134****,4740****,7475****,240-01,240-01,5G
240,1,24001,4355****,7351****,9162****,240-01,240-01,4G
240,1,24001,9727****,6425****,6015****,240-01,240-01,4G
240,1,24001,4620****,5269****,2633****,240-01,240-01,5G
240,1,24001,4870****,4274****,3399****,240-01,240-01,5G
240,1,24001,9508****,6296****,4179****,240-01,240-01,4G
240,1,24001,7931****,3312****,7050****,240-01,240-01,4G
240,1,24001,5720****,7916****,2112****,240-01,240-01,3G
240,1,24001,6679****,1276****,5549****,240-01,240-01,3G
240,1,24001,7300****,1534****,9927****,240-01,240-01,5G
240,1,24001,1482****,6635****,4988****,240-01,240-01,3G
240,1,24001,4940****,5063****,9601****,240-01,240-01,4G
240,1,24001,2130****,2518****,4878****,240-01,240-01,5G
240,1,24001,4613****,3659****,2220****,240-01,240-01,5G
240,1,24001,5322****,7816****,8512****,240-01,240-01,5G
240,1,24001,7830****,7899****,9121****,240-01,240-01,3G
240,1,24001,1430****,1965****,1317****,240-01,240-01,4G
240,1,24001,9842****,6443****,7508****,240-01,240-01,5G
240,1,24001,6662****,6131****,7577****,240-01,240-01,4G
240,1,24001,2646****,2001****,8153****,240-01,240-01,4G
240,1,24001,6212****,8573****,7701****,240-01,240-01,3G
240,1,24001,1639****,6952****,8788****,240-01,240-01,3G
240,1,24001,8484****,3168****,8423****,240-01,240-01,4G
240,1,24001,4819****,9004****,7631****,240-01,240-01,4G
240,1,24001,2980****,9850****,5547****,240-01,240-01,3G
240,1,24001,4864****,9251****,8759****,240-01,240-01,4G
240,1,24001,4684****,5217****,6235****,240-01,240-01,3G
240,1,24001,7307****,6324****,8484****,240-01,240-01,5G
240,1,24001,8657****,6796****,5427****,240-01,240-01,4G
240,1,24001,4422****,1764****,8892****,240-01,240-01,3G
240,1,24001,5211****,8428****,6688****,240-01,240-01,4G
240,1,24001,8353****,8843****,8797****,240-01,240-01,4G
240,1,24001,7906****,8457****,7160****,240-01,240-01,5G
240,1,24001,4285****,8842****,3942****,240-01,240-01,5G
240,1,24001,9535****,1964****,4530****,240-01,240-01,5G
240,1,24001,6532****,5831****,9690****,240-01,240-01,5G
240,1,24001,7643****,1919****,6256****,240-01,240-01,5G
240,1,24001,4565****,6656****,2288****,240-01,240-01,5G
240,1,24001,9290****,2144****,9059****,240-01,240-01,5G
240,1,24001,4214****,3000****,2926****,240-01,240-01,4G
240,1,24001,2629****,4440****,5469****,240-01,240-01,4G
240,1,24001,1233****,4140****,4306****,240-01,240-01,4G
240,1,24001,6694****,1597****,3818****,240-01,240-01,3G
240,1,24001,4883****,8186****,4435****,240-01,240-01,3G
240,1,24001,9649****,7674****,4532****,240-01,240-01,5G
240,1,24001,5692****,7885****,8431****,240-01,240-01,3G
240,1,24001,8667****,6167****,8772****,240-01,240-01,5G
240,1,24001,3309****,5224****,1412****,240-01,240-01,5G
240,1,24001,8886****,5572****,2829****,240-01,240-01,5G
240,1,24001,1523****,8363****,2396****,240-01,240-01,4G
240,1,24001,3328****,9310****,8951****,240-01,240-01,4G
240,1,24001,8276****,5072****,7026****,240-01,240-01,4G
240,1,24001,6155****,3617****,8519****,240-01,240-01,4G
240,1,24001,2436****,5235****,4931****,240-01,240-01,4G
240,1,24001,8364****,3854****,7587****,240-01,240-01,3G
240,1,24001,2125****,3701****,2146****,240-01,240-01,3G
240,1,24001,8646****,8016****,1558****,240-01,240-01,5G
240,1,24001,4739****,8635****,5370****,240-01,240-01,3G
240,1,24001,1503****,8851****,5688****,240-01,240-01,5G
240,1,24001,4525****,7352****,6301****,240-01,240-01,3G
240,1,24001,3513****,2351****,9363****,240-01,240-01,5G
240,1,24001,1373****,1462****,7465****,240-01,240-01,5G
240,1,24001,9816****,1873****,9037****,240-01,240-01,3G
240,1,24001,9812****,1635****,1430****,240-01,240-01,4G
240,1,24001,5106****,5078****,2464****,240-01,240-01,4G
240,1,24001,1387****,1597****,3921****,240-01,240-01,4G
240,1,24001,2874****,8515****,3502****,240-01,240-01,4G
240,1,24001,6781****,3906****,6902****,240-01,240-01,3G
240,1,24001,1022****,3370****,3191****,240-01,240-01,5G
240,1,24001,5362****,2150****,1021****,240-01,240-01,4G
240,1,24001,2549****,7444****,4071****,240-01,240-01,4G
240,1,24001,1595****,8402****,2667****,240-01,240-01,4G
240,1,24001,9282****,7030****,3307****,240-01,240-01,5G
240,1,24001,9052****,3886****,7846****,240-01,240-01,3G
240,1,24001,3472****,3812****,1801****,240-01,240-01,5G
240,1,24001,6766****,1924****,9575****,240-01,240-01,3G
240,1,24001,3596****,5298****,8518****,240-01,240-01,3G
240,1,24001,8343****,9362****,5196****,240-01,240-01,3G
240,1,24001,6965****,1875****,9316****,240-01,240-01,3G
240,1,24001,9703****,4655****,4790****,240-01,240-01,3G
240,1,24001,8644****,6636****,7710****,240-01,240-01,5G
240,1,24001,1096****,4710****,6038****,240-01,240-01,5G
240,1,24001,2452****,4407****,7600****,240-01,240-01,3G
240,1,24001,5472****,4828****,1984****,240-01,240-01,3G
240,1,24001,2146****,2312****,3249****,240-01,240-01,3G
240,1,24001,2307****,8829****,6055****,240-01,240-01,5G
240,1,24001,2347****,6032****,4179****,240-01,240-01,3G
240,1,24001,5163****,5095****,2027****,240-01,240-01,5G
240,1,24001,8644****,9600****,6851****,240-01,240-01,3G
240,1,24001,7872****,2396****,9494****,240-01,240-01,3G
240,1,24001,6373****,3622****,9602****,240-01,240-01,4G
240,1,24001,1344****,4244****,5293****,240-01,240-01,5G
240,1,24001,4806****,1131****,9070****,240-01,240-01,3G
240,1,24001,8195****,8760****,8177****,240-01,240-01,3G
240,1,24001,2608****,3082****,2694****,240-01,240-01,4G
240,1,24001,7221****,8884****,9037****,240-01,240-01,5G
240,1,24001,5483****,9481****,2523****,240-01,240-01,5G
240,1,24001,7620****,6460****,6211****,240-01,240-01,3G
240,1,24001,1213****,9942****,3223****,240-01,240-01,5G
240,1,24001,7342****,7701****,7066****,240-01,240-01,4G
240,1,24001,5435****,8290****,8777****,240-01,240-01,4G
240,1,24001,6473****,1863****,7372****,240-01,240-01,5G
240,1,24001,6144****,5833****,6561****,240-01,240-01,3G
240,1,24001,1774****,3822****,6325****,240-01,240-01,4G
240,1,24001,2610****,4103****,5981****,240-01,240-01,5G
240,1,24001,2383****,8843****,5258****,240-01,240-01,4G
240,1,24001,6382****,2176****,8658****,240-01,240-01,4G
240,1,24001,9707****,4254****,1335****,240-01,240-01,3G
240,1,24001,5681****,4180****,5776****,240-01,240-01,5G
240,1,24001,5530****,9931****,3830****,240-01,240-01,5G
240,1,24001,7381****,6083****,7509****,240-01,240-01,4G
240,1,24001,1716****,4266****,6004****,240-01,240-01,5G
240,1,24001,8195****,6931****,6978****,240-01,240-01,5G
240,1,24001,2631****,4208****,8093****,240-01,240-01,5G
240,1,24001,6891****,6637****,3215****,240-01,240-01,5G
240,1,24001,6616****,8209****,1318****,240-01,240-01,4G
240,1,24001,7483****,8804****,2250****,240-01,240-01,3G
240,1,24001,2746****,3545****,8087****,240-01,240-01,4G
240,1,24001,4779****,4568****,4171****,240-01,240-01,3G
240,1,24001,3709****,1314****,8482****,240-01,240-01,4G
240,1,24001,9159****,1126****,7729****,240-01,240-01,4G
240,1,24001,4147****,6964****,1832****,240-01,240-01,4G
240,1,24001,8574****,6978****,4348****,240-01,240-01,4G
240,1,24001,3393****,3177****,2360****,240-01,240-01,5G
240,1,24001,1863****,7501****,8796****,240-01,240-01,3G
240,1,24001,1830****,1475****,6167****,240-01,240-01,5G
240,1,24001,6894****,7830****,3239****,240-01,240-01,5G
240,1,24001,9383****,4586****,2351****,240-01,240-01,5G
240,1,24001,5435****,9960****,5696****,240-01,240-01,4G
240,1,24001,5614****,8559****,8650****,240-01,240-01,4G
240,1,24001,9843****,1163****,7793****,240-01,240-01,5G
240,1,24001,7466****,7980****,9939****,240-01,240-01,4G
240,1,24001,9653****,2063****,3066****,240-01,240-01,5G
240,1,24001,6419****,9064****,6906****,240-01,240-01,5G
240,1,24001,9870****,9195****,1138****,240-01,240-01,5G
240,1,24001,2085****,6812****,8681****,240-01,240-01,4G
240,1,24001,1541****,9003****,1264****,240-01,240-01,4G
240,1,24001,3881****,9318****,8932****,240-01,240-01,5G
240,1,24001,5754****,8651****,5164****,240-01,240-01,3G
240,1,24001,2116****,8735****,6744****,240-01,240-01,3G
240,1,24001,5472****,4332****,3378****,240-01,240-01,4G
240,1,24001,2889****,4686****,6578****,240-01,240-01,5G
240,1,24001,3056****,1477****,3621****,240-01,240-01,3G
240,1,24001,4797****,3352****,5349****,240-01,240-01,3G
240,1,24001,3411****,8578****,7378****,240-01,240-01,3G
240,1,24001,5853****,3960****,2112****,240-01,240-01,4G
240,1,24001,1717****,7394****,6637****,240-01,240-01,4G
240,1,24001,2242****,2475****,3300****,240-01,240-01,3G
240,1,24001,1189****,8793****,9577****,240-01,240-01,3G
240,1,24001,9070****,1146****,5806****,240-01,240-01,5G
240,1,24001,7020****,9197****,8069****,240-01,240-01,4G
240,1,24001,8966****,1537****,6985****,240-01,240-01,4G
240,1,24001,9612****,1855****,1907****,240-01,240-01,5G
240,1,24001,9026****,1185****,8303****,240-01,240-01,5G
240,1,24001,9250****,1422****,9787****,240-01,240-01,3G
240,1,24001,1419****,4582****,2154****,240-01,240-01,4G
240,1,24001,9885****,8340****,9450****,240-01,240-01,3G
240,1,24001,7314****,4055****,7264****,240-01,240-01,4G
240,1,24001,6777****,9728****,6464****,240-01,240-01,5G
240,1,24001,2930****,2729****,3098****,240-01,240-01,4G
240,1,24001,6950****,9268****,7304****,240-01,240-01,3G
240,1,24001,2506****,9368****,3900****,240-01,240-01,3G
240,1,24001,9557****,8273****,4795****,240-01,240-01,3G
240,1,24001,8667****,1989****,9353****,240-01,240-01,4G
240,1,24001,8154****,5300****,4438****,240-01,240-01,4G
240,1,24001,8942****,5278****,9073****,240-01,240-01,4G
240,1,24001,1921****,2093****,4900****,240-01,240-01,4G
240,1,24001,3258****,4017****,5669****,240-01,240-01,5G
240,1,24001,4791****,6375****,5791****,240-01,240-01,3G
240,1,24001,4937****,9244****,8861****,240-01,240-01,3G
240,1,24001,5987****,6774****,7969****,240-01,240-01,4G
240,1,24001,6321****,8029****,3158****,240-01,240-01,4G
240,1,24001,8248****,9560****,5185****,240-01,240-01,5G
240,1,24001,2261****,7891****,1640****,240-01,240-01,3G
240,1,24001,5985****,2140****,2626****,240-01,240-01,3G
240,1,24001,8098****,8065****,8687****,240-01,240-01,5G
240,1,24001,9418****,1821****,7547****,240-01,240-01,5G
240,1,24001,5312****,1405****,6119****,240-01,240-01,3G
240,1,24001,3708****,1225****,8607****,240-01,240-01,3G
240,1,24001,1896****,1054****,3523****,240-01,240-01,4G
240,1,24001,5677****,8989****,3310****,240-01,240-01,4G
240,1,24001,4291****,2089****,6161****,240-01,240-01,3G
240,1,24001,7839****,7330****,6605****,240-01,240-01,5G
240,1,24001,1602****,3684****,1655****,240-01,240-01,5G
240,1,24001,9982****,2298****,2801****,240-01,240-01,4G
240,1,24001,3590****,3683****,2246****,240-01,240-01,5G
240,1,24001,2291****,7459****,5571****,240-01,240-01,4G
240,1,24001,1040****,7436****,4214****,240-01,240-01,5G
240,1,24001,3029****,6473****,5527****,240-01,240-01,5G
240,1,24001,5173****,1110****,4425****,240-01,240-01,3G
240,1,24001,4628****,8309****,3002****,240-01,240-01,4G
240,1,24001,2464****,8918****,4899****,240-01,240-01,4G
240,1,24001,3866****,5981****,5388****,240-01,240-01,3G
240,1,24001,7289****,8063****,9108****,240-01,240-01,4G
240,1,24001,4176****,3321****,4506****,240-01,240-01,4G
240,1,24001,1156****,9807****,4450****,240-01,240-01,5G
240,1,24001,3019****,3844****,3391****,240-01,240-01,4G
240,1,24001,7277****,7435****,1797****,240-01,240-01,5G
240,1,24001,9027****,4345****,5822****,240-01,240-01,4G
240,1,24001,2321****,5112****,1427****,240-01,240-01,3G
240,1,24001,4188****,8770****,7031****,240-01,240-01,3G
240,1,24001,3105****,1917****,9614****,240-01,240-01,3G
240,1,24001,7121****,9580****,7250****,240-01,240-01,3G
240,1,24001,9971****,2023****,9234****,240-01,240-01,3G
240,1,24001,5185****,7385****,3619****,240-01,240-01,3G
240,1,24001,6416****,6201****,1746****,240-01,240-01,5G
240,1,24001,4916****,7909****,2895****,240-01,240-01,4G
240,1,24001,7891****,5357****,2583****,240-01,240-01,5G
240,1,24001,1310****,4639****,2953****,240-01,240-01,3G
240,1,24001,5656****,6235****,7404****,240-01,240-01,5G
240,1,24001,1041****,3414****,4783****,240-01,240-01,5G
240,1,24001,5766****,2798****,5603****,240-01,240-01,4G
240,1,24001,3212****,6920****,3694****,240-01,240-01,3G
240,1,24001,7887****,2823****,6549****,240-01,240-01,4G
240,1,24001,3287****,4286****,5255****,240-01,240-01,5G
240,1,24001,7413****,2497****,2488****,240-01,240-01,4G
240,1,24001,4553****,6495****,1186****,240-01,240-01,3G
240,1,24001,8658****,8005****,1163****,240-01,240-01,3G
240,1,24001,5034****,4589****,4096****,240-01,240-01,5G
240,1,24001,5979****,8982****,4429****,240-01,240-01,5G
240,1,24001,5425****,1418****,6648****,240-01,240-01,5G
240,1,24001,4249****,3833****,4237****,240-01,240-01,5G
240,1,24001,9560****,7153****,5747****,240-01,240-01,3G
240,1,24001,4012****,7985****,2441****,240-01,240-01,3G
240,1,24001,2928****,7282****,5866****,240-01,240-01,5G
240,1,24001,8189****,6404****,7568****,240-01,240-01,5G
240,1,24001,2977****,8501****,8530****,240-01,240-01,4G
240,1,24001,8097****,7046****,4484****,240-01,240-01,3G
240,1,24001,6753****,1762****,5033****,240-01,240-01,3G
240,1,24001,7859****,8582****,6420****,240-01,240-01,5G
240,1,24001,2108****,4114****,6387****,240-01,240-01,5G
240,1,24001,7106****,5189****,5681****,240-01,240-01,5G
240,1,24001,3586****,1440****,3266****,240-01,240-01,4G
240,1,24001,7545****,3203****,2804****,240-01,240-01,4G
240,1,24001,4285****,6832****,5097****,240-01,240-01,3G
240,1,24001,3377****,1675****,4205****,240-01,240-01,4G
240,1,24001,1839****,5045****,9757****,240-01,240-01,4G
240,1,24001,1612****,8803****,6100****,240-01,240-01,4G
240,1,24001,8179****,2747****,7536****,240-01,240-01,3G
240,1,24001,8763****,1754****,8544****,240-01,240-01,5G
240,1,24001,8710****,2489****,1782****,240-01,240-01,3G
240,1,24001,4746****,8382****,1367****,240-01,240-01,4G
240,1,24001,3301****,5026****,1143****,240-01,240-01,3G
240,1,24001,2301****,6909****,3740****,240-01,240-01,3G
240,1,24001,5552****,9206****,2089****,240-01,240-01,4G
240,1,24001,8930****,8737****,2733****,240-01,240-01,5G
240,1,24001,2667****,5737****,4942****,240-01,240-01,4G
240,1,24001,9658****,7996****,5010****,240-01,240-01,5G
240,1,24001,6268****,7130****,4153****,240-01,240-01,4G
240,1,24001,3613****,4185****,3986****,240-01,240-01,5G
240,1,24001,4258****,3941****,1181****,240-01,240-01,5G
240,1,24001,6587****,8023****,7261****,240-01,240-01,4G
240,1,24001,9276****,6223****,2958****,240-01,240-01,3G
240,1,24001,7217****,1689****,9220****,240-01,240-01,4G
240,1,24001,2488****,9259****,3284****,240-01,240-01,5G
240,1,24001,8634****,7628****,8238****,240-01,240-01,4G
240,1,24001,7464****,3374****,7298****,240-01,240-01,4G
240,1,24001,7735****,9344****,9761****,240-01,240-01,5G
240,1,24001,2056****,7957****,4030****,240-01,240-01,5G
240,1,24001,8602****,6890****,4595****,240-01,240-01,5G
240,1,24001,8504****,1441****,6251****,240-01,240-01,4G
240,1,24001,2561****,8750****,3940****,240-01,240-01,5G
240,1,24001,1820****,3205****,3959****,240-01,240-01,3G
240,1,24001,1359****,4049****,8611****,240-01,240-01,5G
240,1,24001,4616****,8116****,9643****,240-01,240-01,5G
240,1,24001,3434****,8637****,7878****,240-01,240-01,5G
240,1,24001,8029****,2182****,4403****,240-01,240-01,3G
240,1,24001,7929****,4438****,5528****,240-01,240-01,3G
240,1,24001,8910****,6416****,1837****,240-01,240-01,5G
240,1,24001,7800****,8706****,7877****,240-01,240-01,4G
240,1,24001,4779****,5788****,8154****,240-01,240-01,4G
240,1,24001,3877****,3906****,4780****,240-01,240-01,5G
240,1,24001,5009****,4255****,4360****,240-01,240-01,5G
240,1,24001,3464****,8050****,9864****,240-01,240-01,3G
240,1,24001,8339****,9934****,6016****,240-01,240-01,4G
240,1,24001,6582****,6129****,7871****,240-01,240-01,4G
240,1,24001,1110****,8356****,4692****,240-01,240-01,4G
240,1,24001,5170****,9932****,7586****,240-01,240-01,3G
240,1,24001,6856****,1220****,4694****,240-01,240-01,5G
240,1,24001,5756****,2376****,1156****,240-01,240-01,3G
240,1,24001,1667****,9699****,7657****,240-01,240-01,3G
240,1,24001,7300****,2167****,4163****,240-01,240-01,3G
240,1,24001,3794****,2161****,7619****,240-01,240-01,3G
240,1,24001,8296****,5509****,6064****,240-01,240-01,5G
240,1,24001,1936****,2922****,6038****,240-01,240-01,4G
240,1,24001,2278****,1385****,8002****,240-01,240-01,4G
240,1,24001,4166****,2957****,6765****,240-01,240-01,5G
240,1,24001,4433****,2639****,2067****,240-01,240-01,5G
240,1,24001,4604****,6113****,9783****,240-01,240-01,5G
240,1,24001,1404****,4823****,2121****,240-01,240-01,5G
240,1,24001,1600****,8752****,3398****,240-01,240-01,5G
240,1,24001,6282****,3144****,2773****,240-01,240-01,4G
240,1,24001,1529****,8899****,5950****,240-01,240-01,3G
240,1,24001,5710****,9999****,2044****,240-01,240-01,3G
240,1,24001,2201****,9510****,4278****,240-01,240-01,4G
240,1,24001,2562****,3290****,8508****,240-01,240-01,3G
240,1,24001,5805****,9764****,9086****,240-01,240-01,4G
240,1,24001,9065****,6284****,1667****,240-01,240-01,5G
240,1,24001,3636****,3382****,3253****,240-01,240-01,4G
240,1,24001,2681****,1236****,5488****,240-01,240-01,5G
240,1,24001,6204****,6405****,7314****,240-01,240-01,5G
240,1,24001,6438****,2366****,3674****,240-01,240-01,4G
240,1,24001,9107****,7243****,5914****,240-01,240-01,3G
240,1,24001,9366****,6036****,9400****,240-01,240-01,4G
240,1,24001,1279****,8685****,6742****,240-01,240-01,5G
240,1,24001,1766****,7918****,2655****,240-01,240-01,4G
240,1,24001,1417****,8229****,5268****,240-01,240-01,3G
240,1,24001,4885****,4724****,4172****,240-01,240-01,3G
240,1,24001,8812****,7443****,7655****,240-01,240-01,3G
240,1,24001,5703****,2849****,1199****,240-01,240-01,4G
240,1,24001,2508****,1408****,4494****,240-01,240-01,5G
240,1,24001,2162****,2839****,5277****,240-01,240-01,5G
240,1,24001,3136****,5038****,8401****,240-01,240-01,4G
240,1,24001,2191****,3851****,9231****,240-01,240-01,4G
240,1,24001,8909****,1248****,9401****,240-01,240-01,3G
240,1,24001,1940****,1955****,8638****,240-01,240-01,3G
240,1,24001,7250****,7078****,5589****,240-01,240-01,5G
240,1,24001,1208****,7776****,3499****,240-01,240-01,3G
240,1,24001,7536****,6405****,7117****,240-01,240-01,4G
240,1,24001,5877****,9815****,2318****,240-01,240-01,5G
240,1,24001,6874****,4889****,3422****,240-01,240-01,5G
240,1,24001,7950****,8984****,4051****,240-01,240-01,4G
240,1,24001,2228****,7469****,9803****,240-01,240-01,5G
240,1,24001,4537****,2589****,6169****,240-01,240-01,5G
240,1,24001,4859****,8807****,2929****,240-01,240-01,3G
240,1,24001,7423****,2101****,7800****,240-01,240-01,4G
240,1,24001,4020****,9333****,3526****,240-01,240-01,5G
240,1,24001,8047****,2327****,3541****,240-01,240-01,4G
240,1,24001,7756****,9868****,4050****,240-01,240-01,5G
240,1,24001,9071****,9816****,8350****,240-01,240-01,4G
240,1,24001,9563****,3663****,7197****,240-01,240-01,5G
240,1,24001,8251****,9263****,9689****,240-01,240-01,4G
240,1,24001,4876****,6267****,6919****,240-01,240-01,5G
240,1,24001,8105****,2745****,6416****,240-01,240-01,4G
240,1,24001,8678****,9951****,5839****,240-01,240-01,4G
240,1,24001,9835****,7067****,8787****,240-01,240-01,3G
240,1,24001,6156****,5334****,8526****,240-01,240-01,5G
240,1,24001,1255****,4534****,6827****,240-01,240-01,5G
240,1,24001,4008****,6062****,9099****,240-01,240-01,4G
240,1,24001,8999****,1193****,4332****,240-01,240-01,4G
240,1,24001,6373****,3723****,1532****,240-01,240-01,4G
240,1,24001,9871****,6983****,8032****,240-01,240-01,3G
240,1,24001,5920****,7861****,9058****,240-01,240-01,3G
240,1,24001,7284****,2022****,9055****,240-01,240-01,4G
240,1,24001,7257****,1225****,2916****,240-01,240-01,3G
240,1,24001,6012****,5036****,9366****,240-01,240-01,5G
240,1,24001,7131****,3158****,1506****,240-01,240-01,5G
240,1,24001,9535****,2839****,5714****,240-01,240-01,4G
240,1,24001,8832****,9590****,7802****,240-01,240-01,3G
240,1,24001,6705****,2009****,2360****,240-01,240-01,3G
240,1,24001,8768****,3707****,3931****,240-01,240-01,5G
240,1,24001,8138****,5000****,1381****,240-01,240-01,4G
240,1,24001,2233****,3564****,8350****,240-01,240-01,3G
240,1,24001,8376****,5032****,9018****,240-01,240-01,4G
240,1,24001,6794****,7028****,6185****,240-01,240-01,5G
240,1,24001,1311****,4822****,9833****,240-01,240-01,4G
240,1,24001,8532****,1525****,6355****,240-01,240-01,3G
240,1,24001,1896****,9105****,5281****,240-01,240-01,4G
240,1,24001,5501****,9032****,3965****,240-01,240-01,5G
240,1,24001,6120****,4861****,2640****,240-01,240-01,5G
240,1,24001,3284****,3388****,6598****,240-01,240-01,3G
240,1,24001,5471****,7493****,3298****,240-01,240-01,4G
240,1,24001,5815****,7087****,2614****,240-01,240-01,5G
240,1,24001,1878****,1572****,1937****,240-01,240-01,4G
240,1,24001,6049****,5266****,9310****,240-01,240-01,4G
240,1,24001,7727****,9965****,3839****,240-01,240-01,3G
240,1,24001,1885****,7393****,2978****,240-01,240-01,5G
240,1,24001,3448****,4587****,2600****,240-01,240-01,4G
240,1,24001,6306****,1900****,4507****,240-01,240-01,4G
240,1,24001,5628****,6988****,7906****,240-01,240-01,3G
240,1,24001,9091****,3792****,4362****,240-01,240-01,4G
240,1,24001,7369****,7346****,4899****,240-01,240-01,3G
240,1,24001,2797****,9519****,3881****,240-01,240-01,4G
240,1,24001,6474****,6003****,4009****,240-01,240-01,3G
240,1,24001,5658****,4651****,2366****,240-01,240-01,4G
240,1,24001,5905****,9413****,6014****,240-01,240-01,5G
240,1,24001,7493****,9393****,9292****,240-01,240-01,5G
240,1,24001,7129****,7728****,1818****,240-01,240-01,5G
240,1,24001,5154****,7068****,5655****,240-01,240-01,5G
240,1,24001,3836****,4630****,7029****,240-01,240-01,3G
240,1,24001,5454****,6072****,4018****,240-01,240-01,5G
240,1,24001,9695****,3753****,2801****,240-01,240-01,4G
240,1,24001,5313****,9311****,6190****,240-01,240-01,4G
240,1,24001,8448****,8515****,1113****,240-01,240-01,5G
240,1,24001,6894****,5929****,9654****,240-01,240-01,4G
240,1,24001,3910****,9123****,3416****,240-01,240-01,3G
240,1,24001,2526****,5882****,4185****,240-01,240-01,5G
240,1,24001,3322****,8120****,8933****,240-01,240-01,5G
240,1,24001,1571****,5695****,5783****,240-01,240-01,5G
240,1,24001,2713****,5880****,5705****,240-01,240-01,3G
240,1,24001,3378****,4578****,8475****,240-01,240-01,4G
240,1,24001,7741****,6252****,2958****,240-01,240-01,4G
240,1,24001,3283****,8460****,6968****,240-01,240-01,3G
240,1,24001,9220****,1768****,5558****,240-01,240-01,3G
240,1,24001,5021****,8914****,2716****,240-01,240-01,3G
240,1,24001,9516****,4383****,1485****,240-01,240-01,5G
240,1,24001,7777****,4510****,2282****,240-01,240-01,3G
240,1,24001,8356****,1592****,4164****,240-01,240-01,3G
240,1,24001,1175****,7584****,6243****,240-01,240-01,4G
240,1,24001,5315****,9598****,2474****,240-01,240-01,3G
240,1,24001,9628****,1774****,8645****,240-01,240-01,4G
240,1,24001,1141****,7563****,5830****,240-01,240-01,5G
240,1,24001,8251****,1407****,4651****,240-01,240-01,5G
240,1,24001,4773****,6079****,5027****,240-01,240-01,5G
240,1,24001,2814****,9858****,1486****,240-01,240-01,4G
240,1,24001,3130****,3384****,5246****,240-01,240-01,4G
240,1,24001,8419****,3222****,6179****,240-01,240-01,5G
240,1,24001,1373****,8367****,5893****,240-01,240-01,4G
240,1,24001,5246****,2371****,6820****,240-01,240-01,4G
240,1,24001,2609****,8186****,5758****,240-01,240-01,3G
240,1,24001,3218****,2845****,4098****,240-01,240-01,3G
240,1,24001,5954****,3869****,1071****,240-01,240-01,3G
240,1,24001,5176****,1352****,9373****,240-01,240-01,5G
240,1,24001,1424****,6022****,1164****,240-01,240-01,4G
240,1,24001,3152****,5140****,7809****,240-01,240-01,5G
240,1,24001,6501****,5146****,6032****,240-01,240-01,4G
240,1,24001,6605****,5680****,7305****,240-01,240-01,5G
240,1,24001,3421****,2092****,2067****,240-01,240-01,3G
240,1,24001,8678****,6615****,9247****,240-01,240-01,3G
240,1,24001,5332****,6510****,1844****,240-01,240-01,4G
240,1,24001,3719****,9329****,8529****,240-01,240-01,5G
240,1,24001,3626****,1001****,1941****,240-01,240-01,4G
240,1,24001,1300****,9795****,6167****,240-01,240-01,4G
240,1,24001,4092****,5812****,8676****,240-01,240-01,3G
240,1,24001,4669****,3738****,9647****,240-01,240-01,5G
240,1,24001,3623****,3543****,4519****,240-01,240-01,3G
240,1,24001,5994****,2678****,3845****,240-01,240-01,5G
240,1,24001,9390****,2496****,9611****,240-01,240-01,3G
240,1,24001,4574****,9545****,6452****,240-01,240-01,3G
240,1,24001,9073****,5967****,3850****,240-01,240-01,4G
240,1,24001,7334****,9039****,3005****,240-01,240-01,5G
240,1,24001,4461****,4957****,5133****,240-01,240-01,3G
240,1,24001,5272****,8421****,1615****,240-01,240-01,3G
240,1,24001,8683****,4361****,4653****,240-01,240-01,4G
240,1,24001,7154****,1036****,4692****,240-01,240-01,4G
240,1,24001,2217****,5769****,2979****,240-01,240-01,3G
240,1,24001,5265****,1133****,8799****,240-01,240-01,3G
240,1,24001,8865****,7709****,5009****,240-01,240-01,4G
240,1,24001,2666****,5634****,1774****,240-01,240-01,4G
240,1,24001,9072****,1078****,3350****,240-01,240-01,5G
240,1,24001,6916****,2557****,3445****,240-01,240-01,4G
240,1,24001,7532****,9864****,4756****,240-01,240-01,5G
240,1,24001,9326****,1928****,3083****,240-01,240-01,5G
240,1,24001,7673****,7789****,5935****,240-01,240-01,5G
240,1,24001,1294****,2502****,4866****,240-01,240-01,5G
240,1,24001,9237****,6901****,3477****,240-01,240-01,4G
240,1,24001,4614****,1744****,1521****,240-01,240-01,3G
240,1,24001,7225****,8420****,5976****,240-01,240-01,5G
240,1,24001,8661****,5871****,1496****,240-01,240-01,4G
240,1,24001,3663****,1371****,4688****,240-01,240-01,4G
240,1,24001,7992****,3439****,7544****,240-01,240-01,5G
240,1,24001,2511****,4488****,9114****,240-01,240-01,4G
240,1,24001,8016****,9700****,9191****,240-01,240-01,3G
240,1,24001,4654****,4749****,7200****,240-01,240-01,3G
240,1,24001,6244****,6541****,5967****,240-01,240-01,3G
240,1,24001,7965****,3981****,6862****,240-01,240-01,5G
240,1,24001,8944****,8301****,2638****,240-01,240-01,3G
240,1,24001,5625****,4183****,6274****,240-01,240-01,3G
240,1,24001,1513****,1902****,7097****,240-01,240-01,3G
240,1,24001,3376****,4851****,9066****,240-01,240-01,5G
240,1,24001,3643****,9716****,2131****,240-01,240-01,4G
240,1,24001,8195****,7470****,2901****,240-01,240-01,4G
240,1,24001,6613****,8727****,8487****,240-01,240-01,4G
240,1,24001,7685****,2763****,2349****,240-01,240-01,3G
240,1,24001,9418****,1721****,7740****,240-01,240-01,4G
240,1,24001,4548****,4042****,6945****,240-01,240-01,4G
240,1,24001,8573****,1598****,2740****,240-01,240-01,4G
240,1,24001,4981****,3367****,1969****,240-01,240-01,4G
240,1,24001,7679****,4407****,8999****,240-01,240-01,5G
240,1,24001,9102****,4817****,1950****,240-01,240-01,4G
240,1,24001,3272****,1071****,6178****,240-01,240-01,4G
240,1,24001,2527****,1341****,9719****,240-01,240-01,5G
240,1,24001,3032****,7714****,1952****,240-01,240-01,3G
240,1,24001,6633****,2975****,9548****,240-01,240-01,5G
240,1,24001,5622****,9224****,7705****,240-01,240-01,5G
240,1,24001,6271****,4194****,9297****,240-01,240-01,4G
240,1,24001,5389****,9872****,9320****,240-01,240-01,3G
240,1,24001,1516****,5265****,6877****,240-01,240-01,3G
240,1,24001,5596****,2027****,2938****,240-01,240-01,3G
240,1,24001,7153****,2616****,5835****,240-01,240-01,4G
240,1,24001,6653****,3838****,4813****,240-01,240-01,3G
240,1,24001,6425****,8845****,3460****,240-01,240-01,3G
240,1,24001,5465****,6920****,9420****,240-01,240-01,5G
240,1,24001,3996****,6824****,7901****,240-01,240-01,3G
240,1,24001,9962****,8786****,4676****,240-01,240-01,4G
240,1,24001,6412****,2894****,7530****,240-01,240-01,5G
240,1,24001,6548****,1067****,9035****,240-01,240-01,4G
240,1,24001,1272****,7918****,4391****,240-01,240-01,4G
240,1,24001,3621****,6821****,6467****,240-01,240-01,5G
240,1,24001,1664****,8986****,2008****,240-01,240-01,3G
240,1,24001,5201****,4506****,2837****,240-01,240-01,5G
240,1,24001,6348****,2477****,1988****,240-01,240-01,5G
240,1,24001,7901****,4743****,2869****,240-01,240-01,5G
240,1,24001,5183****,7323****,6625****,240-01,240-01,4G
240,1,24001,9351****,1379****,1160****,240-01,240-01,3G
240,1,24001,1992****,1751****,4953****,240-01,240-01,3G
240,1,24001,7839****,9380****,5721****,240-01,240-01,5G
240,1,24001,4744****,5831****,8697****,240-01,240-01,4G
240,1,24001,2349****,4646****,8780****,240-01,240-01,3G
240,1,24001,2177****,2718****,5091****,240-01,240-01,4G
240,1,24001,3466****,7631****,9929****,240-01,240-01,3G
240,1,24001,1119****,3814****,3774****,240-01,240-01,3G
240,1,24001,1677****,8365****,3941****,240-01,240-01,5G
240,1,24001,2855****,9428****,8901****,240-01,240-01,4G
240,1,24001,1830****,4732****,9959****,240-01,240-01,3G
240,1,24001,6799****,4653****,4509****,240-01,240-01,5G
240,1,24001,7322****,3421****,7448****,240-01,240-01,3G
240,1,24001,9969****,8135****,8538****,240-01,240-01,3G
240,1,24001,8256****,3986****,7711****,240-01,240-01,3G
240,1,24001,3373****,6747****,9301****,240-01,240-01,3G
240,1,24001,9249****,8298****,9814****,240-01,240-01,5G
240,1,24001,4966****,6273****,6166****,240-01,240-01,4G
240,1,24001,4359****,2062****,1741****,240-01,240-01,4G
240,1,24001,9050****,7683****,5877****,240-01,240-01,4G
240,1,24001,3760****,5817****,6730****,240-01,240-01,5G
240,1,24001,3697****,5299****,9860****,240-01,240-01,4G
240,1,24001,5632****,9488****,1342****,240-01,240-01,3G
240,1,24001,9087****,2974****,6389****,240-01,240-01,4G
240,1,24001,5216****,3384****,7836****,240-01,240-01,5G
240,1,24001,4280****,9815****,9052****,240-01,240-01,3G
240,1,24001,8492****,1271****,6911****,240-01,240-01,5G
240,1,24001,5829****,2020****,3990****,240-01,240-01,4G
240,1,24001,1830****,9774****,3688****,240-01,240-01,5G
240,1,24001,1019****,6848****,6436****,240-01,240-01,4G
240,1,24001,7302****,3334****,5932****,240-01,240-01,3G
240,1,24001,6921****,6605****,2046****,240-01,240-01,4G
240,1,24001,8543****,8319****,9233****,240-01,240-01,3G
240,1,24001,9821****,6180****,9966****,240-01,240-01,5G
240,1,24001,9702****,9909****,5678****,240-01,240-01,5G
240,1,24001,2970****,5659****,7817****,240-01,240-01,5G
240,1,24001,4066****,8867****,2023****,240-01,240-01,5G
240,1,24001,4168****,1613****,4708****,240-01,240-01,5G
240,1,24001,7354****,5186****,2510****,240-01,240-01,4G
240,1,24001,7283****,8308****,3259****,240-01,240-01,3G
240,1,24001,1296****,2057****,3491****,240-01,240-01,3G
240,1,24001,1374****,5776****,4163****,240-01,240-01,4G
240,1,24001,1713****,2286****,4331****,240-01,240-01,4G
240,1,24001,4621****,7900****,7596****,240-01,240-01,4G
240,1,24001,4471****,4170****,4209****,240-01,240-01,5G
240,1,24001,2911****,8529****,4775****,240-01,240-01,5G
240,1,24001,3981****,6021****,4095****,240-01,240-01,3G
240,1,24001,5308****,9066****,4024****,240-01,240-01,3G
240,1,24001,6358****,9621****,8040****,240-01,240-01,3G
240,1,24001,3442****,2273****,1066****,240-01,240-01,3G
240,1,24001,2970****,8955****,5701****,240-01,240-01,5G
240,1,24001,1238****,7842****,9979****,240-01,240-01,3G
240,1,24001,7841****,9567****,4037****,240-01,240-01,4G
240,1,24001,8803****,2736****,2034****,240-01,240-01,5G
240,1,24001,5748****,4432****,1208****,240-01,240-01,4G
240,1,24001,7570****,6153****,5506****,240-01,240-01,4G
240,1,24001,7400****,8732****,9959****,240-01,240-01,4G
240,1,24001,5980****,7027****,1713****,240-01,240-01,3G
240,1,24001,9693****,5621****,7976****,240-01,240-01,3G
240,1,24001,5508****,2469****,7171****,240-01,240-01,4G
240,1,24001,1709****,2474****,6939****,240-01,240-01,4G
240,1,24001,3939****,3675****,4639****,240-01,240-01,5G
240,1,24001,6342****,7603****,3385****,240-01,240-01,4G
240,1,24001,2103****,9713****,2932****,240-01,240-01,4G
240,1,24001,2986****,3539****,8022****,240-01,240-01,5G
240,1,24001,2182****,4228****,4741****,240-01,240-01,5G
240,1,24001,6204****,2995****,9656****,240-01,240-01,4G
240,1,24001,6413****,5920****,5258****,240-01,240-01,4G
240,1,24001,6957****,2555****,8734****,240-01,240-01,5G
240,1,24001,7363****,4851****,7798****,240-01,240-01,3G
240,1,24001,9650****,8588****,4127****,240-01,240-01,4G
240,1,24001,3152****,6435****,5075****,240-01,240-01,5G
240,1,24001,3877****,8919****,5382****,240-01,240-01,4G
240,1,24001,1129****,8693****,6426****,240-01,240-01,3G
240,1,24001,9005****,2363****,9823****,240-01,240-01,3G
240,1,24001,9908****,8427****,8529****,240-01,240-01,5G
240,1,24001,6047****,8747****,1142****,240-01,240-01,3G
240,1,24001,5952****,1581****,1171****,240-01,240-01,3G
240,1,24001,6428****,3620****,9506****,240-01,240-01,4G
240,1,24001,1173****,8689****,3840****,240-01,240-01,3G
240,1,24001,3102****,7618****,5024****,240-01,240-01,5G
240,1,24001,2576****,5819****,6868****,240-01,240-01,4G
240,1,24001,6126****,6687****,4938****,240-01,240-01,4G
240,1,24001,7204****,5902****,7771****,240-01,240-01,4G
240,1,24001,7538****,7800****,8501****,240-01,240-01,4G
240,1,24001,5410****,4045****,3004****,240-01,240-01,5G
240,1,24001,8389****,2313****,3665****,240-01,240-01,4G
240,1,24001,4730****,6119****,2445****,240-01,240-01,3G
240,1,24001,4807****,7942****,6232****,240-01,240-01,5G
240,1,24001,5789****,7377****,8692****,240-01,240-01,3G
240,1,24001,6913****,5797****,3348****,240-01,240-01,5G
240,1,24001,2876****,6321****,2154****,240-01,240-01,4G
240,1,24001,2308****,6229****,2170****,240-01,240-01,5G
240,1,24001,1499****,1790****,5874****,240-01,240-01,3G
240,1,24001,9415****,6503****,4193****,240-01,240-01,5G
240,1,24001,6842****,2512****,8030****,240-01,240-01,5G
240,1,24001,4518****,6260****,4718****,240-01,240-01,4G
240,1,24001,2542****,2534****,9168****,240-01,240-01,4G
240,1,24001,5048****,3063****,8394****,240-01,240-01,5G
240,1,24001,9616****,9065****,7277****,240-01,240-01,3G
240,1,24001,4775****,2249****,3452****,240-01,240-01,4G
240,1,24001,1639****,9986****,8467****,240-01,240-01,3G
240,1,24001,4021****,6970****,6871****,240-01,240-01,5G
240,1,24001,8234****,1448****,9480****,240-01,240-01,3G
240,1,24001,1163****,1863****,8158****,240-01,240-01,5G
240,1,24001,3370****,9352****,1581****,240-01,240-01,5G
240,1,24001,2166****,1782****,9494****,240-01,240-01,5G
240,1,24001,7097****,8441****,1887****,240-01,240-01,5G
240,1,24001,3872****,1104****,9077****,240-01,240-01,5G
240,1,24001,3016****,1958****,9497****,240-01,240-01,3G
240,1,24001,6334****,7996****,3330****,240-01,240-01,3G
240,1,24001,5045****,2298****,5496****,240-01,240-01,5G
240,1,24001,3595****,8076****,9958****,240-01,240-01,3G
240,1,24001,5472****,7400****,9953****,240-01,240-01,3G
240,1,24001,2935****,7721****,1699****,240-01,240-01,3G
240,1,24001,4621****,8895****,4966****,240-01,240-01,4G
240,1,24001,8735****,1836****,7878****,240-01,240-01,5G
240,1,24001,7159****,4587****,4176****,240-01,240-01,5G
240,1,24001,8017****,8718****,9165****,240-01,240-01,4G
240,1,24001,2576****,2361****,5010****,240-01,240-01,3G
240,1,24001,2675****,6222****,3340****,240-01,240-01,5G
240,1,24001,9256****,3003****,6201****,240-01,240-01,5G
240,1,24001,2262****,7520****,1301****,240-01,240-01,4G
240,1,24001,8272****,5340****,7460****,240-01,240-01,5G
240,1,24001,1144****,1846****,9814****,240-01,240-01,4G
240,1,24001,3561****,6870****,2024****,240-01,240-01,5G
240,1,24001,1824****,7345****,9020****,240-01,240-01,4G
240,1,24001,1832****,1823****,8705****,240-01,240-01,3G
240,1,24001,3741****,2459****,4380****,240-01,240-01,5G
240,1,24001,9061****,2443****,9632****,240-01,240-01,3G
240,1,24001,4192****,1958****,3852****,240-01,240-01,5G
240,1,24001,3821****,5379****,8586****,240-01,240-01,4G
240,1,24001,7182****,8475****,8059****,240-01,240-01,3G
240,1,24001,1543****,1628****,5619****,240-01,240-01,5G
240,1,24001,5158****,8358****,9703****,240-01,240-01,4G
240,1,24001,6945****,4068****,9577****,240-01,240-01,3G
240,1,24001,4442****,4635****,7511****,240-01,240-01,4G
240,1,24001,2274****,4135****,6158****,240-01,240-01,5G
240,1,24001,3479****,1771****,4881****,240-01,240-01,3G
240,1,24001,5161****,3165****,3271****,240-01,240-01,4G
240,1,24001,6994****,5055****,3101****,240-01,240-01,5G
240,1,24001,1660****,8942****,5992****,240-01,240-01,5G
240,1,24001,6888****,7417****,5650****,240-01,240-01,5G
240,1,24001,1606****,6764****,1187****,240-01,240-01,4G
240,1,24001,4320****,1013****,6023****,240-01,240-01,4G
240,1,24001,2457****,4921****,4220****,240-01,240-01,5G
240,1,24001,4504****,4340****,2175****,240-01,240-01,5G
240,1,24001,8588****,1303****,2451****,240-01,240-01,4G
240,1,24001,2687****,5721****,5347****,240-01,240-01,4G
240,1,24001,5816****,4571****,2712****,240-01,240-01,3G
240,1,24001,2486****,2607****,4854****,240-01,240-01,4G
240,1,24001,1445****,2441****,8432****,240-01,240-01,3G
240,1,24001,6648****,8165****,8962****,240-01,240-01,3G
240,1,24001,5883****,2397****,6198****,240-01,240-01,3G
240,1,24001,6971****,4410****,6631****,240-01,240-01,5G
240,1,24001,2711****,2021****,1026****,240-01,240-01,3G
240,1,24001,8790****,4053****,6833****,240-01,240-01,4G
240,1,24001,2341****,3151****,9879****,240-01,240-01,5G
240,1,24001,1431****,3455****,1294****,240-01,240-01,5G
240,1,24001,2156****,5042****,3888****,240-01,240-01,3G
240,1,24001,9069****,4376****,9935****,240-01,240-01,3G
240,1,24001,6185****,6433****,4116****,240-01,240-01,5G
240,1,24001,5478****,3853****,9157****,240-01,240-01,5G
240,1,24001,1946****,6381****,5099****,240-01,240-01,4G
240,1,24001,3444****,5591****,6907****,240-01,240-01,4G
240,1,24001,8617****,2237****,3598****,240-01,240-01,5G
240,1,24001,2572****,7898****,7947****,240-01,240-01,3G
240,1,24001,8532****,7118****,1085****,240-01,240-01,5G
240,1,24001,1376****,8927****,3982****,240-01,240-01,3G
240,1,24001,3895****,5757****,7420****,240-01,240-01,5G
240,1,24001,5399****,9003****,3882****,240-01,240-01,3G
240,1,24001,7525****,2784****,5442****,240-01,240-01,5G
240,1,24001,4842****,4488****,1272****,240-01,240-01,4G
240,1,24001,5991****,2060****,5385****,240-01,240-01,3G
240,1,24001,8210****,2445****,9163****,240-01,240-01,3G
240,1,24001,9365****,7742****,3896****,240-01,240-01,3G
240,1,24001,4990****,7895****,5733****,240-01,240-01,5G
240,1,24001,3021****,3810****,6466****,240-01,240-01,3G
240,1,24001,5023****,3727****,1240****,240-01,240-01,5G
240,1,24001,1091****,1617****,1036****,240-01,240-01,5G
240,1,24001,8442****,5470****,7674****,240-01,240-01,3G
240,1,24001,8184****,3255****,8154****,240-01,240-01,4G
240,1,24001,1529****,5353****,1982****,240-01,240-01,5G
240,1,24001,2886****,4991****,3559****,240-01,240-01,4G
240,1,24001,1437****,7156****,7652****,240-01,240-01,4G
240,1,24001,8750****,8635****,1948****,240-01,240-01,5G
240,1,24001,3004****,2148****,7501****,240-01,240-01,5G
240,1,24001,2156****,7204****,8460****,240-01,240-01,5G
240,1,24001,9015****,7810****,2151****,240-01,240-01,5G
240,1,24001,6848****,7846****,7669****,240-01,240-01,5G
240,1,24001,7210****,9004****,5488****,240-01,240-01,4G
240,1,24001,9397****,9472****,6622****,240-01,240-01,3G
240,1,24001,2660****,9335****,8336****,240-01,240-01,3G
240,1,24001,8442****,2924****,7280****,240-01,240-01,4G
240,1,24001,8546****,2687****,1757****,240-01,240-01,4G
240,1,24001,2179****,1740****,3592****,240-01,240-01,5G
240,1,24001,6355****,5833****,1793****,240-01,240-01,3G
240,1,24001,8841****,3582****,8038****,240-01,240-01,5G
240,1,24001,4212****,5549****,8088****,240-01,240-01,5G
240,1,24001,6090****,1627****,2821****,240-01,240-01,4G
240,1,24001,4788****,7121****,8752****,240-01,240-01,5G
240,1,24001,1924****,4298****,4462****,240-01,240-01,4G
240,1,24001,3334****,5493****,6296****,240-01,240-01,3G
240,1,24001,6369****,3906****,4444****,240-01,240-01,3G
240,1,24001,7638****,9277****,3417****,240-01,240-01,4G
240,1,24001,9929****,3200****,8042****,240-01,240-01,5G
240,1,24001,8635****,4712****,7907****,240-01,240-01,4G
240,1,24001,7625****,1804****,3393****,240-01,240-01,3G
240,1,24001,1446****,5147****,7429****,240-01,240-01,5G
240,1,24001,9820****,2407****,9254****,240-01,240-01,5G
240,1,24001,5974****,5081****,3512****,240-01,240-01,4G
240,1,24001,3295****,5351****,5955****,240-01,240-01,5G
240,1,24001,3144****,2714****,3567****,240-01,240-01,4G
240,1,24001,2122****,2867****,4699****,240-01,240-01,3G
240,1,24001,4590****,5508****,1149****,240-01,240-01,4G
240,1,24001,2920****,5899****,9129****,240-01,240-01,5G
240,1,24001,5562****,3214****,3526****,240-01,240-01,5G
240,1,24001,5750****,7154****,7101****,240-01,240-01,5G
240,1,24001,1717****,8332****,1565****,240-01,240-01,3G
240,1,24001,1368****,1749****,9903****,240-01,240-01,4G
240,1,24001,6166****,7164****,1581****,240-01,240-01,4G
240,1,24001,4315****,6482****,6512****,240-01,240-01,4G
240,1,24001,5928****,7191****,5237****,240-01,240-01,4G
240,1,24001,4912****,7568****,5827****,240-01,240-01,4G
240,1,24001,9099****,8197****,7857****,240-01,240-01,4G
240,1,24001,1338****,3701****,5347****,240-01,240-01,5G
240,1,24001,9356****,8146****,4688****,240-01,240-01,3G
240,1,24001,4254****,6805****,5044****,240-01,240-01,3G
240,1,24001,9582****,2272****,2785****,240-01,240-01,5G
240,1,24001,2884****,5203****,3079****,240-01,240-01,4G
240,1,24001,7207****,6893****,3895****,240-01,240-01,3G
240,1,24001,1077****,3884****,1861****,240-01,240-01,3G
240,1,24001,8216****,3311****,5306****,240-01,240-01,3G
240,1,24001,7276****,7980****,9860****,240-01,240-01,4G
240,1,24001,6162****,6476****,8630****,240-01,240-01,3G
240,1,24001,9409****,6270****,1913****,240-01,240-01,5G
240,1,24001,3307****,2294****,2021****,240-01,240-01,3G
240,1,24001,5791****,4119****,1262****,240-01,240-01,3G
240,1,24001,1190****,2292****,1664****,240-01,240-01,3G
240,1,24001,7357****,6703****,7688****,240-01,240-01,5G
240,1,24001,2945****,9079****,9799****,240-01,240-01,4G
240,1,24001,8583****,6296****,3668****,240-01,240-01,3G
240,1,24001,2648****,9964****,3051****,240-01,240-01,5G
240,1,24001,9565****,9978****,9821****,240-01,240-01,3G
240,1,24001,4790****,1476****,1355****,240-01,240-01,3G
240,1,24001,4090****,4257****,7110****,240-01,240-01,3G
240,1,24001,8301****,7128****,1025****,240-01,240-01,5G
240,1,24001,9193****,4660****,7240****,240-01,240-01,5G
240,1,24001,2751****,2670****,5158****,240-01,240-01,4G
240,1,24001,2934****,8669****,3458****,240-01,240-01,5G
240,1,24001,5543****,2912****,3842****,240-01,240-01,4G
240,1,24001,1551****,5235****,4983****,240-01,240-01,4G
240,1,24001,1631****,4246****,6534****,240-01,240-01,4G
240,1,24001,1452****,4759****,5921****,240-01,240-01,5G
240,1,24001,9860****,2396****,8965****,240-01,240-01,3G
240,1,24001,6682****,9691****,3856****,240-01,240-01,4G
240,1,24001,2719****,5692****,8527****,240-01,240-01,4G
240,1,24001,9702****,3611****,5037****,240-01,240-01,4G
240,1,24001,3268****,3496****,9669****,240-01,240-01,5G
240,1,24001,4672****,5971****,9784****,240-01,240-01,5G
240,1,24001,4576****,6405****,7639****,240-01,240-01,4G
240,1,24001,5164****,5330****,3975****,240-01,240-01,5G
240,1,24001,9966****,2314****,4789****,240-01,240-01,3G
240,1,24001,6137****,5060****,6595****,240-01,240-01,4G
240,1,24001,4798****,7048****,4706****,240-01,240-01,5G
240,1,24001,7668****,5567****,9437****,240-01,240-01,5G
240,1,24001,1695****,4998****,7931****,240-01,240-01,5G
240,1,24001,3911****,1891****,2439****,240-01,240-01,5G
240,1,24001,7685****,8030****,1104****,240-01,240-01,3G
240,1,24001,9115****,4096****,9864****,240-01,240-01,4G
240,1,24001,6535****,1019****,3129****,240-01,240-01,3G
240,1,24001,1592****,8611****,6802****,240-01,240-01,3G
240,1,24001,3723****,7878****,8360****,240-01,240-01,4G
240,1,24001,6305****,5959****,9872****,240-01,240-01,3G
240,1,24001,2662****,9492****,6105****,240-01,240-01,3G
240,1,24001,7109****,7393****,7043****,240-01,240-01,4G
240,1,24001,8607****,6426****,4856****,240-01,240-01,4G
240,1,24001,3556****,2739****,6000****,240-01,240-01,3G
240,1,24001,3531****,7431****,6833****,240-01,240-01,3G
240,1,24001,3161****,9572****,2287****,240-01,240-01,3G
240,1,24001,8822****,1798****,7689****,240-01,240-01,3G
240,1,24001,8179****,3913****,5263****,240-01,240-01,4G
240,1,24001,8533****,9036****,7599****,240-01,240-01,5G
240,1,24001,9202****,9683****,7076****,240-01,240-01,4G
240,1,24001,2278****,5838****,9194****,240-01,240-01,5G
240,1,24001,4553****,6074****,4638****,240-01,240-01,4G
240,1,24001,4292****,7411****,7949****,240-01,240-01,4G
240,1,24001,7187****,5214****,8304****,240-01,240-01,5G
240,1,24001,7747****,6006****,9390****,240-01,240-01,4G
240,1,24001,1167****,6001****,1072****,240-01,240-01,4G
240,1,24001,6554****,2142****,7404****,240-01,240-01,4G
240,1,24001,5127****,7237****,9840****,240-01,240-01,3G
240,1,24001,8149****,5964****,4098****,240-01,240-01,5G
240,1,24001,8838****,2836****,7678****,240-01,240-01,3G
240,1,24001,7633****,5130****,1389****,240-01,240-01,4G
240,1,24001,6101****,1107****,3324****,240-01,240-01,5G
240,1,24001,8568****,6571****,4973****,240-01,240-01,5G
240,1,24001,5973****,5611****,1945****,240-01,240-01,3G
240,1,24001,7729****,5348****,4026****,240-01,240-01,4G
240,1,24001,2939****,4754****,6438****,240-01,240-01,3G
240,1,24001,9617****,8179****,5784****,240-01,240-01,3G
240,1,24001,9668****,8367****,3863****,240-01,240-01,3G
240,1,24001,9772****,2921****,3746****,240-01,240-01,3G
240,1,24001,1479****,2840****,4163****,240-01,240-01,5G
240,1,24001,9363****,5577****,9791****,240-01,240-01,4G
240,1,24001,4843****,7434****,7309****,240-01,240-01,5G
240,1,24001,8190****,2039****,6760****,240-01,240-01,5G
240,1,24001,2040****,5996****,4132****,240-01,240-01,5G
240,1,24001,8187****,7294****,6792****,240-01,240-01,3G
240,1,24001,9135****,1515****,2868****,240-01,240-01,3G
240,1,24001,4736****,5235****,7842****,240-01,240-01,5G
240,1,24001,9168****,1494****,5709****,240-01,240-01,4G
240,1,24001,3300****,2188****,9950****,240-01,240-01,3G
240,1,24001,6689****,3456****,2804****,240-01,240-01,4G
240,1,24001,8243****,8879****,6819****,240-01,240-01,5G
240,1,24001,9902****,5808****,8670****,240-01,240-01,3G
240,1,24001,3578****,9350****,5529****,240-01,240-01,3G
240,1,24001,2708****,1899****,2630****,240-01,240-01,3G
240,1,24001,7167****,8145****,1131****,240-01,240-01,5G
240,1,24001,2924****,4652****,7269****,240-01,240-01,4G
240,1,24001,9775****,1341****,7816****,240-01,240-01,3G
240,1,24001,8437****,6366****,2616****,240-01,240-01,4G
240,1,24001,7009****,4405****,7374****,240-01,240-01,4G
240,1,24001,2065****,9155****,3198****,240-01,240-01,3G
240,1,24001,2820****,9679****,1846****,240-01,240-01,3G
240,1,24001,7125****,6864****,9470****,240-01,240-01,4G
240,1,24001,7309****,6026****,2190****,240-01,240-01,4G
240,1,24001,1452****,8250****,6129****,240-01,240-01,3G
240,1,24001,7769****,5038****,2696****,240-01,240-01,4G
240,1,24001,4084****,8209****,7561****,240-01,240-01,5G
240,1,24001,9279****,6941****,8869****,240-01,240-01,4G
240,1,24001,9496****,4995****,3460****,240-01,240-01,4G
240,1,24001,7810****,8254****,2485****,240-01,240-01,5G
240,1,24001,7762****,3033****,9529****,240-01,240-01,3G
240,1,24001,5963****,5610****,6942****,240-01,240-01,3G
240,1,24001,5696****,1940****,3094****,240-01,240-01,3G
240,1,24001,4930****,1742****,9457****,240-01,240-01,5G
240,1,24001,5846****,1096****,8284****,240-01,240-01,4G
240,1,24001,8719****,3020****,4971****,240-01,240-01,5G
240,1,24001,7097****,5256****,3282****,240-01,240-01,3G
240,1,24001,4222****,1998****,4644****,240-01,240-01,5G
240,1,24001,7972****,4299****,4130****,240-01,240-01,4G
240,1,24001,5228****,4799****,1798****,240-01,240-01,4G
240,1,24001,5784****,7547****,8609****,240-01,240-01,3G
240,1,24001,8309****,8676****,5240****,240-01,240-01,4G
240,1,24001,7290****,8287****,8164****,240-01,240-01,3G
240,1,24001,4608****,1745****,2102****,240-01,240-01,4G
240,1,24001,3126****,2826****,2341****,240-01,240-01,3G
240,1,24001,6581****,8606****,1122****,240-01,240-01,4G
240,1,24001,3162****,9961****,9961****,240-01,240-01,5G
240,1,24001,2476****,4658****,6903****,240-01,240-01,5G
240,1,24001,6928****,3639****,6827****,240-01,240-01,4G
240,1,24001,7426****,2773****,6227****,240-01,240-01,3G
240,1,24001,5965****,9102****,3134****,240-01,240-01,3G
240,1,24001,3694****,6394****,3607****,240-01,240-01,3G
240,1,24001,4824****,6564****,3266****,240-01,240-01,3G
240,1,24001,3346****,1112****,4414****,240-01,240-01,4G
240,1,24001,1776****,6249****,1518****,240-01,240-01,5G
240,1,24001,5294****,1496****,9055****,240-01,240-01,5G
240,1,24001,6891****,1094****,7630****,240-01,240-01,4G
240,1,24001,4507****,2745****,6703****,240-01,240-01,3G
240,1,24001,7670****,8413****,6520****,240-01,240-01,3G
240,1,24001,2854****,9399****,8625****,240-01,240-01,5G
240,1,24001,5771****,6865****,4269****,240-01,240-01,3G
240,1,24001,1795****,9318****,8539****,240-01,240-01,4G
240,1,24001,1189****,7244****,9385****,240-01,240-01,5G
240,1,24001,3707****,4156****,2573****,240-01,240-01,3G
240,1,24001,7451****,9439****,9073****,240-01,240-01,5G
240,1,24001,7647****,4937****,6318****,240-01,240-01,4G
240,1,24001,9153****,7606****,8401****,240-01,240-01,5G
240,1,24001,5679****,3417****,8618****,240-01,240-01,5G
240,1,24001,5596****,4604****,5383****,240-01,240-01,4G
240,1,24001,2415****,5901****,8625****,240-01,240-01,4G
240,1,24001,7599****,8843****,3292****,240-01,240-01,4G
240,1,24001,3582****,7684****,5053****,240-01,240-01,3G
240,1,24001,4811****,7721****,8782****,240-01,240-01,4G
240,1,24001,4770****,7677****,5920****,240-01,240-01,4G
240,1,24001,5791****,4088****,7990****,240-01,240-01,3G
240,1,24001,8407****,2932****,9982****,240-01,240-01,4G
240,1,24001,3217****,5701****,1630****,240-01,240-01,4G
240,1,24001,7617****,2262****,1129****,240-01,240-01,5G
240,1,24001,9974****,3519****,6920****,240-01,240-01,3G
240,1,24001,9916****,1473****,6241****,240-01,240-01,3G
240,1,24001,4655****,4824****,2547****,240-01,240-01,5G
240,1,24001,7986****,3654****,4053****,240-01,240-01,4G
240,1,24001,6460****,7217****,7520****,240-01,240-01,3G
240,1,24001,1038****,3181****,3216****,240-01,240-01,4G
240,1,24001,1775****,1849****,1508****,240-01,240-01,5G
240,1,24001,8539****,3995****,9984****,240-01,240-01,5G
240,1,24001,6078****,1180****,1589****,240-01,240-01,5G
240,1,24001,9634****,4718****,6967****,240-01,240-01,3G
240,1,24001,4531****,2309****,6476****,240-01,240-01,3G
240,1,24001,2658****,3777****,9121****,240-01,240-01,4G
240,1,24001,3449****,5185****,5253****,240-01,240-01,5G
240,1,24001,7158****,2908****,9101****,240-01,240-01,4G
240,1,24001,1877****,4109****,3247****,240-01,240-01,5G
240,1,24001,7176****,7138****,2225****,240-01,240-01,5G
240,1,24001,2476****,5029****,3941****,240-01,240-01,5G
240,1,24001,8591****,6231****,6610****,240-01,240-01,4G
240,1,24001,9159****,3895****,4476****,240-01,240-01,5G
240,1,24001,3426****,4708****,8593****,240-01,240-01,5G
240,1,24001,8509****,5644****,7333****,240-01,240-01,3G
240,1,24001,7274****,2726****,3119****,240-01,240-01,5G
240,1,24001,7111****,2989****,8509****,240-01,240-01,3G
240,1,24001,3277****,7970****,4423****,240-01,240-01,4G
240,1,24001,6725****,6544****,7091****,240-01,240-01,5G
240,1,24001,3935****,2944****,4810****,240-01,240-01,5G
240,1,24001,9981****,6196****,6319****,240-01,240-01,4G
240,1,24001,5282****,2814****,3733****,240-01,240-01,3G
240,1,24001,7717****,7231****,9927****,240-01,240-01,4G
240,1,24001,7393****,3782****,1173****,240-01,240-01,4G
240,1,24001,3553****,9064****,1775****,240-01,240-01,4G
240,1,24001,3412****,7674****,3651****,240-01,240-01,4G
240,1,24001,9025****,9067****,5858****,240-01,240-01,4G
240,1,24001,8907****,5557****,1406****,240-01,240-01,3G
240,1,24001,3297****,3591****,9980****,240-01,240-01,3G
240,1,24001,2393****,7806****,7677****,240-01,240-01,5G
240,1,24001,7264****,4484****,7568****,240-01,240-01,5G
240,1,24001,1954****,1934****,6458****,240-01,240-01,5G
240,1,24001,3198****,2575****,8034****,240-01,240-01,5G
240,1,24001,4141****,1359****,3635****,240-01,240-01,5G
240,1,24001,3062****,4703****,4135****,240-01,240-01,3G
240,1,24001,4872****,7252****,5274****,240-01,240-01,5G
240,1,24001,1939****,3484****,7191****,240-01,240-01,4G
240,1,24001,9513****,4491****,4869****,240-01,240-01,3G
240,1,24001,8437****,5057****,1906****,240-01,240-01,4G
240,1,24001,8918****,1847****,8546****,240-01,240-01,3G
240,1,24001,4555****,3457****,1274****,240-01,240-01,5G
240,1,24001,2825****,1365****,4255****,240-01,240-01,5G
240,1,24001,9299****,9820****,1754****,240-01,240-01,5G
240,1,24001,4024****,3724****,3112****,240-01,240-01,4G
240,1,24001,5969****,1482****,7264****,240-01,240-01,4G
240,1,24001,5367****,4491****,6336****,240-01,240-01,4G
240,1,24001,9913****,2513****,3179****,240-01,240-01,5G
240,1,24001,6982****,4047****,5165****,240-01,240-01,4G
240,1,24001,1555****,9350****,3868****,240-01,240-01,4G
240,1,24001,3920****,5756****,6357****,240-01,240-01,3G
240,1,24001,2849****,6128****,4788****,240-01,240-01,5G
240,1,24001,5615****,4898****,2786****,240-01,240-01,5G
240,1,24001,3854****,4360****,9837****,240-01,240-01,5G
240,1,24001,9955****,9056****,9455****,240-01,240-01,5G
240,1,24001,5734****,3156****,2448****,240-01,240-01,4G
240,1,24001,4091****,2836****,1866****,240-01,240-01,5G
240,1,24001,8695****,1251****,2253****,240-01,240-01,3G
240,1,24001,2728****,1881****,7612****,240-01,240-01,4G
240,1,24001,9449****,7368****,1055****,240-01,240-01,3G
240,1,24001,5130****,3282****,1629****,240-01,240-01,3G
240,1,24001,2165****,5780****,4159****,240-01,240-01,3G
240,1,24001,8659****,8962****,8426****,240-01,240-01,4G
240,1,24001,4673****,4945****,9279****,240-01,240-01,4G
240,1,24001,1487****,4291****,7177****,240-01,240-01,3G
240,1,24001,8564****,7802****,8020****,240-01,240-01,5G
240,1,24001,6950****,2907****,5580****,240-01,240-01,4G
240,1,24001,3801****,2939****,1315****,240-01,240-01,4G
240,1,24001,7683****,3845****,4650****,240-01,240-01,4G
240,1,24001,7085****,6002****,6541****,240-01,240-01,3G
240,1,24001,8917****,1899****,4287****,240-01,240-01,5G
240,1,24001,9897****,3954****,4333****,240-01,240-01,3G
240,1,24001,6916****,2072****,7576****,240-01,240-01,5G
240,1,24001,1556****,4938****,1390****,240-01,240-01,3G
240,1,24001,4415****,4126****,1386****,240-01,240-01,4G
240,1,24001,1966****,8519****,5026****,240-01,240-01,3G
240,1,24001,9732****,8421****,1510****,240-01,240-01,3G
240,1,24001,9454****,8889****,9299****,240-01,240-01,3G
240,1,24001,7476****,3601****,9983****,240-01,240-01,4G
240,1,24001,7471****,6940****,8321****,240-01,240-01,5G
240,1,24001,2856****,8449****,7452****,240-01,240-01,5G
240,1,24001,3810****,6967****,9849****,240-01,240-01,5G
240,1,24001,9308****,8407****,6145****,240-01,240-01,5G
240,1,24001,9159****,2295****,8834****,240-01,240-01,5G
240,1,24001,7792****,8465****,6223****,240-01,240-01,4G
240,1,24001,2913****,2411****,2687****,240-01,240-01,3G
240,1,24001,4277****,1631****,2554****,240-01,240-01,4G
240,1,24001,6462****,2547****,7973****,240-01,240-01,4G
240,1,24001,3559****,3588****,4813****,240-01,240-01,5G
240,1,24001,2529****,9192****,6085****,240-01,240-01,3G
240,1,24001,6420****,8906****,5069****,240-01,240-01,5G
240,1,24001,3852****,7379****,6449****,240-01,240-01,5G
240,1,24001,7113****,2393****,4441****,240-01,240-01,3G
240,1,24001,8618****,5544****,6590****,240-01,240-01,4G
240,1,24001,3382****,6716****,3821****,240-01,240-01,3G
240,1,24001,4547****,6673****,4153****,240-01,240-01,3G
240,1,24001,4472****,5289****,4064****,240-01,240-01,4G
240,1,24001,2239****,1768****,5409****,240-01,240-01,4G
240,1,24001,9502****,8150****,4808****,240-01,240-01,4G
240,1,24001,1133****,3761****,1598****,240-01,240-01,5G
240,1,24001,1016****,6273****,2107****,240-01,240-01,4G
240,1,24001,2901****,8167****,7436****,240-01,240-01,5G
240,1,24001,4036****,7500****,1332****,240-01,240-01,5G
240,1,24001,3185****,6401****,6470****,240-01,240-01,4G
240,1,24001,8658****,9525****,1233****,240-01,240-01,3G
240,1,24001,5378****,5627****,5165****,240-01,240-01,5G
240,1,24001,8010****,1492****,9778****,240-01,240-01,5G
240,1,24001,9881****,7738****,9524****,240-01,240-01,5G
240,1,24001,6643****,6549****,2963****,240-01,240-01,3G
240,1,24001,8566****,7365****,5089****,240-01,240-01,3G
240,1,24001,8145****,7014****,8221****,240-01,240-01,5G
240,1,24001,8342****,4885****,8639****,240-01,240-01,5G
240,1,24001,6925****,5418****,7109****,240-01,240-01,4G
240,1,24001,7372****,6806****,4419****,240-01,240-01,3G
240,1,24001,8051****,8094****,8509****,240-01,240-01,4G
240,1,24001,1629****,7077****,7055****,240-01,240-01,4G
240,1,24001,9010****,1969****,9347****,240-01,240-01,4G
240,1,24001,4789****,8248****,6033****,240-01,240-01,4G
240,1,24001,4815****,3030****,3162****,240-01,240-01,3G
240,1,24001,1266****,2595****,2892****,240-01,240-01,4G
240,1,24001,7837****,7853****,8440****,240-01,240-01,4G
240,1,24001,5063****,4930****,7609****,240-01,240-01,5G
240,1,24001,1376****,3543****,3414****,240-01,240-01,3G
240,1,24001,1231****,7903****,1057****,240-01,240-01,3G
240,1,24001,6196****,2763****,4286****,240-01,240-01,4G
240,1,24001,7268****,7100****,6837****,240-01,240-01,4G
240,1,24001,5453****,3344****,7099****,240-01,240-01,4G
240,1,24001,9282****,9347****,4948****,240-01,240-01,3G
240,1,24001,1134****,3975****,4580****,240-01,240-01,4G
240,1,24001,6862****,3965****,5834****,240-01,240-01,3G
240,1,24001,9814****,2032****,3561****,240-01,240-01,3G
240,1,24001,3564****,1121****,5981****,240-01,240-01,4G
240,1,24001,7319****,8757****,5131****,240-01,240-01,3G
240,1,24001,7919****,8571****,6473****,240-01,240-01,4G
240,1,24001,4849****,7692****,6194****,240-01,240-01,5G
240,1,24001,6108****,5231****,7931****,240-01,240-01,5G
240,1,24001,8059****,2567****,7220****,240-01,240-01,5G
240,1,24001,4245****,5930****,8948****,240-01,240-01,5G
240,1,24001,2041****,4928****,7403****,240-01,240-01,3G
240,1,24001,8682****,1318****,4619****,240-01,240-01,4G
240,1,24001,2444****,1169****,3602****,240-01,240-01,5G
240,1,24001,8694****,7698****,1203****,240-01,240-01,3G
240,1,24001,2821****,4886****,9883****,240-01,240-01,4G
240,1,24001,3293****,4193****,6199****,240-01,240-01,4G
240,1,24001,6397****,3031****,8288****,240-01,240-01,3G
240,1,24001,4780****,4346****,6464****,240-01,240-01,5G
240,1,24001,2996****,4227****,5514****,240-01,240-01,5G
240,1,24001,1395****,3668****,1594****,240-01,240-01,3G
240,1,24001,9954****,3730****,5258****,240-01,240-01,5G
240,1,24001,3554****,9185****,8968****,240-01,240-01,4G
240,1,24001,9270****,9379****,2289****,240-01,240-01,5G
240,1,24001,1387****,9074****,8507****,240-01,240-01,5G
240,1,24001,5630****,1473****,8875****,240-01,240-01,5G
240,1,24001,9329****,3380****,3351****,240-01,240-01,4G
240,1,24001,5660****,9403****,5958****,240-01,240-01,4G
240,1,24001,1342****,2537****,1056****,240-01,240-01,4G
240,1,24001,2158****,6367****,2318****,240-01,240-01,3G
240,1,24001,7037****,6450****,1158****,240-01,240-01,5G
240,1,24001,6288****,3493****,7195****,240-01,240-01,5G
240,1,24001,1879****,3300****,8087****,240-01,240-01,5G
240,1,24001,6684****,6851****,4713****,240-01,240-01,5G
240,1,24001,9040****,4120****,2599****,240-01,240-01,5G
240,1,24001,1847****,2113****,2927****,240-01,240-01,4G
240,1,24001,6165****,7984****,9239****,240-01,240-01,4G
240,1,24001,3640****,7842****,6473****,240-01,240-01,3G
240,1,24001,8206****,5220****,2241****,240-01,240-01,4G
240,1,24001,6578****,1817****,4447****,240-01,240-01,4G
240,1,24001,3638****,7776****,4521****,240-01,240-01,5G
240,1,24001,4622****,9014****,4567****,240-01,240-01,4G
240,1,24001,7967****,2268****,2713****,240-01,240-01,3G
240,1,24001,3007****,5952****,6285****,240-01,240-01,4G
240,1,24001,5580****,9988****,8214****,240-01,240-01,3G
240,1,24001,3373****,2587****,3259****,240-01,240-01,3G
240,1,24001,8152****,3748****,1552****,240-01,240-01,4G
240,1,24001,6156****,2182****,4109****,240-01,240-01,5G
240,1,24001,4868****,8081****,4266****,240-01,240-01,5G
240,1,24001,1108****,4352****,9052****,240-01,240-01,5G
240,1,24001,4958****,6859****,4976****,240-01,240-01,3G
240,1,24001,5782****,2477****,9990****,240-01,240-01,3G
240,1,24001,3815****,4505****,6527****,240-01,240-01,3G
240,1,24001,6072****,4133****,2809****,240-01,240-01,4G
240,1,24001,4139****,9437****,9910****,240-01,240-01,3G
240,1,24001,3804****,7182****,7843****,240-01,240-01,5G
240,1,24001,1635****,9944****,2131****,240-01,240-01,3G
240,1,24001,3700****,8348****,7378****,240-01,240-01,4G
240,1,24001,2063****,8745****,8493****,240-01,240-01,4G
240,1,24001,2992****,3542****,6591****,240-01,240-01,5G
240,1,24001,4240****,2102****,9084****,240-01,240-01,4G
240,1,24001,2008****,8402****,7448****,240-01,240-01,4G
240,1,24001,2311****,7189****,3789****,240-01,240-01,4G
240,1,24001,7542****,3774****,2868****,240-01,240-01,4G
240,1,24001,1909****,5858****,7375****,240-01,240-01,3G
240,1,24001,1717****,7508****,8835****,240-01,240-01,4G
240,1,24001,2427****,8818****,7317****,240-01,240-01,4G
240,1,24001,2873****,5188****,7972****,240-01,240-01,5G
240,1,24001,9445****,5312****,4915****,240-01,240-01,4G
240,1,24001,4316****,7865****,7644****,240-01,240-01,3G
240,1,24001,9614****,6710****,7945****,240-01,240-01,3G
240,1,24001,6655****,1553****,5046****,240-01,240-01,4G
240,1,24001,8108****,5732****,8085****,240-01,240-01,3G
240,1,24001,4105****,8800****,7899****,240-01,240-01,4G
240,1,24001,2097****,3292****,9523****,240-01,240-01,5G
240,1,24001,5026****,2297****,7125****,240-01,240-01,4G
240,1,24001,1676****,1490****,8889****,240-01,240-01,4G
240,1,24001,7525****,5410****,8026****,240-01,240-01,3G
240,1,24001,9633****,2014****,6938****,240-01,240-01,5G
240,1,24001,2476****,3511****,1422****,240-01,240-01,3G
240,1,24001,5095****,2856****,7130****,240-01,240-01,3G
240,1,24001,9015****,9506****,9037****,240-01,240-01,5G
240,1,24001,4733****,8199****,2687****,240-01,240-01,5G
240,1,24001,1198****,5019****,8307****,240-01,240-01,3G
240,1,24001,5582****,5834****,7143****,240-01,240-01,3G
240,1,24001,5426****,1704****,3148****,240-01,240-01,5G
240,1,24001,9690****,2477****,9086****,240-01,240-01,4G
240,1,24001,4033****,6172****,4304****,240-01,240-01,3G
240,1,24001,7060****,7865****,8968****,240-01,240-01,3G
240,1,24001,2589****,6370****,8954****,240-01,240-01,5G
240,1,24001,6555****,5775****,6320****,240-01,240-01,4G
240,1,24001,2695****,2017****,4268****,240-01,240-01,4G
240,1,24001,8426****,6440****,8642****,240-01,240-01,4G
240,1,24001,8531****,4487****,8496****,240-01,240-01,5G
240,1,24001,6330****,3775****,6728****,240-01,240-01,3G
240,1,24001,6610****,9291****,1483****,240-01,240-01,4G
240,1,24001,8786****,5968****,1700****,240-01,240-01,3G
240,1,24001,2297****,2129****,1721****,240-01,240-01,4G
240,1,24001,1366****,1440****,7563****,240-01,240-01,5G
240,1,24001,6435****,3520****,9431****,240-01,240-01,3G
240,1,24001,4186****,8839****,2231****,240-01,240-01,5G
240,1,24001,2043****,1329****,8221****,240-01,240-01,5G
240,1,24001,1154****,5237****,5779****,240-01,240-01,3G
240,1,24001,7021****,1195****,3370****,240-01,240-01,5G
240,1,24001,4517****,8705****,8106****,240-01,240-01,3G
240,1,24001,5773****,5360****,6801****,240-01,240-01,3G
240,1,24001,6256****,9763****,9637****,240-01,240-01,5G
240,1,24001,8368****,8528****,2386****,240-01,240-01,3G
240,1,24001,4878****,6562****,3804****,240-01,240-01,3G
240,1,24001,8271****,1326****,6385****,240-01,240-01,4G
240,1,24001,1848****,4821****,7094****,240-01,240-01,3G
240,1,24001,8289****,7436****,2571****,240-01,240-01,5G
240,1,24001,3655****,2811****,8732****,240-01,240-01,4G
240,1,24001,1992****,9640****,4693****,240-01,240-01,3G
240,1,24001,4330****,4943****,4099****,240-01,240-01,5G
240,1,24001,1710****,9771****,5947****,240-01,240-01,3G
240,1,24001,5141****,8258****,4965****,240-01,240-01,4G
240,1,24001,9569****,5754****,3939****,240-01,240-01,5G
240,1,24001,5916****,3009****,5934****,240-01,240-01,4G
240,1,24001,2416****,5499****,7653****,240-01,240-01,3G
240,1,24001,5429****,3830****,4687****,240-01,240-01,5G
240,1,24001,7532****,4780****,3240****,240-01,240-01,4G
240,1,24001,1874****,3693****,6493****,240-01,240-01,4G
240,1,24001,3357****,7516****,2564****,240-01,240-01,3G
240,1,24001,4714****,5563****,2000****,240-01,240-01,4G
240,1,24001,3696****,9940****,1659****,240-01,240-01,3G
240,1,24001,6780****,1239****,9270****,240-01,240-01,3G
240,1,24001,5887****,2302****,4371****,240-01,240-01,5G
240,1,24001,7100****,2840****,4628****,240-01,240-01,5G
240,1,24001,1736****,9876****,3417****,240-01,240-01,5G
240,1,24001,6134****,5345****,3118****,240-01,240-01,4G
240,1,24001,5369****,8775****,2879****,240-01,240-01,4G
240,1,24001,6222****,9271****,6930****,240-01,240-01,3G
240,1,24001,2982****,7756****,9409****,240-01,240-01,5G
240,1,24001,2541****,8742****,4338****,240-01,240-01,3G
240,1,24001,1836****,5144****,8367****,240-01,240-01,5G
240,1,24001,9612****,7238****,1829****,240-01,240-01,3G
240,1,24001,3531****,2107****,2041****,240-01,240-01,4G
240,1,24001,1420****,8452****,4268****,240-01,240-01,5G
240,1,24001,3458****,5560****,6903****,240-01,240-01,3G
240,1,24001,8364****,5797****,5699****,240-01,240-01,5G
240,1,24001,5789****,6741****,3492****,240-01,240-01,4G
240,1,24001,2249****,3168****,5885****,240-01,240-01,3G
240,1,24001,9193****,2220****,3121****,240-01,240-01,5G
240,1,24001,7195****,3660****,2592****,240-01,240-01,4G
240,1,24001,2958****,4601****,9817****,240-01,240-01,3G
240,1,24001,5358****,4722****,7879****,240-01,240-01,5G
240,1,24001,2596****,8928****,5296****,240-01,240-01,4G
240,1,24001,2106****,1368****,2698****,240-01,240-01,4G
240,1,24001,1127****,1486****,7039****,240-01,240-01,5G
240,1,24001,9514****,6233****,8421****,240-01,240-01,3G
240,1,24001,4373****,1289****,5281****,240-01,240-01,5G
240,1,24001,3501****,4710****,3335****,240-01,240-01,4G
240,1,24001,8575****,6877****,8322****,240-01,240-01,3G
240,1,24001,9535****,7926****,4760****,240-01,240-01,5G
240,1,24001,4730****,5682****,8343****,240-01,240-01,5G
240,1,24001,2010****,1808****,6312****,240-01,240-01,4G
240,1,24001,4309****,1232****,5456****,240-01,240-01,3G
240,1,24001,3327****,8984****,9924****,240-01,240-01,3G
240,1,24001,8432****,9215****,8285****,240-01,240-01,3G
240,1,24001,4203****,1407****,5440****,240-01,240-01,3G
240,1,24001,3152****,6822****,1142****,240-01,240-01,4G
240,1,24001,3280****,3356****,5336****,240-01,240-01,3G
240,1,24001,7819****,3092****,7436****,240-01,240-01,3G
240,1,24001,4357****,9939****,6087****,240-01,240-01,5G
240,1,24001,9905****,4562****,1041****,240-01,240-01,4G
240,1,24001,5989****,3087****,7529****,240-01,240-01,3G
240,1,24001,8211****,9418****,2114****,240-01,240-01,3G
240,1,24001,6922****,5352****,7457****,240-01,240-01,3G
240,1,24001,5673****,5384****,3730****,240-01,240-01,3G
240,1,24001,8459****,9195****,2629****,240-01,240-01,4G
240,1,24001,8884****,2547****,5564****,240-01,240-01,3G
240,1,24001,2360****,1746****,6495****,240-01,240-01,5G
240,1,24001,9254****,1560****,5468****,240-01,240-01,4G
240,1,24001,3389****,8014****,5639****,240-01,240-01,5G
240,1,24001,1844****,4632****,9265****,240-01,240-01,4G
240,1,24001,7595****,2813****,1940****,240-01,240-01,4G
240,1,24001,4041****,8258****,6795****,240-01,240-01,4G
240,1,24001,6444****,6302****,1342****,240-01,240-01,4G
240,1,24001,1988****,1567****,1993****,240-01,240-01,4G
240,1,24001,5236****,8461****,9900****,240-01,240-01,5G
240,1,24001,4512****,3707****,8958****,240-01,240-01,3G
240,1,24001,8671****,7814****,9294****,240-01,240-01,3G
240,1,24001,7760****,5242****,3091****,240-01,240-01,4G
240,1,24001,4939****,5353****,9146****,240-01,240-01,5G
240,1,24001,3050****,6546****,8038****,240-01,240-01,5G
240,1,24001,9461****,8876****,7079****,240-01,240-01,4G
240,1,24001,1163****,8211****,1648****,240-01,240-01,3G
240,1,24001,6696****,6967****,5973****,240-01,240-01,4G
240,1,24001,4145****,3253****,6146****,240-01,240-01,5G
240,1,24001,4042****,9588****,4290****,240-01,240-01,4G
240,1,24001,8787****,2482****,9065****,240-01,240-01,4G
240,1,24001,1873****,2329****,6545****,240-01,240-01,4G
240,1,24001,9963****,7043****,8298****,240-01,240-01,3G
240,1,24001,3911****,1314****,5870****,240-01,240-01,3G
240,1,24001,1434****,4109****,2765****,240-01,240-01,3G
240,1,24001,6271****,3059****,8775****,240-01,240-01,5G
240,1,24001,6405****,2917****,3007****,240-01,240-01,3G
240,1,24001,2432****,5556****,3231****,240-01,240-01,4G
240,1,24001,6488****,7896****,1997****,240-01,240-01,5G
240,1,24001,4815****,1772****,6265****,240-01,240-01,5G
240,1,24001,2413****,6680****,4538****,240-01,240-01,3G
240,1,24001,7607****,6484****,7124****,240-01,240-01,4G
240,1,24001,5083****,6620****,7290****,240-01,240-01,4G
240,1,24001,6757****,1563****,9326****,240-01,240-01,3G
240,1,24001,8535****,2118****,8038****,240-01,240-01,5G
240,1,24001,9720****,1997****,4082****,240-01,240-01,3G
240,1,24001,7967****,9075****,5680****,240-01,240-01,4G
240,1,24001,4560****,2720****,7328****,240-01,240-01,4G
240,1,24001,3548****,4013****,3101****,240-01,240-01,5G
240,1,24001,6713****,7137****,4325****,240-01,240-01,4G
240,1,24001,6905****,2576****,6682****,240-01,240-01,5G
240,1,24001,1385****,7855****,7352****,240-01,240-01,5G
240,1,24001,3952****,7064****,7157****,240-01,240-01,4G
240,1,24001,3929****,1968****,6117****,240-01,240-01,5G
240,1,24001,3673****,3919****,4273****,240-01,240-01,3G
240,1,24001,6901****,5022****,2263****,240-01,240-01,5G
240,1,24001,2727****,5120****,2587****,240-01,240-01,5G
240,1,24001,9802****,4547****,4400****,240-01,240-01,4G
240,1,24001,7332****,3531****,8327****,240-01,240-01,4G
240,1,24001,5242****,5918****,9988****,240-01,240-01,5G
240,1,24001,1399****,3012****,2095****,240-01,240-01,3G
240,1,24001,6506****,2916****,5112****,240-01,240-01,5G
240,1,24001,7141****,8915****,1641****,240-01,240-01,3G
240,1,24001,4294****,3814****,2804****,240-01,240-01,4G
240,1,24001,9353****,5954****,8626****,240-01,240-01,4G
240,1,24001,2325****,4844****,5382****,240-01,240-01,3G
240,1,24001,9076****,7917****,1920****,240-01,240-01,3G
240,1,24001,2165****,7548****,2025****,240-01,240-01,4G
240,1,24001,6885****,2738****,4073****,240-01,240-01,4G
240,1,24001,6969****,9392****,5565****,240-01,240-01,3G
240,1,24001,5862****,3627****,3571****,240-01,240-01,3G
240,1,24001,1648****,3243****,1559****,240-01,240-01,4G
240,1,24001,5311****,6932****,5589****,240-01,240-01,3G
240,1,24001,3066****,7134****,8727****,240-01,240-01,4G
240,1,24001,4840****,6969****,2110****,240-01,240-01,3G
240,1,24001,9007****,2060****,9899****,240-01,240-01,4G
240,1,24001,8520****,7884****,4828****,240-01,240-01,4G
240,1,24001,2409****,6347****,4498****,240-01,240-01,3G
240,1,24001,4766****,5506****,9270****,240-01,240-01,4G
240,1,24001,8474****,4131****,2843****,240-01,240-01,4G
240,1,24001,4064****,5718****,6535****,240-01,240-01,3G
240,1,24001,7656****,6773****,4305****,240-01,240-01,3G
240,1,24001,6794****,1951****,8374****,240-01,240-01,3G
240,1,24001,5337****,3743****,6334****,240-01,240-01,5G
240,1,24001,5620****,1130****,6811****,240-01,240-01,5G
240,1,24001,1072****,8264****,2195****,240-01,240-01,3G
240,1,24001,6037****,9437****,6831****,240-01,240-01,5G
240,1,24001,2840****,4060****,5919****,240-01,240-01,4G
240,1,24001,7633****,9130****,3010****,240-01,240-01,3G
240,1,24001,8226****,3666****,7505****,240-01,240-01,3G
240,1,24001,4932****,8435****,6484****,240-01,240-01,4G
240,1,24001,9202****,4170****,3990****,240-01,240-01,5G
240,1,24001,3082****,7590****,4178****,240-01,240-01,4G
240,1,24001,1115****,7600****,5568****,240-01,240-01,3G
240,1,24001,8902****,3317****,7972****,240-01,240-01,5G
240,1,24001,2221****,8738****,5986****,240-01,240-01,4G
240,1,24001,6189****,4512****,1779****,240-01,240-01,5G
240,1,24001,8721****,1395****,8309****,240-01,240-01,4G
240,1,24001,6579****,2984****,8844****,240-01,240-01,3G
240,1,24001,7168****,3419****,3266****,240-01,240-01,5G
240,1,24001,2787****,2055****,1396****,240-01,240-01,4G
240,1,24001,8046****,4749****,2758****,240-01,240-01,3G
240,1,24001,7781****,2286****,8235****,240-01,240-01,3G
240,1,24001,9565****,2252****,3266****,240-01,240-01,5G
240,1,24001,1955****,6503****,3968****,240-01,240-01,5G
240,1,24001,7070****,3443****,6266****,240-01,240-01,4G
240,1,24001,8220****,3619****,5827****,240-01,240-01,5G
240,1,24001,7110****,4080****,7912****,240-01,240-01,4G
240,1,24001,6698****,1122****,8381****,240-01,240-01,5G
240,1,24001,8282****,7856****,3201****,240-01,240-01,4G
240,1,24001,7235****,5268****,8308****,240-01,240-01,4G
240,1,24001,8902****,4248****,4806****,240-01,240-01,3G
240,1,24001,6462****,8005****,7557****,240-01,240-01,4G
240,1,24001,6445****,7865****,5337****,240-01,240-01,4G
240,1,24001,9258****,5454****,3247****,240-01,240-01,4G
240,1,24001,7445****,5857****,3757****,240-01,240-01,5G
240,1,24001,8489****,8148****,3073****,240-01,240-01,5G
240,1,24001,8337****,7974****,5746****,240-01,240-01,5G
240,1,24001,8231****,3617****,2578****,240-01,240-01,4G
240,1,24001,6407****,6692****,9018****,240-01,240-01,4G
240,1,24001,5045****,5950****,8513****,240-01,240-01,3G
240,1,24001,3063****,7933****,4008****,240-01,240-01,5G
240,1,24001,2502****,4608****,7462****,240-01,240-01,4G
240,1,24001,9657****,7904****,6723****,240-01,240-01,4G
240,1,24001,4767****,1379****,8676****,240-01,240-01,3G
240,1,24001,9182****,3914****,3228****,240-01,240-01,4G
240,1,24001,7607****,9265****,8403****,240-01,240-01,5G
240,1,24001,7772****,4174****,3465****,240-01,240-01,3G
240,1,24001,8834****,3458****,6962****,240-01,240-01,4G
240,1,24001,6485****,9714****,6103****,240-01,240-01,5G
240,1,24001,5617****,5729****,4753****,240-01,240-01,3G
240,1,24001,5203****,4318****,8524****,240-01,240-01,4G
240,1,24001,8401****,3331****,5154****,240-01,240-01,5G
240,1,24001,8351****,5226****,6903****,240-01,240-01,5G
240,1,24001,9495****,2314****,4114****,240-01,240-01,3G
240,1,24001,5524****,9112****,3964****,240-01,240-01,4G
240,1,24001,6339****,6242****,5117****,240-01,240-01,3G
240,1,24001,5292****,4788****,4808****,240-01,240-01,5G
240,1,24001,2437****,4792****,8011****,240-01,240-01,3G
240,1,24001,1051****,5779****,4266****,240-01,240-01,3G
240,1,24001,3044****,4480****,9541****,240-01,240-01,5G
240,1,24001,6011****,7049****,7588****,240-01,240-01,4G
240,1,24001,7606****,1882****,3981****,240-01,240-01,3G
240,1,24001,6539****,6855****,6801****,240-01,240-01,4G
240,1,24001,1265****,6295****,7719****,240-01,240-01,5G
240,1,24001,7176****,1380****,5343****,240-01,240-01,5G
240,1,24001,5834****,9794****,7662****,240-01,240-01,3G
240,1,24001,7072****,1128****,8580****,240-01,240-01,5G
240,1,24001,6053****,9112****,7777****,240-01,240-01,5G
240,1,24001,2963****,7332****,1603****,240-01,240-01,3G
240,1,24001,1286****,5421****,6796****,240-01,240-01,4G
240,1,24001,6128****,3405****,6446****,240-01,240-01,4G
240,1,24001,6548****,7023****,4350****,240-01,240-01,5G
240,1,24001,6343****,2558****,5770****,240-01,240-01,4G
240,1,24001,8264****,4650****,9414****,240-01,240-01,4G
240,1,24001,4116****,5994****,1147****,240-01,240-01,4G
240,1,24001,1918****,2605****,6704****,240-01,240-01,5G
240,1,24001,2809****,8410****,1627****,240-01,240-01,3G
240,1,24001,4359****,1043****,3078****,240-01,240-01,3G
240,1,24001,2163****,6286****,7068****,240-01,240-01,4G
240,1,24001,8922****,6986****,3449****,240-01,240-01,4G
240,1,24001,4136****,1991****,6370****,240-01,240-01,5G
240,1,24001,5222****,6975****,3704****,240-01,240-01,4G
240,1,24001,5448****,8857****,7435****,240-01,240-01,3G
240,1,24001,3933****,4966****,6567****,240-01,240-01,5G
240,1,24001,4321****,4981****,9899****,240-01,240-01,3G
240,1,24001,7134****,1565****,5290****,240-01,240-01,4G
240,1,24001,4167****,4057****,7695****,240-01,240-01,5G
240,1,24001,9858****,7048****,6734****,240-01,240-01,3G
240,1,24001,9577****,7521****,6802****,240-01,240-01,4G
240,1,24001,9281****,8107****,6585****,240-01,240-01,4G
240,1,24001,1110****,9818****,2851****,240-01,240-01,4G
240,1,24001,3864****,9758****,3817****,240-01,240-01,3G
240,1,24001,3971****,1926****,6004****,240-01,240-01,5G
240,1,24001,7260****,5056****,3198****,240-01,240-01,4G
240,1,24001,5148****,8940****,9636****,240-01,240-01,5G
240,1,24001,1281****,7990****,5126****,240-01,240-01,4G
240,1,24001,7078****,1242****,4367****,240-01,240-01,5G
240,1,24001,3195****,6564****,7812****,240-01,240-01,5G
240,1,24001,7191****,5259****,6133****,240-01,240-01,3G
240,1,24001,8200****,5044****,7291****,240-01,240-01,4G
240,1,24001,6713****,6523****,8829****,240-01,240-01,5G
240,1,24001,4844****,5084****,7503****,240-01,240-01,3G
240,1,24001,5003****,8604****,1916****,240-01,240-01,5G
240,1,24001,6798****,8272****,5279****,240-01,240-01,5G
240,1,24001,6067****,5346****,8308****,240-01,240-01,4G
240,1,24001,8073****,2648****,5086****,240-01,240-01,5G
240,1,24001,7597****,5398****,6225****,240-01,240-01,4G
240,1,24001,8132****,6649****,8889****,240-01,240-01,3G
240,1,24001,9203****,3563****,4633****,240-01,240-01,4G
240,1,24001,1733****,4181****,2939****,240-01,240-01,5G
240,1,24001,4025****,6103****,6298****,240-01,240-01,5G
240,1,24001,3907****,4793****,3728****,240-01,240-01,5G
240,1,24001,4769****,5569****,9347****,240-01,240-01,3G
240,1,24001,4074****,1214****,9468****,240-01,240-01,5G
240,1,24001,4204****,7062****,5331****,240-01,240-01,3G
240,1,24001,6365****,4059****,3302****,240-01,240-01,4G
240,1,24001,9553****,6509****,2248****,240-01,240-01,4G
240,1,24001,5309****,1240****,2170****,240-01,240-01,5G
240,1,24001,4767****,6302****,6391****,240-01,240-01,5G
240,1,24001,8462****,9187****,1083****,240-01,240-01,5G
240,1,24001,2861****,3974****,1905****,240-01,240-01,4G
240,1,24001,7077****,5721****,5965****,240-01,240-01,4G
240,1,24001,7104****,4248****,7337****,240-01,240-01,5G
240,1,24001,5836****,5017****,8664****,240-01,240-01,4G
240,1,24001,4197****,6858****,1705****,240-01,240-01,5G
240,1,24001,1551****,1923****,8895****,240-01,240-01,3G
240,1,24001,3447****,7196****,1523****,240-01,240-01,5G
240,1,24001,3806****,8950****,2436****,240-01,240-01,4G
240,1,24001,8027****,3080****,7038****,240-01,240-01,5G
240,1,24001,8585****,1501****,5538****,240-01,240-01,5G
240,1,24001,6753****,3071****,7783****,240-01,240-01,4G
240,1,24001,1858****,7090****,8546****,240-01,240-01,4G
240,1,24001,1237****,7767****,9988****,240-01,240-01,4G
240,1,24001,3410****,3367****,6078****,240-01,240-01,3G
240,1,24001,6538****,6974****,3766****,240-01,240-01,3G
240,1,24001,9345****,7844****,7098****,240-01,240-01,5G
240,1,24001,1448****,7327****,8321****,240-01,240-01,4G
240,1,24001,9145****,6623****,9897****,240-01,240-01,3G
240,1,24001,2277****,6300****,3037****,240-01,240-01,5G
240,1,24001,2062****,1252****,2074****,240-01,240-01,5G
240,1,24001,6566****,3802****,7289****,240-01,240-01,5G
240,1,24001,6109****,5340****,3395****,240-01,240-01,3G
240,1,24001,9971****,5542****,3874****,240-01,240-01,3G
240,1,24001,2021****,2249****,4237****,240-01,240-01,4G
240,1,24001,1760****,5291****,9194****,240-01,240-01,4G
240,1,24001,5616****,1483****,9438****,240-01,240-01,4G
240,1,24001,7755****,1448****,6205****,240-01,240-01,4G
240,1,24001,4478****,5076****,8678****,240-01,240-01,4G
240,1,24001,3045****,4320****,2241****,240-01,240-01,5G
240,1,24001,3634****,7379****,5098****,240-01,240-01,3G
240,1,24001,1954****,2963****,9230****,240-01,240-01,4G
240,1,24001,8824****,2594****,5031****,240-01,240-01,5G
240,1,24001,7162****,9799****,4154****,240-01,240-01,3G
240,1,24001,7442****,4037****,2850****,240-01,240-01,3G
240,1,24001,1816****,1775****,6038****,240-01,240-01,3G
240,1,24001,2062****,6396****,7096****,240-01,240-01,4G
240,1,24001,1618****,5330****,5143****,240-01,240-01,3G
240,1,24001,7184****,5259****,1600****,240-01,240-01,5G
240,1,24001,4418****,7041****,1034****,240-01,240-01,3G
240,1,24001,2359****,7599****,8176****,240-01,240-01,4G
240,1,24001,3581****,5442****,7509****,240-01,240-01,4G
240,1,24001,3769****,6408****,3335****,240-01,240-01,4G
240,1,24001,9990****,2016****,3228****,240-01,240-01,3G
240,1,24001,7266****,8434****,3649****,240-01,240-01,3G
240,1,24001,1154****,9142****,3947****,240-01,240-01,5G
240,1,24001,1158****,2383****,1758****,240-01,240-01,4G
240,1,24001,2806****,4291****,9009****,240-01,240-01,3G
240,1,24001,2057****,2773****,9822****,240-01,240-01,3G
240,1,24001,1108****,7665****,1696****,240-01,240-01,5G
240,1,24001,1480****,1622****,5575****,240-01,240-01,4G
240,1,24001,9930****,5747****,5362****,240-01,240-01,5G
240,1,24001,3902****,3544****,7806****,240-01,240-01,3G
240,1,24001,4196****,2934****,9706****,240-01,240-01,3G
240,1,24001,8592****,5574****,5329****,240-01,240-01,3G
240,1,24001,8686****,5621****,6511****,240-01,240-01,3G
240,1,24001,1179****,2536****,2065****,240-01,240-01,3G
240,1,24001,5044****,7171****,6903****,240-01,240-01,5G
240,1,24001,2942****,9575****,1366****,240-01,240-01,5G
240,1,24001,5344****,4549****,8684****,240-01,240-01,4G
240,1,24001,2205****,6501****,3222****,240-01,240-01,4G
240,1,24001,1997****,8907****,8564****,240-01,240-01,3G
240,1,24001,7268****,5132****,9480****,240-01,240-01,4G
240,1,24001,7353****,2005****,4702****,240-01,240-01,3G
240,1,24001,1416****,4480****,6672****,240-01,240-01,4G
240,1,24001,2171****,8831****,9863****,240-01,240-01,5G
240,1,24001,2861****,8536****,3694****,240-01,240-01,4G
240,1,24001,3152****,7009****,5635****,240-01,240-01,4G
240,1,24001,7340****,1465****,7108****,240-01,240-01,5G
240,1,24001,1300****,2286****,7738****,240-01,240-01,4G
240,1,24001,9425****,7180****,5503****,240-01,240-01,5G
240,1,24001,2718****,9711****,5338****,240-01,240-01,5G
240,1,24001,3775****,7459****,7200****,240-01,240-01,3G
240,1,24001,8707****,8667****,4278****,240-01,240-01,5G
240,1,24001,3488****,5342****,9635****,240-01,240-01,4G
240,1,24001,6260****,6770****,2713****,240-01,240-01,5G
240,1,24001,5024****,9400****,1995****,240-01,240-01,3G
240,1,24001,4279****,4660****,9272****,240-01,240-01,4G
240,1,24001,6756****,1698****,1418****,240-01,240-01,3G
240,1,24001,7585****,8084****,6604****,240-01,240-01,4G
240,1,24001,4788****,4551****,3568****,240-01,240-01,4G
240,1,24001,8380****,8642****,7936****,240-01,240-01,3G
240,1,24001,3985****,2342****,4819****,240-01,240-01,3G
240,1,24001,1464****,8041****,8448****,240-01,240-01,4G
240,1,24001,9157****,9792****,9854****,240-01,240-01,5G
240,1,24001,9131****,7531****,2779****,240-01,240-01,4G
240,1,24001,3385****,8969****,4780****,240-01,240-01,4G
240,1,24001,9933****,1939****,2968****,240-01,240-01,5G
240,1,24001,5925****,2680****,2324****,240-01,240-01,3G
240,1,24001,7679****,4371****,4596****,240-01,240-01,4G
240,1,24001,4831****,5212****,7114****,240-01,240-01,3G
240,1,24001,5351****,6289****,8851****,240-01,240-01,3G
240,1,24001,7607****,8266****,4895****,240-01,240-01,3G
240,1,24001,9246****,6281****,5636****,240-01,240-01,4G
240,1,24001,3996****,1968****,9764****,240-01,240-01,3G
240,1,24001,3963****,1994****,2490****,240-01,240-01,3G
240,1,24001,6569****,6599****,7152****,240-01,240-01,5G
240,1,24001,5101****,4693****,3194****,240-01,240-01,5G
240,1,24001,7188****,3331****,5393****,240-01,240-01,5G
240,1,24001,9688****,1714****,1139****,240-01,240-01,3G
240,1,24001,4343****,4676****,8283****,240-01,240-01,5G
240,1,24001,9853****,2879****,1365****,240-01,240-01,5G
240,1,24001,8291****,7760****,5041****,240-01,240-01,5G
240,1,24001,1585****,9617****,6973****,240-01,240-01,5G
240,1,24001,8693****,6184****,1975****,240-01,240-01,4G
240,1,24001,3180****,6164****,1991****,240-01,240-01,5G
240,1,24001,2250****,1946****,2783****,240-01,240-01,5G
240,1,24001,7447****,3431****,5442****,240-01,240-01,4G
240,1,24001,2656****,7005****,6950****,240-01,240-01,5G
240,1,24001,2726****,6351****,9838****,240-01,240-01,4G
240,1,24001,9663****,9976****,7884****,240-01,240-01,5G
240,1,24001,1018****,6475****,1189****,240-01,240-01,3G
240,1,24001,1449****,3525****,9945****,240-01,240-01,4G
240,1,24001,9398****,4164****,7302****,240-01,240-01,3G
240,1,24001,6736****,7103****,9261****,240-01,240-01,4G
240,1,24001,6181****,2927****,7160****,240-01,240-01,4G
240,1,24001,5546****,6107****,1746****,240-01,240-01,4G
240,1,24001,8670****,1133****,6134****,240-01,240-01,3G
240,1,24001,9543****,2372****,6949****,240-01,240-01,3G
240,1,24001,6148****,5960****,4028****,240-01,240-01,3G
240,1,24001,7688****,8268****,8127****,240-01,240-01,3G
240,1,24001,3942****,1053****,4360****,240-01,240-01,3G
240,1,24001,3454****,1263****,2743****,240-01,240-01,3G
240,1,24001,5381****,5142****,9342****,240-01,240-01,3G
240,1,24001,2152****,6297****,9216****,240-01,240-01,3G
240,1,24001,5196****,2214****,5838****,240-01,240-01,4G
240,1,24001,2239****,9194****,2344****,240-01,240-01,3G
240,1,24001,1650****,8385****,9422****,240-01,240-01,5G
240,1,24001,7058****,9074****,6819****,240-01,240-01,4G
240,1,24001,2678****,7916****,2416****,240-01,240-01,3G
240,1,24001,2536****,2885****,5695****,240-01,240-01,5G
240,1,24001,9048****,5138****,6294****,240-01,240-01,3G
240,1,24001,4744****,1179****,5819****,240-01,240-01,5G
240,1,24001,7641****,2184****,6320****,240-01,240-01,4G
240,1,24001,1467****,6623****,4608****,240-01,240-01,5G
240,1,24001,6357****,3414****,9035****,240-01,240-01,5G
240,1,24001,2831****,5759****,9862****,240-01,240-01,5G
240,1,24001,2581****,9277****,1378****,240-01,240-01,4G
240,1,24001,6326****,1201****,8495****,240-01,240-01,4G
240,1,24001,3792****,1580****,1413****,240-01,240-01,5G
240,1,24001,8932****,3648****,9449****,240-01,240-01,3G
240,1,24001,4849****,9404****,7546****,240-01,240-01,4G
240,1,24001,5889****,2844****,8000****,240-01,240-01,4G
240,1,24001,6705****,6424****,8684****,240-01,240-01,4G
240,1,24001,7565****,5329****,6209****,240-01,240-01,3G
240,1,24001,2814****,4177****,9541****,240-01,240-01,4G
240,1,24001,5011****,6834****,7888****,240-01,240-01,5G
240,1,24001,5004****,4273****,4583****,240-01,240-01,4G
240,1,24001,1785****,9836****,8271****,240-01,240-01,3G
240,1,24001,3183****,6454****,3457****,240-01,240-01,5G
240,1,24001,7130****,7567****,8918****,240-01,240-01,4G
240,1,24001,6746****,6845****,7036****,240-01,240-01,5G
240,1,24001,9269****,3042****,9608****,240-01,240-01,5G
240,1,24001,7426****,1479****,2604****,240-01,240-01,3G
240,1,24001,8266****,5171****,3765****,240-01,240-01,3G
240,1,24001,8904****,9976****,6333****,240-01,240-01,4G
240,1,24001,3064****,4412****,4029****,240-01,240-01,3G
240,1,24001,7361****,7885****,7885****,240-01,240-01,4G
240,1,24001,8096****,7030****,2269****,240-01,240-01,5G
240,1,24001,4059****,3711****,8748****,240-01,240-01,3G
240,1,24001,4521****,8895****,8201****,240-01,240-01,5G
240,1,24001,4215****,3158****,1345****,240-01,240-01,4G
240,1,24001,6748****,7242****,9929****,240-01,240-01,4G
240,1,24001,2363****,3023****,3385****,240-01,240-01,3G
240,1,24001,4262****,7759****,7660****,240-01,240-01,5G
240,1,24001,7914****,1262****,2831****,240-01,240-01,5G
240,1,24001,5949****,5175****,9645****,240-01,240-01,3G
240,1,24001,7537****,5777****,7911****,240-01,240-01,4G
240,1,24001,4737****,6024****,6260****,240-01,240-01,3G
240,1,24001,5494****,8374****,9738****,240-01,240-01,5G
240,1,24001,8638****,7009****,7542****,240-01,240-01,5G
240,1,24001,5832****,2248****,4143****,240-01,240-01,3G
240,1,24001,1361****,1804****,6009****,240-01,240-01,4G
240,1,24001,5559****,1281****,3345****,240-01,240-01,4G
240,1,24001,7345****,4245****,2348****,240-01,240-01,3G
240,1,24001,7473****,5611****,6395****,240-01,240-01,3G
240,1,24001,4209****,1511****,5333****,240-01,240-01,3G
240,1,24001,9787****,8516****,9096****,240-01,240-01,5G
240,1,24001,3121****,7295****,6936****,240-01,240-01,4G
240,1,24001,9969****,6085****,9732****,240-01,240-01,4G
240,1,24001,4982****,2624****,2754****,240-01,240-01,5G
240,1,24001,3325****,4507****,7308****,240-01,240-01,5G
240,1,24001,2297****,8040****,7206****,240-01,240-01,5G
240,1,24001,1730****,9426****,8096****,240-01,240-01,4G
240,1,24001,7185****,9302****,1935****,240-01,240-01,4G
240,1,24001,6447****,2146****,1152****,240-01,240-01,5G
240,1,24001,1802****,8643****,1419****,240-01,240-01,5G
240,1,24001,6913****,6838****,7091****,240-01,240-01,4G
240,1,24001,2902****,6502****,6356****,240-01,240-01,4G
240,1,24001,3978****,9574****,8834****,240-01,240-01,5G
240,1,24001,9940****,8553****,1301****,240-01,240-01,4G
240,1,24001,9977****,8485****,7354****,240-01,240-01,4G
240,1,24001,5116****,4949****,2215****,240-01,240-01,4G
240,1,24001,9330****,3560****,4943****,240-01,240-01,3G
240,1,24001,8354****,2165****,2988****,240-01,240-01,5G
240,1,24001,8441****,6785****,9181****,240-01,240-01,3G
240,1,24001,8112****,8517****,2949****,240-01,240-01,5G
240,1,24001,6276****,2442****,2715****,240-01,240-01,5G
240,1,24001,6699****,3544****,7110****,240-01,240-01,3G
240,1,24001,2025****,8151****,2628****,240-01,240-01,5G
240,1,24001,9169****,9202****,1894****,240-01,240-01,5G
240,1,24001,4386****,9442****,3536****,240-01,240-01,3G
240,1,24001,9799****,3424****,8599****,240-01,240-01,5G
240,1,24001,8279****,4903****,6483****,240-01,240-01,3G
240,1,24001,4021****,3996****,3084****,240-01,240-01,4G
240,1,24001,2942****,9106****,1099****,240-01,240-01,3G
240,1,24001,4478****,6527****,7748****,240-01,240-01,4G
240,1,24001,3912****,8669****,1643****,240-01,240-01,4G
240,1,24001,8587****,8071****,5145****,240-01,240-01,4G
240,1,24001,7883****,6932****,2589****,240-01,240-01,4G
240,1,24001,9553****,3455****,1088****,240-01,240-01,4G
240,1,24001,5712****,6376****,4665****,240-01,240-01,5G
240,1,24001,1264****,9289****,5817****,240-01,240-01,5G
240,1,24001,1748****,2712****,3949****,240-01,240-01,3G
240,1,24001,9928****,9704****,8595****,240-01,240-01,3G
240,1,24001,4453****,4292****,5412****,240-01,240-01,5G
240,1,24001,8361****,8255****,3018****,240-01,240-01,5G
240,1,24001,8211****,9084****,7565****,240-01,240-01,3G
240,1,24001,1009****,7111****,8799****,240-01,240-01,5G
240,1,24001,9349****,1655****,4081****,240-01,240-01,3G
240,1,24001,5248****,4099****,6658****,240-01,240-01,5G
240,1,24001,1686****,2483****,9113****,240-01,240-01,3G
240,1,24001,8115****,2207****,4958****,240-01,240-01,4G
240,1,24001,1762****,6924****,3319****,240-01,240-01,5G
240,1,24001,3358****,6081****,5489****,240-01,240-01,3G
240,1,24001,9482****,2174****,2642****,240-01,240-01,3G
240,1,24001,3639****,5498****,5286****,240-01,240-01,3G
240,1,24001,2273****,3460****,7466****,240-01,240-01,3G
240,1,24001,9204****,4255****,6678****,240-01,240-01,4G
240,1,24001,5221****,6995****,7105****,240-01,240-01,3G
240,1,24001,1841****,3505****,9848****,240-01,240-01,5G
240,1,24001,2445****,5782****,7817****,240-01,240-01,4G
240,1,24001,4250****,7433****,3636****,240-01,240-01,5G
240,1,24001,7129****,9588****,5813****,240-01,240-01,3G
240,1,24001,4199****,4735****,7939****,240-01,240-01,5G
240,1,24001,7563****,8409****,3623****,240-01,240-01,5G
240,1,24001,7983****,6304****,4387****,240-01,240-01,4G
240,1,24001,1875****,3488****,9719****,240-01,240-01,3G
240,1,24001,5182****,8992****,6962****,240-01,240-01,5G
240,1,24001,9286****,1163****,8811****,240-01,240-01,4G
240,1,24001,3713****,7493****,7609****,240-01,240-01,4G
240,1,24001,3354****,6860****,9321****,240-01,240-01,4G
240,1,24001,8529****,1246****,7798****,240-01,240-01,3G
240,1,24001,1947****,1845****,2441****,240-01,240-01,4G
240,1,24001,3008****,9600****,2740****,240-01,240-01,3G
240,1,24001,3713****,4466****,4569****,240-01,240-01,4G
240,1,24001,9283****,2871****,1168****,240-01,240-01,3G
240,1,24001,5544****,3788****,4149****,240-01,240-01,3G
240,1,24001,3804****,7388****,6100****,240-01,240-01,5G
240,1,24001,3419****,4729****,2578****,240-01,240-01,4G
240,1,24001,9630****,6605****,2583****,240-01,240-01,3G
240,1,24001,2836****,5324****,5793****,240-01,240-01,3G
240,1,24001,9511****,1271****,1736****,240-01,240-01,3G
240,1,24001,4363****,7947****,8560****,240-01,240-01,4G
240,1,24001,5493****,4877****,2811****,240-01,240-01,4G
240,1,24001,2112****,4737****,5820****,240-01,240-01,3G
240,1,24001,2582****,8834****,8197****,240-01,240-01,4G
240,1,24001,3834****,8775****,6543****,240-01,240-01,3G
240,1,24001,7416****,5165****,4719****,240-01,240-01,4G
240,1,24001,1420****,1757****,4314****,240-01,240-01,5G
240,1,24001,8879****,5262****,4457****,240-01,240-01,3G
240,1,24001,2622****,5092****,6123****,240-01,240-01,4G
240,1,24001,2322****,1162****,1932****,240-01,240-01,3G
240,1,24001,5413****,1668****,7041****,240-01,240-01,3G
240,1,24001,3681****,9989****,3452****,240-01,240-01,5G
240,1,24001,6615****,6944****,5218****,240-01,240-01,5G
240,1,24001,1098****,5366****,6652****,240-01,240-01,5G
240,1,24001,1751****,8504****,2546****,240-01,240-01,4G
240,1,24001,6204****,9271****,5671****,240-01,240-01,4G
240,1,24001,2090****,1826****,4153****,240-01,240-01,3G
240,1,24001,7697****,5370****,5238****,240-01,240-01,4G
240,1,24001,2566****,6802****,5690****,240-01,240-01,4G
240,1,24001,6691****,3934****,1857****,240-01,240-01,4G
240,1,24001,4567****,9122****,8724****,240-01,240-01,4G
240,1,24001,3263****,7466****,5548****,240-01,240-01,3G
240,1,24001,5814****,7548****,6317****,240-01,240-01,4G
240,1,24001,3520****,4658****,8471****,240-01,240-01,5G
240,1,24001,8224****,1426****,1735****,240-01,240-01,4G
240,1,24001,7188****,4283****,2089****,240-01,240-01,5G
240,1,24001,8906****,2760****,5742****,240-01,240-01,3G
240,1,24001,5053****,9238****,7441****,240-01,240-01,3G
240,1,24001,2488****,7624****,6601****,240-01,240-01,3G
240,1,24001,1651****,9055****,3394****,240-01,240-01,5G
240,1,24001,4527****,8722****,4159****,240-01,240-01,3G
240,1,24001,2898****,8255****,7076****,240-01,240-01,4G
240,1,24001,6055****,5076****,9549****,240-01,240-01,4G
240,1,24001,9388****,6927****,5089****,240-01,240-01,4G
240,1,24001,3392****,3771****,1868****,240-01,240-01,5G
240,1,24001,7392****,1883****,5807****,240-01,240-01,4G
240,1,24001,4400****,5897****,7801****,240-01,240-01,3G
240,1,24001,8576****,5515****,2393****,240-01,240-01,4G
240,1,24001,6651****,3844****,9012****,240-01,240-01,4G
240,1,24001,2728****,5059****,4957****,240-01,240-01,3G
240,1,24001,6503****,3707****,1066****,240-01,240-01,3G
240,1,24001,7534****,1858****,9977****,240-01,240-01,4G
240,1,24001,2165****,4024****,4850****,240-01,240-01,4G
240,1,24001,3322****,4590****,5504****,240-01,240-01,5G
240,1,24001,5838****,3654****,5395****,240-01,240-01,5G
240,1,24001,8088****,5375****,1569****,240-01,240-01,3G
240,1,24001,4313****,1981****,4894****,240-01,240-01,4G
240,1,24001,2457****,3074****,7404****,240-01,240-01,5G
240,1,24001,9138****,9366****,1208****,240-01,240-01,5G
240,1,24001,2033****,3643****,2200****,240-01,240-01,4G
240,1,24001,3362****,7857****,6892****,240-01,240-01,5G
240,1,24001,6120****,2019****,4885****,240-01,240-01,5G
240,1,24001,6733****,7509****,9249****,240-01,240-01,5G
240,1,24001,8995****,3425****,1763****,240-01,240-01,5G
240,1,24001,3759****,2824****,9186****,240-01,240-01,5G
240,1,24001,1102****,9926****,4967****,240-01,240-01,4G
240,1,24001,7634****,4839****,3397****,240-01,240-01,3G
240,1,24001,2809****,5719****,4394****,240-01,240-01,3G
240,1,24001,5335****,7341****,5175****,240-01,240-01,5G
240,1,24001,1100****,5752****,8633****,240-01,240-01,3G
240,1,24001,4846****,4524****,7885****,240-01,240-01,5G
240,1,24001,5601****,2108****,7731****,240-01,240-01,4G
240,1,24001,8933****,1695****,1360****,240-01,240-01,3G
240,1,24001,7102****,4772****,2201****,240-01,240-01,4G
240,1,24001,9901****,2399****,9936****,240-01,240-01,4G
240,1,24001,2776****,3273****,3872****,240-01,240-01,3G
240,1,24001,3163****,8424****,4714****,240-01,240-01,5G
240,1,24001,7579****,5268****,9057****,240-01,240-01,3G
240,1,24001,7976****,1136****,5651****,240-01,240-01,4G
240,1,24001,7703****,4899****,3106****,240-01,240-01,4G
240,1,24001,6410****,7743****,8477****,240-01,240-01,3G
240,1,24001,3132****,2988****,5258****,240-01,240-01,5G
240,1,24001,9273****,5816****,6830****,240-01,240-01,3G
240,1,24001,7175****,5745****,3249****,240-01,240-01,3G
240,1,24001,5103****,5677****,3616****,240-01,240-01,5G
240,1,24001,7858****,8161****,8256****,240-01,240-01,4G
240,1,24001,8954****,5902****,6266****,240-01,240-01,4G
240,1,24001,4128****,3323****,7474****,240-01,240-01,3G
240,1,24001,5665****,4469****,7591****,240-01,240-01,4G
240,1,24001,3179****,2783****,1231****,240-01,240-01,3G
240,1,24001,9330****,7510****,7743****,240-01,240-01,3G
240,1,24001,2133****,9851****,5967****,240-01,240-01,4G
240,1,24001,7835****,4812****,7880****,240-01,240-01,3G
240,1,24001,9126****,2390****,2234****,240-01,240-01,5G
240,1,24001,3785****,4122****,4566****,240-01,240-01,3G
240,1,24001,8516****,9493****,4860****,240-01,240-01,5G
240,1,24001,5450****,9945****,2985****,240-01,240-01,3G
240,1,24001,9184****,1263****,8984****,240-01,240-01,4G
240,1,24001,5063****,6725****,5159****,240-01,240-01,3G
240,1,24001,1321****,7538****,9277****,240-01,240-01,3G
240,1,24001,7365****,4974****,9225****,240-01,240-01,3G
240,1,24001,7123****,4792****,9505****,240-01,240-01,4G
240,1,24001,7615****,3930****,3420****,240-01,240-01,4G
240,1,24001,2826****,8977****,3604****,240-01,240-01,5G
240,1,24001,2336****,4472****,8277****,240-01,240-01,3G
240,1,24001,2589****,3906****,9599****,240-01,240-01,4G
240,1,24001,4739****,5158****,7942****,240-01,240-01,4G
240,1,24001,9677****,3123****,2138****,240-01,240-01,5G
240,1,24001,5830****,3525****,6260****,240-01,240-01,5G
240,1,24001,3131****,6379****,6260****,240-01,240-01,5G
240,1,24001,7139****,8213****,4592****,240-01,240-01,3G
240,1,24001,5883****,6418****,6137****,240-01,240-01,5G
240,1,24001,6965****,7191****,3531****,240-01,240-01,3G
240,1,24001,6809****,4269****,8474****,240-01,240-01,5G
240,1,24001,5517****,7869****,3771****,240-01,240-01,4G
240,1,24001,2295****,3127****,5175****,240-01,240-01,5G
240,1,24001,6817****,9725****,7829****,240-01,240-01,5G
240,1,24001,5141****,7398****,6871****,240-01,240-01,3G
240,1,24001,9068****,9699****,3975****,240-01,240-01,5G
240,1,24001,1766****,2900****,5707****,240-01,240-01,5G
240,1,24001,8214****,3327****,4036****,240-01,240-01,5G
240,1,24001,8872****,2375****,9711****,240-01,240-01,5G
240,1,24001,5799****,7831****,3125****,240-01,240-01,4G
240,1,24001,5617****,6673****,3425****,240-01,240-01,5G
240,1,24001,8511****,9769****,5803****,240-01,240-01,5G
240,1,24001,2908****,2471****,8725****,240-01,240-01,3G
240,1,24001,5151****,3055****,9545****,240-01,240-01,3G
240,1,24001,6332****,1134****,9915****,240-01,240-01,3G
240,1,24001,2449****,2294****,9628****,240-01,240-01,5G
240,1,24001,2395****,6851****,4726****,240-01,240-01,3G
240,1,24001,2497****,7928****,7242****,240-01,240-01,4G
240,1,24001,9486****,2818****,5011****,240-01,240-01,4G
240,1,24001,6680****,7225****,3973****,240-01,240-01,3G
240,1,24001,3391****,4173****,6956****,240-01,240-01,5G
240,1,24001,8815****,9672****,8224****,240-01,240-01,4G
240,1,24001,2458****,7212****,4495****,240-01,240-01,3G
240,1,24001,4401****,5825****,9251****,240-01,240-01,5G
240,1,24001,4368****,9201****,8966****,240-01,240-01,4G
240,1,24001,1110****,4006****,3646****,240-01,240-01,4G
240,1,24001,5554****,8830****,7921****,240-01,240-01,3G
240,1,24001,4874****,6794****,1907****,240-01,240-01,5G
240,1,24001,8872****,5691****,7395****,240-01,240-01,5G
240,1,24001,5299****,3409****,6117****,240-01,240-01,3G
240,1,24001,7319****,4414****,8800****,240-01,240-01,4G
240,1,24001,8312****,6225****,5584****,240-01,240-01,3G
240,1,24001,3418****,2146****,3138****,240-01,240-01,5G
240,1,24001,4432****,7935****,3758****,240-01,240-01,4G
240,1,24001,8521****,9324****,3640****,240-01,240-01,3G
240,1,24001,3732****,7166****,3675****,240-01,240-01,5G
240,1,24001,3902****,5792****,4155****,240-01,240-01,3G
240,1,24001,5364****,3581****,3203****,240-01,240-01,4G
240,1,24001,9760****,2044****,5666****,240-01,240-01,5G
240,1,24001,3083****,2773****,7370****,240-01,240-01,4G
240,1,24001,3424****,2328****,5173****,240-01,240-01,4G
240,1,24001,6538****,8346****,4775****,240-01,240-01,3G
240,1,24001,8778****,1831****,7726****,240-01,240-01,3G
240,1,24001,5553****,4191****,3493****,240-01,240-01,3G
240,1,24001,5789****,3953****,9728****,240-01,240-01,3G
240,1,24001,7285****,1151****,3316****,240-01,240-01,3G
240,1,24001,3732****,8230****,8577****,240-01,240-01,4G
240,1,24001,6490****,2818****,2604****,240-01,240-01,5G
240,1,24001,2200****,7894****,6406****,240-01,240-01,5G
240,1,24001,8571****,3691****,2066****,240-01,240-01,5G
240,1,24001,4901****,1523****,8395****,240-01,240-01,3G
240,1,24001,2156****,3422****,1001****,240-01,240-01,3G
240,1,24001,2985****,2818****,1568****,240-01,240-01,3G
240,1,24001,3085****,3373****,8889****,240-01,240-01,3G
240,1,24001,5087****,7061****,7483****,240-01,240-01,3G
240,1,24001,1377****,3747****,6602****,240-01,240-01,5G
240,1,24001,1504****,3717****,4979****,240-01,240-01,4G
240,1,24001,2734****,5089****,7897****,240-01,240-01,4G
240,1,24001,6203****,2374****,4918****,240-01,240-01,5G
240,1,24001,9486****,8026****,3076****,240-01,240-01,4G
240,1,24001,6329****,3735****,7822****,240-01,240-01,4G
240,1,24001,9861****,3087****,5422****,240-01,240-01,5G
240,1,24001,8301****,6437****,2554****,240-01,240-01,3G
240,1,24001,2939****,4968****,8028****,240-01,240-01,4G
240,1,24001,5838****,5509****,6975****,240-01,240-01,5G
240,1,24001,7878****,1247****,5389****,240-01,240-01,5G
240,1,24001,7140****,7425****,5027****,240-01,240-01,5G
240,1,24001,1892****,6871****,3525****,240-01,240-01,5G
240,1,24001,1131****,7438****,9027****,240-01,240-01,5G
240,1,24001,3059****,4338****,3754****,240-01,240-01,5G
240,1,24001,8550****,8501****,8570****,240-01,240-01,5G
240,1,24001,9540****,3591****,1434****,240-01,240-01,4G
240,1,24001,8992****,9686****,9997****,240-01,240-01,5G
240,1,24001,8774****,9781****,3325****,240-01,240-01,4G
240,1,24001,6095****,7344****,5884****,240-01,240-01,4G
240,1,24001,9398****,7158****,3763****,240-01,240-01,5G
240,1,24001,1173****,6137****,8193****,240-01,240-01,5G
240,1,24001,5019****,8678****,4753****,240-01,240-01,3G
240,1,24001,2182****,8181****,9937****,240-01,240-01,4G
240,1,24001,4307****,9503****,6672****,240-01,240-01,3G
240,1,24001,2794****,2654****,7452****,240-01,240-01,3G
240,1,24001,7841****,1619****,7356****,240-01,240-01,4G
240,1,24001,6411****,3120****,3972****,240-01,240-01,4G
240,1,24001,5250****,5696****,1316****,240-01,240-01,3G
240,1,24001,4960****,7972****,1840****,240-01,240-01,3G
240,1,24001,4602****,3297****,8469****,240-01,240-01,5G
240,1,24001,1837****,4606****,5872****,240-01,240-01,4G
240,1,24001,6046****,5978****,2989****,240-01,240-01,3G
240,1,24001,9510****,4002****,8483****,240-01,240-01,3G
240,1,24001,1080****,7571****,5754****,240-01,240-01,4G
240,1,24001,5956****,7051****,3171****,240-01,240-01,4G
240,1,24001,3540****,8644****,4340****,240-01,240-01,3G
240,1,24001,4488****,1906****,6963****,240-01,240-01,5G
240,1,24001,3304****,3816****,7392****,240-01,240-01,5G
240,1,24001,1405****,6351****,5616****,240-01,240-01,3G
240,1,24001,7561****,9919****,9791****,240-01,240-01,4G
240,1,24001,8554****,8015****,1326****,240-01,240-01,3G
240,1,24001,4781****,9363****,8157****,240-01,240-01,5G
240,1,24001,8426****,7393****,5782****,240-01,240-01,4G
240,1,24001,4894****,3999****,8952****,240-01,240-01,5G
240,1,24001,5688****,5776****,7025****,240-01,240-01,3G
240,1,24001,1054****,4255****,7740****,240-01,240-01,4G
240,1,24001,8327****,8661****,5050****,240-01,240-01,3G
240,1,24001,9496****,8107****,9788****,240-01,240-01,3G
240,1,24001,9488****,7844****,4892****,240-01,240-01,3G
240,1,24001,7221****,3525****,2323****,240-01,240-01,3G
240,1,24001,4181****,1649****,8080****,240-01,240-01,3G
240,1,24001,5697****,8582****,9892****,240-01,240-01,5G
240,1,24001,2139****,2325****,5298****,240-01,240-01,5G
240,1,24001,7288****,3419****,8843****,240-01,240-01,3G
240,1,24001,9574****,7949****,8055****,240-01,240-01,5G
240,1,24001,3379****,7543****,8910****,240-01,240-01,4G
240,1,24001,3084****,8207****,6977****,240-01,240-01,5G
240,1,24001,8249****,8264****,6912****,240-01,240-01,3G
240,1,24001,8482****,5713****,5688****,240-01,240-01,3G
240,1,24001,7190****,2915****,3206****,240-01,240-01,5G
240,1,24001,6633****,1312****,3531****,240-01,240-01,4G
240,1,24001,1647****,4339****,6753****,240-01,240-01,4G
240,1,24001,8975****,5567****,8321****,240-01,240-01,5G
240,1,24001,8971****,3954****,5733****,240-01,240-01,3G
240,1,24001,3910****,2962****,2468****,240-01,240-01,5G
240,1,24001,6602****,9593****,7928****,240-01,240-01,5G
240,1,24001,9043****,2629****,3052****,240-01,240-01,4G
240,1,24001,2853****,2114****,2147****,240-01,240-01,5G
240,1,24001,9054****,1904****,4818****,240-01,240-01,4G
240,1,24001,5727****,2547****,1989****,240-01,240-01,5G
240,1,24001,5814****,6186****,3891****,240-01,240-01,3G
240,1,24001,7397****,5259****,1872****,240-01,240-01,3G
240,1,24001,7902****,6623****,6928****,240-01,240-01,5G
240,1,24001,3246****,5544****,2510****,240-01,240-01,5G
240,1,24001,9567****,6080****,1661****,240-01,240-01,5G
240,1,24001,1337****,9672****,2257****,240-01,240-01,4G
240,1,24001,5146****,2162****,7967****,240-01,240-01,5G
240,1,24001,5282****,5700****,8128****,240-01,240-01,5G
240,1,24001,5865****,2097****,1329****,240-01,240-01,5G
240,1,24001,3919****,5528****,4914****,240-01,240-01,4G
240,1,24001,3572****,8073****,8570****,240-01,240-01,5G
240,1,24001,8429****,8435****,8219****,240-01,240-01,4G
240,1,24001,7450****,3002****,4226****,240-01,240-01,5G
240,1,24001,9037****,5192****,2095****,240-01,240-01,4G
240,1,24001,2453****,7505****,3998****,240-01,240-01,3G
240,1,24001,4966****,6878****,9369****,240-01,240-01,5G
240,1,24001,4368****,4302****,1575****,240-01,240-01,4G
240,1,24001,2224****,3135****,3132****,240-01,240-01,5G
240,1,24001,4418****,4453****,1072****,240-01,240-01,4G
240,1,24001,1579****,6723****,9867****,240-01,240-01,4G
240,1,24001,9407****,2988****,1840****,240-01,240-01,4G
240,1,24001,6549****,4330****,9916****,240-01,240-01,5G
240,1,24001,5271****,1292****,1948****,240-01,240-01,4G
240,1,24001,2133****,7780****,5114****,240-01,240-01,5G
240,1,24001,7141****,9732****,4356****,240-01,240-01,4G
240,1,24001,9415****,9295****,5103****,240-01,240-01,5G
240,1,24001,9325****,7462****,7134****,240-01,240-01,3G
240,1,24001,9983****,6552****,9549****,240-01,240-01,5G
240,1,24001,4168****,6377****,1793****,240-01,240-01,5G
240,1,24001,2967****,8809****,6819****,240-01,240-01,5G
240,1,24001,8875****,3390****,8330****,240-01,240-01,3G
240,1,24001,1936****,6590****,2198****,240-01,240-01,5G
240,1,24001,7850****,2919****,6203****,240-01,240-01,3G
240,1,24001,2522****,6899****,5779****,240-01,240-01,4G
240,1,24001,3766****,4210****,8626****,240-01,240-01,5G
240,1,24001,8296****,4344****,7751****,240-01,240-01,5G
240,1,24001,6045****,2290****,5974****,240-01,240-01,5G
240,1,24001,3873****,7152****,8333****,240-01,240-01,4G
240,1,24001,2527****,3858****,7929****,240-01,240-01,3G
240,1,24001,8760****,2840****,6616****,240-01,240-01,5G
240,1,24001,7684****,4279****,8692****,240-01,240-01,3G
240,1,24001,9235****,3334****,6899****,240-01,240-01,3G
240,1,24001,8835****,4217****,4898****,240-01,240-01,4G
240,1,24001,3221****,6668****,5218****,240-01,240-01,3G
240,1,24001,5131****,9342****,7126****,240-01,240-01,5G
240,1,24001,6331****,4135****,3367****,240-01,240-01,5G
240,1,24001,1104****,7206****,5587****,240-01,240-01,4G
240,1,24001,7043****,1416****,6641****,240-01,240-01,3G
240,1,24001,7735****,4779****,6285****,240-01,240-01,5G
240,1,24001,4052****,7070****,4120****,240-01,240-01,5G
240,1,24001,5282****,7337****,4720****,240-01,240-01,5G
240,1,24001,7428****,4553****,3757****,240-01,240-01,4G
240,1,24001,4876****,7596****,3578****,240-01,240-01,4G
240,1,24001,1286****,2271****,6104****,240-01,240-01,5G
240,1,24001,2414****,7555****,3879****,240-01,240-01,5G
240,1,24001,6838****,3734****,1524****,240-01,240-01,5G
240,1,24001,6455****,2088****,3865****,240-01,240-01,3G
240,1,24001,6154****,2861****,3545****,240-01,240-01,4G
240,1,24001,1457****,9865****,1747****,240-01,240-01,5G
240,1,24001,1990****,6413****,5387****,240-01,240-01,5G
240,1,24001,1979****,6418****,6144****,240-01,240-01,4G
240,1,24001,8434****,1965****,5339****,240-01,240-01,4G
240,1,24001,7105****,9772****,1681****,240-01,240-01,4G
240,1,24001,9316****,3690****,1837****,240-01,240-01,3G
240,1,24001,5993****,8496****,1455****,240-01,240-01,3G
240,1,24001,5048****,7884****,5612****,240-01,240-01,3G
240,1,24001,6334****,7049****,9667****,240-01,240-01,4G
240,1,24001,9584****,7592****,4974****,240-01,240-01,3G
240,1,24001,7664****,4869****,3495****,240-01,240-01,5G
240,1,24001,7293****,1179****,5385****,240-01,240-01,4G
240,1,24001,7830****,4711****,3099****,240-01,240-01,4G
240,1,24001,1568****,2857****,8251****,240-01,240-01,3G
240,1,24001,8962****,8806****,7058****,240-01,240-01,3G
240,1,24001,2767****,7869****,9753****,240-01,240-01,4G
240,1,24001,9934****,5680****,2407****,240-01,240-01,5G
240,1,24001,5964****,6744****,8824****,240-01,240-01,5G
240,1,24001,2994****,2847****,7143****,240-01,240-01,3G
240,1,24001,2424****,3132****,3049****,240-01,240-01,5G
240,1,24001,8483****,1995****,9704****,240-01,240-01,5G
240,1,24001,1933****,9424****,4875****,240-01,240-01,4G
240,1,24001,1741****,2376****,5286****,240-01,240-01,3G
240,1,24001,5973****,6408****,7281****,240-01,240-01,3G
240,1,24001,3815****,6870****,6929****,240-01,240-01,3G
240,1,24001,3109****,7636****,8699****,240-01,240-01,5G
240,1,24001,1650****,3925****,6321****,240-01,240-01,5G
240,1,24001,8191****,5745****,5935****,240-01,240-01,3G
240,1,24001,9814****,6911****,7869****,240-01,240-01,5G
240,1,24001,1213****,9316****,1869****,240-01,240-01,3G
240,1,24001,6557****,6835****,5822****,240-01,240-01,5G
240,1,24001,4882****,8031****,9695****,240-01,240-01,4G
240,1,24001,1705****,5129****,3191****,240-01,240-01,5G
240,1,24001,5621****,3502****,9216****,240-01,240-01,3G
240,1,24001,4845****,5608****,5920****,240-01,240-01,4G
240,1,24001,2406****,8926****,5583****,240-01,240-01,4G
240,1,24001,1525****,6117****,3438****,240-01,240-01,3G
240,1,24001,1970****,2316****,7352****,240-01,240-01,5G
240,1,24001,9963****,2131****,9894****,240-01,240-01,3G
240,1,24001,5615****,9047****,5069****,240-01,240-01,5G
240,1,24001,7139****,1097****,6552****,240-01,240-01,4G
240,1,24001,5915****,9435****,1541****,240-01,240-01,3G
240,1,24001,7984****,6772****,9183****,240-01,240-01,5G
240,1,24001,1588****,9489****,8113****,240-01,240-01,4G
240,1,24001,5450****,1618****,8800****,240-01,240-01,5G
240,1,24001,1748****,2568****,6083****,240-01,240-01,5G
240,1,24001,1126****,8670****,2499****,240-01,240-01,3G
240,1,24001,7237****,2280****,1594****,240-01,240-01,4G
240,1,24001,7283****,6442****,9838****,240-01,240-01,5G
240,1,24001,2093****,4250****,1195****,240-01,240-01,5G
240,1,24001,9571****,4313****,4089****,240-01,240-01,4G
240,1,24001,8953****,4420****,8989****,240-01,240-01,4G
240,1,24001,1229****,2280****,3677****,240-01,240-01,3G
240,1,24001,2599****,4786****,6365****,240-01,240-01,4G
240,1,24001,3887****,2605****,3263****,240-01,240-01,5G
240,1,24001,8423****,5686****,3628****,240-01,240-01,5G
240,1,24001,2347****,8543****,2053****,240-01,240-01,4G
240,1,24001,7358****,8594****,7631****,240-01,240-01,3G
240,1,24001,3903****,3069****,1443****,240-01,240-01,4G
240,1,24001,4774****,1473****,3516****,240-01,240-01,3G
240,1,24001,5533****,1433****,5753****,240-01,240-01,3G
240,1,24001,8911****,9739****,1829****,240-01,240-01,4G
240,1,24001,9464****,5393****,7104****,240-01,240-01,5G
240,1,24001,7694****,8477****,9156****,240-01,240-01,5G
240,1,24001,6503****,4584****,9860****,240-01,240-01,4G
240,1,24001,8654****,1413****,1043****,240-01,240-01,5G
240,1,24001,6786****,6069****,2891****,240-01,240-01,5G
240,1,24001,6977****,8263****,4381****,240-01,240-01,5G
240,1,24001,8447****,9920****,3380****,240-01,240-01,5G
240,1,24001,1762****,6609****,6429****,240-01,240-01,4G
240,1,24001,9393****,8534****,4091****,240-01,240-01,4G
240,1,24001,5433****,8927****,5114****,240-01,240-01,5G
240,1,24001,5478****,6772****,1725****,240-01,240-01,5G
240,1,24001,6222****,9705****,4288****,240-01,240-01,4G
240,1,24001,3532****,1718****,1049****,240-01,240-01,5G
240,1,24001,2634****,7043****,6175****,240-01,240-01,3G
240,1,24001,1014****,7761****,8488****,240-01,240-01,3G
240,1,24001,7237****,1006****,8220****,240-01,240-01,5G
240,1,24001,9667****,1065****,3636****,240-01,240-01,5G
240,1,24001,1608****,7477****,7112****,240-01,240-01,3G
240,1,24001,3437****,8006****,9554****,240-01,240-01,4G
240,1,24001,8384****,9044****,7074****,240-01,240-01,3G
240,1,24001,8746****,9916****,2522****,240-01,240-01,3G
240,1,24001,5677****,7606****,9451****,240-01,240-01,4G
240,1,24001,1897****,9058****,7017****,240-01,240-01,5G
240,1,24001,7424****,2055****,6728****,240-01,240-01,5G
240,1,24001,4505****,4118****,8973****,240-01,240-01,3G
240,1,24001,7529****,9900****,1263****,240-01,240-01,3G
240,1,24001,4210****,2788****,2358****,240-01,240-01,3G
240,1,24001,7870****,7177****,8539****,240-01,240-01,3G
240,1,24001,1482****,6447****,3004****,240-01,240-01,4G
240,1,24001,4893****,4843****,5967****,240-01,240-01,5G
240,1,24001,8857****,3935****,3301****,240-01,240-01,3G
240,1,24001,6272****,1726****,5823****,240-01,240-01,4G
240,1,24001,3787****,4927****,5467****,240-01,240-01,4G
240,1,24001,4415****,4191****,9682****,240-01,240-01,5G
240,1,24001,8455****,5018****,6241****,240-01,240-01,4G
240,1,24001,1411****,7448****,7008****,240-01,240-01,4G
240,1,24001,4191****,9173****,1682****,240-01,240-01,5G
240,1,24001,4078****,9439****,7037****,240-01,240-01,3G
240,1,24001,3714****,3142****,9750****,240-01,240-01,3G
240,1,24001,9983****,7713****,6470****,240-01,240-01,4G
240,1,24001,2975****,5707****,4696****,240-01,240-01,5G
240,1,24001,3277****,2452****,8671****,240-01,240-01,5G
240,1,24001,5458****,1465****,9961****,240-01,240-01,3G
240,1,24001,4640****,9356****,3622****,240-01,240-01,3G
240,1,24001,5130****,7882****,1100****,240-01,240-01,3G
240,1,24001,6267****,9008****,5754****,240-01,240-01,3G
240,1,24001,8321****,2808****,3642****,240-01,240-01,5G
240,1,24001,5066****,6579****,3870****,240-01,240-01,5G
240,1,24001,6083****,4500****,1131****,240-01,240-01,3G
240,1,24001,1475****,1198****,8050****,240-01,240-01,5G
240,1,24001,4689****,6075****,4755****,240-01,240-01,4G
240,1,24001,3206****,8836****,9550****,240-01,240-01,3G
240,1,24001,5644****,9679****,9224****,240-01,240-01,3G
240,1,24001,2870****,2709****,3086****,240-01,240-01,5G
240,1,24001,3655****,8108****,8772****,240-01,240-01,5G
240,1,24001,1821****,3682****,8878****,240-01,240-01,4G
240,1,24001,8427****,4793****,8618****,240-01,240-01,5G
240,1,24001,1754****,8014****,1846****,240-01,240-01,4G
240,1,24001,7097****,3622****,2997****,240-01,240-01,4G
240,1,24001,4666****,1210****,5197****,240-01,240-01,5G
240,1,24001,8869****,9798****,6906****,240-01,240-01,5G
240,1,24001,1228****,6118****,9759****,240-01,240-01,3G
240,1,24001,9992****,2926****,5231****,240-01,240-01,5G
240,1,24001,8098****,1055****,3625****,240-01,240-01,4G
240,1,24001,5936****,1406****,5490****,240-01,240-01,4G
240,1,24001,1638****,5735****,9304****,240-01,240-01,4G
240,1,24001,3294****,7533****,2492****,240-01,240-01,3G
240,1,24001,6351****,9854****,1978****,240-01,240-01,3G
240,1,24001,5179****,5179****,2091****,240-01,240-01,5G
240,1,24001,1826****,4557****,4358****,240-01,240-01,5G
240,1,24001,9853****,9986****,9719****,240-01,240-01,4G
240,1,24001,7889****,2144****,3730****,240-01,240-01,3G
240,1,24001,5900****,3737****,5031****,240-01,240-01,3G
240,1,24001,9401****,4196****,8441****,240-01,240-01,5G
240,1,24001,2295****,8034****,9606****,240-01,240-01,5G
240,1,24001,2141****,1018****,8994****,240-01,240-01,4G
240,1,24001,7531****,5534****,6665****,240-01,240-01,5G
240,1,24001,6549****,2553****,9681****,240-01,240-01,5G
240,1,24001,9916****,5696****,7995****,240-01,240-01,5G
240,1,24001,2894****,2817****,9502****,240-01,240-01,4G
240,1,24001,5490****,7728****,1141****,240-01,240-01,5G
240,1,24001,1557****,5865****,9159****,240-01,240-01,3G
240,1,24001,7188****,1924****,7828****,240-01,240-01,4G
240,1,24001,5501****,1692****,5591****,240-01,240-01,4G
240,1,24001,8936****,9135****,6301****,240-01,240-01,5G
240,1,24001,3038****,3668****,3046****,240-01,240-01,3G
240,1,24001,6670****,6929****,8918****,240-01,240-01,5G
240,1,24001,3610****,5386****,5568****,240-01,240-01,3G
240,1,24001,4095****,6622****,1816****,240-01,240-01,5G
240,1,24001,2088****,1031****,1311****,240-01,240-01,5G
240,1,24001,9905****,9682****,9052****,240-01,240-01,5G
240,1,24001,5052****,8846****,3156****,240-01,240-01,3G
240,1,24001,1190****,8822****,8619****,240-01,240-01,4G
240,1,24001,3484****,8813****,3104****,240-01,240-01,4G
240,1,24001,9442****,3658****,2829****,240-01,240-01,5G
240,1,24001,5878****,7516****,4300****,240-01,240-01,4G
240,1,24001,3957****,4415****,1080****,240-01,240-01,3G
240,1,24001,6243****,3568****,3706****,240-01,240-01,3G
240,1,24001,5944****,8672****,2712****,240-01,240-01,5G
240,1,24001,5241****,9472****,7929****,240-01,240-01,4G
240,1,24001,9173****,9576****,6133****,240-01,240-01,5G
240,1,24001,1695****,1691****,3305****,240-01,240-01,5G
240,1,24001,2474****,1333****,5418****,240-01,240-01,4G
240,1,24001,3226****,2914****,2208****,240-01,240-01,5G
240,1,24001,3138****,3251****,6879****,240-01,240-01,5G
240,1,24001,3409****,2041****,9381****,240-01,240-01,4G
240,1,24001,8855****,4873****,9547****,240-01,240-01,3G
240,1,24001,1776****,6554****,5530****,240-01,240-01,4G
240,1,24001,8638****,9603****,1429****,240-01,240-01,4G
240,1,24001,6749****,6854****,1810****,240-01,240-01,3G
240,1,24001,2789****,2226****,6914****,240-01,240-01,3G
240,1,24001,5895****,1373****,3430****,240-01,240-01,5G
240,1,24001,8640****,8335****,6514****,240-01,240-01,3G
240,1,24001,1583****,7271****,2687****,240-01,240-01,5G
240,1,24001,8228****,5545****,5847****,240-01,240-01,3G
240,1,24001,4168****,3573****,5570****,240-01,240-01,3G
240,1,24001,5716****,4193****,7029****,240-01,240-01,3G
240,1,24001,2741****,3278****,1032****,240-01,240-01,5G
240,1,24001,6567****,1151****,5466****,240-01,240-01,4G
240,1,24001,1113****,2937****,1557****,240-01,240-01,4G
240,1,24001,9580****,6696****,9080****,240-01,240-01,4G
240,1,24001,6917****,1331****,8979****,240-01,240-01,5G
240,1,24001,1851****,3711****,7158****,240-01,240-01,3G
240,1,24001,6789****,2855****,7231****,240-01,240-01,4G
240,1,24001,9369****,5132****,9712****,240-01,240-01,5G
240,1,24001,3561****,5723****,7052****,240-01,240-01,5G
240,1,24001,9330****,1143****,3841****,240-01,240-01,4G
240,1,24001,9124****,8266****,2603****,240-01,240-01,3G
240,1,24001,5411****,6837****,6840****,240-01,240-01,4G
240,1,24001,7855****,2093****,1574****,240-01,240-01,5G
240,1,24001,5120****,6502****,4803****,240-01,240-01,5G
240,1,24001,6006****,8138****,9183****,240-01,240-01,3G
240,1,24001,5489****,8000****,8003****,240-01,240-01,5G
240,1,24001,7336****,2506****,9901****,240-01,240-01,5G
240,1,24001,4992****,5915****,4122****,240-01,240-01,5G
240,1,24001,8986****,4070****,4174****,240-01,240-01,3G
240,1,24001,2856****,9013****,3909****,240-01,240-01,5G
240,1,24001,5661****,3860****,5250****,240-01,240-01,4G
240,1,24001,8852****,8887****,3734****,240-01,240-01,4G
240,1,24001,2722****,8955****,5822****,240-01,240-01,5G
240,1,24001,7276****,1577****,4000****,240-01,240-01,3G
240,1,24001,5261****,3715****,5691****,240-01,240-01,5G
240,1,24001,2529****,2250****,2339****,240-01,240-01,4G
240,1,24001,2441****,6233****,5560****,240-01,240-01,4G
240,1,24001,4390****,3554****,1372****,240-01,240-01,5G
240,1,24001,8540****,7758****,4057****,240-01,240-01,3G
240,1,24001,2287****,2931****,2828****,240-01,240-01,4G
240,1,24001,8454****,2512****,5050****,240-01,240-01,3G
240,1,24001,6521****,6275****,3088****,240-01,240-01,4G
240,1,24001,5218****,2015****,7404****,240-01,240-01,3G
240,1,24001,7339****,8707****,5667****,240-01,240-01,3G
240,1,24001,8440****,8301****,3621****,240-01,240-01,5G
240,1,24001,6635****,5021****,3732****,240-01,240-01,3G
240,1,24001,4191****,2647****,7731****,240-01,240-01,5G
240,1,24001,1021****,6245****,9453****,240-01,240-01,5G
240,1,24001,9467****,7118****,2089****,240-01,240-01,4G
240,1,24001,1578****,8690****,7455****,240-01,240-01,4G
240,1,24001,5934****,4715****,6985****,240-01,240-01,4G
240,1,24001,4744****,3070****,7518****,240-01,240-01,4G
240,1,24001,9912****,7233****,3231****,240-01,240-01,5G
240,1,24001,5698****,2660****,2905****,240-01,240-01,4G
240,1,24001,6946****,9306****,9141****,240-01,240-01,3G
240,1,24001,4457****,6739****,3417****,240-01,240-01,5G
240,1,24001,5571****,5190****,2821****,240-01,240-01,4G
240,1,24001,6758****,5950****,9594****,240-01,240-01,4G
240,1,24001,2833****,5499****,9769****,240-01,240-01,4G
240,1,24001,4947****,1970****,6929****,240-01,240-01,3G
240,1,24001,6203****,9616****,8002****,240-01,240-01,3G
240,1,24001,2567****,7261****,7096****,240-01,240-01,3G
240,1,24001,8356****,5882****,1948****,240-01,240-01,5G
240,1,24001,9587****,6265****,8188****,240-01,240-01,3G
240,1,24001,5842****,1600****,7226****,240-01,240-01,4G
240,1,24001,2880****,7436****,6326****,240-01,240-01,3G
240,1,24001,1210****,1990****,3035****,240-01,240-01,3G
240,1,24001,8349****,2940****,7625****,240-01,240-01,3G
240,1,24001,7566****,1430****,9946****,240-01,240-01,3G
240,1,24001,1311****,9519****,6615****,240-01,240-01,4G
240,1,24001,9623****,1036****,9484****,240-01,240-01,5G
240,1,24001,3917****,2995****,3877****,240-01,240-01,5G
240,1,24001,4575****,2356****,5899****,240-01,240-01,4G
240,1,24001,1842****,2754****,1601****,240-01,240-01,5G
240,1,24001,7909****,6076****,4648****,240-01,240-01,5G
240,1,24001,6709****,5364****,3639****,240-01,240-01,3G
240,1,24001,1376****,1014****,2814****,240-01,240-01,3G
240,1,24001,2674****,5698****,2839****,240-01,240-01,5G
240,1,24001,3484****,3415****,8050****,240-01,240-01,5G
240,1,24001,6807****,7098****,2692****,240-01,240-01,5G
240,1,24001,8589****,3266****,3028****,240-01,240-01,4G
240,1,24001,5036****,9629****,4052****,240-01,240-01,4G
240,1,24001,1466****,9719****,7810****,240-01,240-01,5G
240,1,24001,2713****,1201****,4813****,240-01,240-01,5G
240,1,24001,4558****,1362****,5919****,240-01,240-01,4G
240,1,24001,1839****,2340****,8884****,240-01,240-01,5G
240,1,24001,7956****,6387****,7853****,240-01,240-01,3G
240,1,24001,2804****,9839****,1971****,240-01,240-01,3G
240,1,24001,4064****,1178****,8182****,240-01,240-01,4G
240,1,24001,1436****,9688****,5958****,240-01,240-01,3G
240,1,24001,3081****,1184****,2194****,240-01,240-01,4G
240,1,24001,8136****,2762****,3553****,240-01,240-01,5G
240,1,24001,8941****,1565****,3756****,240-01,240-01,5G
240,1,24001,9121****,3966****,3868****,240-01,240-01,4G
240,1,24001,3621****,9918****,1539****,240-01,240-01,4G
240,1,24001,3844****,4599****,7234****,240-01,240-01,4G
240,1,24001,9343****,5042****,6388****,240-01,240-01,3G
240,1,24001,3635****,5163****,2793****,240-01,240-01,4G
240,1,24001,4790****,8126****,7542****,240-01,240-01,4G
240,1,24001,2880****,6604****,4313****,240-01,240-01,3G
240,1,24001,2680****,5880****,4413****,240-01,240-01,4G
240,1,24001,7186****,1071****,7051****,240-01,240-01,3G
240,1,24001,2732****,9334****,7604****,240-01,240-01,4G
240,1,24001,5098****,5534****,8474****,240-01,240-01,4G
240,1,24001,9050****,7516****,6002****,240-01,240-01,4G
240,1,24001,5976****,5633****,5155****,240-01,240-01,3G
240,1,24001,3319****,3083****,8961****,240-01,240-01,3G
240,1,24001,1598****,6221****,8131****,240-01,240-01,4G
240,1,24001,2574****,7491****,3540****,240-01,240-01,3G
240,1,24001,8692****,2386****,6515****,240-01,240-01,3G
240,1,24001,4419****,8418****,1328****,240-01,240-01,5G
240,1,24001,5880****,3067****,6150****,240-01,240-01,4G
240,1,24001,1556****,5441****,4780****,240-01,240-01,3G
240,1,24001,5187****,2039****,6667****,240-01,240-01,4G
240,1,24001,6819****,9925****,1526****,240-01,240-01,5G
240,1,24001,5621****,2907****,4542****,240-01,240-01,5G
240,1,24001,2389****,4661****,2525****,240-01,240-01,5G
240,1,24001,5802****,5853****,4162****,240-01,240-01,3G
240,1,24001,2051****,5775****,6355****,240-01,240-01,3G
240,1,24001,6571****,2471****,4714****,240-01,240-01,3G
240,1,24001,6641****,8397****,2080****,240-01,240-01,5G
240,1,24001,1684****,3433****,7137****,240-01,240-01,4G
240,1,24001,8014****,3735****,9090****,240-01,240-01,3G
240,1,24001,2711****,4152****,2831****,240-01,240-01,3G
240,1,24001,5012****,7916****,8679****,240-01,240-01,5G
240,1,24001,4198****,1731****,9717****,240-01,240-01,5G
240,1,24001,5673****,9519****,8476****,240-01,240-01,4G
240,1,24001,9711****,8238****,1057****,240-01,240-01,3G
240,1,24001,8314****,2825****,1284****,240-01,240-01,4G
240,1,24001,7800****,1507****,2870****,240-01,240-01,4G
240,1,24001,4115****,5846****,9426****,240-01,240-01,3G
240,1,24001,9900****,4013****,5979****,240-01,240-01,5G
240,1,24001,7231****,4552****,2755****,240-01,240-01,3G
240,1,24001,7156****,1833****,3408****,240-01,240-01,4G
240,1,24001,5344****,9258****,6425****,240-01,240-01,4G
240,1,24001,1090****,7594****,2749****,240-01,240-01,5G
240,1,24001,3185****,4700****,9255****,240-01,240-01,3G
240,1,24001,8342****,5431****,6161****,240-01,240-01,4G
240,1,24001,1719****,8456****,3419****,240-01,240-01,4G
240,1,24001,8234****,2105****,3079****,240-01,240-01,5G
240,1,24001,7136****,3548****,4503****,240-01,240-01,5G
240,1,24001,9157****,3719****,5129****,240-01,240-01,4G
240,1,24001,3245****,2396****,8267****,240-01,240-01,4G
240,1,24001,1608****,8814****,9576****,240-01,240-01,4G
240,1,24001,2025****,7822****,4828****,240-01,240-01,4G
240,1,24001,1804****,5088****,6022****,240-01,240-01,4G
240,1,24001,7875****,2937****,9701****,240-01,240-01,5G
240,1,24001,3430****,7978****,6291****,240-01,240-01,3G
240,1,24001,1422****,1707****,3474****,240-01,240-01,3G
240,1,24001,5560****,9008****,9668****,240-01,240-01,5G
240,1,24001,4281****,1843****,7460****,240-01,240-01,4G
240,1,24001,6457****,2647****,7060****,240-01,240-01,4G
240,1,24001,3847****,8377****,7119****,240-01,240-01,3G
240,1,24001,5845****,1534****,9556****,240-01,240-01,5G
240,1,24001,2714****,7171****,5058****,240-01,240-01,4G
240,1,24001,4420****,3498****,3702****,240-01,240-01,5G
240,1,24001,4188****,9664****,9633****,240-01,240-01,5G
240,1,24001,6266****,5493****,6910****,240-01,240-01,4G
240,1,24001,5940****,3060****,9805****,240-01,240-01,5G
240,1,24001,9448****,1683****,1234****,240-01,240-01,3G
240,1,24001,5303****,2856****,5095****,240-01,240-01,5G
240,1,24001,6398****,4353****,1776****,240-01,240-01,4G
240,1,24001,6178****,1450****,7704****,240-01,240-01,3G
240,1,24001,9266****,4176****,2867****,240-01,240-01,5G
240,1,24001,2779****,1487****,1380****,240-01,240-01,4G
240,1,24001,4181****,8931****,2507****,240-01,240-01,5G
240,1,24001,2766****,1377****,3919****,240-01,240-01,4G
240,1,24001,1170****,5631****,3876****,240-01,240-01,5G
240,1,24001,2117****,9335****,1712****,240-01,240-01,5G
240,1,24001,3072****,1454****,1872****,240-01,240-01,5G
240,1,24001,9408****,6315****,8423****,240-01,240-01,4G
240,1,24001,7795****,7376****,8449****,240-01,240-01,4G
240,1,24001,6896****,7144****,3926****,240-01,240-01,4G
240,1,24001,1869****,4742****,2341****,240-01,240-01,5G
240,1,24001,7190****,1254****,4201****,240-01,240-01,5G
240,1,24001,5786****,1994****,1945****,240-01,240-01,5G
240,1,24001,6329****,3960****,4243****,240-01,240-01,4G
240,1,24001,7002****,7857****,5589****,240-01,240-01,5G
240,1,24001,8801****,2073****,1778****,240-01,240-01,4G
240,1,24001,1721****,8694****,6443****,240-01,240-01,4G
240,1,24001,6695****,8777****,5123****,240-01,240-01,3G
240,1,24001,2772****,3348****,6079****,240-01,240-01,4G
240,1,24001,1953****,5865****,9426****,240-01,240-01,3G
240,1,24001,7994****,2241****,4070****,240-01,240-01,5G
240,1,24001,5083****,8510****,3401****,240-01,240-01,5G
240,1,24001,1975****,1592****,8620****,240-01,240-01,5G
240,1,24001,7579****,4282****,2200****,240-01,240-01,4G
240,1,24001,9866****,9513****,7786****,240-01,240-01,4G
240,1,24001,1062****,6638****,9947****,240-01,240-01,4G
240,1,24001,5421****,7101****,7354****,240-01,240-01,4G
240,1,24001,7053****,3663****,1403****,240-01,240-01,5G
240,1,24001,8728****,8951****,1990****,240-01,240-01,4G
240,1,24001,5064****,4442****,7892****,240-01,240-01,5G
240,1,24001,4751****,7491****,9576****,240-01,240-01,3G
240,1,24001,5490****,5158****,1540****,240-01,240-01,5G
240,1,24001,4455****,2997****,9861****,240-01,240-01,5G
240,1,24001,6672****,4103****,6654****,240-01,240-01,5G
240,1,24001,9913****,1609****,1271****,240-01,240-01,5G
240,1,24001,5164****,6396****,4459****,240-01,240-01,5G
240,1,24001,1931****,3854****,2060****,240-01,240-01,5G
240,1,24001,1675****,7546****,6953****,240-01,240-01,5G
240,1,24001,9234****,3875****,8237****,240-01,240-01,4G
240,1,24001,4114****,1111****,2805****,240-01,240-01,5G
240,1,24001,5263****,2355****,8832****,240-01,240-01,5G
240,1,24001,7805****,3200****,2905****,240-01,240-01,4G
240,1,24001,6086****,1366****,8963****,240-01,240-01,3G
240,1,24001,2806****,8475****,8671****,240-01,240-01,4G
240,1,24001,4052****,1930****,7123****,240-01,240-01,4G
240,1,24001,6849****,4008****,9704****,240-01,240-01,5G
240,1,24001,7802****,3666****,5649****,240-01,240-01,3G
240,1,24001,7405****,4191****,8351****,240-01,240-01,4G
240,1,24001,8478****,4380****,7783****,240-01,240-01,4G
240,1,24001,1555****,4097****,4668****,240-01,240-01,5G
240,1,24001,2217****,9494****,3140****,240-01,240-01,3G
240,1,24001,8425****,7436****,6587****,240-01,240-01,5G
240,1,24001,8114****,3744****,6189****,240-01,240-01,4G
240,1,24001,1444****,1027****,1861****,240-01,240-01,3G
240,1,24001,6294****,5112****,8376****,240-01,240-01,4G
240,1,24001,1653****,7191****,4416****,240-01,240-01,3G
240,1,24001,4508****,6687****,3856****,240-01,240-01,5G
240,1,24001,8155****,7289****,2425****,240-01,240-01,5G
240,1,24001,9803****,6093****,5346****,240-01,240-01,3G
240,1,24001,5718****,2108****,2445****,240-01,240-01,3G
240,1,24001,5271****,6581****,8418****,240-01,240-01,3G
240,1,24001,4186****,6765****,8515****,240-01,240-01,5G
240,1,24001,2437****,1352****,5839****,240-01,240-01,5G
240,1,24001,1910****,3823****,8246****,240-01,240-01,5G
240,1,24001,9781****,4599****,2149****,240-01,240-01,4G
240,1,24001,5540****,8944****,5671****,240-01,240-01,4G
240,1,24001,1867****,9681****,9644****,240-01,240-01,4G
240,1,24001,3788****,6290****,3402****,240-01,240-01,3G
240,1,24001,8889****,8075****,5237****,240-01,240-01,4G
240,1,24001,2835****,5813****,2742****,240-01,240-01,3G
240,1,24001,9340****,2130****,5130****,240-01,240-01,3G
240,1,24001,7190****,5756****,2470****,240-01,240-01,4G
240,1,24001,3638****,7851****,8469****,240-01,240-01,5G
240,1,24001,5706****,4933****,9899****,240-01,240-01,4G
240,1,24001,9941****,8258****,6961****,240-01,240-01,4G
240,1,24001,4095****,6756****,3725****,240-01,240-01,5G
240,1,24001,6017****,2300****,4273****,240-01,240-01,4G
240,1,24001,1028****,2104****,8178****,240-01,240-01,3G
240,1,24001,1825****,5816****,6911****,240-01,240-01,3G
240,1,24001,8551****,8088****,1550****,240-01,240-01,4G
240,1,24001,7107****,3791****,1578****,240-01,240-01,4G
240,1,24001,6520****,5718****,3088****,240-01,240-01,4G
240,1,24001,8058****,6718****,1224****,240-01,240-01,5G
240,1,24001,5107****,9017****,7848****,240-01,240-01,5G
240,1,24001,6374****,1588****,3333****,240-01,240-01,5G
240,1,24001,6864****,6211****,2822****,240-01,240-01,4G
240,1,24001,5914****,2814****,8308****,240-01,240-01,4G
240,1,24001,8607****,8430****,5923****,240-01,240-01,3G
240,1,24001,4605****,1295****,2738****,240-01,240-01,3G
240,1,24001,8635****,7848****,1073****,240-01,240-01,4G
240,1,24001,6440****,3321****,3082****,240-01,240-01,5G
240,1,24001,2214****,8505****,1148****,240-01,240-01,4G
240,1,24001,9940****,7958****,3948****,240-01,240-01,5G
240,1,24001,6206****,8998****,9292****,240-01,240-01,4G
240,1,24001,4939****,1438****,6066****,240-01,240-01,4G
240,1,24001,6382****,8955****,9589****,240-01,240-01,4G
240,1,24001,1116****,3332****,8799****,240-01,240-01,3G
240,1,24001,5749****,4105****,5486****,240-01,240-01,3G
240,1,24001,2046****,9088****,6160****,240-01,240-01,4G
240,1,24001,3225****,1676****,8185****,240-01,240-01,4G
240,1,24001,4566****,5164****,9250****,240-01,240-01,4G
240,1,24001,7999****,8241****,7651****,240-01,240-01,3G
240,1,24001,8560****,1255****,8639****,240-01,240-01,4G
240,1,24001,9092****,5598****,7459****,240-01,240-01,3G
240,1,24001,6601****,4034****,9821****,240-01,240-01,4G
240,1,24001,1082****,5586****,2350****,240-01,240-01,5G
240,1,24001,6316****,9526****,3444****,240-01,240-01,5G
240,1,24001,9201****,1781****,8584****,240-01,240-01,4G
240,1,24001,8567****,8658****,2915****,240-01,240-01,4G
240,1,24001,1476****,6344****,1984****,240-01,240-01,5G
240,1,24001,3720****,9263****,6958****,240-01,240-01,4G
240,1,24001,4940****,3502****,3053****,240-01,240-01,5G
240,1,24001,9224****,6832****,8970****,240-01,240-01,5G
240,1,24001,5147****,5280****,4399****,240-01,240-01,5G
240,1,24001,9353****,9197****,1016****,240-01,240-01,4G
240,1,24001,8606****,9092****,1633****,240-01,240-01,5G
240,1,24001,6640****,7306****,5255****,240-01,240-01,3G
240,1,24001,6710****,6839****,1119****,240-01,240-01,4G
240,1,24001,9803****,2322****,8159****,240-01,240-01,5G
240,1,24001,5191****,3755****,1287****,240-01,240-01,3G
240,1,24001,7461****,4887****,6121****,240-01,240-01,3G
240,1,24001,2870****,3788****,8964****,240-01,240-01,4G
240,1,24001,1832****,4208****,5717****,240-01,240-01,4G
240,1,24001,7147****,5504****,5707****,240-01,240-01,4G
240,1,24001,6131****,3172****,8518****,240-01,240-01,5G
240,1,24001,8427****,1337****,6113****,240-01,240-01,5G
240,1,24001,5811****,6141****,1526****,240-01,240-01,3G
240,1,24001,6080****,5097****,2480****,240-01,240-01,3G
240,1,24001,9062****,9615****,9548****,240-01,240-01,4G
240,1,24001,5924****,5311****,4032****,240-01,240-01,4G
240,1,24001,4095****,3581****,5133****,240-01,240-01,4G
240,1,24001,4629****,6599****,2885****,240-01,240-01,3G
240,1,24001,8005****,2714****,5646****,240-01,240-01,5G
240,1,24001,3688****,5370****,8645****,240-01,240-01,3G
240,1,24001,1781****,9808****,2009****,240-01,240-01,5G
240,1,24001,8421****,4492****,1820****,240-01,240-01,5G
240,1,24001,1729****,1661****,7651****,240-01,240-01,4G
240,1,24001,3993****,4553****,5875****,240-01,240-01,4G
240,1,24001,9156****,5300****,5119****,240-01,240-01,3G
240,1,24001,7732****,3159****,6672****,240-01,240-01,4G
240,1,24001,4176****,2186****,3074****,240-01,240-01,3G
240,1,24001,1957****,2928****,3961****,240-01,240-01,5G
240,1,24001,5876****,5000****,4883****,240-01,240-01,3G
240,1,24001,1162****,5190****,8293****,240-01,240-01,5G
240,1,24001,3995****,7859****,3054****,240-01,240-01,5G
240,1,24001,1799****,6358****,5286****,240-01,240-01,5G
240,1,24001,3654****,7260****,6410****,240-01,240-01,5G
240,1,24001,2061****,7829****,7113****,240-01,240-01,5G
240,1,24001,7965****,1529****,8235****,240-01,240-01,3G
240,1,24001,9839****,6511****,6554****,240-01,240-01,4G
240,1,24001,9700****,1281****,6761****,240-01,240-01,3G
240,1,24001,1585****,4697****,9478****,240-01,240-01,4G
240,1,24001,6663****,8669****,4935****,240-01,240-01,4G
240,1,24001,5991****,5164****,5737****,240-01,240-01,4G
240,1,24001,5568****,1365****,8747****,240-01,240-01,3G
240,1,24001,5832****,8336****,5960****,240-01,240-01,4G
240,1,24001,3619****,5391****,7078****,240-01,240-01,3G
240,1,24001,3193****,9646****,2424****,240-01,240-01,3G
240,1,24001,2651****,7777****,1304****,240-01,240-01,5G
240,1,24001,1975****,2453****,9977****,240-01,240-01,3G
240,1,24001,7067****,4030****,1884****,240-01,240-01,3G
240,1,24001,3296****,2546****,2066****,240-01,240-01,4G
240,1,24001,3371****,4849****,6654****,240-01,240-01,5G
240,1,24001,6973****,9847****,5852****,240-01,240-01,3G
240,1,24001,7231****,5932****,8540****,240-01,240-01,3G
240,1,24001,8705****,6939****,9443****,240-01,240-01,5G
240,1,24001,2994****,4164****,1981****,240-01,240-01,3G
240,1,24001,7710****,7737****,9731****,240-01,240-01,4G
240,1,24001,5735****,6333****,3242****,240-01,240-01,4G
240,1,24001,5553****,9297****,4488****,240-01,240-01,3G
240,1,24001,1343****,3980****,3292****,240-01,240-01,5G
240,1,24001,1784****,8692****,1569****,240-01,240-01,3G
240,1,24001,4263****,4417****,2522****,240-01,240-01,3G
240,1,24001,6995****,7754****,7360****,240-01,240-01,3G
240,1,24001,2388****,2896****,8686****,240-01,240-01,3G
240,1,24001,3907****,4850****,3417****,240-01,240-01,5G
240,1,24001,1342****,2771****,6513****,240-01,240-01,5G
240,1,24001,9933****,3832****,5494****,240-01,240-01,3G
240,1,24001,2103****,3693****,9388****,240-01,240-01,3G
240,1,24001,3573****,1940****,9903****,240-01,240-01,5G
240,1,24001,4731****,1391****,3297****,240-01,240-01,4G
240,1,24001,1699****,1194****,7774****,240-01,240-01,3G
240,1,24001,2297****,8484****,1097****,240-01,240-01,4G
240,1,24001,6667****,3965****,7170****,240-01,240-01,4G
240,1,24001,8112****,2549****,1739****,240-01,240-01,5G
240,1,24001,5223****,9962****,3525****,240-01,240-01,4G
240,1,24001,3982****,9217****,7432****,240-01,240-01,5G
240,1,24001,6622****,3735****,1655****,240-01,240-01,4G
240,1,24001,1081****,1536****,4128****,240-01,240-01,4G
240,1,24001,8857****,3194****,7710****,240-01,240-01,5G
240,1,24001,1011****,4855****,1347****,240-01,240-01,5G
240,1,24001,7191****,9320****,7718****,240-01,240-01,3G
240,1,24001,9049****,1611****,9233****,240-01,240-01,4G
240,1,24001,5971****,4536****,9040****,240-01,240-01,5G
240,1,24001,8276****,7727****,1797****,240-01,240-01,5G
240,1,24001,1161****,8396****,5663****,240-01,240-01,3G
240,1,24001,8230****,4195****,3421****,240-01,240-01,5G
240,1,24001,5844****,2864****,7224****,240-01,240-01,4G
240,1,24001,8831****,3322****,8008****,240-01,240-01,4G
240,1,24001,9326****,2624****,7386****,240-01,240-01,4G
240,1,24001,7125****,4156****,3893****,240-01,240-01,3G
240,1,24001,4983****,5624****,6237****,240-01,240-01,5G
240,1,24001,1919****,8220****,5701****,240-01,240-01,3G
240,1,24001,2116****,4221****,7572****,240-01,240-01,5G
240,1,24001,7878****,6905****,3593****,240-01,240-01,4G
240,1,24001,6603****,3771****,8357****,240-01,240-01,3G
240,1,24001,9364****,9491****,2208****,240-01,240-01,5G
240,1,24001,3352****,2013****,2238****,240-01,240-01,4G
240,1,24001,5304****,6070****,3999****,240-01,240-01,3G
240,1,24001,3059****,6581****,8865****,240-01,240-01,5G
240,1,24001,2197****,1286****,7233****,240-01,240-01,4G
240,1,24001,1064****,3977****,4605****,240-01,240-01,3G
240,1,24001,2970****,5802****,3076****,240-01,240-01,5G
240,1,24001,5325****,9060****,9782****,240-01,240-01,4G
240,1,24001,7756****,9483****,4553****,240-01,240-01,4G
240,1,24001,6603****,6640****,9783****,240-01,240-01,4G
240,1,24001,6010****,9737****,3061****,240-01,240-01,3G
240,1,24001,5195****,6656****,7306****,240-01,240-01,3G
240,1,24001,6245****,4224****,7202****,240-01,240-01,4G
240,1,24001,5923****,4378****,9026****,240-01,240-01,5G
240,1,24001,4618****,1153****,8155****,240-01,240-01,5G
240,1,24001,9133****,7700****,8780****,240-01,240-01,3G
240,1,24001,7400****,2420****,1647****,240-01,240-01,4G
240,1,24001,6516****,3225****,5606****,240-01,240-01,3G
240,1,24001,6979****,1626****,9891****,240-01,240-01,5G
240,1,24001,7280****,7015****,7184****,240-01,240-01,4G
240,1,24001,1949****,1038****,8343****,240-01,240-01,5G
240,1,24001,3291****,4222****,5744****,240-01,240-01,5G
240,1,24001,4288****,3020****,7034****,240-01,240-01,4G
240,1,24001,9737****,3561****,1323****,240-01,240-01,3G
240,1,24001,1863****,5251****,9371****,240-01,240-01,5G
240,1,24001,3100****,7285****,9687****,240-01,240-01,5G
240,1,24001,5096****,7322****,5149****,240-01,240-01,4G
240,1,24001,4364****,8313****,4743****,240-01,240-01,4G
240,1,24001,8915****,1126****,5837****,240-01,240-01,5G
240,1,24001,7133****,5633****,9708****,240-01,240-01,5G
240,1,24001,2225****,9210****,6152****,240-01,240-01,5G
240,1,24001,1585****,6966****,1311****,240-01,240-01,3G
240,1,24001,3755****,8639****,1920****,240-01,240-01,4G
240,1,24001,2592****,2941****,8278****,240-01,240-01,5G
240,1,24001,3712****,2532****,3254****,240-01,240-01,4G
240,1,24001,6175****,6462****,7922****,240-01,240-01,3G
240,1,24001,8688****,5869****,6544****,240-01,240-01,5G
240,1,24001,8768****,1377****,8357****,240-01,240-01,3G
240,1,24001,4416****,1555****,7605****,240-01,240-01,5G
240,1,24001,2171****,8622****,7207****,240-01,240-01,5G
240,1,24001,9939****,9393****,2468****,240-01,240-01,4G
240,1,24001,3733****,1625****,2587****,240-01,240-01,4G
240,1,24001,2520****,6155****,2781****,240-01,240-01,3G
240,1,24001,6388****,4916****,3465****,240-01,240-01,3G
240,1,24001,9566****,3664****,8401****,240-01,240-01,3G
240,1,24001,4222****,1234****,4988****,240-01,240-01,5G
240,1,24001,2871****,1822****,7317****,240-01,240-01,5G
240,1,24001,2277****,7237****,3150****,240-01,240-01,5G
240,1,24001,1376****,3155****,6634****,240-01,240-01,5G
240,1,24001,3302****,6026****,3975****,240-01,240-01,5G
240,1,24001,7581****,6187****,3247****,240-01,240-01,5G
240,1,24001,9005****,9362****,6218****,240-01,240-01,5G
240,1,24001,1813****,1037****,9132****,240-01,240-01,4G
240,1,24001,6372****,2374****,7855****,240-01,240-01,5G
240,1,24001,6725****,5304****,2269****,240-01,240-01,3G
240,1,24001,3675****,6002****,5013****,240-01,240-01,5G
240,1,24001,3889****,4469****,4706****,240-01,240-01,3G
240,1,24001,8925****,3973****,6768****,240-01,240-01,4G
240,1,24001,9350****,6466****,8279****,240-01,240-01,5G
240,1,24001,9315****,8364****,7159****,240-01,240-01,5G
240,1,24001,4371****,4767****,3486****,240-01,240-01,3G
240,1,24001,2929****,4253****,8066****,240-01,240-01,3G
240,1,24001,5000****,7839****,3681****,240-01,240-01,5G
240,1,24001,6233****,3947****,2736****,240-01,240-01,4G
240,1,24001,8479****,9501****,6109****,240-01,240-01,5G
240,1,24001,2744****,6126****,5406****,240-01,240-01,3G
240,1,24001,2936****,4819****,6575****,240-01,240-01,4G
240,1,24001,1262****,6291****,7158****,240-01,240-01,4G
240,1,24001,9496****,2710****,5444****,240-01,240-01,5G
240,1,24001,6934****,7176****,8501****,240-01,240-01,5G
240,1,24001,4978****,1936****,3665****,240-01,240-01,5G
240,1,24001,3553****,8166****,6012****,240-01,240-01,4G
240,1,24001,5880****,9333****,2844****,240-01,240-01,3G
240,1,24001,3631****,5292****,4459****,240-01,240-01,4G
240,1,24001,4587****,8895****,1435****,240-01,240-01,4G
240,1,24001,4449****,7956****,8577****,240-01,240-01,3G
240,1,24001,2686****,2948****,4730****,240-01,240-01,5G
240,1,24001,7124****,4749****,3839****,240-01,240-01,4G
240,1,24001,8504****,3906****,3066****,240-01,240-01,5G
240,1,24001,2532****,9028****,4611****,240-01,240-01,5G
240,1,24001,6794****,2667****,6840****,240-01,240-01,5G
240,1,24001,6890****,4103****,1617****,240-01,240-01,3G
240,1,24001,8599****,7849****,4050****,240-01,240-01,4G
240,1,24001,1709****,8596****,9059****,240-01,240-01,5G
240,1,24001,9079****,6273****,7925****,240-01,240-01,4G
240,1,24001,8145****,1627****,7709****,240-01,240-01,5G
240,1,24001,7864****,9573****,2989****,240-01,240-01,3G
240,1,24001,5501****,4756****,5766****,240-01,240-01,3G
240,1,24001,4562****,1601****,8899****,240-01,240-01,4G
240,1,24001,6513****,5206****,3927****,240-01,240-01,3G
240,1,24001,7034****,9639****,1317****,240-01,240-01,5G
240,1,24001,4184****,4388****,5660****,240-01,240-01,3G
240,1,24001,3519****,6326****,3943****,240-01,240-01,3G
240,1,24001,3858****,3628****,4716****,240-01,240-01,3G
240,1,24001,7063****,8860****,3208****,240-01,240-01,5G
240,1,24001,4079****,5168****,6739****,240-01,240-01,4G
240,1,24001,3847****,2961****,5902****,240-01,240-01,3G
240,1,24001,1481****,2176****,6357****,240-01,240-01,5G
240,1,24001,5241****,7086****,7763****,240-01,240-01,4G
240,1,24001,7280****,2462****,2805****,240-01,240-01,5G
240,1,24001,6665****,8864****,8204****,240-01,240-01,3G
240,1,24001,6232****,4066****,2604****,240-01,240-01,3G
240,1,24001,2834****,5872****,7919****,240-01,240-01,5G
240,1,24001,8677****,3950****,2548****,240-01,240-01,4G
240,1,24001,6915****,8039****,5878****,240-01,240-01,4G
240,1,24001,8866****,5630****,3870****,240-01,240-01,4G
240,1,24001,7990****,8915****,5185****,240-01,240-01,3G
240,1,24001,2539****,1766****,8866****,240-01,240-01,3G
240,1,24001,9320****,5622****,7704****,240-01,240-01,3G
240,1,24001,1244****,8765****,4540****,240-01,240-01,4G
240,1,24001,8474****,9365****,7334****,240-01,240-01,3G
240,1,24001,7768****,5782****,9398****,240-01,240-01,3G
240,1,24001,6323****,6973****,4272****,240-01,240-01,3G
240,1,24001,5172****,7043****,9582****,240-01,240-01,4G
240,1,24001,9830****,5333****,6231****,240-01,240-01,5G
240,1,24001,7950****,6398****,3549****,240-01,240-01,4G
240,1,24001,5549****,3910****,1021****,240-01,240-01,4G
240,1,24001,9651****,2109****,3942****,240-01,240-01,3G
240,1,24001,8007****,2132****,4505****,240-01,240-01,5G
240,1,24001,4184****,9290****,7534****,240-01,240-01,4G
240,1,24001,8695****,2592****,8411****,240-01,240-01,3G
240,1,24001,7657****,8082****,6889****,240-01,240-01,5G
240,1,24001,4495****,8850****,4569****,240-01,240-01,3G
240,1,24001,9414****,6830****,7945****,240-01,240-01,4G
240,1,24001,1054****,7324****,7041****,240-01,240-01,5G
240,1,24001,3827****,3703****,4650****,240-01,240-01,4G
240,1,24001,1631****,2462****,1381****,240-01,240-01,5G
240,1,24001,2602****,5552****,5136****,240-01,240-01,3G
240,1,24001,1843****,1214****,9006****,240-01,240-01,3G
240,1,24001,3187****,4987****,5998****,240-01,240-01,4G
240,1,24001,3003****,7494****,1729****,240-01,240-01,5G
240,1,24001,8980****,3693****,7387****,240-01,240-01,4G
240,1,24001,9443****,6537****,6156****,240-01,240-01,5G
240,1,24001,4585****,8047****,4934****,240-01,240-01,5G
240,1,24001,8793****,7151****,6384****,240-01,240-01,4G
240,1,24001,3851****,3965****,8590****,240-01,240-01,4G
240,1,24001,7469****,3874****,9333****,240-01,240-01,5G
240,1,24001,3796****,9847****,9164****,240-01,240-01,4G
240,1,24001,6538****,3107****,4662****,240-01,240-01,3G
240,1,24001,6293****,8817****,6913****,240-01,240-01,5G
240,1,24001,5566****,9635****,1990****,240-01,240-01,3G
240,1,24001,6651****,2545****,9946****,240-01,240-01,5G
240,1,24001,3957****,6502****,7331****,240-01,240-01,5G
240,1,24001,1015****,9476****,5277****,240-01,240-01,3G
240,1,24001,4013****,9961****,8026****,240-01,240-01,3G
240,1,24001,6177****,8517****,3234****,240-01,240-01,4G
240,1,24001,3751****,5805****,6513****,240-01,240-01,3G
240,1,24001,5952****,3150****,3497****,240-01,240-01,5G
240,1,24001,1460****,8604****,1126****,240-01,240-01,4G
240,1,24001,1053****,7493****,5962****,240-01,240-01,5G
240,1,24001,6495****,1279****,6684****,240-01,240-01,3G
240,1,24001,2832****,1002****,3890****,240-01,240-01,5G
240,1,24001,7050****,6412****,7320****,240-01,240-01,4G
240,1,24001,2486****,1393****,6216****,240-01,240-01,4G
240,1,24001,3361****,9197****,9563****,240-01,240-01,5G
240,1,24001,2501****,5036****,9589****,240-01,240-01,4G
240,1,24001,1457****,7531****,5950****,240-01,240-01,5G
240,1,24001,6672****,6732****,1028****,240-01,240-01,4G
240,1,24001,5548****,3892****,5187****,240-01,240-01,3G
240,1,24001,1686****,4300****,8685****,240-01,240-01,5G
240,1,24001,9498****,8876****,3316****,240-01,240-01,4G
240,1,24001,3410****,8803****,5621****,240-01,240-01,3G
240,1,24001,1843****,2870****,9657****,240-01,240-01,5G
240,1,24001,2166****,8682****,2225****,240-01,240-01,5G
240,1,24001,8544****,5371****,7304****,240-01,240-01,5G
240,1,24001,8561****,3225****,8340****,240-01,240-01,5G
240,1,24001,7531****,7963****,3250****,240-01,240-01,4G
240,1,24001,4551****,8290****,7367****,240-01,240-01,3G
240,1,24001,9968****,8768****,6789****,240-01,240-01,4G
240,1,24001,9182****,9971****,8735****,240-01,240-01,3G
240,1,24001,5259****,6538****,9379****,240-01,240-01,4G
240,1,24001,3020****,1546****,8016****,240-01,240-01,3G
240,1,24001,9963****,4390****,4078****,240-01,240-01,5G
240,1,24001,6121****,5518****,9101****,240-01,240-01,3G
240,1,24001,2950****,2421****,1760****,240-01,240-01,3G
240,1,24001,2761****,7880****,8467****,240-01,240-01,4G
240,1,24001,6581****,7172****,8946****,240-01,240-01,3G
240,1,24001,1085****,7643****,6725****,240-01,240-01,5G
240,1,24001,4274****,8072****,7067****,240-01,240-01,5G
240,1,24001,6217****,6448****,9698****,240-01,240-01,4G
240,1,24001,2139****,1674****,5295****,240-01,240-01,4G
240,1,24001,9773****,3908****,8223****,240-01,240-01,4G
240,1,24001,3772****,7323****,4534****,240-01,240-01,5G
240,1,24001,8413****,5176****,9310****,240-01,240-01,5G
240,1,24001,2104****,4695****,9919****,240-01,240-01,4G
240,1,24001,4852****,5659****,2408****,240-01,240-01,3G
240,1,24001,7647****,2908****,1214****,240-01,240-01,3G
240,1,24001,6044****,2482****,2388****,240-01,240-01,4G
240,1,24001,7399****,9679****,8731****,240-01,240-01,3G
240,1,24001,9966****,5458****,5241****,240-01,240-01,3G
240,1,24001,3560****,9387****,3018****,240-01,240-01,5G
240,1,24001,3076****,1408****,5662****,240-01,240-01,4G
240,1,24001,9180****,5423****,1643****,240-01,240-01,4G
240,1,24001,5849****,2096****,6975****,240-01,240-01,5G
240,1,24001,4757****,9175****,7111****,240-01,240-01,5G
240,1,24001,5405****,6629****,1483****,240-01,240-01,4G
240,1,24001,3505****,9897****,4081****,240-01,240-01,4G
240,1,24001,6777****,9157****,1289****,240-01,240-01,3G
240,1,24001,3546****,5270****,3560****,240-01,240-01,5G
240,1,24001,5604****,5745****,1339****,240-01,240-01,3G
240,1,24001,5919****,1321****,3817****,240-01,240-01,3G
240,1,24001,6378****,9347****,3100****,240-01,240-01,3G
240,1,24001,4173****,1311****,1863****,240-01,240-01,5G
240,1,24001,3130****,7083****,4524****,240-01,240-01,3G
240,1,24001,6322****,3092****,5411****,240-01,240-01,5G
240,1,24001,2916****,5805****,6829****,240-01,240-01,5G
240,1,24001,9304****,6843****,7161****,240-01,240-01,3G
240,1,24001,7919****,9130****,2273****,240-01,240-01,5G
240,1,24001,2349****,4904****,2662****,240-01,240-01,4G
240,1,24001,1635****,2384****,7000****,240-01,240-01,3G
240,1,24001,3015****,3389****,7484****,240-01,240-01,3G
240,1,24001,8950****,3025****,1016****,240-01,240-01,3G
240,1,24001,5599****,9484****,2640****,240-01,240-01,3G
240,1,24001,3619****,4163****,8273****,240-01,240-01,3G
240,1,24001,1820****,1037****,6421****,240-01,240-01,3G
240,1,24001,5013****,8876****,7893****,240-01,240-01,5G
240,1,24001,8731****,3063****,5971****,240-01,240-01,4G
240,1,24001,4998****,3414****,4154****,240-01,240-01,5G
240,1,24001,9941****,5711****,7799****,240-01,240-01,3G
240,1,24001,8634****,2020****,3504****,240-01,240-01,3G
240,1,24001,9908****,3824****,1052****,240-01,240-01,5G
240,1,24001,3087****,1330****,9439****,240-01,240-01,4G
240,1,24001,9153****,7777****,3179****,240-01,240-01,3G
240,1,24001,9914****,7985****,8977****,240-01,240-01,4G
240,1,24001,5606****,4044****,7846****,240-01,240-01,5G
240,1,24001,5102****,6104****,1270****,240-01,240-01,5G
240,1,24001,1603****,5625****,9654****,240-01,240-01,4G
240,1,24001,4095****,5034****,7576****,240-01,240-01,4G
240,1,24001,4299****,6160****,3527****,240-01,240-01,5G
240,1,24001,5749****,3150****,4642****,240-01,240-01,3G
240,1,24001,2426****,3078****,1086****,240-01,240-01,4G
240,1,24001,2238****,2597****,1211****,240-01,240-01,5G
240,1,24001,8317****,7294****,8677****,240-01,240-01,4G
240,1,24001,8882****,9425****,2217****,240-01,240-01,4G
240,1,24001,1310****,4456****,3666****,240-01,240-01,4G
240,1,24001,8051****,9248****,4872****,240-01,240-01,5G
240,1,24001,9438****,8900****,8320****,240-01,240-01,4G
240,1,24001,4017****,1356****,3902****,240-01,240-01,3G
240,1,24001,3099****,8630****,1734****,240-01,240-01,3G
240,1,24001,6004****,8047****,5904****,240-01,240-01,4G
240,1,24001,3895****,4212****,4171****,240-01,240-01,4G
240,1,24001,3010****,8082****,1310****,240-01,240-01,4G
240,1,24001,2868****,5853****,5639****,240-01,240-01,5G
240,1,24001,2406****,8923****,6524****,240-01,240-01,3G
240,1,24001,1697****,9378****,2208****,240-01,240-01,5G
240,1,24001,1734****,4879****,2071****,240-01,240-01,4G
240,1,24001,9607****,7608****,2478****,240-01,240-01,5G
240,1,24001,4941****,6189****,7543****,240-01,240-01,3G
240,1,24001,2036****,7571****,6696****,240-01,240-01,4G
240,1,24001,9265****,9004****,7109****,240-01,240-01,5G
240,1,24001,2317****,6516****,3160****,240-01,240-01,3G
240,1,24001,4396****,2267****,2490****,240-01,240-01,4G
240,1,24001,7118****,6923****,6311****,240-01,240-01,5G
240,1,24001,9276****,4283****,4290****,240-01,240-01,4G
240,1,24001,6429****,5205****,4348****,240-01,240-01,4G
240,1,24001,7802****,3005****,5329****,240-01,240-01,4G
240,1,24001,3338****,7939****,5599****,240-01,240-01,4G
240,1,24001,4034****,7991****,7587****,240-01,240-01,5G
240,1,24001,9022****,4822****,8411****,240-01,240-01,4G
240,1,24001,9870****,5534****,2030****,240-01,240-01,4G
240,1,24001,2203****,3524****,9531****,240-01,240-01,3G
240,1,24001,6308****,3043****,7375****,240-01,240-01,4G
240,1,24001,6340****,8644****,1251****,240-01,240-01,3G
240,1,24001,4342****,6879****,7284****,240-01,240-01,5G
240,1,24001,4613****,1990****,7043****,240-01,240-01,3G
240,1,24001,3492****,1424****,4600****,240-01,240-01,3G
240,1,24001,4852****,7158****,1154****,240-01,240-01,5G
240,1,24001,2039****,1712****,1371****,240-01,240-01,4G
240,1,24001,7841****,8237****,2017****,240-01,240-01,3G
240,1,24001,2072****,8189****,1065****,240-01,240-01,3G
240,1,24001,6590****,8799****,9951****,240-01,240-01,4G
240,1,24001,9697****,6342****,8636****,240-01,240-01,4G
240,1,24001,1970****,4190****,8969****,240-01,240-01,5G
240,1,24001,8981****,6462****,6968****,240-01,240-01,4G
240,1,24001,2682****,1476****,4688****,240-01,240-01,3G
240,1,24001,6314****,7620****,9804****,240-01,240-01,5G
240,1,24001,4751****,7432****,9020****,240-01,240-01,5G
240,1,24001,4636****,4069****,7536****,240-01,240-01,5G
240,1,24001,7214****,6297****,4475****,240-01,240-01,3G
240,1,24001,5706****,8154****,8688****,240-01,240-01,5G
240,1,24001,3506****,5671****,1448****,240-01,240-01,4G
240,1,24001,6571****,1323****,1930****,240-01,240-01,3G
240,1,24001,9655****,9055****,5447****,240-01,240-01,3G
240,1,24001,6617****,3336****,6228****,240-01,240-01,5G
240,1,24001,5928****,8362****,5759****,240-01,240-01,3G
240,1,24001,6456****,5633****,2626****,240-01,240-01,4G
240,1,24001,9048****,4922****,9517****,240-01,240-01,3G
240,1,24001,5509****,3520****,1620****,240-01,240-01,3G
240,1,24001,9426****,7723****,3407****,240-01,240-01,4G
240,1,24001,9828****,4803****,4872****,240-01,240-01,3G
240,1,24001,9900****,9875****,3128****,240-01,240-01,5G
240,1,24001,9424****,4577****,4944****,240-01,240-01,4G
240,1,24001,3599****,3922****,4652****,240-01,240-01,4G
240,1,24001,2641****,8159****,7964****,240-01,240-01,3G
240,1,24001,9705****,8627****,6258****,240-01,240-01,3G
240,1,24001,1385****,7993****,8128****,240-01,240-01,5G
240,1,24001,8091****,6405****,6966****,240-01,240-01,5G
240,1,24001,6287****,6416****,4917****,240-01,240-01,3G
240,1,24001,6540****,1851****,1143****,240-01,240-01,5G
240,1,24001,2147****,4293****,9072****,240-01,240-01,3G
240,1,24001,3735****,7375****,5935****,240-01,240-01,4G
240,1,24001,9553****,9197****,9275****,240-01,240-01,3G
240,1,24001,8839****,2570****,9384****,240-01,240-01,4G
240,1,24001,3343****,9106****,2699****,240-01,240-01,4G
240,1,24001,8890****,7418****,1220****,240-01,240-01,3G
240,1,24001,3993****,2710****,1465****,240-01,240-01,3G
240,1,24001,2606****,1879****,6087****,240-01,240-01,5G
240,1,24001,4956****,5816****,4596****,240-01,240-01,3G
240,1,24001,1785****,4933****,4632****,240-01,240-01,3G
240,1,24001,5415****,6102****,6364****,240-01,240-01,5G
240,1,24001,8707****,7767****,8481****,240-01,240-01,3G
240,1,24001,2713****,1283****,7012****,240-01,240-01,3G
240,1,24001,1748****,6468****,7757****,240-01,240-01,3G
240,1,24001,9110****,5832****,4907****,240-01,240-01,3G
240,1,24001,3408****,2364****,6464****,240-01,240-01,3G
240,1,24001,9509****,7442****,1106****,240-01,240-01,4G
240,1,24001,7178****,1919****,8172****,240-01,240-01,5G
240,1,24001,5060****,5124****,7967****,240-01,240-01,5G
240,1,24001,5316****,2571****,2185****,240-01,240-01,3G
240,1,24001,7369****,9003****,6036****,240-01,240-01,5G
240,1,24001,4131****,3117****,9564****,240-01,240-01,4G
240,1,24001,8999****,2062****,2979****,240-01,240-01,3G
240,1,24001,3050****,8877****,5655****,240-01,240-01,5G
240,1,24001,2358****,5467****,9245****,240-01,240-01,3G
240,1,24001,4453****,9393****,1116****,240-01,240-01,4G
240,1,24001,7416****,9001****,9397****,240-01,240-01,4G
240,1,24001,3115****,3021****,6575****,240-01,240-01,3G
240,1,24001,8364****,2637****,7449****,240-01,240-01,3G
240,1,24001,5533****,6852****,4069****,240-01,240-01,4G
240,1,24001,3791****,2613****,4049****,240-01,240-01,4G
240,1,24001,2460****,7423****,9103****,240-01,240-01,4G
240,1,24001,6969****,7050****,2672****,240-01,240-01,5G
240,1,24001,4708****,3013****,7120****,240-01,240-01,3G
240,1,24001,3944****,7795****,2860****,240-01,240-01,3G
240,1,24001,4493****,3448****,6232****,240-01,240-01,4G
240,1,24001,2178****,6082****,7058****,240-01,240-01,3G
240,1,24001,5313****,1698****,3940****,240-01,240-01,5G
240,1,24001,4972****,6177****,6675****,240-01,240-01,3G
240,1,24001,3209****,9277****,6332****,240-01,240-01,3G
240,1,24001,5796****,7349****,5015****,240-01,240-01,5G
240,1,24001,6742****,3329****,4406****,240-01,240-01,3G
240,1,24001,1825****,7352****,5456****,240-01,240-01,5G
240,1,24001,8117****,3773****,3163****,240-01,240-01,3G
240,1,24001,1788****,9496****,4848****,240-01,240-01,4G
240,1,24001,5060****,1140****,6683****,240-01,240-01,4G
240,1,24001,6176****,4172****,4693****,240-01,240-01,5G
240,1,24001,8270****,7866****,7802****,240-01,240-01,5G
240,1,24001,7892****,5467****,3414****,240-01,240-01,3G
240,1,24001,8157****,2074****,2212****,240-01,240-01,4G
240,1,24001,1707****,7597****,4527****,240-01,240-01,5G
240,1,24001,6351****,7716****,9265****,240-01,240-01,3G
240,1,24001,8689****,6861****,9876****,240-01,240-01,3G
240,1,24001,5696****,6537****,5621****,240-01,240-01,4G
240,1,24001,2474****,5375****,9105****,240-01,240-01,3G
240,1,24001,1122****,3220****,3378****,240-01,240-01,4G
240,1,24001,5596****,2534****,8215****,240-01,240-01,5G
240,1,24001,6551****,3781****,1000****,240-01,240-01,4G
240,1,24001,3467****,8644****,1980****,240-01,240-01,5G
240,1,24001,2162****,8677****,9187****,240-01,240-01,4G
240,1,24001,7090****,5120****,4989****,240-01,240-01,5G
240,1,24001,6287****,2173****,2168****,240-01,240-01,4G
240,1,24001,9242****,4393****,7859****,240-01,240-01,5G
240,1,24001,2826****,9740****,2636****,240-01,240-01,4G
240,1,24001,7750****,7720****,8887****,240-01,240-01,3G
240,1,24001,5968****,8662****,2293****,240-01,240-01,5G
240,1,24001,6341****,2838****,1170****,240-01,240-01,4G
240,1,24001,8787****,9844****,4752****,240-01,240-01,3G
240,1,24001,1873****,9885****,8895****,240-01,240-01,3G
240,1,24001,2089****,8583****,6675****,240-01,240-01,5G
240,1,24001,3590****,2650****,2521****,240-01,240-01,5G
240,1,24001,6942****,9851****,3986****,240-01,240-01,4G
240,1,24001,7283****,5597****,9745****,240-01,240-01,5G
240,1,24001,9449****,6612****,6781****,240-01,240-01,3G
240,1,24001,7055****,4220****,3797****,240-01,240-01,4G
240,1,24001,5285****,5004****,5216****,240-01,240-01,5G
240,1,24001,8855****,1881****,8900****,240-01,240-01,5G
240,1,24001,3760****,3584****,4516****,240-01,240-01,3G
240,1,24001,9066****,8806****,4187****,240-01,240-01,4G
240,1,24001,5649****,8374****,1555****,240-01,240-01,4G
240,1,24001,5312****,8673****,6252****,240-01,240-01,3G
240,1,24001,9541****,3865****,4807****,240-01,240-01,4G
240,1,24001,5007****,5254****,4633****,240-01,240-01,3G
240,1,24001,6942****,9420****,5582****,240-01,240-01,5G
240,1,24001,5006****,4602****,5602****,240-01,240-01,5G
240,1,24001,7835****,1349****,3787****,240-01,240-01,4G
240,1,24001,3385****,3159****,7166****,240-01,240-01,4G
240,1,24001,7252****,3536****,9193****,240-01,240-01,3G
240,1,24001,8071****,2643****,6978****,240-01,240-01,5G
240,1,24001,9990****,7148****,8417****,240-01,240-01,4G
240,1,24001,1132****,3577****,4621****,240-01,240-01,4G
240,1,24001,5746****,9480****,3912****,240-01,240-01,3G
240,1,24001,4279****,2779****,3492****,240-01,240-01,4G
240,1,24001,8134****,1567****,3966****,240-01,240-01,5G
240,1,24001,5361****,4304****,2053****,240-01,240-01,3G
240,1,24001,9635****,4184****,1588****,240-01,240-01,4G
240,1,24001,9705****,8945****,5889****,240-01,240-01,3G
240,1,24001,3151****,9200****,9484****,240-01,240-01,3G
240,1,24001,3230****,8465****,4753****,240-01,240-01,3G
240,1,24001,6973****,3276****,9711****,240-01,240-01,4G
240,1,24001,5910****,7385****,2422****,240-01,240-01,5G
240,1,24001,8199****,7932****,5775****,240-01,240-01,4G
240,1,24001,6057****,3891****,5176****,240-01,240-01,4G
240,1,24001,2368****,4985****,2367****,240-01,240-01,4G
240,1,24001,5998****,6602****,8955****,240-01,240-01,4G
240,1,24001,9792****,7397****,3926****,240-01,240-01,4G
240,1,24001,7344****,3919****,3143****,240-01,240-01,3G
240,1,24001,4355****,2409****,9377****,240-01,240-01,5G
240,1,24001,6348****,4564****,3017****,240-01,240-01,3G
240,1,24001,9625****,7838****,5272****,240-01,240-01,4G
240,1,24001,6174****,7887****,4478****,240-01,240-01,5G
240,1,24001,6995****,7247****,4255****,240-01,240-01,4G
240,1,24001,7893****,8525****,9592****,240-01,240-01,3G
240,1,24001,1819****,9027****,7508****,240-01,240-01,4G
240,1,24001,7971****,4006****,4838****,240-01,240-01,5G
240,1,24001,6325****,9251****,4286****,240-01,240-01,3G
240,1,24001,1057****,6737****,4507****,240-01,240-01,5G
240,1,24001,4631****,2842****,3558****,240-01,240-01,4G
240,1,24001,4267****,3227****,1599****,240-01,240-01,4G
240,1,24001,6695****,5115****,8147****,240-01,240-01,5G
240,1,24001,9287****,1721****,8655****,240-01,240-01,5G
240,1,24001,6291****,8842****,3376****,240-01,240-01,4G
240,1,24001,9664****,1784****,2775****,240-01,240-01,4G
240,1,24001,4013****,4482****,4707****,240-01,240-01,4G
240,1,24001,8823****,5118****,7814****,240-01,240-01,4G
240,1,24001,9307****,9902****,8901****,240-01,240-01,5G
240,1,24001,2420****,5869****,7803****,240-01,240-01,3G
240,1,24001,3321****,6576****,3689****,240-01,240-01,5G
240,1,24001,5977****,7391****,7011****,240-01,240-01,3G
240,1,24001,3924****,5959****,7870****,240-01,240-01,4G
240,1,24001,2053****,1460****,7449****,240-01,240-01,4G
240,1,24001,8608****,3692****,4515****,240-01,240-01,4G
240,1,24001,1782****,5726****,1443****,240-01,240-01,5G
240,1,24001,5351****,5321****,9452****,240-01,240-01,3G
240,1,24001,4440****,4592****,4183****,240-01,240-01,3G
240,1,24001,1693****,8010****,2871****,240-01,240-01,5G
240,1,24001,2369****,1445****,8930****,240-01,240-01,5G
240,1,24001,3224****,8780****,1248****,240-01,240-01,3G
240,1,24001,5779****,7338****,1772****,240-01,240-01,4G
240,1,24001,8459****,3658****,8662****,240-01,240-01,5G
240,1,24001,2396****,6963****,2755****,240-01,240-01,3G
240,1,24001,1863****,6514****,5873****,240-01,240-01,3G
240,1,24001,9748****,1034****,1172****,240-01,240-01,3G
240,1,24001,3734****,6950****,4406****,240-01,240-01,5G
240,1,24001,9024****,3942****,5248****,240-01,240-01,5G
240,1,24001,7358****,1842****,6651****,240-01,240-01,5G
240,1,24001,2182****,6445****,3939****,240-01,240-01,4G
240,1,24001,4826****,6342****,5168****,240-01,240-01,3G
240,1,24001,6920****,5302****,5578****,240-01,240-01,4G
240,1,24001,6853****,9083****,5273****,240-01,240-01,5G
240,1,24001,7352****,7798****,8814****,240-01,240-01,3G
240,1,24001,3513****,9612****,8182****,240-01,240-01,4G
240,1,24001,9963****,8092****,9654****,240-01,240-01,4G
240,1,24001,9151****,9882****,9063****,240-01,240-01,5G
240,1,24001,5592****,5648****,4137****,240-01,240-01,5G
240,1,24001,7784****,2387****,4208****,240-01,240-01,4G
240,1,24001,2969****,2598****,3821****,240-01,240-01,4G
240,1,24001,3998****,8119****,1076****,240-01,240-01,3G
240,1,24001,9744****,2920****,7611****,240-01,240-01,5G
240,1,24001,6909****,7537****,4460****,240-01,240-01,5G
240,1,24001,6194****,8688****,6761****,240-01,240-01,4G
240,1,24001,7670****,1176****,4699****,240-01,240-01,4G
240,1,24001,3241****,5456****,6223****,240-01,240-01,5G
240,1,24001,2329****,5886****,2861****,240-01,240-01,5G
240,1,24001,2760****,4189****,5525****,240-01,240-01,3G
240,1,24001,6072****,2890****,2415****,240-01,240-01,3G
240,1,24001,5117****,7479****,8831****,240-01,240-01,5G
240,1,24001,5718****,8227****,3917****,240-01,240-01,5G
240,1,24001,5514****,2485****,3336****,240-01,240-01,3G
240,1,24001,9745****,1619****,8408****,240-01,240-01,3G
240,1,24001,2530****,7167****,6482****,240-01,240-01,4G
240,1,24001,9851****,8520****,5313****,240-01,240-01,4G
240,1,24001,7860****,2106****,3056****,240-01,240-01,5G
240,1,24001,4973****,3854****,3800****,240-01,240-01,5G
240,1,24001,7702****,5790****,8203****,240-01,240-01,5G
240,1,24001,8787****,8336****,1606****,240-01,240-01,5G
240,1,24001,1549****,1959****,4626****,240-01,240-01,4G
240,1,24001,8272****,3549****,7706****,240-01,240-01,4G
240,1,24001,9274****,4094****,1888****,240-01,240-01,3G
240,1,24001,4594****,8680****,9706****,240-01,240-01,3G
240,1,24001,2444****,1367****,2009****,240-01,240-01,4G
240,1,24001,1215****,9362****,8334****,240-01,240-01,4G
240,1,24001,7688****,6642****,5008****,240-01,240-01,3G
240,1,24001,3438****,7143****,6218****,240-01,240-01,3G
240,1,24001,3490****,9148****,1918****,240-01,240-01,5G
240,1,24001,5290****,2146****,3883****,240-01,240-01,5G
240,1,24001,9177****,5952****,7667****,240-01,240-01,5G
240,1,24001,5469****,5949****,7722****,240-01,240-01,5G
240,1,24001,8586****,5763****,8259****,240-01,240-01,3G
240,1,24001,5551****,7529****,1272****,240-01,240-01,3G
240,1,24001,3836****,4140****,3473****,240-01,240-01,5G
240,1,24001,8717****,9295****,7390****,240-01,240-01,5G
240,1,24001,6273****,6413****,2901****,240-01,240-01,3G
240,1,24001,5226****,5143****,1522****,240-01,240-01,3G
240,1,24001,4843****,3789****,9560****,240-01,240-01,3G
240,1,24001,7414****,5578****,1283****,240-01,240-01,3G
240,1,24001,4988****,1359****,3710****,240-01,240-01,4G
240,1,24001,7470****,5924****,9485****,240-01,240-01,4G
240,1,24001,5035****,7596****,7193****,240-01,240-01,4G
240,1,24001,4284****,6668****,7376****,240-01,240-01,4G
240,1,24001,7945****,7929****,3422****,240-01,240-01,5G
240,1,24001,5295****,7498****,5712****,240-01,240-01,5G
240,1,24001,4818****,4126****,8584****,240-01,240-01,5G
240,1,24001,5814****,5492****,3825****,240-01,240-01,5G
240,1,24001,7359****,6241****,1442****,240-01,240-01,4G
240,1,24001,5926****,8856****,9046****,240-01,240-01,4G
240,1,24001,7466****,1949****,1476****,240-01,240-01,4G
240,1,24001,8719****,1865****,5867****,240-01,240-01,4G
240,1,24001,8223****,1516****,1767****,240-01,240-01,4G
240,1,24001,9708****,2341****,2093****,240-01,240-01,4G
240,1,24001,2305****,3493****,1466****,240-01,240-01,3G
240,1,24001,8214****,2713****,2304****,240-01,240-01,3G
240,1,24001,3588****,6396****,6275****,240-01,240-01,3G
240,1,24001,3249****,5393****,6631****,240-01,240-01,3G
240,1,24001,6935****,5541****,6352****,240-01,240-01,3G
240,1,24001,3652****,5671****,5193****,240-01,240-01,3G
240,1,24001,7512****,5208****,2896****,240-01,240-01,3G
240,1,24001,1194****,9867****,3852****,240-01,240-01,3G
240,1,24001,8844****,2300****,8076****,240-01,240-01,3G
240,1,24001,3120****,3090****,9673****,240-01,240-01,3G
240,1,24001,6768****,5566****,2772****,240-01,240-01,5G
240,1,24001,7803****,9903****,4690****,240-01,240-01,5G
240,1,24001,9019****,4724****,8219****,240-01,240-01,5G
240,1,24001,4983****,3686****,1713****,240-01,240-01,5G
240,1,24001,1984****,2166****,5848****,240-01,240-01,4G
240,1,24001,6939****,3877****,5627****,240-01,240-01,4G
240,1,24001,4494****,1345****,7431****,240-01,240-01,5G
240,1,24001,8794****,2231****,6783****,240-01,240-01,5G
240,1,24001,7935****,8842****,6708****,240-01,240-01,5G
240,1,24001,5089****,3297****,6716****,240-01,240-01,5G
240,1,24001,7862****,6440****,6202****,240-01,240-01,4G
240,1,24001,9140****,5113****,8544****,240-01,240-01,4G
240,1,24001,6829****,4876****,6284****,240-01,240-01,5G
240,1,24001,6064****,6300****,4172****,240-01,240-01,5G
240,1,24001,5826****,1204****,5262****,240-01,240-01,5G
240,1,24001,6140****,8773****,2402****,240-01,240-01,5G
240,1,24001,3276****,6266****,6747****,240-01,240-01,4G
240,1,24001,5164****,8741****,5562****,240-01,240-01,4G
240,1,24001,2926****,5878****,2211****,240-01,240-01,5G
240,1,24001,4859****,3189****,2698****,240-01,240-01,5G
240,1,24001,4105****,8314****,3679****,240-01,240-01,3G
240,1,24001,6115****,8134****,8102****,240-01,240-01,3G
240,1,24001,4811****,2022****,9249****,240-01,240-01,3G
240,1,24001,2328****,4917****,7385****,240-01,240-01,3G
240,1,24001,9993****,9941****,4106****,240-01,240-01,4G
240,1,24001,4615****,6112****,2595****,240-01,240-01,4G
240,1,24001,4106****,6508****,7751****,240-01,240-01,4G
240,1,24001,3466****,1741****,3611****,240-01,240-01,4G
240,1,24001,4755****,9538****,9194****,240-01,240-01,4G
240,1,24001,4745****,1431****,9116****,240-01,240-01,4G
240,1,24001,4093****,2922****,7164****,240-01,240-01,5G
240,1,24001,2813****,7771****,2386****,240-01,240-01,5G
240,1,24001,5398****,6194****,6608****,240-01,240-01,4G
240,1,24001,5971****,1554****,8608****,240-01,240-01,4G
240,1,24001,2155****,6243****,3094****,240-01,240-01,3G
240,1,24001,5923****,2047****,8749****,240-01,240-01,3G
240,1,24001,9321****,2356****,7745****,240-01,240-01,4G
240,1,24001,7336****,3199****,7194****,240-01,240-01,4G
240,1,24001,3545****,5087****,9747****,240-01,240-01,4G
240,1,24001,4504****,7345****,6722****,240-01,240-01,4G
240,1,24001,2209****,8733****,9323****,240-01,240-01,4G
240,1,24001,2238****,9069****,5239****,240-01,240-01,4G
240,1,24001,8399****,8288****,4889****,240-01,240-01,5G
240,1,24001,1403****,6594****,3679****,240-01,240-01,5G
240,1,24001,4411****,7970****,3466****,240-01,240-01,3G
240,1,24001,1643****,8832****,4257****,240-01,240-01,3G
240,1,24001,9810****,5026****,5795****,240-01,240-01,5G
240,1,24001,9812****,8317****,6368****,240-01,240-01,5G
240,1,24001,8587****,6996****,4259****,240-01,240-01,3G
240,1,24001,4377****,3280****,4246****,240-01,240-01,3G
240,1,24001,2453****,4614****,5340****,240-01,240-01,3G
240,1,24001,4259****,5545****,5176****,240-01,240-01,3G
240,1,24001,3336****,8144****,1340****,240-01,240-01,5G
240,1,24001,1525****,5925****,3777****,240-01,240-01,5G
240,1,24001,9685****,8468****,3876****,240-01,240-01,3G
240,1,24001,9099****,9223****,1810****,240-01,240-01,3G
240,1,24001,1812****,1569****,4233****,240-01,240-01,5G
240,1,24001,6950****,1833****,2368****,240-01,240-01,5G
240,1,24001,6971****,9024****,8700****,240-01,240-01,4G
240,1,24001,8363****,1972****,9367****,240-01,240-01,4G
240,1,24001,2082****,7970****,4660****,240-01,240-01,5G
240,1,24001,1739****,6643****,2495****,240-01,240-01,5G
240,1,24001,9253****,8772****,1165****,240-01,240-01,5G
240,1,24001,6559****,6206****,9248****,240-01,240-01,5G
240,1,24001,4355****,4721****,8847****,240-01,240-01,4G
240,1,24001,3947****,8433****,6074****,240-01,240-01,4G
240,1,24001,4222****,1209****,3160****,240-01,240-01,5G
240,1,24001,7686****,6997****,8446****,240-01,240-01,5G
240,1,24001,9963****,7326****,7955****,240-01,240-01,4G
240,1,24001,3669****,9971****,6696****,240-01,240-01,4G
240,1,24001,1318****,9447****,8272****,240-01,240-01,3G
240,1,24001,5471****,6586****,1036****,240-01,240-01,3G
240,1,24001,3743****,4631****,9426****,240-01,240-01,3G
240,1,24001,8952****,3688****,2491****,240-01,240-01,3G
240,1,24001,1353****,4503****,2329****,240-01,240-01,4G
240,1,24001,8446****,3002****,6822****,240-01,240-01,4G
240,1,24001,6297****,1868****,4715****,240-01,240-01,5G
240,1,24001,5646****,7464****,4912****,240-01,240-01,5G
240,1,24001,4890****,8791****,2715****,240-01,240-01,5G
240,1,24001,3779****,9293****,9921****,240-01,240-01,5G
240,1,24001,4360****,8734****,3095****,240-01,240-01,5G
240,1,24001,3424****,2778****,6118****,240-01,240-01,5G
240,1,24001,1610****,5320****,8309****,240-01,240-01,3G
240,1,24001,6636****,8237****,8682****,240-01,240-01,3G
240,1,24001,4839****,8931****,1374****,240-01,240-01,4G
240,1,24001,4679****,8370****,8030****,240-01,240-01,4G
240,1,24001,9398****,5541****,4624****,240-01,240-01,4G
240,1,24001,9870****,5792****,5624****,240-01,240-01,4G
240,1,24001,6020****,6672****,7586****,240-01,240-01,5G
240,1,24001,2601****,9197****,1913****,240-01,240-01,5G
240,1,24001,2662****,9224****,1761****,240-01,240-01,5G
240,1,24001,6476****,8968****,6833****,240-01,240-01,5G
240,1,24001,2022****,9676****,9612****,240-01,240-01,3G
240,1,24001,2340****,6146****,4403****,240-01,240-01,3G
240,1,24001,4560****,6136****,1868****,240-01,240-01,5G
240,1,24001,7091****,1561****,7931****,240-01,240-01,5G
240,1,24001,8166****,6515****,6084****,240-01,240-01,3G
240,1,24001,6092****,4210****,1920****,240-01,240-01,3G
240,1,24001,7957****,7817****,2459****,240-01,240-01,4G
240,1,24001,4957****,2580****,9783****,240-01,240-01,4G
240,1,24001,6748****,4889****,8893****,240-01,240-01,3G
240,1,24001,2522****,9504****,5168****,240-01,240-01,3G
240,1,24001,6090****,1754****,7604****,240-01,240-01,5G
240,1,24001,5115****,7722****,6539****,240-01,240-01,5G
240,1,24001,5829****,7793****,2350****,240-01,240-01,5G
240,1,24001,1959****,4842****,8811****,240-01,240-01,5G
240,1,24001,6605****,3570****,6961****,240-01,240-01,5G
240,1,24001,7987****,7787****,6158****,240-01,240-01,5G
240,1,24001,6838****,8018****,7724****,240-01,240-01,4G
240,1,24001,8745****,5867****,8779****,240-01,240-01,4G
240,1,24001,7774****,8918****,6782****,240-01,240-01,3G
240,1,24001,4316****,7873****,9407****,240-01,240-01,3G
240,1,24001,9558****,8521****,3148****,240-01,240-01,4G
240,1,24001,3062****,9005****,4747****,240-01,240-01,4G
240,1,24001,9094****,6244****,5358****,240-01,240-01,4G
240,1,24001,4183****,2261****,8470****,240-01,240-01,4G
240,1,24001,7387****,8967****,2937****,240-01,240-01,3G
240,1,24001,2532****,4531****,6230****,240-01,240-01,3G
240,1,24001,5846****,2243****,6535****,240-01,240-01,5G
240,1,24001,5163****,5255****,6630****,240-01,240-01,5G
240,1,24001,7008****,3009****,5586****,240-01,240-01,3G
240,1,24001,4893****,2957****,1379****,240-01,240-01,3G
240,1,24001,6179****,8516****,6814****,240-01,240-01,3G
240,1,24001,1327****,2259****,4998****,240-01,240-01,3G
240,1,24001,8134****,1948****,3613****,240-01,240-01,3G
240,1,24001,7603****,3896****,5757****,240-01,240-01,3G
240,1,24001,1265****,8010****,9227****,240-01,240-01,4G
240,1,24001,9115****,2397****,4279****,240-01,240-01,4G
240,1,24001,9149****,6087****,6991****,240-01,240-01,3G
240,1,24001,5751****,5955****,1322****,240-01,240-01,3G
240,1,24001,4716****,2748****,7670****,240-01,240-01,5G
240,1,24001,7738****,2049****,9858****,240-01,240-01,5G
240,1,24001,4568****,9948****,4446****,240-01,240-01,5G
240,1,24001,8699****,6317****,4005****,240-01,240-01,5G
240,1,24001,8410****,5880****,5525****,240-01,240-01,3G
240,1,24001,3747****,9181****,8772****,240-01,240-01,3G
240,1,24001,8126****,2158****,1683****,240-01,240-01,4G
240,1,24001,8806****,1709****,2110****,240-01,240-01,4G
240,1,24001,4471****,1547****,8799****,240-01,240-01,3G
240,1,24001,9071****,1026****,8361****,240-01,240-01,3G
240,1,24001,6967****,4726****,7080****,240-01,240-01,3G
240,1,24001,3160****,1676****,5718****,240-01,240-01,3G
240,1,24001,8330****,1613****,2246****,240-01,240-01,5G
240,1,24001,5498****,2289****,6553****,240-01,240-01,5G
240,1,24001,4465****,3085****,4122****,240-01,240-01,5G
240,1,24001,7407****,7796****,9538****,240-01,240-01,5G
240,1,24001,5270****,1296****,1943****,240-01,240-01,3G
240,1,24001,7283****,6174****,6182****,240-01,240-01,3G
240,1,24001,2717****,8185****,3508****,240-01,240-01,4G
240,1,24001,5664****,6638****,8829****,240-01,240-01,4G
240,1,24001,2668****,7130****,6016****,240-01,240-01,4G
240,1,24001,3172****,6790****,5341****,240-01,240-01,4G
240,1,24001,5059****,9396****,3617****,240-01,240-01,5G
240,1,24001,7648****,5086****,9811****,240-01,240-01,5G
240,1,24001,3595****,1687****,2658****,240-01,240-01,3G
240,1,24001,2371****,8111****,4658****,240-01,240-01,3G
240,1,24001,6249****,1582****,2997****,240-01,240-01,4G
240,1,24001,3016****,6199****,3582****,240-01,240-01,4G
240,1,24001,4180****,4541****,6733****,240-01,240-01,5G
240,1,24001,3773****,9456****,9493****,240-01,240-01,5G
240,1,24001,9202****,2221****,2912****,240-01,240-01,4G
240,1,24001,3075****,9737****,1751****,240-01,240-01,4G
240,1,24001,8308****,2907****,8927****,240-01,240-01,3G
240,1,24001,9309****,7363****,1093****,240-01,240-01,3G
240,1,24001,3460****,8993****,3084****,240-01,240-01,4G
240,1,24001,5981****,2403****,5001****,240-01,240-01,4G
240,1,24001,8523****,2187****,1217****,240-01,240-01,4G
240,1,24001,4005****,5175****,2704****,240-01,240-01,4G
240,1,24001,1415****,6734****,8549****,240-01,240-01,4G
240,1,24001,7388****,9975****,1207****,240-01,240-01,4G
240,1,24001,5315****,1335****,7696****,240-01,240-01,4G
240,1,24001,1831****,7449****,4758****,240-01,240-01,4G
240,1,24001,6456****,5608****,9329****,240-01,240-01,5G
240,1,24001,2321****,6471****,6539****,240-01,240-01,5G
240,1,24001,2779****,2586****,1125****,240-01,240-01,5G
240,1,24001,7037****,5156****,1001****,240-01,240-01,5G
240,1,24001,2087****,4819****,8961****,240-01,240-01,5G
240,1,24001,3670****,5641****,2762****,240-01,240-01,5G
240,1,24001,6405****,7267****,9792****,240-01,240-01,4G
240,1,24001,8745****,9057****,1491****,240-01,240-01,4G
240,1,24001,2596****,3137****,4665****,240-01,240-01,4G
240,1,24001,4020****,4320****,5646****,240-01,240-01,4G
240,1,24001,3265****,4658****,6339****,240-01,240-01,5G
240,1,24001,4078****,1657****,6828****,240-01,240-01,5G
240,1,24001,8398****,9422****,6947****,240-01,240-01,4G
240,1,24001,5399****,6601****,7820****,240-01,240-01,4G
240,1,24001,4352****,5107****,6275****,240-01,240-01,3G
240,1,24001,6628****,1452****,2982****,240-01,240-01,3G
240,1,24001,6547****,2424****,9842****,240-01,240-01,3G
240,1,24001,4055****,6337****,5744****,240-01,240-01,3G
240,1,24001,9592****,3308****,1543****,240-01,240-01,4G
240,1,24001,6002****,5460****,4257****,240-01,240-01,4G
240,1,24001,4775****,3089****,5318****,240-01,240-01,5G
240,1,24001,2906****,9996****,8149****,240-01,240-01,5G
240,1,24001,4215****,8273****,6356****,240-01,240-01,5G
240,1,24001,7254****,1634****,1734****,240-01,240-01,5G
240,1,24001,9481****,6027****,7677****,240-01,240-01,3G
240,1,24001,4585****,1839****,4460****,240-01,240-01,3G
240,1,24001,2316****,4527****,2414****,240-01,240-01,3G
240,1,24001,3585****,6933****,8763****,240-01,240-01,3G
240,1,24001,4589****,5876****,7399****,240-01,240-01,3G
240,1,24001,4541****,8933****,1695****,240-01,240-01,3G
240,1,24001,7089****,1509****,5362****,240-01,240-01,5G
240,1,24001,8074****,5789****,3095****,240-01,240-01,5G
240,1,24001,4257****,2907****,8982****,240-01,240-01,4G
240,1,24001,8793****,9284****,7114****,240-01,240-01,4G
240,1,24001,6769****,8139****,7280****,240-01,240-01,4G
240,1,24001,8289****,2182****,6562****,240-01,240-01,4G
240,1,24001,5545****,1821****,3223****,240-01,240-01,5G
240,1,24001,3493****,8993****,4515****,240-01,240-01,5G
240,1,24001,1951****,2599****,7703****,240-01,240-01,4G
240,1,24001,9147****,4959****,4311****,240-01,240-01,4G
240,1,24001,2403****,6389****,8415****,240-01,240-01,5G
240,1,24001,9166****,5557****,8394****,240-01,240-01,5G
240,1,24001,5701****,3706****,8727****,240-01,240-01,3G
240,1,24001,8372****,9730****,5153****,240-01,240-01,3G
240,1,24001,8236****,5169****,3695****,240-01,240-01,5G
240,1,24001,2284****,1801****,3278****,240-01,240-01,5G
240,1,24001,5878****,9129****,6696****,240-01,240-01,4G
240,1,24001,6128****,3791****,9142****,240-01,240-01,4G
240,1,24001,2853****,1117****,7571****,240-01,240-01,5G
240,1,24001,8023****,1183****,5333****,240-01,240-01,5G
240,1,24001,3382****,6018****,9965****,240-01,240-01,4G
240,1,24001,7742****,5997****,2227****,240-01,240-01,4G
240,1,24001,9866****,2076****,3483****,240-01,240-01,3G
240,1,24001,6432****,4707****,2162****,240-01,240-01,3G
240,1,24001,2588****,3395****,4636****,240-01,240-01,5G
240,1,24001,4681****,6680****,7657****,240-01,240-01,5G
240,1,24001,2231****,4835****,4101****,240-01,240-01,4G
240,1,24001,1298****,3618****,2956****,240-01,240-01,4G
240,1,24001,8552****,7178****,7678****,240-01,240-01,5G
240,1,24001,4166****,7439****,6474****,240-01,240-01,5G
240,1,24001,3780****,7009****,6637****,240-01,240-01,3G
240,1,24001,2047****,2330****,6611****,240-01,240-01,3G
240,1,24001,8041****,8263****,1705****,240-01,240-01,3G
240,1,24001,4177****,6031****,7587****,240-01,240-01,3G
240,1,24001,6852****,3239****,6548****,240-01,240-01,4G
240,1,24001,8606****,4243****,3712****,240-01,240-01,4G
240,1,24001,4115****,9011****,2482****,240-01,240-01,5G
240,1,24001,9564****,9272****,9687****,240-01,240-01,5G
240,1,24001,9532****,7138****,2799****,240-01,240-01,3G
240,1,24001,9925****,2996****,9595****,240-01,240-01,3G
240,1,24001,7925****,6231****,7521****,240-01,240-01,3G
240,1,24001,9897****,2379****,9105****,240-01,240-01,3G
240,1,24001,4822****,8815****,4660****,240-01,240-01,3G
240,1,24001,6080****,8159****,2082****,240-01,240-01,3G
240,1,24001,8677****,7797****,9299****,240-01,240-01,4G
240,1,24001,6438****,8623****,9453****,240-01,240-01,4G
240,1,24001,8619****,8844****,6884****,240-01,240-01,3G
240,1,24001,1447****,9706****,4889****,240-01,240-01,3G
240,1,24001,6435****,4797****,8178****,240-01,240-01,5G
240,1,24001,5632****,5214****,8083****,240-01,240-01,5G
240,1,24001,1625****,8339****,3457****,240-01,240-01,5G
240,1,24001,8198****,9489****,5533****,240-01,240-01,5G
240,1,24001,1900****,6871****,7201****,240-01,240-01,3G
240,1,24001,4862****,5818****,2583****,240-01,240-01,3G
240,1,24001,2276****,1250****,3095****,240-01,240-01,5G
240,1,24001,5821****,1387****,8720****,240-01,240-01,5G
240,1,24001,6455****,1192****,6136****,240-01,240-01,4G
240,1,24001,2551****,3849****,1225****,240-01,240-01,4G
240,1,24001,5635****,4202****,3874****,240-01,240-01,3G
240,1,24001,3928****,3417****,9867****,240-01,240-01,3G
240,1,24001,3024****,6462****,7483****,240-01,240-01,4G
240,1,24001,1707****,7758****,4558****,240-01,240-01,4G
240,1,24001,7274****,9779****,2284****,240-01,240-01,4G
240,1,24001,8428****,5085****,9586****,240-01,240-01,4G
240,1,24001,9195****,6298****,5339****,240-01,240-01,3G
240,1,24001,3741****,3701****,1406****,240-01,240-01,3G
240,1,24001,3224****,7745****,3305****,240-01,240-01,4G
240,1,24001,9780****,4797****,7556****,240-01,240-01,4G
240,1,24001,9169****,7055****,3776****,240-01,240-01,3G
240,1,24001,9170****,8667****,7806****,240-01,240-01,3G
240,1,24001,5442****,2726****,8468****,240-01,240-01,3G
240,1,24001,1916****,7125****,7011****,240-01,240-01,3G
240,1,24001,8360****,1466****,2700****,240-01,240-01,3G
240,1,24001,3162****,5421****,9159****,240-01,240-01,3G
240,1,24001,6699****,3106****,5011****,240-01,240-01,4G
240,1,24001,8438****,2369****,3492****,240-01,240-01,4G
240,1,24001,9879****,4332****,9506****,240-01,240-01,3G
240,1,24001,3708****,7317****,5252****,240-01,240-01,3G
240,1,24001,9490****,3494****,8619****,240-01,240-01,4G
240,1,24001,6516****,8324****,8260****,240-01,240-01,4G
240,1,24001,7050****,9980****,1096****,240-01,240-01,4G
240,1,24001,6489****,5724****,8537****,240-01,240-01,4G
240,1,24001,4395****,6443****,7115****,240-01,240-01,4G
240,1,24001,6142****,3166****,2962****,240-01,240-01,4G
240,1,24001,3337****,8675****,9478****,240-01,240-01,4G
240,1,24001,7282****,9199****,7083****,240-01,240-01,4G
240,1,24001,1168****,7881****,3216****,240-01,240-01,3G
240,1,24001,6818****,1027****,1879****,240-01,240-01,3G
240,1,24001,4783****,8038****,1367****,240-01,240-01,4G
240,1,24001,5439****,6634****,8240****,240-01,240-01,4G
240,1,24001,5512****,3529****,3524****,240-01,240-01,5G
240,1,24001,4003****,5914****,7003****,240-01,240-01,5G
240,1,24001,9705****,6542****,2018****,240-01,240-01,5G
240,1,24001,5965****,5892****,9315****,240-01,240-01,5G
240,1,24001,1682****,8919****,3069****,240-01,240-01,5G
240,1,24001,8321****,4392****,8665****,240-01,240-01,5G
240,1,24001,5127****,1575****,1730****,240-01,240-01,4G
240,1,24001,8590****,3136****,2040****,240-01,240-01,4G
240,1,24001,3539****,3281****,4960****,240-01,240-01,4G
240,1,24001,4090****,9893****,8401****,240-01,240-01,4G
240,1,24001,9660****,8435****,9360****,240-01,240-01,4G
240,1,24001,8453****,9227****,2376****,240-01,240-01,4G
240,1,24001,7675****,8830****,5510****,240-01,240-01,5G
240,1,24001,8565****,8134****,7740****,240-01,240-01,5G
240,1,24001,3536****,6454****,7315****,240-01,240-01,5G
240,1,24001,7231****,6082****,9288****,240-01,240-01,5G
240,1,24001,5341****,1820****,2918****,240-01,240-01,4G
240,1,24001,6032****,1333****,1636****,240-01,240-01,4G
240,1,24001,9252****,9247****,9751****,240-01,240-01,5G
240,1,24001,3143****,9126****,5442****,240-01,240-01,5G
240,1,24001,8823****,3272****,5642****,240-01,240-01,4G
240,1,24001,6843****,8876****,2287****,240-01,240-01,4G
240,1,24001,1788****,7669****,2437****,240-01,240-01,3G
240,1,24001,9932****,3360****,1390****,240-01,240-01,3G
240,1,24001,1523****,1126****,5294****,240-01,240-01,4G
240,1,24001,7146****,1189****,4373****,240-01,240-01,4G
240,1,24001,2978****,8931****,5074****,240-01,240-01,5G
240,1,24001,9804****,8285****,5382****,240-01,240-01,5G
240,1,24001,5254****,7608****,3871****,240-01,240-01,4G
240,1,24001,8519****,5753****,5152****,240-01,240-01,4G
240,1,24001,6009****,2908****,9096****,240-01,240-01,4G
240,1,24001,2916****,8339****,8616****,240-01,240-01,4G
240,1,24001,1524****,6254****,3093****,240-01,240-01,5G
240,1,24001,1488****,3637****,1633****,240-01,240-01,5G
240,1,24001,3694****,8081****,1104****,240-01,240-01,5G
240,1,24001,9841****,1665****,6070****,240-01,240-01,5G
240,1,24001,9929****,9354****,3017****,240-01,240-01,5G
240,1,24001,8096****,4054****,8824****,240-01,240-01,5G
240,1,24001,5864****,1009****,8276****,240-01,240-01,5G
240,1,24001,8561****,2351****,8521****,240-01,240-01,5G
240,1,24001,6160****,1500****,1207****,240-01,240-01,4G
240,1,24001,9863****,3972****,9725****,240-01,240-01,4G
240,1,24001,6299****,1638****,2766****,240-01,240-01,5G
240,1,24001,9601****,1038****,7519****,240-01,240-01,5G
240,1,24001,9247****,8390****,4858****,240-01,240-01,5G
240,1,24001,7060****,2931****,4908****,240-01,240-01,5G
240,1,24001,2856****,4114****,3763****,240-01,240-01,5G
240,1,24001,1709****,3154****,4594****,240-01,240-01,5G
240,1,24001,6938****,6739****,3995****,240-01,240-01,4G
240,1,24001,8307****,3992****,3796****,240-01,240-01,4G
240,1,24001,2380****,5512****,5134****,240-01,240-01,4G
240,1,24001,4952****,3696****,6198****,240-01,240-01,4G
240,1,24001,3347****,7494****,8040****,240-01,240-01,3G
240,1,24001,8987****,6875****,8558****,240-01,240-01,3G
240,1,24001,9474****,1036****,1636****,240-01,240-01,4G
240,1,24001,5151****,5184****,6425****,240-01,240-01,4G
240,1,24001,6358****,4478****,3957****,240-01,240-01,4G
240,1,24001,8129****,1777****,4780****,240-01,240-01,4G
240,1,24001,9017****,2880****,2475****,240-01,240-01,5G
240,1,24001,4165****,6680****,9470****,240-01,240-01,5G
240,1,24001,9177****,3830****,9327****,240-01,240-01,5G
240,1,24001,3603****,5590****,6626****,240-01,240-01,5G
240,1,24001,4559****,1834****,1251****,240-01,240-01,5G
240,1,24001,5827****,7138****,6230****,240-01,240-01,5G
240,1,24001,6120****,6755****,8856****,240-01,240-01,3G
240,1,24001,4529****,5273****,7301****,240-01,240-01,3G
240,1,24001,7383****,6074****,4434****,240-01,240-01,5G
240,1,24001,2156****,1658****,2318****,240-01,240-01,5G
240,1,24001,6651****,1481****,2041****,240-01,240-01,5G
240,1,24001,9042****,3559****,9187****,240-01,240-01,5G
240,1,24001,9511****,5894****,8875****,240-01,240-01,5G
240,1,24001,3078****,6018****,2413****,240-01,240-01,5G
240,1,24001,5387****,4051****,6582****,240-01,240-01,5G
240,1,24001,8044****,9461****,2633****,240-01,240-01,5G
240,1,24001,1213****,9660****,1348****,240-01,240-01,3G
240,1,24001,7339****,8231****,6299****,240-01,240-01,3G
240,1,24001,6722****,8148****,8165****,240-01,240-01,3G
240,1,24001,9033****,3670****,6935****,240-01,240-01,3G
240,1,24001,1458****,8467****,7217****,240-01,240-01,4G
240,1,24001,4769****,5448****,3296****,240-01,240-01,4G
240,1,24001,1916****,2559****,9568****,240-01,240-01,4G
240,1,24001,7811****,8460****,3051****,240-01,240-01,4G
240,1,24001,8360****,5295****,1306****,240-01,240-01,3G
240,1,24001,1400****,6365****,9731****,240-01,240-01,3G
240,1,24001,7257****,9279****,1884****,240-01,240-01,3G
240,1,24001,1973****,9328****,7123****,240-01,240-01,3G
240,1,24001,4809****,2209****,8026****,240-01,240-01,3G
240,1,24001,8622****,2515****,9677****,240-01,240-01,3G
240,1,24001,7358****,6786****,4793****,240-01,240-01,4G
240,1,24001,7327****,3237****,9647****,240-01,240-01,4G
240,1,24001,6486****,9878****,3971****,240-01,240-01,4G
240,1,24001,4570****,9834****,4714****,240-01,240-01,4G
240,1,24001,5614****,5675****,4489****,240-01,240-01,5G
240,1,24001,1060****,4125****,3848****,240-01,240-01,5G
240,1,24001,1135****,5017****,6806****,240-01,240-01,5G
240,1,24001,2958****,8724****,5093****,240-01,240-01,5G
240,1,24001,1396****,8342****,7459****,240-01,240-01,5G
240,1,24001,9381****,8074****,1857****,240-01,240-01,5G
240,1,24001,8922****,9118****,7250****,240-01,240-01,4G
240,1,24001,7726****,8190****,4626****,240-01,240-01,4G
240,1,24001,3460****,4124****,8185****,240-01,240-01,5G
240,1,24001,4422****,2206****,9641****,240-01,240-01,5G
240,1,24001,5772****,6290****,5742****,240-01,240-01,5G
240,1,24001,7184****,5673****,1659****,240-01,240-01,5G
240,1,24001,3955****,5463****,2882****,240-01,240-01,4G
240,1,24001,9223****,2012****,3289****,240-01,240-01,4G
240,1,24001,6668****,9456****,6205****,240-01,240-01,4G
240,1,24001,3773****,1498****,5755****,240-01,240-01,4G
240,1,24001,6916****,9808****,6112****,240-01,240-01,5G
240,1,24001,8376****,5087****,7451****,240-01,240-01,5G
240,1,24001,5800****,4206****,9351****,240-01,240-01,4G
240,1,24001,5706****,6140****,5997****,240-01,240-01,4G
240,1,24001,4035****,7614****,3022****,240-01,240-01,4G
240,1,24001,1114****,4838****,2373****,240-01,240-01,4G
240,1,24001,9976****,4940****,6630****,240-01,240-01,3G
240,1,24001,1071****,6166****,2400****,240-01,240-01,3G
240,1,24001,3939****,4865****,7600****,240-01,240-01,4G
240,1,24001,9710****,8683****,5984****,240-01,240-01,4G
240,1,24001,8758****,1315****,6395****,240-01,240-01,3G
240,1,24001,2447****,3749****,3190****,240-01,240-01,3G
240,1,24001,6519****,8800****,1602****,240-01,240-01,3G
240,1,24001,5743****,1240****,7205****,240-01,240-01,3G
240,1,24001,8930****,5353****,7376****,240-01,240-01,4G
240,1,24001,1490****,8859****,9942****,240-01,240-01,4G
240,1,24001,5001****,8065****,9022****,240-01,240-01,3G
240,1,24001,3427****,6180****,7619****,240-01,240-01,3G
240,1,24001,1468****,7139****,9855****,240-01,240-01,3G
240,1,24001,1197****,5179****,7986****,240-01,240-01,3G
240,1,24001,3061****,1484****,6320****,240-01,240-01,5G
240,1,24001,3939****,5482****,2489****,240-01,240-01,5G
240,1,24001,9767****,2124****,8658****,240-01,240-01,5G
240,1,24001,8022****,3761****,4699****,240-01,240-01,5G
240,1,24001,1706****,6997****,9207****,240-01,240-01,5G
240,1,24001,5421****,3723****,2148****,240-01,240-01,5G
240,1,24001,8043****,2502****,3083****,240-01,240-01,3G
240,1,24001,8883****,5620****,9105****,240-01,240-01,3G
240,1,24001,8247****,8227****,8981****,240-01,240-01,4G
240,1,24001,7522****,1421****,7204****,240-01,240-01,4G
240,1,24001,5862****,9012****,4197****,240-01,240-01,3G
240,1,24001,6192****,1054****,9601****,240-01,240-01,3G
240,1,24001,4243****,8852****,1260****,240-01,240-01,4G
240,1,24001,1162****,5149****,1500****,240-01,240-01,4G
240,1,24001,4814****,2630****,4437****,240-01,240-01,4G
240,1,24001,4215****,7074****,7277****,240-01,240-01,4G
240,1,24001,8776****,9281****,6737****,240-01,240-01,3G
240,1,24001,8662****,4856****,5026****,240-01,240-01,3G
240,1,24001,5931****,3056****,3626****,240-01,240-01,3G
240,1,24001,9069****,8139****,2120****,240-01,240-01,3G
240,1,24001,8071****,6935****,6495****,240-01,240-01,3G
240,1,24001,6727****,4334****,7864****,240-01,240-01,3G
240,1,24001,3416****,7888****,4823****,240-01,240-01,3G
240,1,24001,4361****,9656****,6335****,240-01,240-01,3G
240,1,24001,2495****,6671****,9419****,240-01,240-01,5G
240,1,24001,7023****,5989****,2480****,240-01,240-01,5G
240,1,24001,4994****,8917****,3830****,240-01,240-01,3G
240,1,24001,2257****,3372****,4923****,240-01,240-01,3G
240,1,24001,9283****,8129****,6921****,240-01,240-01,5G
240,1,24001,5746****,9443****,9686****,240-01,240-01,5G
240,1,24001,9005****,1314****,8323****,240-01,240-01,4G
240,1,24001,6061****,4597****,5761****,240-01,240-01,4G
240,1,24001,9899****,9253****,9370****,240-01,240-01,4G
240,1,24001,7195****,1239****,2861****,240-01,240-01,4G
240,1,24001,5014****,4947****,3309****,240-01,240-01,3G
240,1,24001,4394****,4078****,5045****,240-01,240-01,3G
240,1,24001,6777****,5398****,8751****,240-01,240-01,4G
240,1,24001,2360****,2224****,7542****,240-01,240-01,4G
240,1,24001,5839****,5881****,6432****,240-01,240-01,5G
240,1,24001,6698****,2214****,3385****,240-01,240-01,5G
240,1,24001,5147****,9533****,8304****,240-01,240-01,4G
240,1,24001,4016****,5622****,8657****,240-01,240-01,4G
240,1,24001,5807****,6840****,9599****,240-01,240-01,3G
240,1,24001,7287****,1446****,5206****,240-01,240-01,3G
240,1,24001,5311****,4206****,9456****,240-01,240-01,5G
240,1,24001,2221****,9193****,8397****,240-01,240-01,5G
240,1,24001,4256****,3968****,1511****,240-01,240-01,3G
240,1,24001,4521****,7287****,7045****,240-01,240-01,3G
240,1,24001,2727****,4044****,1275****,240-01,240-01,5G
240,1,24001,9027****,2074****,8002****,240-01,240-01,5G
240,1,24001,5200****,9403****,2263****,240-01,240-01,5G
240,1,24001,1808****,6045****,4424****,240-01,240-01,5G
240,1,24001,8540****,5839****,2300****,240-01,240-01,4G
240,1,24001,8379****,5161****,6896****,240-01,240-01,4G
240,1,24001,5538****,7710****,7642****,240-01,240-01,4G
240,1,24001,5000****,9759****,2181****,240-01,240-01,4G
240,1,24001,3626****,4063****,2929****,240-01,240-01,3G
240,1,24001,4847****,8084****,7999****,240-01,240-01,3G
240,1,24001,5331****,2511****,2904****,240-01,240-01,4G
240,1,24001,1939****,9170****,3708****,240-01,240-01,4G
240,1,24001,2586****,3293****,4318****,240-01,240-01,4G
240,1,24001,1668****,3808****,2204****,240-01,240-01,4G
240,1,24001,1064****,7074****,4290****,240-01,240-01,3G
240,1,24001,1081****,8426****,8265****,240-01,240-01,3G
240,1,24001,4435****,5484****,8313****,240-01,240-01,4G
240,1,24001,1010****,4209****,9168****,240-01,240-01,4G
240,1,24001,6299****,6686****,2248****,240-01,240-01,4G
240,1,24001,9081****,1371****,1485****,240-01,240-01,4G
240,1,24001,3988****,5356****,4090****,240-01,240-01,3G
240,1,24001,9858****,5634****,5049****,240-01,240-01,3G
240,1,24001,3177****,8632****,7453****,240-01,240-01,4G
240,1,24001,8100****,1382****,8206****,240-01,240-01,4G
240,1,24001,2112****,2860****,7956****,240-01,240-01,5G
240,1,24001,3659****,9466****,3042****,240-01,240-01,5G
240,1,24001,8492****,6731****,5886****,240-01,240-01,3G
240,1,24001,9645****,7179****,6968****,240-01,240-01,3G
240,1,24001,1806****,2790****,2935****,240-01,240-01,3G
240,1,24001,1797****,8243****,2443****,240-01,240-01,3G
240,1,24001,7896****,1968****,7689****,240-01,240-01,3G
240,1,24001,2552****,1469****,6184****,240-01,240-01,3G
240,1,24001,1183****,7933****,8587****,240-01,240-01,5G
240,1,24001,9552****,8277****,8852****,240-01,240-01,5G
240,1,24001,2023****,4347****,3586****,240-01,240-01,3G
240,1,24001,5363****,8499****,6725****,240-01,240-01,3G
240,1,24001,4759****,9907****,9238****,240-01,240-01,4G
240,1,24001,3951****,5080****,8352****,240-01,240-01,4G
240,1,24001,3339****,5297****,3046****,240-01,240-01,5G
240,1,24001,4306****,1209****,1668****,240-01,240-01,5G
240,1,24001,5258****,8133****,3803****,240-01,240-01,3G
240,1,24001,5392****,2021****,4347****,240-01,240-01,3G
240,1,24001,1359****,5303****,7640****,240-01,240-01,5G
240,1,24001,2250****,5300****,6294****,240-01,240-01,5G
240,1,24001,3102****,7444****,1820****,240-01,240-01,5G
240,1,24001,8510****,9704****,2990****,240-01,240-01,5G
240,1,24001,7495****,1433****,8192****,240-01,240-01,3G
240,1,24001,4660****,4763****,4811****,240-01,240-01,3G
240,1,24001,6354****,9975****,5630****,240-01,240-01,4G
240,1,24001,9769****,2005****,9469****,240-01,240-01,4G
240,1,24001,8579****,4612****,8610****,240-01,240-01,3G
240,1,24001,8797****,5308****,8128****,240-01,240-01,3G
240,1,24001,5285****,7152****,3827****,240-01,240-01,3G
240,1,24001,9716****,7336****,2386****,240-01,240-01,3G
240,1,24001,9419****,5405****,2464****,240-01,240-01,4G
240,1,24001,4000****,2312****,2375****,240-01,240-01,4G
240,1,24001,6521****,2795****,9254****,240-01,240-01,4G
240,1,24001,1464****,1452****,6285****,240-01,240-01,4G
240,1,24001,5444****,1393****,9482****,240-01,240-01,3G
240,1,24001,9212****,6144****,4165****,240-01,240-01,3G
240,1,24001,9357****,7494****,6185****,240-01,240-01,4G
240,1,24001,7905****,6418****,9070****,240-01,240-01,4G
240,1,24001,8062****,2298****,7007****,240-01,240-01,4G
240,1,24001,4372****,1896****,4222****,240-01,240-01,4G
240,1,24001,4331****,6897****,2843****,240-01,240-01,4G
240,1,24001,9391****,8947****,4457****,240-01,240-01,4G
240,1,24001,6362****,6706****,8994****,240-01,240-01,5G
240,1,24001,8757****,1608****,5592****,240-01,240-01,5G
240,1,24001,1504****,2299****,2627****,240-01,240-01,4G
240,1,24001,8279****,7159****,5990****,240-01,240-01,4G
240,1,24001,8462****,2385****,4355****,240-01,240-01,5G
240,1,24001,4875****,2549****,8043****,240-01,240-01,5G
240,1,24001,2866****,6097****,9680****,240-01,240-01,4G
240,1,24001,8761****,4291****,4829****,240-01,240-01,4G
240,1,24001,2940****,6432****,7337****,240-01,240-01,3G
240,1,24001,3042****,3258****,7101****,240-01,240-01,3G
240,1,24001,7785****,7496****,7027****,240-01,240-01,5G
240,1,24001,6927****,7722****,4992****,240-01,240-01,5G
240,1,24001,6263****,2765****,4938****,240-01,240-01,5G
240,1,24001,4837****,6056****,1387****,240-01,240-01,5G
240,1,24001,7000****,5768****,9430****,240-01,240-01,3G
240,1,24001,3894****,5929****,1350****,240-01,240-01,3G
240,1,24001,7735****,6244****,9151****,240-01,240-01,4G
240,1,24001,7802****,5815****,7605****,240-01,240-01,4G
240,1,24001,9440****,9870****,6600****,240-01,240-01,5G
240,1,24001,9983****,7787****,2421****,240-01,240-01,5G
240,1,24001,2321****,1985****,8407****,240-01,240-01,4G
240,1,24001,8260****,8552****,3495****,240-01,240-01,4G
240,1,24001,2533****,7361****,2157****,240-01,240-01,3G
240,1,24001,4483****,7754****,2441****,240-01,240-01,3G
240,1,24001,7710****,4173****,2515****,240-01,240-01,3G
240,1,24001,2379****,5250****,4031****,240-01,240-01,3G
240,1,24001,6859****,5574****,1935****,240-01,240-01,4G
240,1,24001,3564****,3495****,1762****,240-01,240-01,4G
240,1,24001,9779****,6189****,7588****,240-01,240-01,4G
240,1,24001,8175****,1209****,8125****,240-01,240-01,4G
240,1,24001,9025****,4493****,7030****,240-01,240-01,4G
240,1,24001,3950****,4047****,6268****,240-01,240-01,4G
240,1,24001,1244****,6578****,8925****,240-01,240-01,5G
240,1,24001,7110****,7737****,4151****,240-01,240-01,5G
240,1,24001,8138****,9759****,1580****,240-01,240-01,3G
240,1,24001,4254****,5813****,7874****,240-01,240-01,3G
240,1,24001,3249****,7727****,7279****,240-01,240-01,3G
240,1,24001,5767****,2694****,7216****,240-01,240-01,3G
240,1,24001,9699****,8995****,2183****,240-01,240-01,5G
240,1,24001,3594****,9418****,2567****,240-01,240-01,5G
240,1,24001,3789****,1173****,2946****,240-01,240-01,4G
240,1,24001,6084****,6848****,6858****,240-01,240-01,4G
240,1,24001,7787****,6133****,6914****,240-01,240-01,5G
240,1,24001,5035****,3572****,4764****,240-01,240-01,5G
240,1,24001,9852****,5731****,8603****,240-01,240-01,5G
240,1,24001,8514****,5651****,8776****,240-01,240-01,5G
240,1,24001,1314****,8068****,3598****,240-01,240-01,5G
240,1,24001,4916****,1366****,8741****,240-01,240-01,5G
240,1,24001,6757****,9268****,2865****,240-01,240-01,3G
240,1,24001,3362****,8658****,7878****,240-01,240-01,3G
240,1,24001,7260****,8710****,7153****,240-01,240-01,3G
240,1,24001,1805****,2814****,4711****,240-01,240-01,3G
240,1,24001,2696****,6408****,5547****,240-01,240-01,4G
240,1,24001,8709****,2789****,4151****,240-01,240-01,4G
240,1,24001,4538****,2791****,8294****,240-01,240-01,4G
240,1,24001,2527****,6884****,1138****,240-01,240-01,4G
240,1,24001,2284****,2785****,6022****,240-01,240-01,3G
240,1,24001,4976****,9471****,6055****,240-01,240-01,3G
240,1,24001,3199****,7861****,9990****,240-01,240-01,4G
240,1,24001,5235****,9408****,6427****,240-01,240-01,4G
240,1,24001,3592****,8096****,1026****,240-01,240-01,4G
240,1,24001,7216****,1292****,8249****,240-01,240-01,4G
240,1,24001,4324****,1869****,9121****,240-01,240-01,4G
240,1,24001,2411****,9436****,1444****,240-01,240-01,4G
240,1,24001,2359****,2942****,3230****,240-01,240-01,4G
240,1,24001,7133****,9961****,8154****,240-01,240-01,4G
240,1,24001,4369****,6010****,9793****,240-01,240-01,3G
240,1,24001,4462****,1076****,2035****,240-01,240-01,3G
240,1,24001,9836****,1027****,7560****,240-01,240-01,5G
240,1,24001,8144****,2346****,8650****,240-01,240-01,5G
240,1,24001,2731****,2286****,1370****,240-01,240-01,3G
240,1,24001,1173****,2626****,7190****,240-01,240-01,3G
240,1,24001,7755****,4209****,6802****,240-01,240-01,4G
240,1,24001,7133****,9333****,8472****,240-01,240-01,4G
240,1,24001,1844****,3829****,1404****,240-01,240-01,3G
240,1,24001,7535****,5360****,2521****,240-01,240-01,3G
240,1,24001,6453****,3151****,5646****,240-01,240-01,4G
240,1,24001,8349****,4233****,3383****,240-01,240-01,4G
240,1,24001,3318****,6833****,5402****,240-01,240-01,5G
240,1,24001,2527****,6945****,2589****,240-01,240-01,5G
240,1,24001,8246****,6362****,6251****,240-01,240-01,3G
240,1,24001,8469****,9551****,9650****,240-01,240-01,3G
240,1,24001,4945****,7881****,1389****,240-01,240-01,4G
240,1,24001,2426****,8518****,2525****,240-01,240-01,4G
240,1,24001,5127****,9494****,3430****,240-01,240-01,3G
240,1,24001,3159****,9606****,1457****,240-01,240-01,3G
240,1,24001,6159****,8998****,9331****,240-01,240-01,4G
240,1,24001,1845****,7612****,7104****,240-01,240-01,4G
240,1,24001,2869****,3344****,4720****,240-01,240-01,3G
240,1,24001,4624****,3482****,7757****,240-01,240-01,3G
240,1,24001,4592****,2212****,9742****,240-01,240-01,3G
240,1,24001,6921****,8412****,3414****,240-01,240-01,3G
240,1,24001,6591****,6036****,1565****,240-01,240-01,4G
240,1,24001,2725****,1914****,9833****,240-01,240-01,4G
240,1,24001,2043****,3878****,5553****,240-01,240-01,3G
240,1,24001,9250****,4908****,2863****,240-01,240-01,3G
240,1,24001,9606****,8481****,9528****,240-01,240-01,4G
240,1,24001,3931****,8754****,5520****,240-01,240-01,4G
240,1,24001,7682****,8841****,6065****,240-01,240-01,3G
240,1,24001,4137****,5572****,2254****,240-01,240-01,3G
240,1,24001,3670****,9727****,3632****,240-01,240-01,5G
240,1,24001,4268****,3574****,1212****,240-01,240-01,5G
240,1,24001,8521****,9760****,5956****,240-01,240-01,5G
240,1,24001,5179****,3342****,5841****,240-01,240-01,5G
240,1,24001,5838****,8090****,7403****,240-01,240-01,3G
240,1,24001,9538****,6699****,2986****,240-01,240-01,3G
240,1,24001,2826****,1007****,9554****,240-01,240-01,4G
240,1,24001,2377****,4871****,2298****,240-01,240-01,4G
240,1,24001,4981****,6638****,6471****,240-01,240-01,3G
240,1,24001,8398****,2332****,9119****,240-01,240-01,3G
240,1,24001,4564****,7749****,7242****,240-01,240-01,5G
240,1,24001,5934****,5153****,7634****,240-01,240-01,5G
240,1,24001,7969****,8814****,6641****,240-01,240-01,5G
240,1,24001,7922****,1713****,8809****,240-01,240-01,5G
240,1,24001,5834****,8940****,9536****,240-01,240-01,3G
240,1,24001,5678****,6596****,2850****,240-01,240-01,3G
240,1,24001,3036****,4520****,2152****,240-01,240-01,4G
240,1,24001,8434****,7950****,5997****,240-01,240-01,4G
240,1,24001,7731****,4338****,8301****,240-01,240-01,3G
240,1,24001,6689****,6720****,2631****,240-01,240-01,3G
240,1,24001,4730****,3810****,2668****,240-01,240-01,4G
240,1,24001,2912****,6534****,9097****,240-01,240-01,4G
240,1,24001,1640****,7167****,7576****,240-01,240-01,5G
240,1,24001,2063****,8081****,8177****,240-01,240-01,5G
240,1,24001,1359****,3677****,2677****,240-01,240-01,5G
240,1,24001,6220****,4697****,4082****,240-01,240-01,5G
240,1,24001,6215****,1335****,9570****,240-01,240-01,3G
240,1,24001,2898****,8594****,5979****,240-01,240-01,3G
240,1,24001,3583****,3325****,6058****,240-01,240-01,5G
240,1,24001,1287****,3167****,7008****,240-01,240-01,5G
240,1,24001,9042****,5646****,4728****,240-01,240-01,3G
240,1,24001,2599****,9476****,2282****,240-01,240-01,3G
240,1,24001,2253****,9091****,2059****,240-01,240-01,4G
240,1,24001,9066****,5516****,6460****,240-01,240-01,4G
240,1,24001,9949****,5848****,2001****,240-01,240-01,5G
240,1,24001,5072****,6224****,2061****,240-01,240-01,5G
240,1,24001,7737****,7676****,3656****,240-01,240-01,4G
240,1,24001,3273****,8173****,2183****,240-01,240-01,4G
240,1,24001,1785****,4717****,6569****,240-01,240-01,5G
240,1,24001,3611****,8435****,8293****,240-01,240-01,5G
240,1,24001,8626****,6785****,7652****,240-01,240-01,5G
240,1,24001,6707****,9758****,3218****,240-01,240-01,5G
240,1,24001,7620****,3957****,9517****,240-01,240-01,5G
240,1,24001,6298****,5247****,6389****,240-01,240-01,5G
240,1,24001,6851****,6069****,7891****,240-01,240-01,3G
240,1,24001,1585****,2447****,6611****,240-01,240-01,3G
240,1,24001,7472****,1689****,4250****,240-01,240-01,5G
240,1,24001,3554****,6296****,6700****,240-01,240-01,5G
240,1,24001,5404****,8332****,9462****,240-01,240-01,3G
240,1,24001,7293****,3130****,6881****,240-01,240-01,3G
240,1,24001,5377****,6730****,5423****,240-01,240-01,3G
240,1,24001,2774****,9305****,6413****,240-01,240-01,3G
240,1,24001,2685****,6612****,7483****,240-01,240-01,5G
240,1,24001,9768****,6158****,4738****,240-01,240-01,5G
240,1,24001,6229****,7692****,4561****,240-01,240-01,3G
240,1,24001,7835****,4918****,6728****,240-01,240-01,3G
240,1,24001,4137****,7975****,4931****,240-01,240-01,3G
240,1,24001,5565****,4204****,6830****,240-01,240-01,3G
240,1,24001,2588****,3642****,6891****,240-01,240-01,5G
240,1,24001,4406****,6146****,9987****,240-01,240-01,5G
240,1,24001,9742****,7371****,7781****,240-01,240-01,3G
240,1,24001,7958****,5134****,1863****,240-01,240-01,3G
240,1,24001,8145****,9499****,6961****,240-01,240-01,5G
240,1,24001,1111****,6339****,2477****,240-01,240-01,5G
240,1,24001,9335****,1129****,7357****,240-01,240-01,5G
240,1,24001,4474****,9210****,6395****,240-01,240-01,5G
240,1,24001,8244****,3136****,2298****,240-01,240-01,3G
240,1,24001,2661****,3171****,7364****,240-01,240-01,3G
240,1,24001,1654****,2054****,1971****,240-01,240-01,4G
240,1,24001,7598****,5799****,3978****,240-01,240-01,4G
240,1,24001,3075****,6239****,2728****,240-01,240-01,4G
240,1,24001,3400****,4051****,8887****,240-01,240-01,4G
240,1,24001,6963****,2370****,5569****,240-01,240-01,5G
240,1,24001,1494****,9022****,3096****,240-01,240-01,5G
240,1,24001,9862****,6439****,1125****,240-01,240-01,4G
240,1,24001,5822****,4387****,9113****,240-01,240-01,4G
240,1,24001,1706****,9267****,5963****,240-01,240-01,5G
240,1,24001,9014****,8975****,8868****,240-01,240-01,5G
240,1,24001,3711****,3200****,4832****,240-01,240-01,5G
240,1,24001,8502****,2834****,4796****,240-01,240-01,5G
240,1,24001,8586****,1108****,8083****,240-01,240-01,5G
240,1,24001,6616****,5890****,9885****,240-01,240-01,5G
240,1,24001,8502****,9321****,3367****,240-01,240-01,4G
240,1,24001,3278****,2061****,2042****,240-01,240-01,4G
240,1,24001,4866****,8798****,2335****,240-01,240-01,4G
240,1,24001,5288****,7489****,3554****,240-01,240-01,4G
240,1,24001,9020****,9203****,2585****,240-01,240-01,5G
240,1,24001,1233****,4435****,8403****,240-01,240-01,5G
240,1,24001,3014****,1838****,7415****,240-01,240-01,3G
240,1,24001,1202****,5660****,7604****,240-01,240-01,3G
240,1,24001,9658****,8775****,1016****,240-01,240-01,3G
240,1,24001,4175****,1298****,6211****,240-01,240-01,3G
240,1,24001,1009****,9361****,4255****,240-01,240-01,4G
240,1,24001,2548****,6070****,9198****,240-01,240-01,4G
240,1,24001,4925****,4617****,7327****,240-01,240-01,5G
240,1,24001,3555****,6344****,5958****,240-01,240-01,5G
240,1,24001,8089****,2319****,7628****,240-01,240-01,3G
240,1,24001,3276****,6071****,6693****,240-01,240-01,3G
240,1,24001,1254****,7307****,3928****,240-01,240-01,3G
240,1,24001,6748****,8934****,2529****,240-01,240-01,3G
240,1,24001,1658****,2809****,8472****,240-01,240-01,3G
240,1,24001,8908****,4593****,8399****,240-01,240-01,3G
240,1,24001,9276****,9258****,9929****,240-01,240-01,3G
240,1,24001,2701****,4087****,3291****,240-01,240-01,3G
240,1,24001,4589****,1094****,3543****,240-01,240-01,5G
240,1,24001,2020****,1706****,1223****,240-01,240-01,5G
240,1,24001,3172****,1604****,8721****,240-01,240-01,4G
240,1,24001,8382****,7877****,9243****,240-01,240-01,4G
240,1,24001,6608****,3428****,6110****,240-01,240-01,3G
240,1,24001,3847****,3389****,8356****,240-01,240-01,3G
240,1,24001,8078****,5062****,9569****,240-01,240-01,4G
240,1,24001,6121****,7370****,2721****,240-01,240-01,4G
240,1,24001,7345****,7878****,6212****,240-01,240-01,3G
240,1,24001,8283****,2012****,2799****,240-01,240-01,3G
240,1,24001,6521****,2301****,8223****,240-01,240-01,5G
240,1,24001,5693****,2228****,7695****,240-01,240-01,5G
240,1,24001,8213****,7609****,6583****,240-01,240-01,3G
240,1,24001,1206****,5500****,4316****,240-01,240-01,3G
240,1,24001,6160****,1290****,3718****,240-01,240-01,5G
240,1,24001,2372****,7663****,9077****,240-01,240-01,5G
240,1,24001,3084****,1793****,1269****,240-01,240-01,5G
240,1,24001,9168****,6384****,8487****,240-01,240-01,5G
240,1,24001,8747****,7000****,4236****,240-01,240-01,4G
240,1,24001,5054****,8502****,4794****,240-01,240-01,4G
240,1,24001,7936****,7462****,3354****,240-01,240-01,3G
240,1,24001,6894****,1557****,1955****,240-01,240-01,3G
240,1,24001,5332****,4313****,9376****,240-01,240-01,5G
240,1,24001,7392****,6430****,5450****,240-01,240-01,5G
240,1,24001,9750****,1788****,8703****,240-01,240-01,5G
240,1,24001,1910****,9476****,7674****,240-01,240-01,5G
240,1,24001,3628****,1110****,1808****,240-01,240-01,3G
240,1,24001,2341****,6736****,7144****,240-01,240-01,3G
240,1,24001,9060****,7597****,4273****,240-01,240-01,4G
240,1,24001,1548****,9398****,2806****,240-01,240-01,4G
240,1,24001,8292****,8745****,5613****,240-01,240-01,5G
240,1,24001,1260****,4149****,1173****,240-01,240-01,5G
240,1,24001,7726****,2144****,1726****,240-01,240-01,4G
240,1,24001,2477****,5913****,9985****,240-01,240-01,4G
240,1,24001,4366****,8774****,9129****,240-01,240-01,5G
240,1,24001,8252****,4074****,3368****,240-01,240-01,5G
240,1,24001,4531****,1708****,6954****,240-01,240-01,4G
240,1,24001,9350****,4580****,4328****,240-01,240-01,4G
240,1,24001,4168****,4350****,6180****,240-01,240-01,4G
240,1,24001,6297****,4251****,3296****,240-01,240-01,4G
240,1,24001,9827****,1568****,7251****,240-01,240-01,4G
240,1,24001,3712****,6796****,2330****,240-01,240-01,4G
240,1,24001,9436****,5780****,2111****,240-01,240-01,4G
240,1,24001,1175****,7977****,5234****,240-01,240-01,4G
240,1,24001,4984****,1140****,6962****,240-01,240-01,5G
240,1,24001,3360****,4946****,1746****,240-01,240-01,5G
240,1,24001,4087****,3542****,9446****,240-01,240-01,4G
240,1,24001,5401****,1198****,1858****,240-01,240-01,4G
240,1,24001,1208****,5620****,9122****,240-01,240-01,3G
240,1,24001,1999****,4048****,6945****,240-01,240-01,3G
240,1,24001,9194****,9034****,6466****,240-01,240-01,4G
240,1,24001,1050****,6525****,9377****,240-01,240-01,4G
240,1,24001,4262****,5059****,3495****,240-01,240-01,4G
240,1,24001,6655****,1560****,4934****,240-01,240-01,4G
240,1,24001,7415****,2987****,4738****,240-01,240-01,4G
240,1,24001,9474****,2216****,8992****,240-01,240-01,4G
240,1,24001,9910****,3078****,5499****,240-01,240-01,4G
240,1,24001,6827****,3668****,1234****,240-01,240-01,4G
240,1,24001,5859****,9800****,8775****,240-01,240-01,3G
240,1,24001,7022****,9487****,4480****,240-01,240-01,3G
240,1,24001,6689****,2482****,7929****,240-01,240-01,3G
240,1,24001,5159****,2201****,6501****,240-01,240-01,3G
240,1,24001,1401****,3101****,1462****,240-01,240-01,4G
240,1,24001,9570****,1211****,5235****,240-01,240-01,4G
240,1,24001,8488****,7162****,2679****,240-01,240-01,3G
240,1,24001,4763****,5720****,5448****,240-01,240-01,3G
240,1,24001,7927****,7679****,5714****,240-01,240-01,5G
240,1,24001,2100****,6976****,2422****,240-01,240-01,5G
240,1,24001,7010****,7228****,9423****,240-01,240-01,5G
240,1,24001,4568****,3711****,8253****,240-01,240-01,5G
240,1,24001,4236****,1015****,5938****,240-01,240-01,5G
240,1,24001,4384****,4043****,7365****,240-01,240-01,5G
240,1,24001,9902****,1781****,8966****,240-01,240-01,3G
240,1,24001,9524****,9012****,4090****,240-01,240-01,3G
240,1,24001,9337****,6704****,6415****,240-01,240-01,3G
240,1,24001,9364****,4339****,1431****,240-01,240-01,3G
240,1,24001,1413****,1753****,7795****,240-01,240-01,3G
240,1,24001,4163****,7094****,9059****,240-01,240-01,3G
240,1,24001,3606****,1768****,3239****,240-01,240-01,4G
240,1,24001,6770****,9391****,3389****,240-01,240-01,4G
240,1,24001,4891****,8037****,4010****,240-01,240-01,5G
240,1,24001,6690****,4688****,1115****,240-01,240-01,5G
240,1,24001,8400****,2969****,7968****,240-01,240-01,3G
240,1,24001,8458****,1984****,3637****,240-01,240-01,3G
240,1,24001,8306****,4545****,5150****,240-01,240-01,3G
240,1,24001,9963****,4828****,4708****,240-01,240-01,3G
240,1,24001,4282****,1355****,7059****,240-01,240-01,5G
240,1,24001,4581****,7006****,1678****,240-01,240-01,5G
240,1,24001,7845****,3520****,5813****,240-01,240-01,3G
240,1,24001,7334****,2075****,8489****,240-01,240-01,3G
240,1,24001,3044****,9127****,8390****,240-01,240-01,4G
240,1,24001,3021****,5391****,9555****,240-01,240-01,4G
240,1,24001,2649****,5723****,8862****,240-01,240-01,4G
240,1,24001,1973****,6889****,3226****,240-01,240-01,4G
240,1,24001,3182****,7596****,9867****,240-01,240-01,3G
240,1,24001,4254****,5667****,5081****,240-01,240-01,3G
240,1,24001,3838****,8171****,2841****,240-01,240-01,3G
240,1,24001,1087****,3645****,8883****,240-01,240-01,3G
240,1,24001,2123****,2047****,7784****,240-01,240-01,3G
240,1,24001,3277****,6483****,3970****,240-01,240-01,3G
240,1,24001,3933****,1868****,5876****,240-01,240-01,3G
240,1,24001,2638****,3259****,9677****,240-01,240-01,3G
240,1,24001,6366****,4707****,4327****,240-01,240-01,3G
240,1,24001,5811****,4510****,1935****,240-01,240-01,3G
240,1,24001,7224****,4316****,7495****,240-01,240-01,5G
240,1,24001,3283****,1227****,1020****,240-01,240-01,5G
240,1,24001,8394****,4226****,9417****,240-01,240-01,4G
240,1,24001,9196****,3249****,8800****,240-01,240-01,4G
240,1,24001,6234****,6958****,4123****,240-01,240-01,4G
240,1,24001,6873****,4468****,8824****,240-01,240-01,4G
240,1,24001,9753****,5143****,4903****,240-01,240-01,5G
240,1,24001,8749****,5148****,6892****,240-01,240-01,5G
240,1,24001,8006****,8755****,4960****,240-01,240-01,5G
240,1,24001,4140****,7141****,9445****,240-01,240-01,5G
240,1,24001,1405****,3062****,4886****,240-01,240-01,4G
240,1,24001,3072****,9292****,1182****,240-01,240-01,4G
240,1,24001,2831****,5559****,4728****,240-01,240-01,5G
240,1,24001,5660****,4764****,7758****,240-01,240-01,5G
240,1,24001,1182****,1712****,5989****,240-01,240-01,4G
240,1,24001,6959****,7971****,8507****,240-01,240-01,4G
240,1,24001,3021****,3048****,7562****,240-01,240-01,5G
240,1,24001,4719****,7454****,7612****,240-01,240-01,5G
240,1,24001,1476****,6656****,6597****,240-01,240-01,5G
240,1,24001,6615****,7829****,1611****,240-01,240-01,5G
240,1,24001,1441****,7435****,8113****,240-01,240-01,3G
240,1,24001,3197****,2009****,8139****,240-01,240-01,3G
240,1,24001,1039****,4687****,2969****,240-01,240-01,4G
240,1,24001,3689****,7688****,8841****,240-01,240-01,4G
240,1,24001,7336****,6784****,5027****,240-01,240-01,3G
240,1,24001,7522****,6659****,2307****,240-01,240-01,3G
240,1,24001,4900****,2858****,5103****,240-01,240-01,5G
240,1,24001,8512****,8326****,7358****,240-01,240-01,5G
240,1,24001,1855****,9886****,6537****,240-01,240-01,4G
240,1,24001,8440****,3471****,3751****,240-01,240-01,4G
240,1,24001,1481****,7471****,2629****,240-01,240-01,3G
240,1,24001,4318****,9823****,9041****,240-01,240-01,3G
240,1,24001,3459****,1133****,2659****,240-01,240-01,5G
240,1,24001,6071****,9153****,4452****,240-01,240-01,5G
240,1,24001,8580****,7002****,4020****,240-01,240-01,4G
240,1,24001,7244****,9979****,8384****,240-01,240-01,4G
240,1,24001,1508****,2875****,8246****,240-01,240-01,4G
240,1,24001,1450****,6057****,6097****,240-01,240-01,4G
240,1,24001,7623****,4525****,6579****,240-01,240-01,4G
240,1,24001,3277****,8609****,4166****,240-01,240-01,4G
240,1,24001,7652****,1228****,4909****,240-01,240-01,3G
240,1,24001,6305****,1156****,9625****,240-01,240-01,3G
240,1,24001,8636****,6939****,1243****,240-01,240-01,4G
240,1,24001,9102****,7867****,8444****,240-01,240-01,4G
240,1,24001,6343****,8487****,8466****,240-01,240-01,5G
240,1,24001,6275****,1675****,8302****,240-01,240-01,5G
240,1,24001,7684****,2749****,5737****,240-01,240-01,5G
240,1,24001,6171****,8395****,3169****,240-01,240-01,5G
240,1,24001,6452****,3344****,4261****,240-01,240-01,5G
240,1,24001,6098****,7752****,6302****,240-01,240-01,5G
240,1,24001,9697****,6863****,7161****,240-01,240-01,3G
240,1,24001,3000****,6106****,6695****,240-01,240-01,3G
240,1,24001,7752****,5458****,1084****,240-01,240-01,3G
240,1,24001,2316****,8002****,9834****,240-01,240-01,3G
240,1,24001,3560****,6444****,7093****,240-01,240-01,5G
240,1,24001,9259****,8739****,2110****,240-01,240-01,5G
240,1,24001,4147****,1052****,5991****,240-01,240-01,5G
240,1,24001,8255****,3123****,2251****,240-01,240-01,5G
240,1,24001,5099****,4432****,4514****,240-01,240-01,4G
240,1,24001,5507****,1859****,1115****,240-01,240-01,4G
240,1,24001,7505****,5038****,9844****,240-01,240-01,3G
240,1,24001,5597****,3738****,7310****,240-01,240-01,3G
240,1,24001,7459****,8509****,2888****,240-01,240-01,4G
240,1,24001,7578****,3695****,4546****,240-01,240-01,4G
240,1,24001,5316****,3307****,5862****,240-01,240-01,4G
240,1,24001,9191****,8280****,6593****,240-01,240-01,4G
240,1,24001,9972****,5160****,1384****,240-01,240-01,4G
240,1,24001,8590****,9336****,3336****,240-01,240-01,4G
240,1,24001,8683****,4125****,7113****,240-01,240-01,4G
240,1,24001,1405****,3569****,8608****,240-01,240-01,4G
240,1,24001,2563****,6792****,4278****,240-01,240-01,3G
240,1,24001,3851****,2759****,5305****,240-01,240-01,3G
240,1,24001,2706****,5240****,9369****,240-01,240-01,3G
240,1,24001,5701****,2608****,4305****,240-01,240-01,3G
240,1,24001,6097****,7630****,3897****,240-01,240-01,4G
240,1,24001,5759****,1275****,1513****,240-01,240-01,4G
240,1,24001,9123****,4471****,7635****,240-01,240-01,4G
240,1,24001,8377****,4987****,6587****,240-01,240-01,4G
240,1,24001,3249****,5015****,2980****,240-01,240-01,5G
240,1,24001,6776****,7920****,7152****,240-01,240-01,5G
240,1,24001,3924****,1572****,3181****,240-01,240-01,5G
240,1,24001,4151****,7909****,6971****,240-01,240-01,5G
240,1,24001,1005****,9486****,4571****,240-01,240-01,3G
240,1,24001,7936****,8353****,8107****,240-01,240-01,3G
240,1,24001,1835****,5470****,6158****,240-01,240-01,5G
240,1,24001,4476****,7166****,1883****,240-01,240-01,5G
240,1,24001,3684****,5339****,8225****,240-01,240-01,5G
240,1,24001,2656****,1593****,2696****,240-01,240-01,5G
240,1,24001,6266****,7690****,5760****,240-01,240-01,4G
240,1,24001,8126****,6558****,5180****,240-01,240-01,4G
240,1,24001,7775****,3858****,9811****,240-01,240-01,4G
240,1,24001,8130****,3310****,5582****,240-01,240-01,4G
240,1,24001,1496****,5994****,9582****,240-01,240-01,4G
240,1,24001,5641****,1109****,5039****,240-01,240-01,4G
240,1,24001,5581****,5800****,7707****,240-01,240-01,5G
240,1,24001,2697****,2498****,3012****,240-01,240-01,5G
240,1,24001,7699****,9538****,2373****,240-01,240-01,3G
240,1,24001,2535****,3507****,9439****,240-01,240-01,3G
240,1,24001,5027****,1785****,5916****,240-01,240-01,4G
240,1,24001,7130****,1511****,8252****,240-01,240-01,4G
240,1,24001,7249****,3208****,2308****,240-01,240-01,4G
240,1,24001,4281****,3668****,1940****,240-01,240-01,4G
240,1,24001,6482****,7936****,1695****,240-01,240-01,4G
240,1,24001,2990****,9879****,3928****,240-01,240-01,4G
240,1,24001,6344****,3454****,9698****,240-01,240-01,4G
240,1,24001,7947****,8375****,2836****,240-01,240-01,4G
240,1,24001,1881****,9441****,4624****,240-01,240-01,3G
240,1,24001,3033****,1400****,5986****,240-01,240-01,3G
240,1,24001,8803****,7740****,9306****,240-01,240-01,5G
240,1,24001,7309****,8363****,5045****,240-01,240-01,5G
240,1,24001,1016****,9912****,8381****,240-01,240-01,4G
240,1,24001,6493****,9191****,4837****,240-01,240-01,4G
240,1,24001,2858****,2403****,1452****,240-01,240-01,5G
240,1,24001,7170****,2022****,7700****,240-01,240-01,5G
240,1,24001,8420****,3648****,8344****,240-01,240-01,3G
240,1,24001,6714****,1794****,8686****,240-01,240-01,3G
240,1,24001,6881****,8741****,6715****,240-01,240-01,4G
240,1,24001,1469****,9645****,3053****,240-01,240-01,4G
240,1,24001,3527****,6372****,8962****,240-01,240-01,5G
240,1,24001,7345****,3516****,5997****,240-01,240-01,5G
240,1,24001,4867****,8661****,6833****,240-01,240-01,4G
240,1,24001,7962****,2107****,1986****,240-01,240-01,4G
240,1,24001,8976****,5298****,6159****,240-01,240-01,4G
240,1,24001,2632****,2237****,4515****,240-01,240-01,4G
240,1,24001,9352****,6378****,7727****,240-01,240-01,5G
240,1,24001,7730****,3235****,7219****,240-01,240-01,5G
240,1,24001,1701****,6810****,2513****,240-01,240-01,3G
240,1,24001,8532****,8580****,2581****,240-01,240-01,3G
240,1,24001,7554****,4658****,1955****,240-01,240-01,3G
240,1,24001,7854****,9111****,1054****,240-01,240-01,3G
240,1,24001,7187****,7613****,4450****,240-01,240-01,3G
240,1,24001,9316****,5667****,8281****,240-01,240-01,3G
240,1,24001,7066****,3898****,8371****,240-01,240-01,4G
240,1,24001,3920****,3147****,2959****,240-01,240-01,4G
240,1,24001,8783****,3772****,1594****,240-01,240-01,5G
240,1,24001,3746****,9254****,6322****,240-01,240-01,5G
240,1,24001,3304****,7605****,5918****,240-01,240-01,4G
240,1,24001,3282****,2438****,2522****,240-01,240-01,4G
240,1,24001,5214****,2878****,8061****,240-01,240-01,3G
240,1,24001,6389****,1252****,2782****,240-01,240-01,3G
240,1,24001,1365****,6431****,8373****,240-01,240-01,3G
240,1,24001,3704****,3932****,5381****,240-01,240-01,3G
240,1,24001,2696****,8699****,3122****,240-01,240-01,5G
240,1,24001,2963****,8093****,3133****,240-01,240-01,5G
240,1,24001,4897****,2038****,1475****,240-01,240-01,5G
240,1,24001,7120****,5232****,8266****,240-01,240-01,5G
240,1,24001,2380****,9186****,3849****,240-01,240-01,4G
240,1,24001,6651****,5111****,6780****,240-01,240-01,4G
240,1,24001,6035****,4705****,5130****,240-01,240-01,5G
240,1,24001,6232****,7049****,3298****,240-01,240-01,5G
240,1,24001,8398****,2070****,4821****,240-01,240-01,5G
240,1,24001,2867****,9599****,9397****,240-01,240-01,5G
240,1,24001,3340****,2526****,5090****,240-01,240-01,4G
240,1,24001,1823****,2639****,4740****,240-01,240-01,4G
240,1,24001,1440****,9007****,3758****,240-01,240-01,4G
240,1,24001,1725****,4819****,8089****,240-01,240-01,4G
240,1,24001,7042****,5527****,4945****,240-01,240-01,3G
240,1,24001,9620****,4481****,4943****,240-01,240-01,3G
240,1,24001,1292****,7551****,1956****,240-01,240-01,5G
240,1,24001,2511****,7747****,7105****,240-01,240-01,5G
240,1,24001,1141****,1852****,4174****,240-01,240-01,4G
240,1,24001,7552****,9480****,3149****,240-01,240-01,4G
240,1,24001,1489****,3873****,4458****,240-01,240-01,3G
240,1,24001,4386****,2793****,5541****,240-01,240-01,3G
240,1,24001,9049****,6099****,4848****,240-01,240-01,5G
240,1,24001,3085****,3131****,5033****,240-01,240-01,5G
240,1,24001,4558****,8936****,2036****,240-01,240-01,3G
240,1,24001,8567****,5966****,5698****,240-01,240-01,3G
240,1,24001,9689****,5965****,5271****,240-01,240-01,4G
240,1,24001,7503****,4433****,7595****,240-01,240-01,4G
240,1,24001,4867****,7684****,8879****,240-01,240-01,3G
240,1,24001,3900****,1046****,5626****,240-01,240-01,3G
240,1,24001,3684****,7006****,8049****,240-01,240-01,4G
240,1,24001,1256****,6556****,9722****,240-01,240-01,4G
240,1,24001,3884****,1525****,2890****,240-01,240-01,4G
240,1,24001,3320****,4853****,5126****,240-01,240-01,4G
240,1,24001,1207****,2607****,7366****,240-01,240-01,4G
240,1,24001,1672****,1545****,1030****,240-01,240-01,4G
240,1,24001,9394****,3491****,7703****,240-01,240-01,4G
240,1,24001,4261****,1331****,7837****,240-01,240-01,4G
240,1,24001,3860****,4581****,9326****,240-01,240-01,3G
240,1,24001,6467****,9126****,3094****,240-01,240-01,3G
240,1,24001,1616****,7306****,6214****,240-01,240-01,3G
240,1,24001,1850****,2024****,3850****,240-01,240-01,3G
240,1,24001,2511****,1752****,1016****,240-01,240-01,4G
240,1,24001,8116****,9173****,1745****,240-01,240-01,4G
240,1,24001,8581****,6386****,7530****,240-01,240-01,4G
240,1,24001,9107****,9998****,4011****,240-01,240-01,4G
240,1,24001,4697****,4902****,1850****,240-01,240-01,5G
240,1,24001,9008****,5573****,6946****,240-01,240-01,5G
240,1,24001,3701****,4504****,3539****,240-01,240-01,5G
240,1,24001,2513****,1241****,3607****,240-01,240-01,5G
240,1,24001,2825****,6046****,1903****,240-01,240-01,3G
240,1,24001,4975****,6143****,5511****,240-01,240-01,3G
240,1,24001,6916****,3351****,2241****,240-01,240-01,4G
240,1,24001,4787****,2962****,3569****,240-01,240-01,4G
240,1,24001,2984****,2861****,5376****,240-01,240-01,3G
240,1,24001,6486****,3328****,6897****,240-01,240-01,3G
240,1,24001,7152****,8848****,3932****,240-01,240-01,3G
240,1,24001,7338****,8103****,3574****,240-01,240-01,3G
240,1,24001,8527****,4256****,5052****,240-01,240-01,5G
240,1,24001,6881****,3362****,2033****,240-01,240-01,5G
240,1,24001,6470****,8893****,6800****,240-01,240-01,3G
240,1,24001,8015****,6620****,8645****,240-01,240-01,3G
240,1,24001,7503****,2090****,5172****,240-01,240-01,3G
240,1,24001,5081****,1790****,6529****,240-01,240-01,3G
240,1,24001,7689****,2691****,5900****,240-01,240-01,5G
240,1,24001,2110****,1501****,9376****,240-01,240-01,5G
240,1,24001,7082****,8582****,3887****,240-01,240-01,3G
240,1,24001,1509****,3442****,2421****,240-01,240-01,3G
240,1,24001,3110****,6710****,2037****,240-01,240-01,3G
240,1,24001,6094****,4832****,4654****,240-01,240-01,3G
240,1,24001,8426****,8526****,9926****,240-01,240-01,3G
240,1,24001,7756****,4317****,8636****,240-01,240-01,3G
240,1,24001,6799****,3337****,2626****,240-01,240-01,4G
240,1,24001,4583****,8797****,7549****,240-01,240-01,4G
240,1,24001,9378****,5485****,7811****,240-01,240-01,3G
240,1,24001,9374****,9387****,6021****,240-01,240-01,3G
240,1,24001,9917****,8467****,4112****,240-01,240-01,4G
240,1,24001,9095****,3492****,6563****,240-01,240-01,4G
240,1,24001,4905****,9032****,8094****,240-01,240-01,3G
240,1,24001,4488****,8913****,6195****,240-01,240-01,3G
240,1,24001,5376****,5449****,9483****,240-01,240-01,4G
240,1,24001,8407****,3764****,3210****,240-01,240-01,4G
240,1,24001,7485****,5902****,8444****,240-01,240-01,5G
240,1,24001,2512****,2647****,6976****,240-01,240-01,5G
240,1,24001,8857****,4232****,7901****,240-01,240-01,5G
240,1,24001,6422****,5553****,9216****,240-01,240-01,5G
240,1,24001,9653****,6044****,2441****,240-01,240-01,5G
240,1,24001,7256****,1541****,4243****,240-01,240-01,5G
240,1,24001,4007****,3769****,3302****,240-01,240-01,5G
240,1,24001,9893****,4503****,2304****,240-01,240-01,5G
240,1,24001,3213****,7287****,7610****,240-01,240-01,4G
240,1,24001,6749****,6877****,2346****,240-01,240-01,4G
240,1,24001,2845****,1738****,2713****,240-01,240-01,5G
240,1,24001,2683****,2719****,2550****,240-01,240-01,5G
240,1,24001,4229****,2768****,4477****,240-01,240-01,5G
240,1,24001,1489****,6659****,8991****,240-01,240-01,5G
240,1,24001,9440****,1691****,2152****,240-01,240-01,5G
240,1,24001,5993****,5400****,5738****,240-01,240-01,5G
240,1,24001,8523****,1028****,7691****,240-01,240-01,4G
240,1,24001,2267****,9449****,7700****,240-01,240-01,4G
240,1,24001,9386****,2545****,7132****,240-01,240-01,3G
240,1,24001,3051****,9678****,2795****,240-01,240-01,3G
240,1,24001,5586****,2010****,2273****,240-01,240-01,5G
240,1,24001,4246****,5012****,3533****,240-01,240-01,5G
240,1,24001,8747****,2047****,2741****,240-01,240-01,4G
240,1,24001,7458****,8344****,2936****,240-01,240-01,4G
240,1,24001,2355****,7410****,1806****,240-01,240-01,5G
240,1,24001,6603****,1736****,9199****,240-01,240-01,5G
240,1,24001,2841****,4861****,7950****,240-01,240-01,4G
240,1,24001,1413****,8341****,6680****,240-01,240-01,4G
240,1,24001,3096****,7219****,1690****,240-01,240-01,3G
240,1,24001,6182****,9119****,2148****,240-01,240-01,3G
240,1,24001,9589****,3060****,7150****,240-01,240-01,3G
240,1,24001,2535****,1703****,3203****,240-01,240-01,3G
240,1,24001,4431****,7259****,3201****,240-01,240-01,5G
240,1,24001,2291****,9723****,1939****,240-01,240-01,5G
240,1,24001,2093****,6444****,1517****,240-01,240-01,3G
240,1,24001,4473****,7456****,5189****,240-01,240-01,3G
240,1,24001,2657****,5175****,7207****,240-01,240-01,3G
240,1,24001,7326****,5382****,8132****,240-01,240-01,3G
240,1,24001,8812****,4076****,5442****,240-01,240-01,3G
240,1,24001,1421****,8737****,7121****,240-01,240-01,3G
240,1,24001,7981****,2455****,5880****,240-01,240-01,5G
240,1,24001,1529****,5412****,6712****,240-01,240-01,5G
240,1,24001,6998****,9879****,3176****,240-01,240-01,4G
240,1,24001,4348****,9833****,9321****,240-01,240-01,4G
240,1,24001,3244****,9593****,8889****,240-01,240-01,3G
240,1,24001,1926****,6780****,7514****,240-01,240-01,3G
240,1,24001,4537****,9181****,4390****,240-01,240-01,3G
240,1,24001,9024****,6340****,9176****,240-01,240-01,3G
240,1,24001,1518****,2152****,5489****,240-01,240-01,5G
240,1,24001,8000****,3253****,4896****,240-01,240-01,5G
240,1,24001,2315****,1251****,7804****,240-01,240-01,3G
240,1,24001,6747****,8675****,3948****,240-01,240-01,3G
240,1,24001,9182****,1073****,6653****,240-01,240-01,3G
240,1,24001,8544****,5902****,9085****,240-01,240-01,3G
240,1,24001,7935****,1704****,4238****,240-01,240-01,4G
240,1,24001,3729****,1803****,8835****,240-01,240-01,4G
240,1,24001,5857****,1253****,8003****,240-01,240-01,4G
240,1,24001,3869****,7671****,8768****,240-01,240-01,4G
240,1,24001,8568****,3185****,9793****,240-01,240-01,3G
240,1,24001,4978****,4717****,6409****,240-01,240-01,3G
240,1,24001,4562****,8717****,5918****,240-01,240-01,5G
240,1,24001,4186****,6890****,4070****,240-01,240-01,5G
240,1,24001,1241****,1092****,7026****,240-01,240-01,5G
240,1,24001,8008****,3291****,7014****,240-01,240-01,5G
240,1,24001,5554****,4921****,8531****,240-01,240-01,4G
240,1,24001,9040****,2094****,9221****,240-01,240-01,4G
240,1,24001,2377****,3853****,8030****,240-01,240-01,4G
240,1,24001,7412****,5676****,7646****,240-01,240-01,4G
240,1,24001,4382****,7385****,4965****,240-01,240-01,3G
240,1,24001,9254****,9035****,4782****,240-01,240-01,3G
240,1,24001,3933****,3529****,2064****,240-01,240-01,3G
240,1,24001,2126****,5398****,2740****,240-01,240-01,3G
240,1,24001,9250****,2195****,6087****,240-01,240-01,3G
240,1,24001,3374****,8965****,2345****,240-01,240-01,3G
240,1,24001,3699****,3762****,1437****,240-01,240-01,3G
240,1,24001,4464****,4944****,3910****,240-01,240-01,3G
240,1,24001,8554****,2992****,1640****,240-01,240-01,5G
240,1,24001,4360****,8394****,9280****,240-01,240-01,5G
240,1,24001,2429****,8257****,1006****,240-01,240-01,4G
240,1,24001,3431****,3184****,6147****,240-01,240-01,4G
240,1,24001,4948****,6748****,7059****,240-01,240-01,4G
240,1,24001,3433****,2103****,3213****,240-01,240-01,4G
240,1,24001,2043****,4540****,4204****,240-01,240-01,3G
240,1,24001,1079****,5718****,4086****,240-01,240-01,3G
240,1,24001,1186****,6048****,1722****,240-01,240-01,4G
240,1,24001,8864****,1173****,2285****,240-01,240-01,4G
240,1,24001,3858****,8665****,8480****,240-01,240-01,5G
240,1,24001,4253****,7989****,1425****,240-01,240-01,5G
240,1,24001,9030****,8317****,4286****,240-01,240-01,4G
240,1,24001,9796****,6401****,1932****,240-01,240-01,4G
240,1,24001,4792****,5307****,2074****,240-01,240-01,3G
240,1,24001,3401****,3823****,8650****,240-01,240-01,3G
240,1,24001,2084****,6990****,3119****,240-01,240-01,3G
240,1,24001,1932****,8909****,9269****,240-01,240-01,3G
240,1,24001,7492****,6583****,9897****,240-01,240-01,3G
240,1,24001,8345****,1637****,7199****,240-01,240-01,3G
240,1,24001,8888****,3012****,5605****,240-01,240-01,3G
240,1,24001,6653****,1495****,3987****,240-01,240-01,3G
240,1,24001,5015****,1389****,6948****,240-01,240-01,5G
240,1,24001,7541****,5696****,3878****,240-01,240-01,5G
240,1,24001,3624****,2561****,8151****,240-01,240-01,3G
240,1,24001,5620****,6330****,6309****,240-01,240-01,3G
240,1,24001,8325****,7411****,1028****,240-01,240-01,5G
240,1,24001,7730****,4089****,3356****,240-01,240-01,5G
240,1,24001,6287****,2608****,4107****,240-01,240-01,5G
240,1,24001,6803****,3550****,1173****,240-01,240-01,5G
240,1,24001,9973****,4265****,1328****,240-01,240-01,3G
240,1,24001,2537****,4573****,9780****,240-01,240-01,3G
240,1,24001,6571****,4269****,8150****,240-01,240-01,3G
240,1,24001,2108****,1803****,2473****,240-01,240-01,3G
240,1,24001,6230****,7533****,8997****,240-01,240-01,5G
240,1,24001,9353****,6156****,3294****,240-01,240-01,5G
240,1,24001,6467****,1089****,2067****,240-01,240-01,3G
240,1,24001,1676****,3335****,9844****,240-01,240-01,3G
240,1,24001,2041****,2433****,2254****,240-01,240-01,5G
240,1,24001,4509****,9229****,2990****,240-01,240-01,5G
240,1,24001,9295****,3953****,1607****,240-01,240-01,3G
240,1,24001,8056****,4234****,9476****,240-01,240-01,3G
240,1,24001,7643****,7618****,1737****,240-01,240-01,4G
240,1,24001,8715****,1423****,9036****,240-01,240-01,4G
240,1,24001,1925****,5893****,6456****,240-01,240-01,5G
240,1,24001,3833****,4968****,6308****,240-01,240-01,5G
240,1,24001,3975****,3438****,6140****,240-01,240-01,3G
240,1,24001,7953****,8333****,7223****,240-01,240-01,3G
240,1,24001,8541****,4450****,5927****,240-01,240-01,3G
240,1,24001,8253****,7586****,2136****,240-01,240-01,3G
240,1,24001,3604****,9730****,9452****,240-01,240-01,5G
240,1,24001,2687****,4780****,4182****,240-01,240-01,5G
240,1,24001,2841****,1347****,8362****,240-01,240-01,5G
240,1,24001,8445****,9779****,9218****,240-01,240-01,5G
240,1,24001,9131****,8757****,7666****,240-01,240-01,4G
240,1,24001,1456****,7170****,3735****,240-01,240-01,4G
240,1,24001,1406****,1719****,1424****,240-01,240-01,3G
240,1,24001,5117****,5241****,1799****,240-01,240-01,3G
240,1,24001,6820****,9022****,7483****,240-01,240-01,4G
240,1,24001,1527****,8515****,4383****,240-01,240-01,4G
240,1,24001,8467****,2162****,1746****,240-01,240-01,3G
240,1,24001,9229****,9158****,5232****,240-01,240-01,3G
240,1,24001,3694****,9848****,4325****,240-01,240-01,4G
240,1,24001,9198****,8949****,6073****,240-01,240-01,4G
240,1,24001,7829****,9870****,5425****,240-01,240-01,3G
240,1,24001,5881****,8080****,7232****,240-01,240-01,3G
240,1,24001,2251****,4872****,5137****,240-01,240-01,5G
240,1,24001,3616****,5968****,7034****,240-01,240-01,5G
240,1,24001,7504****,9205****,4684****,240-01,240-01,5G
240,1,24001,5933****,1481****,2156****,240-01,240-01,5G
240,1,24001,6822****,7944****,6725****,240-01,240-01,4G
240,1,24001,5140****,9302****,9088****,240-01,240-01,4G
240,1,24001,5677****,4255****,6322****,240-01,240-01,4G
240,1,24001,1048****,6518****,3315****,240-01,240-01,4G
240,1,24001,6109****,7478****,8334****,240-01,240-01,3G
240,1,24001,9565****,8022****,7777****,240-01,240-01,3G
240,1,24001,2651****,2079****,9596****,240-01,240-01,3G
240,1,24001,8669****,3885****,5589****,240-01,240-01,3G
240,1,24001,7545****,3069****,9691****,240-01,240-01,4G
240,1,24001,4265****,9880****,3829****,240-01,240-01,4G
240,1,24001,3312****,8342****,4844****,240-01,240-01,4G
240,1,24001,1136****,6619****,5510****,240-01,240-01,4G
240,1,24001,9851****,9824****,1423****,240-01,240-01,4G
240,1,24001,7110****,5731****,8123****,240-01,240-01,4G
240,1,24001,5520****,3807****,3262****,240-01,240-01,3G
240,1,24001,2415****,6354****,1907****,240-01,240-01,3G
240,1,24001,9955****,3312****,2362****,240-01,240-01,4G
240,1,24001,6397****,1687****,9303****,240-01,240-01,4G
240,1,24001,6942****,5306****,6045****,240-01,240-01,3G
240,1,24001,8145****,9090****,4234****,240-01,240-01,3G
240,1,24001,5029****,7632****,2380****,240-01,240-01,5G
240,1,24001,9607****,9034****,5080****,240-01,240-01,5G
240,1,24001,7475****,1135****,2699****,240-01,240-01,4G
240,1,24001,1835****,3877****,2038****,240-01,240-01,4G
240,1,24001,9973****,4182****,3823****,240-01,240-01,5G
240,1,24001,9226****,5384****,8563****,240-01,240-01,5G
240,1,24001,6478****,8025****,1556****,240-01,240-01,4G
240,1,24001,3758****,4925****,1275****,240-01,240-01,4G
240,1,24001,9128****,7301****,9588****,240-01,240-01,5G
240,1,24001,1327****,5602****,3582****,240-01,240-01,5G
240,1,24001,2982****,3476****,5701****,240-01,240-01,5G
240,1,24001,2340****,8583****,5593****,240-01,240-01,5G
240,1,24001,3595****,1500****,3249****,240-01,240-01,3G
240,1,24001,1746****,1026****,6600****,240-01,240-01,3G
240,1,24001,5324****,6727****,3744****,240-01,240-01,4G
240,1,24001,1127****,8289****,4652****,240-01,240-01,4G
240,1,24001,8873****,3071****,3280****,240-01,240-01,5G
240,1,24001,8069****,3139****,8250****,240-01,240-01,5G
240,1,24001,1091****,1871****,7724****,240-01,240-01,3G
240,1,24001,3744****,3267****,6700****,240-01,240-01,3G
240,1,24001,4046****,1424****,3749****,240-01,240-01,4G
240,1,24001,3557****,6635****,2998****,240-01,240-01,4G
240,1,24001,9449****,8385****,5246****,240-01,240-01,3G
240,1,24001,3261****,5451****,7773****,240-01,240-01,3G
240,1,24001,6492****,5860****,6523****,240-01,240-01,5G
240,1,24001,4736****,6169****,9946****,240-01,240-01,5G
240,1,24001,3383****,9519****,4869****,240-01,240-01,5G
240,1,24001,8721****,1129****,5066****,240-01,240-01,5G
240,1,24001,9895****,4235****,7108****,240-01,240-01,5G
240,1,24001,2187****,9673****,9650****,240-01,240-01,5G
240,1,24001,3177****,8714****,5888****,240-01,240-01,3G
240,1,24001,1095****,5117****,6618****,240-01,240-01,3G
240,1,24001,1221****,6788****,1545****,240-01,240-01,5G
240,1,24001,1419****,4580****,8841****,240-01,240-01,5G
240,1,24001,6683****,1974****,5818****,240-01,240-01,5G
240,1,24001,5386****,5950****,1957****,240-01,240-01,5G
240,1,24001,4900****,2948****,1739****,240-01,240-01,3G
240,1,24001,1040****,6237****,5377****,240-01,240-01,3G
240,1,24001,6524****,4034****,7731****,240-01,240-01,4G
240,1,24001,2818****,4941****,2530****,240-01,240-01,4G
240,1,24001,6056****,7814****,2134****,240-01,240-01,4G
240,1,24001,3600****,4296****,4383****,240-01,240-01,4G
240,1,24001,1679****,5428****,1296****,240-01,240-01,3G
240,1,24001,7592****,6234****,8570****,240-01,240-01,3G
240,1,24001,5579****,8927****,1725****,240-01,240-01,3G
240,1,24001,5663****,4583****,3025****,240-01,240-01,3G
240,1,24001,9197****,4476****,1136****,240-01,240-01,3G
240,1,24001,7088****,6837****,9061****,240-01,240-01,3G
240,1,24001,4367****,3307****,1263****,240-01,240-01,3G
240,1,24001,8373****,9066****,3730****,240-01,240-01,3G
240,1,24001,3887****,2288****,6848****,240-01,240-01,3G
240,1,24001,7137****,6988****,7924****,240-01,240-01,3G
240,1,24001,2756****,7587****,7777****,240-01,240-01,3G
240,1,24001,9244****,6653****,8997****,240-01,240-01,3G
240,1,24001,8495****,6190****,7486****,240-01,240-01,3G
240,1,24001,4191****,5685****,1209****,240-01,240-01,3G
240,1,24001,5158****,2612****,6440****,240-01,240-01,3G
240,1,24001,6509****,7636****,4926****,240-01,240-01,3G
240,1,24001,8933****,7591****,5782****,240-01,240-01,5G
240,1,24001,6935****,6659****,7046****,240-01,240-01,5G
240,1,24001,7098****,2898****,8203****,240-01,240-01,3G
240,1,24001,6100****,2941****,6686****,240-01,240-01,3G
240,1,24001,9415****,3147****,6728****,240-01,240-01,3G
240,1,24001,6330****,7646****,1760****,240-01,240-01,3G
240,1,24001,8263****,2559****,4206****,240-01,240-01,5G
240,1,24001,5571****,8513****,7735****,240-01,240-01,5G
240,1,24001,4254****,8155****,3196****,240-01,240-01,5G
240,1,24001,1076****,7061****,6404****,240-01,240-01,5G
240,1,24001,3391****,1073****,4738****,240-01,240-01,3G
240,1,24001,2555****,3760****,9319****,240-01,240-01,3G
240,1,24001,2714****,9846****,1886****,240-01,240-01,4G
240,1,24001,5371****,5445****,3574****,240-01,240-01,4G
240,1,24001,4685****,2847****,1038****,240-01,240-01,4G
240,1,24001,2780****,1402****,2286****,240-01,240-01,4G
240,1,24001,5308****,3994****,6038****,240-01,240-01,4G
240,1,24001,8844****,7908****,8623****,240-01,240-01,4G
240,1,24001,3768****,3316****,1377****,240-01,240-01,3G
240,1,24001,8110****,6827****,6508****,240-01,240-01,3G
240,1,24001,9777****,9376****,7011****,240-01,240-01,5G
240,1,24001,8042****,2819****,9460****,240-01,240-01,5G
240,1,24001,2808****,7040****,2494****,240-01,240-01,4G
240,1,24001,7373****,3328****,4253****,240-01,240-01,4G
240,1,24001,4996****,9697****,8891****,240-01,240-01,5G
240,1,24001,1878****,2956****,8286****,240-01,240-01,5G
240,1,24001,7408****,1585****,6833****,240-01,240-01,5G
240,1,24001,6690****,8556****,8937****,240-01,240-01,5G
240,1,24001,8298****,9664****,4298****,240-01,240-01,4G
240,1,24001,6429****,7382****,9976****,240-01,240-01,4G
240,1,24001,5941****,1553****,2925****,240-01,240-01,3G
240,1,24001,4854****,1367****,7880****,240-01,240-01,3G
240,1,24001,3914****,2496****,9695****,240-01,240-01,3G
240,1,24001,8709****,4504****,3098****,240-01,240-01,3G
240,1,24001,1843****,6918****,5361****,240-01,240-01,5G
240,1,24001,1517****,9807****,2393****,240-01,240-01,5G
240,1,24001,8409****,1342****,8185****,240-01,240-01,3G
240,1,24001,1650****,3772****,4295****,240-01,240-01,3G
240,1,24001,2086****,4232****,7032****,240-01,240-01,4G
240,1,24001,5815****,1727****,7963****,240-01,240-01,4G
240,1,24001,3281****,8842****,6203****,240-01,240-01,3G
240,1,24001,7901****,9420****,9625****,240-01,240-01,3G
240,1,24001,5818****,4603****,7375****,240-01,240-01,5G
240,1,24001,8737****,3327****,1200****,240-01,240-01,5G
240,1,24001,1757****,8666****,6739****,240-01,240-01,5G
240,1,24001,6028****,8113****,7613****,240-01,240-01,5G
240,1,24001,6662****,3462****,6577****,240-01,240-01,5G
240,1,24001,8378****,6860****,2751****,240-01,240-01,5G
240,1,24001,5889****,5538****,2541****,240-01,240-01,4G
240,1,24001,4396****,9548****,6389****,240-01,240-01,4G
240,1,24001,1510****,7714****,9495****,240-01,240-01,4G
240,1,24001,7914****,5438****,5859****,240-01,240-01,4G
240,1,24001,8107****,4716****,5582****,240-01,240-01,5G
240,1,24001,8591****,9949****,9558****,240-01,240-01,5G
240,1,24001,9726****,7887****,2254****,240-01,240-01,5G
240,1,24001,1481****,5807****,7037****,240-01,240-01,5G
240,1,24001,5752****,3396****,8138****,240-01,240-01,4G
240,1,24001,3427****,1511****,4272****,240-01,240-01,4G
240,1,24001,6135****,6831****,8765****,240-01,240-01,5G
240,1,24001,3177****,5504****,1082****,240-01,240-01,5G
240,1,24001,4303****,4944****,7069****,240-01,240-01,4G
240,1,24001,7454****,5259****,4125****,240-01,240-01,4G
240,1,24001,1549****,1204****,5519****,240-01,240-01,5G
240,1,24001,1202****,9529****,3639****,240-01,240-01,5G
240,1,24001,8101****,2044****,9456****,240-01,240-01,5G
240,1,24001,5578****,9468****,3639****,240-01,240-01,5G
240,1,24001,5761****,8529****,5222****,240-01,240-01,4G
240,1,24001,6644****,9295****,7197****,240-01,240-01,4G
240,1,24001,5643****,2284****,1666****,240-01,240-01,3G
240,1,24001,1602****,4842****,5089****,240-01,240-01,3G
240,1,24001,6429****,9056****,3821****,240-01,240-01,5G
240,1,24001,8990****,3563****,8854****,240-01,240-01,5G
240,1,24001,8035****,9421****,7077****,240-01,240-01,4G
240,1,24001,7435****,5783****,1183****,240-01,240-01,4G
240,1,24001,5266****,3887****,5476****,240-01,240-01,4G
240,1,24001,9434****,8258****,1671****,240-01,240-01,4G
240,1,24001,6945****,1459****,5163****,240-01,240-01,5G
240,1,24001,3011****,7054****,8559****,240-01,240-01,5G
240,1,24001,8669****,1277****,4052****,240-01,240-01,3G
240,1,24001,2421****,7073****,6725****,240-01,240-01,3G
240,1,24001,2909****,1701****,7117****,240-01,240-01,3G
240,1,24001,6988****,5459****,9521****,240-01,240-01,3G
240,1,24001,3479****,6041****,5558****,240-01,240-01,5G
240,1,24001,9794****,3379****,8563****,240-01,240-01,5G
240,1,24001,5024****,9619****,7346****,240-01,240-01,5G
240,1,24001,1855****,7614****,7159****,240-01,240-01,5G
240,1,24001,9023****,9618****,7472****,240-01,240-01,4G
240,1,24001,8465****,2036****,9950****,240-01,240-01,4G
240,1,24001,8163****,2060****,3342****,240-01,240-01,3G
240,1,24001,2421****,8635****,6051****,240-01,240-01,3G
240,1,24001,7732****,1343****,5386****,240-01,240-01,4G
240,1,24001,2326****,4076****,8515****,240-01,240-01,4G
240,1,24001,2346****,4181****,5027****,240-01,240-01,3G
240,1,24001,8565****,5905****,7307****,240-01,240-01,3G
240,1,24001,3413****,3262****,9427****,240-01,240-01,3G
240,1,24001,6461****,5776****,3648****,240-01,240-01,3G
240,1,24001,6630****,4747****,9789****,240-01,240-01,5G
240,1,24001,3047****,2122****,3531****,240-01,240-01,5G
240,1,24001,8334****,8848****,3642****,240-01,240-01,3G
240,1,24001,9302****,3446****,8663****,240-01,240-01,3G
240,1,24001,4102****,4407****,9153****,240-01,240-01,5G
240,1,24001,8574****,3697****,2894****,240-01,240-01,5G
240,1,24001,4098****,9561****,2141****,240-01,240-01,5G
240,1,24001,6636****,1975****,3733****,240-01,240-01,5G
240,1,24001,5387****,7580****,7087****,240-01,240-01,4G
240,1,24001,8481****,5772****,8208****,240-01,240-01,4G
240,1,24001,8249****,6553****,4972****,240-01,240-01,5G
240,1,24001,5314****,9271****,2887****,240-01,240-01,5G
240,1,24001,8757****,5540****,3570****,240-01,240-01,5G
240,1,24001,9630****,6002****,5925****,240-01,240-01,5G
240,1,24001,4164****,1822****,8707****,240-01,240-01,4G
240,1,24001,8076****,1210****,5947****,240-01,240-01,4G
240,1,24001,3336****,1143****,9305****,240-01,240-01,5G
240,1,24001,4355****,3404****,5215****,240-01,240-01,5G
240,1,24001,1518****,6707****,1809****,240-01,240-01,4G
240,1,24001,9933****,8144****,3960****,240-01,240-01,4G
240,1,24001,9404****,1200****,6574****,240-01,240-01,4G
240,1,24001,5286****,9619****,8791****,240-01,240-01,4G
240,1,24001,7262****,9152****,6597****,240-01,240-01,5G
240,1,24001,2834****,3267****,2818****,240-01,240-01,5G
240,1,24001,4093****,4905****,3435****,240-01,240-01,5G
240,1,24001,9369****,6221****,1774****,240-01,240-01,5G
240,1,24001,8988****,8216****,9462****,240-01,240-01,3G
240,1,24001,8118****,4520****,5200****,240-01,240-01,3G
240,1,24001,6923****,9622****,1077****,240-01,240-01,5G
240,1,24001,1740****,8820****,1739****,240-01,240-01,5G
240,1,24001,6726****,7969****,7024****,240-01,240-01,3G
240,1,24001,4970****,1570****,1681****,240-01,240-01,3G
240,1,24001,1886****,5807****,2593****,240-01,240-01,3G
240,1,24001,6482****,9142****,1067****,240-01,240-01,3G
240,1,24001,8306****,5456****,5993****,240-01,240-01,5G
240,1,24001,1483****,2892****,7977****,240-01,240-01,5G
240,1,24001,1716****,3179****,1329****,240-01,240-01,3G
240,1,24001,1119****,2018****,9988****,240-01,240-01,3G
240,1,24001,8664****,3046****,4887****,240-01,240-01,5G
240,1,24001,9446****,9661****,2722****,240-01,240-01,5G
240,1,24001,6014****,2958****,4630****,240-01,240-01,3G
240,1,24001,4691****,7001****,8488****,240-01,240-01,3G
240,1,24001,3074****,4801****,4473****,240-01,240-01,3G
240,1,24001,3668****,2702****,8434****,240-01,240-01,3G
240,1,24001,1954****,2663****,9010****,240-01,240-01,3G
240,1,24001,3145****,8639****,8597****,240-01,240-01,3G
240,1,24001,4126****,5659****,8121****,240-01,240-01,4G
240,1,24001,3206****,6716****,5810****,240-01,240-01,4G
240,1,24001,6854****,6198****,4827****,240-01,240-01,4G
240,1,24001,2751****,2920****,5965****,240-01,240-01,4G
240,1,24001,9019****,9364****,5360****,240-01,240-01,3G
240,1,24001,9953****,7601****,5114****,240-01,240-01,3G
240,1,24001,6865****,1832****,9476****,240-01,240-01,4G
240,1,24001,9040****,9156****,5076****,240-01,240-01,4G
240,1,24001,8893****,2093****,8368****,240-01,240-01,4G
240,1,24001,2608****,9674****,6516****,240-01,240-01,4G
240,1,24001,5277****,2356****,8564****,240-01,240-01,3G
240,1,24001,1388****,5937****,9597****,240-01,240-01,3G
240,1,24001,6370****,6902****,9023****,240-01,240-01,5G
240,1,24001,7178****,1953****,8110****,240-01,240-01,5G
240,1,24001,2876****,1312****,4833****,240-01,240-01,4G
240,1,24001,5888****,7379****,9145****,240-01,240-01,4G
240,1,24001,6370****,8999****,5210****,240-01,240-01,3G
240,1,24001,9155****,9994****,4952****,240-01,240-01,3G
240,1,24001,2681****,5021****,2339****,240-01,240-01,4G
240,1,24001,9998****,5300****,2085****,240-01,240-01,4G
240,1,24001,8970****,8321****,8961****,240-01,240-01,3G
240,1,24001,2727****,9277****,2362****,240-01,240-01,3G
240,1,24001,1726****,2039****,1017****,240-01,240-01,4G
240,1,24001,1994****,2298****,3310****,240-01,240-01,4G
240,1,24001,5340****,4075****,6049****,240-01,240-01,5G
240,1,24001,9048****,8823****,2072****,240-01,240-01,5G
240,1,24001,8884****,6278****,8322****,240-01,240-01,4G
240,1,24001,4068****,3428****,1100****,240-01,240-01,4G
240,1,24001,1525****,4032****,3079****,240-01,240-01,5G
240,1,24001,5590****,9001****,5273****,240-01,240-01,5G
240,1,24001,6825****,7707****,9273****,240-01,240-01,5G
240,1,24001,8478****,9404****,9340****,240-01,240-01,5G
240,1,24001,5603****,1803****,2444****,240-01,240-01,5G
240,1,24001,1396****,7438****,8918****,240-01,240-01,5G
240,1,24001,2005****,6876****,3632****,240-01,240-01,4G
240,1,24001,6659****,7825****,1382****,240-01,240-01,4G
240,1,24001,4728****,6410****,7386****,240-01,240-01,3G
240,1,24001,7363****,2982****,5940****,240-01,240-01,3G
240,1,24001,2722****,9322****,8814****,240-01,240-01,4G
240,1,24001,2736****,7741****,6495****,240-01,240-01,4G
240,1,24001,2261****,1284****,5788****,240-01,240-01,5G
240,1,24001,7453****,5158****,7607****,240-01,240-01,5G
240,1,24001,4949****,3103****,2033****,240-01,240-01,3G
240,1,24001,1300****,4772****,5119****,240-01,240-01,3G
240,1,24001,8806****,6973****,8026****,240-01,240-01,5G
240,1,24001,6449****,9420****,9251****,240-01,240-01,5G
240,1,24001,4422****,8379****,1332****,240-01,240-01,4G
240,1,24001,1039****,2293****,8797****,240-01,240-01,4G
240,1,24001,1089****,8923****,2452****,240-01,240-01,5G
240,1,24001,3452****,9253****,5342****,240-01,240-01,5G
240,1,24001,2463****,6934****,5289****,240-01,240-01,5G
240,1,24001,5603****,6490****,3860****,240-01,240-01,5G
240,1,24001,8835****,7155****,1605****,240-01,240-01,4G
240,1,24001,6043****,7979****,4822****,240-01,240-01,4G
240,1,24001,7539****,5351****,2519****,240-01,240-01,3G
240,1,24001,1422****,7799****,8902****,240-01,240-01,3G
240,1,24001,7723****,4965****,2892****,240-01,240-01,4G
240,1,24001,8558****,1701****,7252****,240-01,240-01,4G
240,1,24001,3236****,1855****,6313****,240-01,240-01,4G
240,1,24001,8673****,2043****,9584****,240-01,240-01,4G
240,1,24001,2618****,7242****,2130****,240-01,240-01,5G
240,1,24001,6643****,7636****,9304****,240-01,240-01,5G
240,1,24001,5857****,8347****,1907****,240-01,240-01,3G
240,1,24001,9953****,7080****,5487****,240-01,240-01,3G
240,1,24001,8287****,7165****,2663****,240-01,240-01,5G
240,1,24001,1074****,6501****,6367****,240-01,240-01,5G
240,1,24001,2660****,6818****,6304****,240-01,240-01,5G
240,1,24001,7663****,9908****,7804****,240-01,240-01,5G
240,1,24001,8458****,6659****,6612****,240-01,240-01,5G
240,1,24001,7582****,9396****,3700****,240-01,240-01,5G
240,1,24001,1410****,6513****,5013****,240-01,240-01,4G
240,1,24001,7722****,8566****,5144****,240-01,240-01,4G
240,1,24001,8948****,7835****,9126****,240-01,240-01,5G
240,1,24001,3468****,7575****,6458****,240-01,240-01,5G
240,1,24001,3986****,7175****,8207****,240-01,240-01,3G
240,1,24001,5110****,5744****,7841****,240-01,240-01,3G
240,1,24001,8211****,7748****,7590****,240-01,240-01,5G
240,1,24001,9380****,5537****,8177****,240-01,240-01,5G
240,1,24001,5374****,1306****,7567****,240-01,240-01,3G
240,1,24001,2019****,8407****,7721****,240-01,240-01,3G
240,1,24001,6761****,9022****,8794****,240-01,240-01,5G
240,1,24001,9182****,8872****,6270****,240-01,240-01,5G
240,1,24001,1242****,3008****,6459****,240-01,240-01,3G
240,1,24001,9624****,8892****,4299****,240-01,240-01,3G
240,1,24001,8254****,8993****,5179****,240-01,240-01,3G
240,1,24001,5722****,1933****,9980****,240-01,240-01,3G
240,1,24001,3860****,4225****,7873****,240-01,240-01,4G
240,1,24001,2286****,3843****,2751****,240-01,240-01,4G
240,1,24001,5219****,8085****,2453****,240-01,240-01,5G
240,1,24001,8981****,4534****,8955****,240-01,240-01,5G
240,1,24001,2065****,8336****,3615****,240-01,240-01,4G
240,1,24001,7294****,1783****,6208****,240-01,240-01,4G
240,1,24001,1860****,2960****,1594****,240-01,240-01,4G
240,1,24001,2047****,2406****,6932****,240-01,240-01,4G
240,1,24001,3170****,1596****,1744****,240-01,240-01,4G
240,1,24001,5656****,6041****,5728****,240-01,240-01,4G
240,1,24001,8943****,6592****,5385****,240-01,240-01,3G
240,1,24001,6443****,6379****,1337****,240-01,240-01,3G
240,1,24001,9102****,1215****,5122****,240-01,240-01,5G
240,1,24001,4619****,8982****,3852****,240-01,240-01,5G
240,1,24001,1194****,6835****,8157****,240-01,240-01,5G
240,1,24001,6040****,6707****,8744****,240-01,240-01,5G
240,1,24001,6993****,8911****,4608****,240-01,240-01,3G
240,1,24001,3199****,6569****,9252****,240-01,240-01,3G
240,1,24001,2362****,3455****,4410****,240-01,240-01,5G
240,1,24001,4609****,6842****,6736****,240-01,240-01,5G
240,1,24001,3681****,7028****,3077****,240-01,240-01,4G
240,1,24001,4959****,9530****,9392****,240-01,240-01,4G
240,1,24001,9449****,6765****,8882****,240-01,240-01,5G
240,1,24001,2303****,3826****,8478****,240-01,240-01,5G
240,1,24001,2869****,6282****,3371****,240-01,240-01,5G
240,1,24001,3674****,4189****,3818****,240-01,240-01,5G
240,1,24001,1420****,6280****,5283****,240-01,240-01,3G
240,1,24001,9335****,7902****,8967****,240-01,240-01,3G
240,1,24001,6677****,1981****,9828****,240-01,240-01,4G
240,1,24001,8568****,3967****,9525****,240-01,240-01,4G
240,1,24001,6454****,3406****,4060****,240-01,240-01,5G
240,1,24001,3057****,4763****,6801****,240-01,240-01,5G
240,1,24001,8945****,3389****,7104****,240-01,240-01,5G
240,1,24001,3970****,7461****,7106****,240-01,240-01,5G
240,1,24001,1248****,7295****,5753****,240-01,240-01,5G
240,1,24001,3937****,5879****,9712****,240-01,240-01,5G
240,1,24001,1566****,5609****,2102****,240-01,240-01,4G
240,1,24001,7758****,3253****,4650****,240-01,240-01,4G
240,1,24001,5458****,3354****,3322****,240-01,240-01,3G
240,1,24001,8288****,3397****,7539****,240-01,240-01,3G
240,1,24001,3781****,3205****,9812****,240-01,240-01,4G
240,1,24001,1705****,2194****,9306****,240-01,240-01,4G
240,1,24001,7214****,7435****,3559****,240-01,240-01,5G
240,1,24001,6812****,9345****,8402****,240-01,240-01,5G
240,1,24001,8814****,1646****,9290****,240-01,240-01,4G
240,1,24001,6879****,8477****,4061****,240-01,240-01,4G
240,1,24001,1416****,4243****,4602****,240-01,240-01,5G
240,1,24001,4744****,2734****,5619****,240-01,240-01,5G
240,1,24001,6709****,7809****,7817****,240-01,240-01,5G
240,1,24001,6725****,9651****,5577****,240-01,240-01,5G
240,1,24001,2828****,6221****,9245****,240-01,240-01,3G
240,1,24001,6890****,6830****,9553****,240-01,240-01,3G
240,1,24001,1574****,3845****,5376****,240-01,240-01,3G
240,1,24001,6970****,3732****,9151****,240-01,240-01,3G
240,1,24001,7170****,9884****,6000****,240-01,240-01,3G
240,1,24001,1915****,3413****,8600****,240-01,240-01,3G
240,1,24001,7133****,8843****,7575****,240-01,240-01,4G
240,1,24001,8905****,9518****,8231****,240-01,240-01,4G
240,1,24001,2827****,1115****,8540****,240-01,240-01,4G
240,1,24001,8335****,5943****,8430****,240-01,240-01,4G
240,1,24001,7023****,1610****,2673****,240-01,240-01,4G
240,1,24001,1091****,4342****,3200****,240-01,240-01,4G
240,1,24001,8071****,1788****,2515****,240-01,240-01,3G
240,1,24001,3023****,4908****,1855****,240-01,240-01,3G
240,1,24001,5200****,4511****,3166****,240-01,240-01,4G
240,1,24001,8837****,6975****,3916****,240-01,240-01,4G
240,1,24001,8598****,3968****,3584****,240-01,240-01,4G
240,1,24001,9969****,5419****,3713****,240-01,240-01,4G
240,1,24001,1335****,5576****,4538****,240-01,240-01,3G
240,1,24001,4836****,4905****,4268****,240-01,240-01,3G
240,1,24001,6706****,6875****,1596****,240-01,240-01,4G
240,1,24001,7184****,9745****,3347****,240-01,240-01,4G
240,1,24001,8399****,6384****,2548****,240-01,240-01,3G
240,1,24001,9942****,4899****,9109****,240-01,240-01,3G
240,1,24001,9532****,2196****,6148****,240-01,240-01,3G
240,1,24001,8006****,8515****,2541****,240-01,240-01,3G
240,1,24001,3974****,2713****,1205****,240-01,240-01,3G
240,1,24001,2192****,3642****,5401****,240-01,240-01,3G
240,1,24001,4997****,1094****,7220****,240-01,240-01,5G
240,1,24001,3437****,6115****,6801****,240-01,240-01,5G
240,1,24001,7091****,5020****,6832****,240-01,240-01,3G
240,1,24001,5140****,4057****,6238****,240-01,240-01,3G
240,1,24001,3170****,1572****,8048****,240-01,240-01,4G
240,1,24001,6276****,4072****,5729****,240-01,240-01,4G
240,1,24001,3692****,7695****,8336****,240-01,240-01,5G
240,1,24001,1328****,3550****,8291****,240-01,240-01,5G
240,1,24001,7553****,9385****,4424****,240-01,240-01,3G
240,1,24001,4281****,3914****,9111****,240-01,240-01,3G
240,1,24001,1505****,7483****,4410****,240-01,240-01,5G
240,1,24001,4552****,7481****,9091****,240-01,240-01,5G
240,1,24001,2336****,4932****,6603****,240-01,240-01,4G
240,1,24001,2460****,7173****,1918****,240-01,240-01,4G
240,1,24001,9763****,6410****,1709****,240-01,240-01,4G
240,1,24001,3674****,9849****,1046****,240-01,240-01,4G
240,1,24001,4204****,7530****,9311****,240-01,240-01,3G
240,1,24001,3816****,9188****,2080****,240-01,240-01,3G
240,1,24001,8020****,3749****,5405****,240-01,240-01,5G
240,1,24001,5951****,9342****,5640****,240-01,240-01,5G
240,1,24001,1261****,4369****,2209****,240-01,240-01,5G
240,1,24001,1437****,4642****,9967****,240-01,240-01,5G
240,1,24001,1030****,2862****,9790****,240-01,240-01,5G
240,1,24001,6012****,9926****,4222****,240-01,240-01,5G
240,1,24001,4278****,5766****,4552****,240-01,240-01,5G
240,1,24001,5552****,4190****,8266****,240-01,240-01,5G
240,1,24001,9136****,6365****,9573****,240-01,240-01,4G
240,1,24001,6522****,1789****,7083****,240-01,240-01,4G
240,1,24001,5873****,1194****,2818****,240-01,240-01,3G
240,1,24001,1366****,3984****,8234****,240-01,240-01,3G
240,1,24001,6159****,4514****,4848****,240-01,240-01,4G
240,1,24001,9689****,5246****,7665****,240-01,240-01,4G
240,1,24001,6858****,1313****,8694****,240-01,240-01,4G
240,1,24001,3888****,6067****,9180****,240-01,240-01,4G
240,1,24001,2136****,5802****,4065****,240-01,240-01,4G
240,1,24001,3798****,6541****,6298****,240-01,240-01,4G
240,1,24001,7884****,7152****,7310****,240-01,240-01,5G
240,1,24001,8443****,9853****,1502****,240-01,240-01,5G
240,1,24001,9773****,9950****,4674****,240-01,240-01,5G
240,1,24001,5163****,6466****,8459****,240-01,240-01,5G
240,1,24001,6288****,5515****,5903****,240-01,240-01,5G
240,1,24001,1391****,3118****,1119****,240-01,240-01,5G
240,1,24001,5626****,1062****,5237****,240-01,240-01,4G
240,1,24001,2919****,7799****,3829****,240-01,240-01,4G
240,1,24001,3456****,8600****,2207****,240-01,240-01,5G
240,1,24001,2475****,1117****,7813****,240-01,240-01,5G
240,1,24001,4039****,2720****,7138****,240-01,240-01,3G
240,1,24001,8251****,7711****,9683****,240-01,240-01,3G
240,1,24001,2464****,9016****,7115****,240-01,240-01,4G
240,1,24001,6725****,8596****,2022****,240-01,240-01,4G
240,1,24001,4198****,9016****,8268****,240-01,240-01,3G
240,1,24001,5720****,3384****,4105****,240-01,240-01,3G
240,1,24001,9736****,6011****,1549****,240-01,240-01,5G
240,1,24001,5827****,8677****,6776****,240-01,240-01,5G
240,1,24001,2380****,8203****,8612****,240-01,240-01,5G
240,1,24001,6594****,5611****,9594****,240-01,240-01,5G
240,1,24001,5600****,9982****,7598****,240-01,240-01,4G
240,1,24001,4061****,1539****,8718****,240-01,240-01,4G
240,1,24001,9285****,1550****,7263****,240-01,240-01,3G
240,1,24001,3571****,3728****,2775****,240-01,240-01,3G
240,1,24001,9315****,7591****,3566****,240-01,240-01,5G
240,1,24001,8161****,7014****,2529****,240-01,240-01,5G
240,1,24001,1917****,8590****,9956****,240-01,240-01,3G
240,1,24001,1296****,3362****,7599****,240-01,240-01,3G
240,1,24001,3725****,6873****,7133****,240-01,240-01,3G
240,1,24001,6789****,7060****,8220****,240-01,240-01,3G
240,1,24001,2672****,3319****,6353****,240-01,240-01,3G
240,1,24001,4890****,6762****,1138****,240-01,240-01,3G
240,1,24001,7582****,7625****,7183****,240-01,240-01,4G
240,1,24001,1880****,4249****,3456****,240-01,240-01,4G
240,1,24001,8674****,8446****,7413****,240-01,240-01,5G
240,1,24001,8803****,7668****,7052****,240-01,240-01,5G
240,1,24001,3380****,5150****,9483****,240-01,240-01,5G
240,1,24001,9616****,4478****,8049****,240-01,240-01,5G
240,1,24001,6528****,2666****,6770****,240-01,240-01,4G
240,1,24001,9024****,2945****,2963****,240-01,240-01,4G
240,1,24001,7116****,2123****,9108****,240-01,240-01,4G
240,1,24001,3945****,2839****,7862****,240-01,240-01,4G
240,1,24001,9808****,7927****,9982****,240-01,240-01,4G
240,1,24001,4655****,9338****,1616****,240-01,240-01,4G
240,1,24001,3879****,9758****,5487****,240-01,240-01,5G
240,1,24001,3920****,1178****,8261****,240-01,240-01,5G
240,1,24001,5714****,2648****,7009****,240-01,240-01,4G
240,1,24001,2497****,3328****,4474****,240-01,240-01,4G
240,1,24001,5456****,6317****,4690****,240-01,240-01,5G
240,1,24001,2720****,9344****,5709****,240-01,240-01,5G
240,1,24001,4842****,5905****,3098****,240-01,240-01,5G
240,1,24001,1163****,4682****,1800****,240-01,240-01,5G
240,1,24001,8764****,7497****,6067****,240-01,240-01,3G
240,1,24001,2561****,3951****,3264****,240-01,240-01,3G
240,1,24001,2862****,5651****,1420****,240-01,240-01,3G
240,1,24001,9693****,2403****,6933****,240-01,240-01,3G
240,1,24001,1906****,8169****,1200****,240-01,240-01,5G
240,1,24001,7626****,3130****,2708****,240-01,240-01,5G
240,1,24001,3815****,1157****,1879****,240-01,240-01,4G
240,1,24001,8854****,9160****,5739****,240-01,240-01,4G
240,1,24001,9582****,2618****,8333****,240-01,240-01,4G
240,1,24001,9883****,4721****,9319****,240-01,240-01,4G
240,1,24001,8086****,4354****,8581****,240-01,240-01,5G
240,1,24001,9992****,7410****,1455****,240-01,240-01,5G
240,1,24001,2921****,1422****,1402****,240-01,240-01,3G
240,1,24001,9750****,5256****,9637****,240-01,240-01,3G
240,1,24001,6083****,9322****,5453****,240-01,240-01,5G
240,1,24001,2997****,5946****,1142****,240-01,240-01,5G
240,1,24001,3797****,5996****,6674****,240-01,240-01,3G
240,1,24001,3448****,3373****,7173****,240-01,240-01,3G
240,1,24001,8424****,8875****,6839****,240-01,240-01,4G
240,1,24001,1238****,8385****,4649****,240-01,240-01,4G
240,1,24001,6357****,2257****,8518****,240-01,240-01,3G
240,1,24001,6786****,2506****,2698****,240-01,240-01,3G
240,1,24001,5098****,8426****,9489****,240-01,240-01,3G
240,1,24001,2843****,4839****,1082****,240-01,240-01,3G
240,1,24001,9554****,1913****,8803****,240-01,240-01,5G
240,1,24001,1561****,6017****,3602****,240-01,240-01,5G
240,1,24001,7324****,9407****,1250****,240-01,240-01,5G
240,1,24001,8919****,3986****,4823****,240-01,240-01,5G
240,1,24001,9844****,7805****,2565****,240-01,240-01,5G
240,1,24001,6126****,8256****,4314****,240-01,240-01,5G
240,1,24001,4253****,2373****,7125****,240-01,240-01,3G
240,1,24001,6680****,4736****,2016****,240-01,240-01,3G
240,1,24001,4920****,4247****,8330****,240-01,240-01,4G
240,1,24001,1051****,6062****,1199****,240-01,240-01,4G
240,1,24001,4349****,8301****,1510****,240-01,240-01,5G
240,1,24001,4833****,8117****,3333****,240-01,240-01,5G
240,1,24001,1413****,3245****,2812****,240-01,240-01,4G
240,1,24001,1410****,7307****,1412****,240-01,240-01,4G
240,1,24001,4033****,5914****,6249****,240-01,240-01,5G
240,1,24001,5979****,2377****,7978****,240-01,240-01,5G
240,1,24001,3763****,1188****,1476****,240-01,240-01,3G
240,1,24001,3353****,5523****,8218****,240-01,240-01,3G
240,1,24001,4966****,6238****,2733****,240-01,240-01,3G
240,1,24001,9999****,3220****,9302****,240-01,240-01,3G
240,1,24001,8326****,2991****,3870****,240-01,240-01,4G
240,1,24001,9392****,1955****,7122****,240-01,240-01,4G
240,1,24001,1984****,3579****,2328****,240-01,240-01,4G
240,1,24001,7406****,9313****,2681****,240-01,240-01,4G
240,1,24001,9348****,2781****,1787****,240-01,240-01,5G
240,1,24001,3239****,9762****,4019****,240-01,240-01,5G
240,1,24001,9620****,9634****,6204****,240-01,240-01,3G
240,1,24001,2624****,7832****,8631****,240-01,240-01,3G
240,1,24001,2118****,3543****,6109****,240-01,240-01,5G
240,1,24001,5222****,7500****,9295****,240-01,240-01,5G
240,1,24001,4089****,4429****,9429****,240-01,240-01,4G
240,1,24001,9704****,9788****,1204****,240-01,240-01,4G
240,1,24001,4669****,9826****,6938****,240-01,240-01,3G
240,1,24001,4068****,3976****,8710****,240-01,240-01,3G
240,1,24001,7185****,5607****,8078****,240-01,240-01,5G
240,1,24001,4937****,5452****,2834****,240-01,240-01,5G
240,1,24001,6847****,1446****,2877****,240-01,240-01,3G
240,1,24001,8827****,3450****,3627****,240-01,240-01,3G
240,1,24001,4399****,3022****,4690****,240-01,240-01,5G
240,1,24001,3557****,9397****,2416****,240-01,240-01,5G
240,1,24001,4813****,2082****,6025****,240-01,240-01,5G
240,1,24001,2387****,1578****,2044****,240-01,240-01,5G
240,1,24001,6902****,3040****,6486****,240-01,240-01,5G
240,1,24001,2208****,5365****,9038****,240-01,240-01,5G
240,1,24001,4146****,1815****,4928****,240-01,240-01,3G
240,1,24001,3029****,1171****,9072****,240-01,240-01,3G
240,1,24001,5781****,4578****,4476****,240-01,240-01,4G
240,1,24001,7709****,8045****,5941****,240-01,240-01,4G
240,1,24001,4897****,5748****,9706****,240-01,240-01,5G
240,1,24001,1325****,1251****,8408****,240-01,240-01,5G
240,1,24001,5109****,7185****,3702****,240-01,240-01,3G
240,1,24001,9424****,4296****,5080****,240-01,240-01,3G
240,1,24001,9219****,7878****,9543****,240-01,240-01,4G
240,1,24001,8723****,5295****,9719****,240-01,240-01,4G
240,1,24001,5752****,9115****,3094****,240-01,240-01,4G
240,1,24001,9147****,7796****,5295****,240-01,240-01,4G
240,1,24001,1053****,7444****,5571****,240-01,240-01,5G
240,1,24001,2495****,8452****,3619****,240-01,240-01,5G
240,1,24001,9651****,1934****,6306****,240-01,240-01,4G
240,1,24001,2151****,1529****,2929****,240-01,240-01,4G
240,1,24001,5423****,7455****,3630****,240-01,240-01,3G
240,1,24001,5451****,6824****,2072****,240-01,240-01,3G
240,1,24001,7788****,4815****,7061****,240-01,240-01,3G
240,1,24001,7152****,7765****,9637****,240-01,240-01,3G
240,1,24001,1191****,9040****,1728****,240-01,240-01,4G
240,1,24001,9235****,4372****,6021****,240-01,240-01,4G
240,1,24001,3452****,4140****,6501****,240-01,240-01,5G
240,1,24001,3900****,7646****,9632****,240-01,240-01,5G
240,1,24001,9874****,1209****,1340****,240-01,240-01,3G
240,1,24001,9319****,4182****,1253****,240-01,240-01,3G
240,1,24001,9342****,6389****,4052****,240-01,240-01,5G
240,1,24001,1257****,6189****,5303****,240-01,240-01,5G
240,1,24001,1597****,9861****,3336****,240-01,240-01,5G
240,1,24001,1492****,2089****,2207****,240-01,240-01,5G
240,1,24001,5882****,7506****,7362****,240-01,240-01,4G
240,1,24001,7578****,9991****,1590****,240-01,240-01,4G
240,1,24001,1278****,1805****,4576****,240-01,240-01,3G
240,1,24001,1415****,1407****,7435****,240-01,240-01,3G
240,1,24001,8220****,9502****,1610****,240-01,240-01,5G
240,1,24001,1672****,6308****,2158****,240-01,240-01,5G
240,1,24001,2777****,9386****,9823****,240-01,240-01,5G
240,1,24001,8373****,9057****,6582****,240-01,240-01,5G
240,1,24001,2798****,3980****,1076****,240-01,240-01,5G
240,1,24001,9981****,8233****,7007****,240-01,240-01,5G
240,1,24001,6323****,1293****,3516****,240-01,240-01,4G
240,1,24001,5275****,8013****,5514****,240-01,240-01,4G
240,1,24001,6723****,8170****,5458****,240-01,240-01,3G
240,1,24001,2683****,4950****,4109****,240-01,240-01,3G
240,1,24001,6671****,1988****,9098****,240-01,240-01,4G
240,1,24001,1241****,7311****,7046****,240-01,240-01,4G
240,1,24001,8494****,6004****,4504****,240-01,240-01,5G
240,1,24001,4062****,1733****,7541****,240-01,240-01,5G
240,1,24001,4012****,8527****,9965****,240-01,240-01,5G
240,1,24001,4916****,5551****,6335****,240-01,240-01,5G
240,1,24001,2944****,1234****,4867****,240-01,240-01,5G
240,1,24001,3748****,5021****,5290****,240-01,240-01,5G
240,1,24001,5398****,9246****,4218****,240-01,240-01,4G
240,1,24001,9690****,8266****,1849****,240-01,240-01,4G
240,1,24001,2234****,4510****,3992****,240-01,240-01,3G
240,1,24001,2716****,7103****,9422****,240-01,240-01,3G
240,1,24001,1233****,6595****,4628****,240-01,240-01,5G
240,1,24001,9667****,3326****,3613****,240-01,240-01,5G
240,1,24001,5810****,7862****,1025****,240-01,240-01,4G
240,1,24001,7481****,7472****,8770****,240-01,240-01,4G
240,1,24001,2157****,1276****,2719****,240-01,240-01,3G
240,1,24001,6725****,2896****,3715****,240-01,240-01,3G
240,1,24001,1415****,8204****,2698****,240-01,240-01,3G
240,1,24001,4983****,2439****,5055****,240-01,240-01,3G
240,1,24001,4951****,7922****,4376****,240-01,240-01,3G
240,1,24001,9569****,4163****,2167****,240-01,240-01,3G
240,1,24001,8838****,4698****,4509****,240-01,240-01,3G
240,1,24001,9036****,3103****,4384****,240-01,240-01,3G
240,1,24001,8855****,3911****,2953****,240-01,240-01,3G
240,1,24001,2134****,1692****,9338****,240-01,240-01,3G
240,1,24001,9972****,5401****,9696****,240-01,240-01,4G
240,1,24001,2774****,6169****,7869****,240-01,240-01,4G
240,1,24001,3032****,8403****,2265****,240-01,240-01,4G
240,1,24001,3548****,2442****,6036****,240-01,240-01,4G
240,1,24001,5794****,2794****,6688****,240-01,240-01,4G
240,1,24001,4988****,8817****,1752****,240-01,240-01,4G
240,1,24001,5074****,8673****,2675****,240-01,240-01,4G
240,1,24001,2768****,3039****,2347****,240-01,240-01,4G
240,1,24001,3886****,6354****,2553****,240-01,240-01,4G
240,1,24001,9210****,2249****,9838****,240-01,240-01,4G
240,1,24001,5827****,3917****,6277****,240-01,240-01,3G
240,1,24001,9216****,3368****,6641****,240-01,240-01,3G
240,1,24001,1612****,4419****,2031****,240-01,240-01,3G
240,1,24001,6079****,4259****,9969****,240-01,240-01,3G
240,1,24001,5612****,2123****,7243****,240-01,240-01,3G
240,1,24001,5534****,7490****,6685****,240-01,240-01,3G
240,1,24001,6867****,1891****,8077****,240-01,240-01,3G
240,1,24001,1747****,1133****,5443****,240-01,240-01,3G
240,1,24001,9347****,2032****,3574****,240-01,240-01,4G
240,1,24001,6784****,3236****,3734****,240-01,240-01,4G
240,1,24001,6428****,8476****,1484****,240-01,240-01,4G
240,1,24001,1410****,4757****,6731****,240-01,240-01,4G
240,1,24001,3357****,5157****,7471****,240-01,240-01,3G
240,1,24001,7666****,5559****,2296****,240-01,240-01,3G
240,1,24001,5734****,5534****,6856****,240-01,240-01,4G
240,1,24001,2453****,1839****,5833****,240-01,240-01,4G
240,1,24001,9414****,5811****,7673****,240-01,240-01,3G
240,1,24001,6968****,5815****,7712****,240-01,240-01,3G
240,1,24001,3352****,8388****,3427****,240-01,240-01,5G
240,1,24001,1908****,7993****,5027****,240-01,240-01,5G
240,1,24001,1756****,7277****,7677****,240-01,240-01,4G
240,1,24001,3451****,5696****,9271****,240-01,240-01,4G
240,1,24001,5566****,1573****,3948****,240-01,240-01,5G
240,1,24001,6015****,2297****,6513****,240-01,240-01,5G
240,1,24001,7723****,5587****,7821****,240-01,240-01,4G
240,1,24001,3435****,7136****,8077****,240-01,240-01,4G
240,1,24001,1593****,6627****,1600****,240-01,240-01,4G
240,1,24001,8817****,1372****,7109****,240-01,240-01,4G
240,1,24001,7512****,3708****,2533****,240-01,240-01,4G
240,1,24001,9766****,6497****,1929****,240-01,240-01,4G
240,1,24001,6095****,4659****,7112****,240-01,240-01,4G
240,1,24001,3317****,6672****,1908****,240-01,240-01,4G
240,1,24001,1226****,6115****,2874****,240-01,240-01,3G
240,1,24001,6050****,9959****,2823****,240-01,240-01,3G
240,1,24001,2137****,5419****,9482****,240-01,240-01,4G
240,1,24001,1544****,2100****,8683****,240-01,240-01,4G
240,1,24001,4850****,4714****,9769****,240-01,240-01,5G
240,1,24001,1774****,7440****,6883****,240-01,240-01,5G
240,1,24001,6455****,9420****,8310****,240-01,240-01,5G
240,1,24001,6378****,6320****,8769****,240-01,240-01,5G
240,1,24001,4566****,6635****,9314****,240-01,240-01,5G
240,1,24001,7089****,6433****,2816****,240-01,240-01,5G
240,1,24001,2713****,5217****,9780****,240-01,240-01,5G
240,1,24001,1830****,9477****,8009****,240-01,240-01,5G
240,1,24001,6172****,2400****,7374****,240-01,240-01,4G
240,1,24001,8746****,4598****,9219****,240-01,240-01,4G
240,1,24001,5195****,2171****,5437****,240-01,240-01,5G
240,1,24001,6741****,4394****,7368****,240-01,240-01,5G
240,1,24001,9825****,8915****,9175****,240-01,240-01,4G
240,1,24001,8780****,7021****,8192****,240-01,240-01,4G
240,1,24001,5193****,5053****,6787****,240-01,240-01,5G
240,1,24001,5088****,9274****,3029****,240-01,240-01,5G
240,1,24001,5815****,1440****,5692****,240-01,240-01,4G
240,1,24001,8413****,4794****,6137****,240-01,240-01,4G
240,1,24001,3974****,8183****,2860****,240-01,240-01,3G
240,1,24001,8680****,4588****,4439****,240-01,240-01,3G
240,1,24001,6407****,9680****,6782****,240-01,240-01,4G
240,1,24001,5439****,4193****,8016****,240-01,240-01,4G
240,1,24001,9485****,5767****,9194****,240-01,240-01,4G
240,1,24001,9414****,1507****,4512****,240-01,240-01,4G
240,1,24001,8506****,4581****,6967****,240-01,240-01,5G
240,1,24001,7185****,4804****,2144****,240-01,240-01,5G
240,1,24001,1617****,6632****,7155****,240-01,240-01,3G
240,1,24001,4605****,1386****,2976****,240-01,240-01,3G
240,1,24001,3149****,1644****,4986****,240-01,240-01,3G
240,1,24001,1625****,9247****,9564****,240-01,240-01,3G
240,1,24001,5267****,1484****,9398****,240-01,240-01,4G
240,1,24001,9612****,5793****,3327****,240-01,240-01,4G
240,1,24001,1304****,4762****,1129****,240-01,240-01,3G
240,1,24001,6051****,9498****,4934****,240-01,240-01,3G
240,1,24001,5728****,5234****,9571****,240-01,240-01,5G
240,1,24001,2045****,8556****,9611****,240-01,240-01,5G
240,1,24001,7306****,2017****,7931****,240-01,240-01,5G
240,1,24001,9873****,1449****,4381****,240-01,240-01,5G
240,1,24001,9655****,9228****,3382****,240-01,240-01,3G
240,1,24001,9791****,3505****,1049****,240-01,240-01,3G
240,1,24001,9721****,4263****,7417****,240-01,240-01,5G
240,1,24001,7413****,9541****,9030****,240-01,240-01,5G
240,1,24001,7626****,3540****,2324****,240-01,240-01,5G
240,1,24001,2122****,2687****,3155****,240-01,240-01,5G
240,1,24001,7978****,9744****,9514****,240-01,240-01,5G
240,1,24001,7445****,3049****,2321****,240-01,240-01,5G
240,1,24001,5154****,1522****,3216****,240-01,240-01,4G
240,1,24001,5157****,6089****,2420****,240-01,240-01,4G
240,1,24001,3621****,9054****,3791****,240-01,240-01,3G
240,1,24001,8505****,3998****,9578****,240-01,240-01,3G
240,1,24001,7787****,6240****,2282****,240-01,240-01,3G
240,1,24001,8274****,6685****,3830****,240-01,240-01,3G
240,1,24001,3617****,6023****,4704****,240-01,240-01,3G
240,1,24001,6014****,3081****,3450****,240-01,240-01,3G
240,1,24001,7317****,6837****,4025****,240-01,240-01,5G
240,1,24001,1305****,3488****,8959****,240-01,240-01,5G
240,1,24001,4610****,8707****,3974****,240-01,240-01,4G
240,1,24001,8368****,5007****,6309****,240-01,240-01,4G
240,1,24001,2802****,7335****,4968****,240-01,240-01,4G
240,1,24001,9519****,1428****,3660****,240-01,240-01,4G
240,1,24001,3042****,1162****,2581****,240-01,240-01,3G
240,1,24001,7066****,1150****,7106****,240-01,240-01,3G
240,1,24001,7977****,3525****,8173****,240-01,240-01,3G
240,1,24001,6576****,8727****,1207****,240-01,240-01,3G
240,1,24001,4229****,6703****,8335****,240-01,240-01,4G
240,1,24001,2998****,5530****,6040****,240-01,240-01,4G
240,1,24001,1994****,6052****,1793****,240-01,240-01,5G
240,1,24001,7876****,4596****,3832****,240-01,240-01,5G
240,1,24001,4330****,2411****,9468****,240-01,240-01,4G
240,1,24001,2354****,6964****,6618****,240-01,240-01,4G
240,1,24001,4128****,4897****,9557****,240-01,240-01,5G
240,1,24001,9288****,9506****,3459****,240-01,240-01,5G
240,1,24001,1582****,7299****,5633****,240-01,240-01,5G
240,1,24001,2292****,6234****,3897****,240-01,240-01,5G
240,1,24001,5595****,2838****,5154****,240-01,240-01,3G
240,1,24001,7057****,5412****,2363****,240-01,240-01,3G
240,1,24001,3315****,9229****,8728****,240-01,240-01,4G
240,1,24001,2098****,8104****,2394****,240-01,240-01,4G
240,1,24001,1568****,2717****,2628****,240-01,240-01,3G
240,1,24001,3661****,2984****,5576****,240-01,240-01,3G
240,1,24001,6050****,7019****,7355****,240-01,240-01,3G
240,1,24001,7525****,2729****,1738****,240-01,240-01,3G
240,1,24001,8705****,2882****,6255****,240-01,240-01,5G
240,1,24001,7406****,4828****,5426****,240-01,240-01,5G
240,1,24001,9686****,4047****,4579****,240-01,240-01,3G
240,1,24001,5988****,1644****,5835****,240-01,240-01,3G
240,1,24001,8989****,7273****,4397****,240-01,240-01,5G
240,1,24001,7522****,4435****,6830****,240-01,240-01,5G
240,1,24001,4437****,1788****,8518****,240-01,240-01,3G
240,1,24001,1000****,1223****,3403****,240-01,240-01,3G
240,1,24001,3772****,7059****,7251****,240-01,240-01,4G
240,1,24001,9502****,3133****,9990****,240-01,240-01,4G
240,1,24001,8982****,4305****,3167****,240-01,240-01,3G
240,1,24001,9546****,1089****,3793****,240-01,240-01,3G
240,1,24001,1819****,1003****,8162****,240-01,240-01,3G
240,1,24001,7245****,1586****,7679****,240-01,240-01,3G
240,1,24001,8628****,9910****,4505****,240-01,240-01,3G
240,1,24001,6718****,4371****,4239****,240-01,240-01,3G
240,1,24001,8377****,8627****,6088****,240-01,240-01,4G
240,1,24001,1392****,2914****,7584****,240-01,240-01,4G
240,1,24001,2847****,4973****,6764****,240-01,240-01,4G
240,1,24001,5613****,8821****,9745****,240-01,240-01,4G
240,1,24001,9522****,1712****,8768****,240-01,240-01,5G
240,1,24001,9946****,6732****,9114****,240-01,240-01,5G
240,1,24001,6187****,7162****,7541****,240-01,240-01,5G
240,1,24001,6065****,6725****,6997****,240-01,240-01,5G
240,1,24001,4658****,4349****,1140****,240-01,240-01,4G
240,1,24001,9953****,2076****,1683****,240-01,240-01,4G
240,1,24001,7060****,8210****,6539****,240-01,240-01,4G
240,1,24001,7002****,3016****,1648****,240-01,240-01,4G
240,1,24001,8340****,3307****,1629****,240-01,240-01,3G
240,1,24001,3369****,9478****,2553****,240-01,240-01,3G
240,1,24001,3486****,6069****,1528****,240-01,240-01,5G
240,1,24001,9620****,7332****,7328****,240-01,240-01,5G
240,1,24001,9361****,1227****,3734****,240-01,240-01,4G
240,1,24001,2617****,8666****,8641****,240-01,240-01,4G
240,1,24001,4808****,4832****,4783****,240-01,240-01,4G
240,1,24001,8417****,4395****,1694****,240-01,240-01,4G
240,1,24001,3888****,5858****,9119****,240-01,240-01,3G
240,1,24001,6200****,4334****,9239****,240-01,240-01,3G
240,1,24001,8761****,4552****,6450****,240-01,240-01,4G
240,1,24001,3331****,5067****,7708****,240-01,240-01,4G
240,1,24001,6808****,4984****,4091****,240-01,240-01,5G
240,1,24001,7656****,5793****,9390****,240-01,240-01,5G
240,1,24001,3078****,6133****,1812****,240-01,240-01,5G
240,1,24001,3437****,6712****,4672****,240-01,240-01,5G
240,1,24001,1811****,8816****,3569****,240-01,240-01,4G
240,1,24001,5083****,2719****,6470****,240-01,240-01,4G
240,1,24001,9549****,8466****,6336****,240-01,240-01,5G
240,1,24001,2241****,9921****,9134****,240-01,240-01,5G
240,1,24001,5554****,3786****,4616****,240-01,240-01,4G
240,1,24001,9997****,3012****,5195****,240-01,240-01,4G
240,1,24001,7265****,2910****,6149****,240-01,240-01,4G
240,1,24001,9828****,1235****,4990****,240-01,240-01,4G
240,1,24001,8153****,5954****,6963****,240-01,240-01,5G
240,1,24001,6107****,3046****,1927****,240-01,240-01,5G
240,1,24001,6535****,5336****,1114****,240-01,240-01,5G
240,1,24001,2779****,8823****,4561****,240-01,240-01,5G
240,1,24001,5906****,8743****,2235****,240-01,240-01,3G
240,1,24001,4265****,2753****,2223****,240-01,240-01,3G
240,1,24001,6277****,2975****,5856****,240-01,240-01,4G
240,1,24001,2800****,8682****,7438****,240-01,240-01,4G
240,1,24001,9814****,3098****,8467****,240-01,240-01,3G
240,1,24001,7137****,3163****,2289****,240-01,240-01,3G
240,1,24001,4026****,5771****,4456****,240-01,240-01,4G
240,1,24001,8208****,6629****,1124****,240-01,240-01,4G
240,1,24001,3609****,6184****,8997****,240-01,240-01,4G
240,1,24001,2527****,5650****,7929****,240-01,240-01,4G
240,1,24001,4973****,2201****,4783****,240-01,240-01,4G
240,1,24001,8167****,2619****,8182****,240-01,240-01,4G
240,1,24001,7699****,8638****,9821****,240-01,240-01,4G
240,1,24001,9003****,2303****,2719****,240-01,240-01,4G
240,1,24001,9812****,1715****,9717****,240-01,240-01,4G
240,1,24001,5017****,8275****,8260****,240-01,240-01,4G
240,1,24001,4006****,1188****,3324****,240-01,240-01,5G
240,1,24001,1279****,2646****,9277****,240-01,240-01,5G
240,1,24001,1800****,7732****,9329****,240-01,240-01,4G
240,1,24001,1612****,5048****,6823****,240-01,240-01,4G
240,1,24001,5090****,6674****,6925****,240-01,240-01,4G
240,1,24001,6191****,2876****,1887****,240-01,240-01,4G
240,1,24001,1835****,4133****,5187****,240-01,240-01,3G
240,1,24001,4693****,8405****,7269****,240-01,240-01,3G
240,1,24001,4688****,3784****,4768****,240-01,240-01,3G
240,1,24001,6554****,2888****,5233****,240-01,240-01,3G
240,1,24001,4777****,9300****,6645****,240-01,240-01,3G
240,1,24001,7603****,3112****,3346****,240-01,240-01,3G
240,1,24001,1091****,5510****,1215****,240-01,240-01,5G
240,1,24001,7120****,2834****,4584****,240-01,240-01,5G
240,1,24001,3685****,1555****,8214****,240-01,240-01,4G
240,1,24001,5183****,6469****,8848****,240-01,240-01,4G
240,1,24001,6122****,5246****,3136****,240-01,240-01,5G
240,1,24001,9209****,3581****,3191****,240-01,240-01,5G
240,1,24001,3559****,2436****,5061****,240-01,240-01,4G
240,1,24001,4227****,1183****,4900****,240-01,240-01,4G
240,1,24001,6662****,9826****,5728****,240-01,240-01,4G
240,1,24001,1205****,6098****,4900****,240-01,240-01,4G
240,1,24001,3757****,4184****,1157****,240-01,240-01,4G
240,1,24001,9466****,4972****,8307****,240-01,240-01,4G
240,1,24001,4151****,2613****,7237****,240-01,240-01,4G
240,1,24001,4492****,6903****,5446****,240-01,240-01,4G
240,1,24001,9353****,3985****,2219****,240-01,240-01,5G
240,1,24001,9959****,1343****,2205****,240-01,240-01,5G
240,1,24001,7446****,1586****,8187****,240-01,240-01,4G
240,1,24001,4610****,3242****,3311****,240-01,240-01,4G
240,1,24001,1297****,4442****,6706****,240-01,240-01,3G
240,1,24001,7755****,4994****,4164****,240-01,240-01,3G
240,1,24001,8898****,1113****,2888****,240-01,240-01,5G
240,1,24001,4742****,2417****,6987****,240-01,240-01,5G
240,1,24001,9529****,9135****,2606****,240-01,240-01,5G
240,1,24001,6813****,7200****,1332****,240-01,240-01,5G
240,1,24001,1904****,1713****,4637****,240-01,240-01,4G
240,1,24001,3953****,2570****,7647****,240-01,240-01,4G
240,1,24001,5273****,1463****,1209****,240-01,240-01,3G
240,1,24001,4524****,5607****,4181****,240-01,240-01,3G
240,1,24001,1343****,3788****,2503****,240-01,240-01,5G
240,1,24001,5200****,5096****,6495****,240-01,240-01,5G
240,1,24001,5932****,7699****,7437****,240-01,240-01,4G
240,1,24001,5869****,1688****,6255****,240-01,240-01,4G
240,1,24001,8078****,5756****,3112****,240-01,240-01,4G
240,1,24001,6666****,1220****,4755****,240-01,240-01,4G
240,1,24001,9545****,8863****,7779****,240-01,240-01,4G
240,1,24001,3271****,2828****,6198****,240-01,240-01,4G
240,1,24001,4423****,5841****,8952****,240-01,240-01,3G
240,1,24001,9058****,9004****,4922****,240-01,240-01,3G
240,1,24001,3185****,6186****,6934****,240-01,240-01,4G
240,1,24001,9622****,8620****,2297****,240-01,240-01,4G
240,1,24001,1487****,9258****,3016****,240-01,240-01,5G
240,1,24001,4269****,2788****,2068****,240-01,240-01,5G
240,1,24001,6750****,5909****,8512****,240-01,240-01,4G
240,1,24001,1889****,8399****,5434****,240-01,240-01,4G
240,1,24001,9784****,5701****,5399****,240-01,240-01,5G
240,1,24001,5153****,8879****,4930****,240-01,240-01,5G
240,1,24001,8349****,2521****,6488****,240-01,240-01,5G
240,1,24001,9476****,9651****,3072****,240-01,240-01,5G
240,1,24001,3058****,7882****,1101****,240-01,240-01,5G
240,1,24001,5927****,4754****,7325****,240-01,240-01,5G
240,1,24001,8515****,4552****,5516****,240-01,240-01,5G
240,1,24001,1135****,6839****,4448****,240-01,240-01,5G
240,1,24001,9991****,7998****,7433****,240-01,240-01,4G
240,1,24001,4390****,7750****,7169****,240-01,240-01,4G
240,1,24001,7135****,6453****,6088****,240-01,240-01,3G
240,1,24001,5855****,7576****,5685****,240-01,240-01,3G
240,1,24001,9419****,7453****,4996****,240-01,240-01,5G
240,1,24001,5944****,6949****,8991****,240-01,240-01,5G
240,1,24001,4563****,8623****,2975****,240-01,240-01,4G
240,1,24001,9161****,4153****,1851****,240-01,240-01,4G
240,1,24001,7029****,1091****,6179****,240-01,240-01,4G
240,1,24001,1436****,3781****,1973****,240-01,240-01,4G
240,1,24001,7032****,1339****,7409****,240-01,240-01,4G
240,1,24001,6847****,8976****,9898****,240-01,240-01,4G
240,1,24001,3219****,3786****,2784****,240-01,240-01,3G
240,1,24001,7871****,7044****,7190****,240-01,240-01,3G
240,1,24001,5449****,2630****,1134****,240-01,240-01,4G
240,1,24001,5331****,6590****,1338****,240-01,240-01,4G
240,1,24001,2329****,7652****,7334****,240-01,240-01,4G
240,1,24001,8001****,7853****,7149****,240-01,240-01,4G
240,1,24001,6942****,3495****,2001****,240-01,240-01,4G
240,1,24001,1383****,5855****,6006****,240-01,240-01,4G
240,1,24001,8102****,8317****,6593****,240-01,240-01,3G
240,1,24001,4181****,6623****,3470****,240-01,240-01,3G
240,1,24001,3746****,4204****,6773****,240-01,240-01,5G
240,1,24001,3274****,7131****,9203****,240-01,240-01,5G
240,1,24001,5462****,3446****,3937****,240-01,240-01,3G
240,1,24001,2770****,3666****,6552****,240-01,240-01,3G
240,1,24001,2820****,8883****,8069****,240-01,240-01,3G
240,1,24001,8129****,1263****,6723****,240-01,240-01,3G
240,1,24001,6143****,8832****,3924****,240-01,240-01,3G
240,1,24001,7623****,9444****,9916****,240-01,240-01,3G
240,1,24001,1008****,8074****,4417****,240-01,240-01,4G
240,1,24001,1894****,4897****,9637****,240-01,240-01,4G
240,1,24001,4338****,7014****,4490****,240-01,240-01,5G
240,1,24001,2789****,3341****,4170****,240-01,240-01,5G
240,1,24001,9181****,8893****,8334****,240-01,240-01,3G
240,1,24001,2192****,4845****,6080****,240-01,240-01,3G
240,1,24001,1010****,4489****,9055****,240-01,240-01,3G
240,1,24001,5396****,1897****,8763****,240-01,240-01,3G
240,1,24001,9476****,5845****,9796****,240-01,240-01,5G
240,1,24001,5876****,4240****,8232****,240-01,240-01,5G
240,1,24001,5524****,6204****,5116****,240-01,240-01,5G
240,1,24001,1440****,1569****,5043****,240-01,240-01,5G
240,1,24001,8059****,6598****,2273****,240-01,240-01,3G
240,1,24001,3118****,4333****,3285****,240-01,240-01,3G
240,1,24001,8219****,7188****,5471****,240-01,240-01,5G
240,1,24001,4015****,6699****,6255****,240-01,240-01,5G
240,1,24001,1707****,6108****,2509****,240-01,240-01,3G
240,1,24001,9879****,1758****,9632****,240-01,240-01,3G
240,1,24001,8777****,6966****,3653****,240-01,240-01,5G
240,1,24001,7013****,8081****,4918****,240-01,240-01,5G
240,1,24001,4173****,3642****,1542****,240-01,240-01,3G
240,1,24001,7659****,6836****,8223****,240-01,240-01,3G
240,1,24001,1587****,4115****,2551****,240-01,240-01,3G
240,1,24001,2023****,4585****,7372****,240-01,240-01,3G
240,1,24001,7786****,1274****,8172****,240-01,240-01,3G
240,1,24001,2138****,9247****,7262****,240-01,240-01,3G
240,1,24001,8031****,6658****,9252****,240-01,240-01,5G
240,1,24001,4346****,5758****,5760****,240-01,240-01,5G
240,1,24001,1800****,8876****,5096****,240-01,240-01,4G
240,1,24001,3144****,7693****,6975****,240-01,240-01,4G
240,1,24001,1027****,6718****,7245****,240-01,240-01,3G
240,1,24001,6436****,8334****,3818****,240-01,240-01,3G
240,1,24001,4599****,9991****,3480****,240-01,240-01,5G
240,1,24001,6100****,8807****,1277****,240-01,240-01,5G
240,1,24001,6829****,1557****,7888****,240-01,240-01,3G
240,1,24001,6949****,6613****,5380****,240-01,240-01,3G
240,1,24001,3107****,2475****,5473****,240-01,240-01,4G
240,1,24001,7223****,7759****,3934****,240-01,240-01,4G
240,1,24001,1814****,8092****,3994****,240-01,240-01,4G
240,1,24001,9445****,7041****,7089****,240-01,240-01,4G
240,1,24001,6364****,1868****,5039****,240-01,240-01,5G
240,1,24001,5782****,5295****,8619****,240-01,240-01,5G
240,1,24001,4824****,6849****,1192****,240-01,240-01,4G
240,1,24001,4953****,2953****,3195****,240-01,240-01,4G
240,1,24001,2560****,9029****,4186****,240-01,240-01,3G
240,1,24001,5249****,7548****,2722****,240-01,240-01,3G
240,1,24001,6478****,8053****,7370****,240-01,240-01,3G
240,1,24001,7225****,4091****,7060****,240-01,240-01,3G
240,1,24001,2356****,9549****,3652****,240-01,240-01,4G
240,1,24001,2087****,3784****,9013****,240-01,240-01,4G
240,1,24001,6588****,1980****,3446****,240-01,240-01,4G
240,1,24001,5008****,8603****,1923****,240-01,240-01,4G
240,1,24001,3155****,4513****,2140****,240-01,240-01,4G
240,1,24001,5439****,1070****,4374****,240-01,240-01,4G
240,1,24001,8876****,9755****,3859****,240-01,240-01,4G
240,1,24001,6315****,2176****,9323****,240-01,240-01,4G
240,1,24001,9497****,8154****,3461****,240-01,240-01,5G
240,1,24001,8802****,3353****,5187****,240-01,240-01,5G
240,1,24001,9403****,2828****,1573****,240-01,240-01,3G
240,1,24001,9900****,9568****,2290****,240-01,240-01,3G
240,1,24001,5752****,1878****,4645****,240-01,240-01,5G
240,1,24001,5738****,7662****,2208****,240-01,240-01,5G
240,1,24001,5387****,8647****,7910****,240-01,240-01,4G
240,1,24001,9078****,3035****,6124****,240-01,240-01,4G
240,1,24001,5550****,9507****,7933****,240-01,240-01,4G
240,1,24001,4833****,6321****,9966****,240-01,240-01,4G
240,1,24001,6846****,2940****,3085****,240-01,240-01,3G
240,1,24001,8306****,2514****,1210****,240-01,240-01,3G
240,1,24001,6790****,4479****,4769****,240-01,240-01,5G
240,1,24001,6326****,1805****,3149****,240-01,240-01,5G
240,1,24001,9640****,2234****,8160****,240-01,240-01,3G
240,1,24001,8999****,1690****,3408****,240-01,240-01,3G
240,1,24001,4618****,1191****,3250****,240-01,240-01,4G
240,1,24001,2757****,6762****,7565****,240-01,240-01,4G
240,1,24001,5452****,3646****,1659****,240-01,240-01,5G
240,1,24001,3541****,8934****,6083****,240-01,240-01,5G
240,1,24001,9264****,1109****,8103****,240-01,240-01,4G
240,1,24001,9856****,5580****,8555****,240-01,240-01,4G
240,1,24001,6524****,5890****,5415****,240-01,240-01,3G
240,1,24001,2587****,1434****,5539****,240-01,240-01,3G
240,1,24001,4565****,3451****,5509****,240-01,240-01,3G
240,1,24001,7022****,2108****,8645****,240-01,240-01,3G
240,1,24001,7305****,2604****,7850****,240-01,240-01,3G
240,1,24001,3581****,6422****,9250****,240-01,240-01,3G
240,1,24001,6862****,1071****,1792****,240-01,240-01,4G
240,1,24001,4672****,1485****,7566****,240-01,240-01,4G
240,1,24001,4385****,6315****,1108****,240-01,240-01,3G
240,1,24001,1953****,9819****,3654****,240-01,240-01,3G
240,1,24001,8834****,4581****,9322****,240-01,240-01,5G
240,1,24001,8925****,7396****,9116****,240-01,240-01,5G
240,1,24001,7053****,4780****,1658****,240-01,240-01,5G
240,1,24001,8714****,5789****,1125****,240-01,240-01,5G
240,1,24001,5212****,6042****,7858****,240-01,240-01,3G
240,1,24001,9752****,9261****,4335****,240-01,240-01,3G
240,1,24001,7771****,1923****,1067****,240-01,240-01,4G
240,1,24001,7743****,6410****,3117****,240-01,240-01,4G
240,1,24001,4321****,1799****,2007****,240-01,240-01,5G
240,1,24001,6861****,3202****,4517****,240-01,240-01,5G
240,1,24001,9668****,3148****,1681****,240-01,240-01,5G
240,1,24001,3432****,1383****,3274****,240-01,240-01,5G
240,1,24001,3007****,6120****,4274****,240-01,240-01,4G
240,1,24001,2866****,8004****,2372****,240-01,240-01,4G
240,1,24001,2541****,9411****,1766****,240-01,240-01,4G
240,1,24001,6381****,5880****,6185****,240-01,240-01,4G
240,1,24001,4003****,2545****,2927****,240-01,240-01,5G
240,1,24001,6965****,8606****,6925****,240-01,240-01,5G
240,1,24001,8021****,7244****,5509****,240-01,240-01,5G
240,1,24001,6183****,3007****,4875****,240-01,240-01,5G
240,1,24001,6337****,4269****,4386****,240-01,240-01,4G
240,1,24001,9145****,9826****,5924****,240-01,240-01,4G
240,1,24001,6150****,3811****,5856****,240-01,240-01,3G
240,1,24001,6521****,1883****,8570****,240-01,240-01,3G
240,1,24001,3147****,7003****,7037****,240-01,240-01,3G
240,1,24001,8223****,9982****,4449****,240-01,240-01,3G
240,1,24001,7707****,5417****,7712****,240-01,240-01,3G
240,1,24001,3171****,9898****,1866****,240-01,240-01,3G
240,1,24001,3575****,2661****,7375****,240-01,240-01,4G
240,1,24001,2223****,7212****,9269****,240-01,240-01,4G
240,1,24001,9813****,7521****,7704****,240-01,240-01,4G
240,1,24001,7208****,5686****,7878****,240-01,240-01,4G
240,1,24001,8744****,4658****,1884****,240-01,240-01,4G
240,1,24001,9203****,8568****,6865****,240-01,240-01,4G
240,1,24001,8731****,3969****,7120****,240-01,240-01,5G
240,1,24001,5866****,5995****,1699****,240-01,240-01,5G
240,1,24001,3414****,5955****,4853****,240-01,240-01,3G
240,1,24001,4358****,5290****,5410****,240-01,240-01,3G
240,1,24001,8637****,5310****,4520****,240-01,240-01,5G
240,1,24001,8560****,2428****,6326****,240-01,240-01,5G
240,1,24001,5809****,6473****,2663****,240-01,240-01,5G
240,1,24001,8887****,9206****,1562****,240-01,240-01,5G
240,1,24001,5662****,6065****,3594****,240-01,240-01,3G
240,1,24001,5309****,4717****,5550****,240-01,240-01,3G
240,1,24001,1198****,2526****,8265****,240-01,240-01,3G
240,1,24001,4225****,6021****,5579****,240-01,240-01,3G
240,1,24001,2031****,8879****,1088****,240-01,240-01,3G
240,1,24001,3466****,4865****,7046****,240-01,240-01,3G
240,1,24001,5375****,1268****,6056****,240-01,240-01,3G
240,1,24001,4995****,5916****,8438****,240-01,240-01,3G
240,1,24001,5405****,7706****,7285****,240-01,240-01,3G
240,1,24001,1093****,5447****,3917****,240-01,240-01,3G
240,1,24001,3156****,6047****,6737****,240-01,240-01,4G
240,1,24001,8211****,7470****,6696****,240-01,240-01,4G
240,1,24001,8288****,2747****,6362****,240-01,240-01,4G
240,1,24001,2087****,1098****,3270****,240-01,240-01,4G
240,1,24001,5086****,6544****,2842****,240-01,240-01,4G
240,1,24001,8585****,5545****,3255****,240-01,240-01,4G
240,1,24001,6907****,5922****,2624****,240-01,240-01,4G
240,1,24001,6623****,8166****,4372****,240-01,240-01,4G
240,1,24001,4439****,8523****,5318****,240-01,240-01,4G
240,1,24001,2034****,8382****,8032****,240-01,240-01,4G
240,1,24001,5401****,3439****,9308****,240-01,240-01,5G
240,1,24001,4561****,6261****,6682****,240-01,240-01,5G
240,1,24001,4141****,9021****,7288****,240-01,240-01,5G
240,1,24001,5065****,2743****,3151****,240-01,240-01,5G
240,1,24001,2700****,4689****,7777****,240-01,240-01,3G
240,1,24001,9858****,4699****,6166****,240-01,240-01,3G
240,1,24001,6527****,4257****,4694****,240-01,240-01,3G
240,1,24001,1839****,6353****,2474****,240-01,240-01,3G
240,1,24001,6471****,1599****,2536****,240-01,240-01,5G
240,1,24001,5704****,5136****,6909****,240-01,240-01,5G
240,1,24001,6162****,5619****,6091****,240-01,240-01,4G
240,1,24001,3010****,8173****,2690****,240-01,240-01,4G
240,1,24001,8726****,8245****,2714****,240-01,240-01,3G
240,1,24001,6839****,2350****,1040****,240-01,240-01,3G
240,1,24001,7011****,6284****,6537****,240-01,240-01,5G
240,1,24001,9288****,5665****,8633****,240-01,240-01,5G
240,1,24001,2185****,6142****,7083****,240-01,240-01,3G
240,1,24001,1113****,8798****,7452****,240-01,240-01,3G
240,1,24001,1977****,9527****,3328****,240-01,240-01,3G
240,1,24001,9647****,3622****,6295****,240-01,240-01,3G
240,1,24001,8061****,8146****,2448****,240-01,240-01,4G
240,1,24001,9809****,1826****,9456****,240-01,240-01,4G
240,1,24001,8539****,6220****,8682****,240-01,240-01,4G
240,1,24001,1096****,4590****,1259****,240-01,240-01,4G
240,1,24001,3032****,7695****,9156****,240-01,240-01,3G
240,1,24001,5744****,8122****,6239****,240-01,240-01,3G
240,1,24001,2050****,9567****,5896****,240-01,240-01,3G
240,1,24001,2606****,8742****,1314****,240-01,240-01,3G
240,1,24001,1214****,7661****,7018****,240-01,240-01,3G
240,1,24001,3307****,8895****,1153****,240-01,240-01,3G
240,1,24001,6999****,9281****,5235****,240-01,240-01,5G
240,1,24001,4893****,1256****,9041****,240-01,240-01,5G
240,1,24001,3923****,4897****,5228****,240-01,240-01,5G
240,1,24001,5995****,5462****,7466****,240-01,240-01,5G
240,1,24001,1463****,5819****,3623****,240-01,240-01,4G
240,1,24001,2416****,1663****,9022****,240-01,240-01,4G
240,1,24001,1589****,1329****,9628****,240-01,240-01,4G
240,1,24001,9478****,3727****,7680****,240-01,240-01,4G
240,1,24001,6876****,5517****,7825****,240-01,240-01,4G
240,1,24001,2797****,1359****,7882****,240-01,240-01,4G
240,1,24001,7654****,5785****,3810****,240-01,240-01,5G
240,1,24001,3493****,2514****,7076****,240-01,240-01,5G
240,1,24001,6170****,2847****,9259****,240-01,240-01,4G
240,1,24001,9420****,9083****,5331****,240-01,240-01,4G
240,1,24001,9212****,8640****,5165****,240-01,240-01,3G
240,1,24001,9171****,4979****,4063****,240-01,240-01,3G
240,1,24001,8824****,8663****,9434****,240-01,240-01,3G
240,1,24001,8307****,5233****,6272****,240-01,240-01,3G
240,1,24001,6969****,6139****,4185****,240-01,240-01,5G
240,1,24001,8033****,4611****,8825****,240-01,240-01,5G
240,1,24001,5295****,8414****,4166****,240-01,240-01,5G
240,1,24001,1295****,4243****,2833****,240-01,240-01,5G
240,1,24001,1636****,2504****,9663****,240-01,240-01,5G
240,1,24001,9735****,3033****,2973****,240-01,240-01,5G
240,1,24001,1911****,1672****,3817****,240-01,240-01,5G
240,1,24001,4824****,9460****,6365****,240-01,240-01,5G
240,1,24001,8879****,3358****,2847****,240-01,240-01,5G
240,1,24001,1598****,3592****,1829****,240-01,240-01,5G
240,1,24001,7858****,1901****,8556****,240-01,240-01,3G
240,1,24001,6072****,8790****,1828****,240-01,240-01,3G
240,1,24001,4576****,9878****,3705****,240-01,240-01,4G
240,1,24001,5204****,5210****,1177****,240-01,240-01,4G
240,1,24001,6396****,2639****,6415****,240-01,240-01,3G
240,1,24001,2037****,6313****,6764****,240-01,240-01,3G
240,1,24001,1685****,5776****,8171****,240-01,240-01,4G
240,1,24001,9396****,6520****,3831****,240-01,240-01,4G
240,1,24001,5117****,6175****,1249****,240-01,240-01,5G
240,1,24001,4401****,5547****,1668****,240-01,240-01,5G
240,1,24001,2561****,8239****,2439****,240-01,240-01,5G
240,1,24001,6193****,2851****,9131****,240-01,240-01,5G
240,1,24001,9187****,3030****,9336****,240-01,240-01,3G
240,1,24001,9100****,2379****,1751****,240-01,240-01,3G
240,1,24001,2100****,8227****,9916****,240-01,240-01,4G
240,1,24001,4964****,1486****,1548****,240-01,240-01,4G
240,1,24001,4171****,6863****,1930****,240-01,240-01,4G
240,1,24001,9523****,5784****,5981****,240-01,240-01,4G
240,1,24001,5260****,1548****,3134****,240-01,240-01,4G
240,1,24001,4586****,5893****,9995****,240-01,240-01,4G
240,1,24001,4228****,9131****,5094****,240-01,240-01,4G
240,1,24001,5024****,3471****,5564****,240-01,240-01,4G
240,1,24001,5496****,3285****,7554****,240-01,240-01,3G
240,1,24001,5023****,5697****,4379****,240-01,240-01,3G
240,1,24001,3924****,4609****,4417****,240-01,240-01,5G
240,1,24001,7671****,4230****,3520****,240-01,240-01,5G
240,1,24001,9246****,9899****,8501****,240-01,240-01,4G
240,1,24001,1996****,2756****,2960****,240-01,240-01,4G
240,1,24001,8830****,5115****,1551****,240-01,240-01,3G
240,1,24001,5810****,6345****,2377****,240-01,240-01,3G
240,1,24001,6414****,7613****,9433****,240-01,240-01,3G
240,1,24001,7620****,3226****,4130****,240-01,240-01,3G
240,1,24001,7824****,5155****,3967****,240-01,240-01,4G
240,1,24001,5252****,8186****,5937****,240-01,240-01,4G
240,1,24001,9883****,9281****,7461****,240-01,240-01,5G
240,1,24001,7072****,5833****,9100****,240-01,240-01,5G
240,1,24001,5017****,6244****,2926****,240-01,240-01,5G
240,1,24001,3192****,4805****,3647****,240-01,240-01,5G
240,1,24001,8964****,6820****,1969****,240-01,240-01,5G
240,1,24001,1717****,1632****,6772****,240-01,240-01,5G
240,1,24001,2382****,4660****,4424****,240-01,240-01,3G
240,1,24001,3436****,6645****,8792****,240-01,240-01,3G
240,1,24001,2346****,5470****,5381****,240-01,240-01,4G
240,1,24001,5167****,9597****,5599****,240-01,240-01,4G
240,1,24001,1822****,4240****,1995****,240-01,240-01,3G
240,1,24001,7921****,7512****,9169****,240-01,240-01,3G
240,1,24001,3349****,1642****,9920****,240-01,240-01,3G
240,1,24001,6258****,1472****,2355****,240-01,240-01,3G
240,1,24001,5553****,9778****,7095****,240-01,240-01,3G
240,1,24001,4149****,7632****,5221****,240-01,240-01,3G
240,1,24001,6215****,6961****,8782****,240-01,240-01,4G
240,1,24001,4298****,9246****,2187****,240-01,240-01,4G
240,1,24001,8408****,3912****,2273****,240-01,240-01,4G
240,1,24001,1449****,1708****,9669****,240-01,240-01,4G
240,1,24001,7839****,6074****,6847****,240-01,240-01,4G
240,1,24001,2594****,6790****,7773****,240-01,240-01,4G
240,1,24001,9261****,5570****,9727****,240-01,240-01,4G
240,1,24001,8638****,9579****,8973****,240-01,240-01,4G
240,1,24001,1449****,5400****,3143****,240-01,240-01,5G
240,1,24001,5120****,4615****,6274****,240-01,240-01,5G
240,1,24001,4295****,8570****,2962****,240-01,240-01,3G
240,1,24001,1672****,8243****,5385****,240-01,240-01,3G
240,1,24001,8666****,3500****,6537****,240-01,240-01,5G
240,1,24001,6061****,6615****,5784****,240-01,240-01,5G
240,1,24001,7923****,5432****,8715****,240-01,240-01,4G
240,1,24001,2421****,5268****,4154****,240-01,240-01,4G
240,1,24001,5082****,8158****,3749****,240-01,240-01,3G
240,1,24001,3801****,8479****,4229****,240-01,240-01,3G
240,1,24001,1919****,1525****,9291****,240-01,240-01,3G
240,1,24001,6776****,4531****,7583****,240-01,240-01,3G
240,1,24001,7045****,2223****,6292****,240-01,240-01,4G
240,1,24001,5113****,5647****,3733****,240-01,240-01,4G
240,1,24001,4942****,8171****,6202****,240-01,240-01,3G
240,1,24001,2291****,8837****,8321****,240-01,240-01,3G
240,1,24001,8145****,1789****,5136****,240-01,240-01,3G
240,1,24001,9311****,2343****,1518****,240-01,240-01,3G
240,1,24001,1094****,1917****,9038****,240-01,240-01,4G
240,1,24001,1717****,2960****,1818****,240-01,240-01,4G
240,1,24001,4848****,4155****,6581****,240-01,240-01,3G
240,1,24001,9864****,1388****,8814****,240-01,240-01,3G
240,1,24001,9907****,5421****,9660****,240-01,240-01,5G
240,1,24001,4264****,9410****,7551****,240-01,240-01,5G
240,1,24001,4062****,1914****,2737****,240-01,240-01,4G
240,1,24001,2567****,8170****,9222****,240-01,240-01,4G
240,1,24001,9426****,9093****,4687****,240-01,240-01,4G
240,1,24001,8779****,8213****,4486****,240-01,240-01,4G
240,1,24001,5458****,5441****,9500****,240-01,240-01,5G
240,1,24001,7018****,5846****,1875****,240-01,240-01,5G
240,1,24001,1487****,7840****,7084****,240-01,240-01,5G
240,1,24001,9004****,5462****,8226****,240-01,240-01,5G
240,1,24001,9599****,3381****,2599****,240-01,240-01,3G
240,1,24001,2478****,1667****,5341****,240-01,240-01,3G
240,1,24001,6839****,9393****,8101****,240-01,240-01,3G
240,1,24001,9128****,3376****,3397****,240-01,240-01,3G
240,1,24001,5110****,2517****,5300****,240-01,240-01,3G
240,1,24001,7290****,3049****,6602****,240-01,240-01,3G
240,1,24001,2355****,2215****,5319****,240-01,240-01,3G
240,1,24001,3510****,5513****,8938****,240-01,240-01,3G
240,1,24001,2070****,8579****,4178****,240-01,240-01,4G
240,1,24001,4208****,4445****,3988****,240-01,240-01,4G
240,1,24001,4188****,7151****,4416****,240-01,240-01,5G
240,1,24001,4019****,8012****,5053****,240-01,240-01,5G
240,1,24001,8589****,5499****,3322****,240-01,240-01,3G
240,1,24001,4357****,8927****,9505****,240-01,240-01,3G
240,1,24001,8511****,7650****,2951****,240-01,240-01,5G
240,1,24001,6672****,9651****,1551****,240-01,240-01,5G
240,1,24001,2079****,8883****,8468****,240-01,240-01,3G
240,1,24001,3318****,3771****,2089****,240-01,240-01,3G
240,1,24001,9153****,6897****,2519****,240-01,240-01,5G
240,1,24001,6215****,6631****,6585****,240-01,240-01,5G
240,1,24001,9005****,6341****,2413****,240-01,240-01,4G
240,1,24001,7282****,8155****,9830****,240-01,240-01,4G
240,1,24001,4100****,8218****,3445****,240-01,240-01,3G
240,1,24001,8430****,7223****,1706****,240-01,240-01,3G
240,1,24001,7868****,5904****,1001****,240-01,240-01,4G
240,1,24001,5820****,6538****,1816****,240-01,240-01,4G
240,1,24001,3200****,9729****,7621****,240-01,240-01,4G
240,1,24001,6801****,5944****,2950****,240-01,240-01,4G
240,1,24001,7963****,4025****,7792****,240-01,240-01,5G
240,1,24001,3216****,4474****,7657****,240-01,240-01,5G
240,1,24001,4098****,4181****,4306****,240-01,240-01,3G
240,1,24001,5111****,4758****,2735****,240-01,240-01,3G
240,1,24001,7629****,6918****,8885****,240-01,240-01,3G
240,1,24001,4471****,1549****,4555****,240-01,240-01,3G
240,1,24001,4663****,8778****,3659****,240-01,240-01,3G
240,1,24001,4776****,8013****,9133****,240-01,240-01,3G
240,1,24001,4705****,4090****,9598****,240-01,240-01,4G
240,1,24001,6994****,1646****,1353****,240-01,240-01,4G
240,1,24001,3815****,1186****,5375****,240-01,240-01,4G
240,1,24001,1868****,5120****,8328****,240-01,240-01,4G
240,1,24001,8077****,2749****,1034****,240-01,240-01,5G
240,1,24001,4491****,4685****,1791****,240-01,240-01,5G
240,1,24001,7680****,2603****,5714****,240-01,240-01,4G
240,1,24001,3941****,6620****,5627****,240-01,240-01,4G
240,1,24001,2648****,5851****,5997****,240-01,240-01,4G
240,1,24001,9183****,9776****,6774****,240-01,240-01,4G
240,1,24001,3586****,4882****,1869****,240-01,240-01,3G
240,1,24001,8237****,8669****,3223****,240-01,240-01,3G
240,1,24001,9463****,5746****,3529****,240-01,240-01,3G
240,1,24001,7705****,1706****,1154****,240-01,240-01,3G
240,1,24001,2692****,8590****,8498****,240-01,240-01,4G
240,1,24001,1075****,2175****,9853****,240-01,240-01,4G
240,1,24001,6858****,9000****,5872****,240-01,240-01,5G
240,1,24001,7080****,8140****,3061****,240-01,240-01,5G
240,1,24001,3933****,3103****,6931****,240-01,240-01,5G
240,1,24001,5227****,4566****,6330****,240-01,240-01,5G
240,1,24001,6315****,6795****,7897****,240-01,240-01,4G
240,1,24001,3924****,2960****,3137****,240-01,240-01,4G
240,1,24001,9837****,2277****,4574****,240-01,240-01,3G
240,1,24001,2619****,8316****,1874****,240-01,240-01,3G
240,1,24001,5277****,9062****,2260****,240-01,240-01,4G
240,1,24001,6080****,5831****,5565****,240-01,240-01,4G
240,1,24001,7360****,9258****,2543****,240-01,240-01,3G
240,1,24001,3771****,9355****,7140****,240-01,240-01,3G
240,1,24001,1270****,3294****,1191****,240-01,240-01,3G
240,1,24001,4345****,4572****,5053****,240-01,240-01,3G
240,1,24001,8802****,2826****,3226****,240-01,240-01,4G
240,1,24001,8993****,1757****,4262****,240-01,240-01,4G
240,1,24001,5486****,4974****,4845****,240-01,240-01,3G
240,1,24001,3316****,8233****,6284****,240-01,240-01,3G
240,1,24001,2853****,1371****,9700****,240-01,240-01,3G
240,1,24001,9450****,1990****,9734****,240-01,240-01,3G
240,1,24001,4453****,1064****,3134****,240-01,240-01,5G
240,1,24001,3876****,6204****,2889****,240-01,240-01,5G
240,1,24001,6945****,9394****,2637****,240-01,240-01,3G
240,1,24001,6875****,5847****,5406****,240-01,240-01,3G
240,1,24001,2955****,8376****,8139****,240-01,240-01,4G
240,1,24001,3027****,2591****,2510****,240-01,240-01,4G
240,1,24001,4737****,1951****,6100****,240-01,240-01,5G
240,1,24001,9289****,4251****,3430****,240-01,240-01,5G
240,1,24001,5446****,5710****,7524****,240-01,240-01,5G
240,1,24001,9129****,5840****,7821****,240-01,240-01,5G
240,1,24001,9622****,6056****,5875****,240-01,240-01,3G
240,1,24001,9842****,6951****,8031****,240-01,240-01,3G
240,1,24001,1259****,4652****,6921****,240-01,240-01,4G
240,1,24001,1378****,4997****,4985****,240-01,240-01,4G
240,1,24001,5826****,8447****,2174****,240-01,240-01,5G
240,1,24001,3979****,7701****,3909****,240-01,240-01,5G
240,1,24001,3039****,1541****,5263****,240-01,240-01,3G
240,1,24001,8622****,9266****,5638****,240-01,240-01,3G
240,1,24001,4927****,5871****,3598****,240-01,240-01,3G
240,1,24001,8423****,3024****,9385****,240-01,240-01,3G
240,1,24001,7453****,4399****,5811****,240-01,240-01,5G
240,1,24001,3798****,3760****,6584****,240-01,240-01,5G
240,1,24001,8404****,3506****,5910****,240-01,240-01,3G
240,1,24001,7255****,1228****,2922****,240-01,240-01,3G
240,1,24001,7439****,1581****,2481****,240-01,240-01,3G
240,1,24001,2849****,2272****,2059****,240-01,240-01,3G
240,1,24001,8748****,4419****,4292****,240-01,240-01,4G
240,1,24001,7494****,9215****,3200****,240-01,240-01,4G
240,1,24001,2906****,8352****,8734****,240-01,240-01,4G
240,1,24001,8086****,6710****,7041****,240-01,240-01,4G
240,1,24001,6339****,4900****,3785****,240-01,240-01,4G
240,1,24001,7419****,1954****,6075****,240-01,240-01,4G
240,1,24001,9272****,3505****,4523****,240-01,240-01,5G
240,1,24001,6778****,9559****,5149****,240-01,240-01,5G
240,1,24001,8779****,2288****,1315****,240-01,240-01,3G
240,1,24001,6085****,3190****,1371****,240-01,240-01,3G
240,1,24001,1875****,4074****,9924****,240-01,240-01,5G
240,1,24001,2159****,2507****,2991****,240-01,240-01,5G
240,1,24001,4299****,8115****,1299****,240-01,240-01,3G
240,1,24001,4805****,4538****,5915****,240-01,240-01,3G
240,1,24001,8945****,4768****,5885****,240-01,240-01,3G
240,1,24001,7728****,6514****,8472****,240-01,240-01,3G
240,1,24001,5169****,7382****,6123****,240-01,240-01,4G
240,1,24001,9424****,7930****,8354****,240-01,240-01,4G
240,1,24001,3589****,8505****,9450****,240-01,240-01,4G
240,1,24001,6549****,7579****,3363****,240-01,240-01,4G
240,1,24001,2674****,2665****,5048****,240-01,240-01,4G
240,1,24001,1037****,4112****,7818****,240-01,240-01,4G
240,1,24001,9296****,2781****,5400****,240-01,240-01,5G
240,1,24001,2917****,9024****,9365****,240-01,240-01,5G
240,1,24001,5664****,1057****,9109****,240-01,240-01,3G
240,1,24001,5360****,2496****,9511****,240-01,240-01,3G
240,1,24001,7795****,2894****,5622****,240-01,240-01,5G
240,1,24001,8246****,7430****,1680****,240-01,240-01,5G
240,1,24001,2629****,7170****,5906****,240-01,240-01,5G
240,1,24001,9230****,1921****,6841****,240-01,240-01,5G
240,1,24001,3309****,2116****,5393****,240-01,240-01,4G
240,1,24001,3764****,5036****,1022****,240-01,240-01,4G
240,1,24001,4888****,4640****,9506****,240-01,240-01,4G
240,1,24001,7099****,2048****,2485****,240-01,240-01,4G
240,1,24001,6613****,6735****,3028****,240-01,240-01,3G
240,1,24001,2678****,1562****,5039****,240-01,240-01,3G
240,1,24001,1808****,9565****,1657****,240-01,240-01,4G
240,1,24001,6633****,9487****,8084****,240-01,240-01,4G
240,1,24001,6813****,5230****,1859****,240-01,240-01,5G
240,1,24001,8634****,4853****,7802****,240-01,240-01,5G
240,1,24001,6819****,1090****,7078****,240-01,240-01,5G
240,1,24001,3611****,3424****,2679****,240-01,240-01,5G
240,1,24001,8471****,7261****,8592****,240-01,240-01,5G
240,1,24001,4604****,3293****,5798****,240-01,240-01,5G
240,1,24001,6312****,9516****,1788****,240-01,240-01,4G
240,1,24001,8691****,7656****,9123****,240-01,240-01,4G
240,1,24001,2079****,4515****,5909****,240-01,240-01,4G
240,1,24001,9584****,2692****,6962****,240-01,240-01,4G
240,1,24001,6725****,7632****,5962****,240-01,240-01,3G
240,1,24001,1397****,7919****,9988****,240-01,240-01,3G
240,1,24001,3199****,3378****,4644****,240-01,240-01,5G
240,1,24001,5686****,4230****,9863****,240-01,240-01,5G
240,1,24001,9940****,5354****,1263****,240-01,240-01,4G
240,1,24001,7693****,3559****,3671****,240-01,240-01,4G
240,1,24001,4675****,4748****,9984****,240-01,240-01,4G
240,1,24001,1578****,8362****,9914****,240-01,240-01,4G
240,1,24001,8142****,1482****,6099****,240-01,240-01,5G
240,1,24001,4053****,4122****,9899****,240-01,240-01,5G
240,1,24001,6786****,4322****,1896****,240-01,240-01,4G
240,1,24001,3759****,7083****,4794****,240-01,240-01,4G
240,1,24001,8621****,2383****,1636****,240-01,240-01,5G
240,1,24001,4526****,8428****,2517****,240-01,240-01,5G
240,1,24001,2543****,2940****,8365****,240-01,240-01,5G
240,1,24001,4888****,9931****,2382****,240-01,240-01,5G
240,1,24001,5930****,4668****,1221****,240-01,240-01,3G
240,1,24001,9639****,6493****,6532****,240-01,240-01,3G
240,1,24001,5006****,2000****,2834****,240-01,240-01,5G
240,1,24001,2446****,5685****,8450****,240-01,240-01,5G
240,1,24001,1981****,3398****,6708****,240-01,240-01,4G
240,1,24001,6825****,3301****,5381****,240-01,240-01,4G
240,1,24001,8252****,6240****,5475****,240-01,240-01,4G
240,1,24001,3030****,6220****,8272****,240-01,240-01,4G
240,1,24001,1275****,6730****,1947****,240-01,240-01,4G
240,1,24001,6683****,2007****,6029****,240-01,240-01,4G
240,1,24001,6269****,3488****,5488****,240-01,240-01,5G
240,1,24001,3865****,8010****,8054****,240-01,240-01,5G
240,1,24001,7350****,9018****,6323****,240-01,240-01,3G
240,1,24001,6714****,7491****,1544****,240-01,240-01,3G
240,1,24001,8142****,5018****,8039****,240-01,240-01,5G
240,1,24001,6664****,7998****,6786****,240-01,240-01,5G
240,1,24001,2506****,7711****,2894****,240-01,240-01,3G
240,1,24001,3728****,5429****,4376****,240-01,240-01,3G
240,1,24001,1655****,4416****,9296****,240-01,240-01,4G
240,1,24001,8911****,6130****,3071****,240-01,240-01,4G
240,1,24001,1782****,3771****,9705****,240-01,240-01,4G
240,1,24001,2506****,8819****,3368****,240-01,240-01,4G
240,1,24001,4586****,5827****,8335****,240-01,240-01,3G
240,1,24001,7894****,9018****,7069****,240-01,240-01,3G
240,1,24001,4657****,1977****,6105****,240-01,240-01,5G
240,1,24001,6598****,9141****,2545****,240-01,240-01,5G
240,1,24001,2476****,2805****,5075****,240-01,240-01,4G
240,1,24001,1634****,5932****,8923****,240-01,240-01,4G
240,1,24001,7452****,4574****,5532****,240-01,240-01,5G
240,1,24001,8879****,2510****,8448****,240-01,240-01,5G
240,1,24001,7591****,4748****,8640****,240-01,240-01,5G
240,1,24001,6068****,6792****,1503****,240-01,240-01,5G
240,1,24001,5874****,2167****,1463****,240-01,240-01,5G
240,1,24001,9505****,3503****,7994****,240-01,240-01,5G
240,1,24001,4606****,3188****,9867****,240-01,240-01,5G
240,1,24001,8564****,4473****,9123****,240-01,240-01,5G
240,1,24001,9503****,8625****,1463****,240-01,240-01,5G
240,1,24001,1746****,6395****,8056****,240-01,240-01,5G
240,1,24001,8808****,8530****,5888****,240-01,240-01,5G
240,1,24001,4828****,2733****,9142****,240-01,240-01,5G
240,1,24001,1515****,5619****,1971****,240-01,240-01,4G
240,1,24001,3955****,2887****,4881****,240-01,240-01,4G
240,1,24001,7980****,5231****,3653****,240-01,240-01,5G
240,1,24001,8268****,6145****,9646****,240-01,240-01,5G
240,1,24001,3380****,2520****,2169****,240-01,240-01,5G
240,1,24001,2367****,8250****,9392****,240-01,240-01,5G
240,1,24001,2573****,5682****,1142****,240-01,240-01,4G
240,1,24001,5193****,6070****,7621****,240-01,240-01,4G
240,1,24001,8861****,1581****,9272****,240-01,240-01,3G
240,1,24001,3738****,6039****,6844****,240-01,240-01,3G
240,1,24001,8864****,1451****,2052****,240-01,240-01,3G
240,1,24001,5889****,7289****,2770****,240-01,240-01,3G
240,1,24001,6591****,6241****,1820****,240-01,240-01,5G
240,1,24001,6903****,3121****,8434****,240-01,240-01,5G
240,1,24001,2109****,1753****,2810****,240-01,240-01,4G
240,1,24001,1550****,2347****,5230****,240-01,240-01,4G
240,1,24001,7291****,6639****,5675****,240-01,240-01,5G
240,1,24001,2724****,4679****,1945****,240-01,240-01,5G
240,1,24001,7895****,5510****,1080****,240-01,240-01,4G
240,1,24001,7922****,8396****,5802****,240-01,240-01,4G
240,1,24001,1903****,6305****,2333****,240-01,240-01,3G
240,1,24001,6396****,4706****,9715****,240-01,240-01,3G
240,1,24001,2862****,8887****,1384****,240-01,240-01,3G
240,1,24001,8524****,1626****,1096****,240-01,240-01,3G
240,1,24001,9678****,1412****,2739****,240-01,240-01,3G
240,1,24001,8742****,8198****,7134****,240-01,240-01,3G
240,1,24001,9197****,3559****,7594****,240-01,240-01,4G
240,1,24001,7218****,3904****,3071****,240-01,240-01,4G
240,1,24001,1258****,5383****,2061****,240-01,240-01,4G
240,1,24001,4021****,9348****,1338****,240-01,240-01,4G
240,1,24001,4446****,5052****,8142****,240-01,240-01,4G
240,1,24001,7117****,2828****,6374****,240-01,240-01,4G
240,1,24001,1187****,5080****,8410****,240-01,240-01,4G
240,1,24001,2818****,5108****,7153****,240-01,240-01,4G
240,1,24001,6382****,6912****,3344****,240-01,240-01,4G
240,1,24001,7736****,3682****,9516****,240-01,240-01,4G
240,1,24001,9119****,4094****,5276****,240-01,240-01,5G
240,1,24001,7069****,2196****,4872****,240-01,240-01,5G
240,1,24001,6823****,3493****,9265****,240-01,240-01,4G
240,1,24001,8103****,6075****,2184****,240-01,240-01,4G
240,1,24001,1327****,7606****,9262****,240-01,240-01,5G
240,1,24001,5122****,6803****,4563****,240-01,240-01,5G
240,1,24001,3966****,7295****,6301****,240-01,240-01,3G
240,1,24001,9363****,5620****,7538****,240-01,240-01,3G
240,1,24001,9784****,4793****,8972****,240-01,240-01,4G
240,1,24001,4616****,5266****,6360****,240-01,240-01,4G
240,1,24001,8538****,1604****,7065****,240-01,240-01,3G
240,1,24001,6985****,5236****,7082****,240-01,240-01,3G
240,1,24001,9784****,2552****,8710****,240-01,240-01,5G
240,1,24001,3148****,5116****,6077****,240-01,240-01,5G
240,1,24001,2981****,5667****,9530****,240-01,240-01,5G
240,1,24001,9569****,8807****,8511****,240-01,240-01,5G
240,1,24001,3548****,6609****,1522****,240-01,240-01,5G
240,1,24001,2238****,6156****,8482****,240-01,240-01,5G
240,1,24001,6530****,1912****,9245****,240-01,240-01,4G
240,1,24001,1961****,1015****,2717****,240-01,240-01,4G
240,1,24001,6776****,9744****,8448****,240-01,240-01,3G
240,1,24001,9885****,5876****,6698****,240-01,240-01,3G
240,1,24001,1647****,3552****,4943****,240-01,240-01,4G
240,1,24001,9860****,1454****,8784****,240-01,240-01,4G
240,1,24001,7779****,5379****,2481****,240-01,240-01,4G
240,1,24001,2516****,9371****,1413****,240-01,240-01,4G
240,1,24001,6380****,1537****,1774****,240-01,240-01,3G
240,1,24001,1806****,2601****,6884****,240-01,240-01,3G
240,1,24001,3009****,7725****,3413****,240-01,240-01,3G
240,1,24001,8592****,5051****,1250****,240-01,240-01,3G
240,1,24001,8153****,4094****,7586****,240-01,240-01,4G
240,1,24001,1278****,1596****,1880****,240-01,240-01,4G
240,1,24001,2705****,3340****,4215****,240-01,240-01,4G
240,1,24001,9528****,7453****,1161****,240-01,240-01,4G
240,1,24001,5158****,5073****,6555****,240-01,240-01,5G
240,1,24001,3914****,7521****,1939****,240-01,240-01,5G
240,1,24001,7811****,1158****,1045****,240-01,240-01,4G
240,1,24001,5191****,9435****,9365****,240-01,240-01,4G
240,1,24001,1750****,3526****,2443****,240-01,240-01,3G
240,1,24001,5997****,7578****,4203****,240-01,240-01,3G
240,1,24001,6725****,1952****,7735****,240-01,240-01,3G
240,1,24001,5793****,9716****,5643****,240-01,240-01,3G
240,1,24001,1165****,9444****,6577****,240-01,240-01,5G
240,1,24001,6350****,4411****,6655****,240-01,240-01,5G
240,1,24001,5347****,8440****,9065****,240-01,240-01,4G
240,1,24001,6912****,8199****,7623****,240-01,240-01,4G
240,1,24001,1940****,1978****,6893****,240-01,240-01,4G
240,1,24001,6379****,5384****,7589****,240-01,240-01,4G
240,1,24001,2756****,1523****,5777****,240-01,240-01,4G
240,1,24001,4291****,8131****,2599****,240-01,240-01,4G
240,1,24001,6538****,6666****,3206****,240-01,240-01,5G
240,1,24001,1092****,7738****,5834****,240-01,240-01,5G
240,1,24001,4873****,3820****,6084****,240-01,240-01,3G
240,1,24001,1775****,1440****,5531****,240-01,240-01,3G
240,1,24001,7049****,1956****,8096****,240-01,240-01,4G
240,1,24001,7941****,2719****,3080****,240-01,240-01,4G
240,1,24001,7470****,1877****,1708****,240-01,240-01,3G
240,1,24001,6330****,1705****,3641****,240-01,240-01,3G
240,1,24001,7593****,6538****,8053****,240-01,240-01,3G
240,1,24001,4570****,2891****,7345****,240-01,240-01,3G
240,1,24001,7233****,3360****,5190****,240-01,240-01,4G
240,1,24001,8345****,4506****,5495****,240-01,240-01,4G
240,1,24001,5251****,2644****,8764****,240-01,240-01,5G
240,1,24001,6030****,4897****,3097****,240-01,240-01,5G
240,1,24001,2551****,3558****,9529****,240-01,240-01,4G
240,1,24001,2194****,5903****,7804****,240-01,240-01,4G
240,1,24001,2953****,6478****,5046****,240-01,240-01,4G
240,1,24001,4268****,2171****,6074****,240-01,240-01,4G
240,1,24001,8657****,9835****,4903****,240-01,240-01,3G
240,1,24001,9333****,5571****,9458****,240-01,240-01,3G
240,1,24001,7834****,2734****,2697****,240-01,240-01,5G
240,1,24001,8888****,1663****,3761****,240-01,240-01,5G
240,1,24001,2962****,3529****,8653****,240-01,240-01,3G
240,1,24001,5957****,1253****,6353****,240-01,240-01,3G
240,1,24001,5996****,5354****,6297****,240-01,240-01,4G
240,1,24001,8557****,9609****,8785****,240-01,240-01,4G
240,1,24001,5493****,4952****,7106****,240-01,240-01,4G
240,1,24001,8141****,6851****,7707****,240-01,240-01,4G
240,1,24001,7768****,5872****,3742****,240-01,240-01,5G
240,1,24001,4857****,9081****,1940****,240-01,240-01,5G
240,1,24001,5423****,9586****,1519****,240-01,240-01,5G
240,1,24001,5276****,9224****,8588****,240-01,240-01,5G
240,1,24001,2851****,6283****,8488****,240-01,240-01,4G
240,1,24001,3976****,9478****,9369****,240-01,240-01,4G
240,1,24001,7035****,8090****,2291****,240-01,240-01,3G
240,1,24001,2716****,7823****,2183****,240-01,240-01,3G
240,1,24001,7505****,2883****,2374****,240-01,240-01,4G
240,1,24001,8348****,9333****,5385****,240-01,240-01,4G
240,1,24001,2477****,2111****,3963****,240-01,240-01,4G
240,1,24001,3019****,8752****,4912****,240-01,240-01,4G
240,1,24001,8023****,9754****,1431****,240-01,240-01,4G
240,1,24001,2151****,3829****,5003****,240-01,240-01,4G
240,1,24001,8719****,2736****,3368****,240-01,240-01,5G
240,1,24001,7541****,9251****,2573****,240-01,240-01,5G
240,1,24001,3040****,4469****,6792****,240-01,240-01,4G
240,1,24001,8774****,1196****,4019****,240-01,240-01,4G
240,1,24001,5842****,2225****,2289****,240-01,240-01,4G
240,1,24001,2385****,8199****,4393****,240-01,240-01,4G
240,1,24001,4981****,9222****,4087****,240-01,240-01,5G
240,1,24001,3348****,6314****,6659****,240-01,240-01,5G
240,1,24001,6282****,8644****,8709****,240-01,240-01,5G
240,1,24001,5947****,2966****,5800****,240-01,240-01,5G
240,1,24001,9524****,7790****,2944****,240-01,240-01,4G
240,1,24001,7819****,8932****,3512****,240-01,240-01,4G
240,1,24001,4573****,4938****,8395****,240-01,240-01,3G
240,1,24001,4290****,6747****,8924****,240-01,240-01,3G
240,1,24001,9028****,6198****,6866****,240-01,240-01,4G
240,1,24001,4474****,9607****,3585****,240-01,240-01,4G
240,1,24001,1177****,5847****,4133****,240-01,240-01,5G
240,1,24001,5018****,9388****,8371****,240-01,240-01,5G
240,1,24001,2615****,8228****,8659****,240-01,240-01,3G
240,1,24001,2553****,4854****,4588****,240-01,240-01,3G
240,1,24001,7942****,3652****,5418****,240-01,240-01,3G
240,1,24001,6143****,5216****,1571****,240-01,240-01,3G
240,1,24001,8020****,6606****,9205****,240-01,240-01,4G
240,1,24001,5774****,8928****,8898****,240-01,240-01,4G
240,1,24001,9127****,3745****,9582****,240-01,240-01,5G
240,1,24001,3993****,1932****,2902****,240-01,240-01,5G
240,1,24001,6455****,5693****,4251****,240-01,240-01,5G
240,1,24001,1198****,3959****,9278****,240-01,240-01,5G
240,1,24001,3096****,7935****,9867****,240-01,240-01,3G
240,1,24001,2668****,5480****,4160****,240-01,240-01,3G
240,1,24001,9378****,5990****,7976****,240-01,240-01,4G
240,1,24001,2057****,3188****,9231****,240-01,240-01,4G
240,1,24001,1974****,4591****,4356****,240-01,240-01,3G
240,1,24001,9602****,9401****,5815****,240-01,240-01,3G
240,1,24001,3405****,2897****,1541****,240-01,240-01,4G
240,1,24001,2451****,5874****,9463****,240-01,240-01,4G
240,1,24001,3245****,6178****,3864****,240-01,240-01,3G
240,1,24001,2168****,5217****,4412****,240-01,240-01,3G
240,1,24001,7729****,7935****,3657****,240-01,240-01,3G
240,1,24001,1746****,2403****,9000****,240-01,240-01,3G
240,1,24001,4946****,7213****,1904****,240-01,240-01,3G
240,1,24001,6107****,1517****,5338****,240-01,240-01,3G
240,1,24001,2956****,7159****,4750****,240-01,240-01,3G
240,1,24001,4038****,3034****,1713****,240-01,240-01,3G
240,1,24001,3811****,3326****,8508****,240-01,240-01,3G
240,1,24001,4923****,4538****,3484****,240-01,240-01,3G
240,1,24001,1033****,1797****,5120****,240-01,240-01,4G
240,1,24001,4306****,3897****,3344****,240-01,240-01,4G
240,1,24001,5799****,3434****,7011****,240-01,240-01,4G
240,1,24001,3102****,4826****,2275****,240-01,240-01,4G
240,1,24001,8237****,5943****,7811****,240-01,240-01,5G
240,1,24001,9853****,4360****,3092****,240-01,240-01,5G
240,1,24001,7010****,8591****,9310****,240-01,240-01,5G
240,1,24001,5419****,3886****,3457****,240-01,240-01,5G
240,1,24001,1423****,8270****,9071****,240-01,240-01,3G
240,1,24001,3109****,6973****,1223****,240-01,240-01,3G
240,1,24001,2148****,3618****,4951****,240-01,240-01,3G
240,1,24001,6352****,8825****,3492****,240-01,240-01,3G
240,1,24001,1210****,9174****,1119****,240-01,240-01,4G
240,1,24001,6072****,8629****,3064****,240-01,240-01,4G
240,1,24001,9000****,5205****,6012****,240-01,240-01,4G
240,1,24001,8348****,8737****,6365****,240-01,240-01,4G
240,1,24001,9147****,3877****,2051****,240-01,240-01,5G
240,1,24001,1120****,6755****,6898****,240-01,240-01,5G
240,1,24001,1565****,3058****,3348****,240-01,240-01,3G
240,1,24001,1370****,4703****,5382****,240-01,240-01,3G
240,1,24001,1910****,9234****,4893****,240-01,240-01,5G
240,1,24001,6435****,1650****,2977****,240-01,240-01,5G
240,1,24001,1607****,1124****,8220****,240-01,240-01,5G
240,1,24001,3437****,8206****,1426****,240-01,240-01,5G
240,1,24001,1274****,1783****,9050****,240-01,240-01,3G
240,1,24001,7386****,9172****,8463****,240-01,240-01,3G
240,1,24001,9122****,6835****,4747****,240-01,240-01,3G
240,1,24001,3192****,2368****,2536****,240-01,240-01,3G
240,1,24001,3591****,3133****,1329****,240-01,240-01,4G
240,1,24001,2797****,6523****,6139****,240-01,240-01,4G
240,1,24001,3135****,2124****,5749****,240-01,240-01,4G
240,1,24001,4855****,5339****,9974****,240-01,240-01,4G
240,1,24001,3449****,7208****,2698****,240-01,240-01,5G
240,1,24001,1688****,5412****,1300****,240-01,240-01,5G
240,1,24001,2309****,4170****,4511****,240-01,240-01,3G
240,1,24001,4789****,2382****,5134****,240-01,240-01,3G
240,1,24001,7276****,3833****,5677****,240-01,240-01,5G
240,1,24001,7463****,5375****,7230****,240-01,240-01,5G
240,1,24001,2186****,9783****,5005****,240-01,240-01,4G
240,1,24001,2587****,5125****,7014****,240-01,240-01,4G
240,1,24001,8664****,7302****,4126****,240-01,240-01,3G
240,1,24001,3707****,9633****,3984****,240-01,240-01,3G
240,1,24001,7710****,6434****,4542****,240-01,240-01,5G
240,1,24001,1286****,8017****,8311****,240-01,240-01,5G
240,1,24001,4419****,8085****,5858****,240-01,240-01,3G
240,1,24001,3484****,1543****,6972****,240-01,240-01,3G
240,1,24001,6831****,2488****,7422****,240-01,240-01,5G
240,1,24001,2177****,7793****,4775****,240-01,240-01,5G
240,1,24001,7627****,4352****,3259****,240-01,240-01,5G
240,1,24001,2924****,7969****,4748****,240-01,240-01,5G
240,1,24001,3564****,6917****,8397****,240-01,240-01,3G
240,1,24001,3480****,3380****,8728****,240-01,240-01,3G
240,1,24001,1766****,1860****,4744****,240-01,240-01,4G
240,1,24001,2113****,4081****,3936****,240-01,240-01,4G
240,1,24001,6926****,5378****,9647****,240-01,240-01,4G
240,1,24001,2207****,9286****,6751****,240-01,240-01,4G
240,1,24001,5900****,6738****,4700****,240-01,240-01,5G
240,1,24001,3340****,5944****,3996****,240-01,240-01,5G
240,1,24001,7323****,1658****,5461****,240-01,240-01,5G
240,1,24001,9581****,2445****,7920****,240-01,240-01,5G
240,1,24001,1190****,5242****,8233****,240-01,240-01,5G
240,1,24001,9495****,8645****,9238****,240-01,240-01,5G
240,1,24001,8409****,6404****,8114****,240-01,240-01,3G
240,1,24001,7325****,2470****,4353****,240-01,240-01,3G
240,1,24001,7726****,7222****,5116****,240-01,240-01,5G
240,1,24001,2511****,5978****,5940****,240-01,240-01,5G
240,1,24001,4182****,8101****,7188****,240-01,240-01,3G
240,1,24001,3739****,5660****,6572****,240-01,240-01,3G
240,1,24001,2671****,2465****,8768****,240-01,240-01,4G
240,1,24001,8465****,4344****,1096****,240-01,240-01,4G
240,1,24001,1275****,8443****,3215****,240-01,240-01,4G
240,1,24001,2234****,5321****,2110****,240-01,240-01,4G
240,1,24001,1065****,8681****,5174****,240-01,240-01,4G
240,1,24001,3242****,9607****,8160****,240-01,240-01,4G
240,1,24001,7514****,5977****,9611****,240-01,240-01,4G
240,1,24001,3656****,9224****,5779****,240-01,240-01,4G
240,1,24001,5399****,1827****,1369****,240-01,240-01,3G
240,1,24001,7620****,1461****,3781****,240-01,240-01,3G
240,1,24001,4480****,3710****,7316****,240-01,240-01,4G
240,1,24001,5849****,3376****,9944****,240-01,240-01,4G
240,1,24001,7489****,3599****,2005****,240-01,240-01,3G
240,1,24001,6958****,6681****,5424****,240-01,240-01,3G
240,1,24001,5615****,6770****,8089****,240-01,240-01,4G
240,1,24001,2188****,5982****,1502****,240-01,240-01,4G
240,1,24001,6589****,5872****,5652****,240-01,240-01,5G
240,1,24001,1636****,3208****,8404****,240-01,240-01,5G
240,1,24001,4696****,9700****,6662****,240-01,240-01,3G
240,1,24001,3216****,6243****,8748****,240-01,240-01,3G
240,1,24001,6475****,4319****,1039****,240-01,240-01,4G
240,1,24001,4102****,1191****,2014****,240-01,240-01,4G
240,1,24001,8896****,6740****,6079****,240-01,240-01,5G
240,1,24001,8707****,8955****,5103****,240-01,240-01,5G
240,1,24001,5901****,4420****,8096****,240-01,240-01,3G
240,1,24001,1751****,2416****,9674****,240-01,240-01,3G
240,1,24001,2839****,4335****,7128****,240-01,240-01,5G
240,1,24001,9489****,8589****,4297****,240-01,240-01,5G
240,1,24001,7446****,8921****,3019****,240-01,240-01,4G
240,1,24001,1413****,5899****,7383****,240-01,240-01,4G
240,1,24001,6579****,7875****,6276****,240-01,240-01,3G
240,1,24001,9318****,3984****,3825****,240-01,240-01,3G
240,1,24001,5502****,3382****,9411****,240-01,240-01,3G
240,1,24001,7468****,6025****,5547****,240-01,240-01,3G
240,1,24001,1730****,3467****,3912****,240-01,240-01,3G
240,1,24001,6696****,9167****,3262****,240-01,240-01,3G
240,1,24001,6691****,4623****,6951****,240-01,240-01,4G
240,1,24001,2079****,4283****,3576****,240-01,240-01,4G
240,1,24001,6298****,1645****,6676****,240-01,240-01,3G
240,1,24001,4608****,8798****,2295****,240-01,240-01,3G
240,1,24001,9489****,7424****,7615****,240-01,240-01,4G
240,1,24001,8818****,5133****,3920****,240-01,240-01,4G
240,1,24001,8418****,8026****,7868****,240-01,240-01,5G
240,1,24001,4176****,8731****,7501****,240-01,240-01,5G
240,1,24001,9423****,7128****,1938****,240-01,240-01,4G
240,1,24001,5929****,9494****,9751****,240-01,240-01,4G
240,1,24001,2965****,6280****,6515****,240-01,240-01,4G
240,1,24001,6508****,2458****,5859****,240-01,240-01,4G
240,1,24001,6061****,5924****,1684****,240-01,240-01,5G
240,1,24001,3529****,9066****,1619****,240-01,240-01,5G
240,1,24001,3675****,7470****,4753****,240-01,240-01,3G
240,1,24001,9840****,2510****,8687****,240-01,240-01,3G
240,1,24001,4104****,5543****,7433****,240-01,240-01,3G
240,1,24001,1682****,3622****,1414****,240-01,240-01,3G
240,1,24001,8447****,3877****,4048****,240-01,240-01,5G
240,1,24001,4448****,4824****,6301****,240-01,240-01,5G
240,1,24001,2218****,2931****,8548****,240-01,240-01,5G
240,1,24001,2957****,4642****,8320****,240-01,240-01,5G
240,1,24001,6636****,1509****,5300****,240-01,240-01,5G
240,1,24001,1747****,5629****,3391****,240-01,240-01,5G
240,1,24001,5669****,3461****,1163****,240-01,240-01,3G
240,1,24001,3685****,9213****,3701****,240-01,240-01,3G
240,1,24001,9952****,6092****,2809****,240-01,240-01,5G
240,1,24001,8237****,9314****,2557****,240-01,240-01,5G
240,1,24001,6117****,8582****,2973****,240-01,240-01,5G
240,1,24001,5249****,1040****,1550****,240-01,240-01,5G
240,1,24001,9839****,7541****,5665****,240-01,240-01,3G
240,1,24001,6504****,2315****,1754****,240-01,240-01,3G
240,1,24001,4271****,4113****,2971****,240-01,240-01,4G
240,1,24001,4019****,1433****,2445****,240-01,240-01,4G
240,1,24001,6370****,5576****,6465****,240-01,240-01,4G
240,1,24001,2514****,4303****,5155****,240-01,240-01,4G
240,1,24001,1695****,8475****,2393****,240-01,240-01,4G
240,1,24001,7399****,7417****,2584****,240-01,240-01,4G
240,1,24001,6544****,8459****,3099****,240-01,240-01,3G
240,1,24001,5987****,9257****,9791****,240-01,240-01,3G
240,1,24001,6911****,5036****,3012****,240-01,240-01,4G
240,1,24001,1337****,1351****,8587****,240-01,240-01,4G
240,1,24001,3352****,8443****,4160****,240-01,240-01,5G
240,1,24001,8090****,5765****,7496****,240-01,240-01,5G
240,1,24001,2337****,8308****,5904****,240-01,240-01,5G
240,1,24001,2487****,8827****,3651****,240-01,240-01,5G
240,1,24001,9062****,6583****,7077****,240-01,240-01,3G
240,1,24001,2745****,3195****,6237****,240-01,240-01,3G
240,1,24001,7261****,3581****,6970****,240-01,240-01,3G
240,1,24001,1514****,7961****,2946****,240-01,240-01,3G
240,1,24001,5623****,8635****,9491****,240-01,240-01,3G
240,1,24001,7375****,6288****,4918****,240-01,240-01,3G
240,1,24001,8805****,5241****,2152****,240-01,240-01,5G
240,1,24001,2742****,8547****,3185****,240-01,240-01,5G
240,1,24001,2838****,4619****,1329****,240-01,240-01,4G
240,1,24001,6237****,7837****,9509****,240-01,240-01,4G
240,1,24001,7561****,4941****,7012****,240-01,240-01,5G
240,1,24001,2848****,8888****,8435****,240-01,240-01,5G
240,1,24001,7468****,2088****,5502****,240-01,240-01,3G
240,1,24001,1136****,5370****,9304****,240-01,240-01,3G
240,1,24001,4541****,6954****,7167****,240-01,240-01,3G
240,1,24001,7487****,9385****,3334****,240-01,240-01,3G
240,1,24001,6012****,4770****,5179****,240-01,240-01,3G
240,1,24001,3243****,4271****,4793****,240-01,240-01,3G
240,1,24001,1056****,1242****,2614****,240-01,240-01,3G
240,1,24001,7904****,4540****,4296****,240-01,240-01,3G
240,1,24001,1629****,1128****,6100****,240-01,240-01,3G
240,1,24001,7412****,9844****,3849****,240-01,240-01,3G
240,1,24001,5936****,7629****,5743****,240-01,240-01,5G
240,1,24001,1890****,3171****,9357****,240-01,240-01,5G
240,1,24001,2198****,8433****,3071****,240-01,240-01,5G
240,1,24001,9000****,5343****,5895****,240-01,240-01,5G
240,1,24001,1654****,2394****,6649****,240-01,240-01,3G
240,1,24001,4034****,1488****,6101****,240-01,240-01,3G
240,1,24001,2580****,7439****,3346****,240-01,240-01,4G
240,1,24001,7064****,7979****,2521****,240-01,240-01,4G
240,1,24001,8072****,1061****,6792****,240-01,240-01,5G
240,1,24001,6693****,5330****,3332****,240-01,240-01,5G
240,1,24001,5519****,2732****,6103****,240-01,240-01,5G
240,1,24001,6989****,5853****,7612****,240-01,240-01,5G
240,1,24001,3183****,5541****,5614****,240-01,240-01,5G
240,1,24001,5503****,9529****,9270****,240-01,240-01,5G
240,1,24001,2515****,3522****,7418****,240-01,240-01,3G
240,1,24001,4854****,2997****,6061****,240-01,240-01,3G
240,1,24001,6281****,8518****,1875****,240-01,240-01,5G
240,1,24001,3094****,7695****,5540****,240-01,240-01,5G
240,1,24001,5169****,7637****,1834****,240-01,240-01,5G
240,1,24001,1578****,8445****,7163****,240-01,240-01,5G
240,1,24001,9445****,9112****,9763****,240-01,240-01,5G
240,1,24001,7130****,4109****,9383****,240-01,240-01,5G
240,1,24001,5669****,9641****,2459****,240-01,240-01,3G
240,1,24001,8941****,8462****,9583****,240-01,240-01,3G
240,1,24001,1054****,1435****,5937****,240-01,240-01,5G
240,1,24001,9633****,2629****,5100****,240-01,240-01,5G
240,1,24001,8435****,8423****,9320****,240-01,240-01,3G
240,1,24001,4037****,1620****,5433****,240-01,240-01,3G
240,1,24001,4891****,5862****,3630****,240-01,240-01,5G
240,1,24001,3907****,1547****,4670****,240-01,240-01,5G
240,1,24001,5732****,9367****,5393****,240-01,240-01,4G
240,1,24001,8812****,5377****,4923****,240-01,240-01,4G
240,1,24001,5547****,9687****,7344****,240-01,240-01,4G
240,1,24001,4258****,5748****,3557****,240-01,240-01,4G
240,1,24001,9411****,6426****,8686****,240-01,240-01,4G
240,1,24001,1806****,3142****,3759****,240-01,240-01,4G
240,1,24001,2079****,9344****,9347****,240-01,240-01,4G
240,1,24001,5326****,1957****,7854****,240-01,240-01,4G
240,1,24001,6314****,1987****,4244****,240-01,240-01,4G
240,1,24001,9170****,6425****,7001****,240-01,240-01,4G
240,1,24001,3596****,9111****,5991****,240-01,240-01,4G
240,1,24001,2215****,9404****,1772****,240-01,240-01,4G
240,1,24001,1194****,2861****,5465****,240-01,240-01,3G
240,1,24001,4835****,7935****,6262****,240-01,240-01,3G
240,1,24001,9995****,4555****,8773****,240-01,240-01,4G
240,1,24001,2744****,2807****,9922****,240-01,240-01,4G
240,1,24001,5956****,7912****,5448****,240-01,240-01,3G
240,1,24001,2847****,6792****,8346****,240-01,240-01,3G
240,1,24001,2429****,5447****,2892****,240-01,240-01,5G
240,1,24001,9233****,2086****,4437****,240-01,240-01,5G
240,1,24001,8696****,6076****,7580****,240-01,240-01,5G
240,1,24001,3295****,1413****,4992****,240-01,240-01,5G
240,1,24001,1999****,6402****,1120****,240-01,240-01,3G
240,1,24001,7213****,4628****,8709****,240-01,240-01,3G
240,1,24001,8958****,7884****,3891****,240-01,240-01,3G
240,1,24001,6766****,1116****,4790****,240-01,240-01,3G
240,1,24001,2892****,9561****,5294****,240-01,240-01,3G
240,1,24001,6040****,5192****,6708****,240-01,240-01,3G
240,1,24001,4346****,8091****,9638****,240-01,240-01,4G
240,1,24001,5509****,3275****,2611****,240-01,240-01,4G
240,1,24001,2759****,6353****,4121****,240-01,240-01,3G
240,1,24001,7312****,3394****,7014****,240-01,240-01,3G
240,1,24001,9443****,1962****,8619****,240-01,240-01,5G
240,1,24001,8159****,4755****,4070****,240-01,240-01,5G
240,1,24001,4461****,2815****,5532****,240-01,240-01,4G
240,1,24001,8614****,1579****,6833****,240-01,240-01,4G
240,1,24001,6433****,8220****,3410****,240-01,240-01,3G
240,1,24001,2351****,4673****,9167****,240-01,240-01,3G
240,1,24001,2291****,5706****,9945****,240-01,240-01,3G
240,1,24001,9109****,2327****,8643****,240-01,240-01,3G
240,1,24001,8450****,6933****,9219****,240-01,240-01,3G
240,1,24001,6209****,7394****,8076****,240-01,240-01,3G
240,1,24001,2163****,6581****,1496****,240-01,240-01,5G
240,1,24001,1395****,9029****,7686****,240-01,240-01,5G
240,1,24001,3419****,6986****,3330****,240-01,240-01,4G
240,1,24001,2828****,5282****,8094****,240-01,240-01,4G
240,1,24001,8481****,7265****,6262****,240-01,240-01,5G
240,1,24001,3772****,5869****,9790****,240-01,240-01,5G
240,1,24001,8780****,7629****,8894****,240-01,240-01,3G
240,1,24001,6676****,1377****,1576****,240-01,240-01,3G
240,1,24001,3754****,2534****,4356****,240-01,240-01,3G
240,1,24001,3350****,1761****,6410****,240-01,240-01,3G
240,1,24001,1486****,9153****,5746****,240-01,240-01,5G
240,1,24001,8366****,9673****,6489****,240-01,240-01,5G
240,1,24001,8181****,2272****,5276****,240-01,240-01,4G
240,1,24001,8250****,4508****,9973****,240-01,240-01,4G
240,1,24001,7410****,2752****,9950****,240-01,240-01,3G
240,1,24001,4165****,4079****,9687****,240-01,240-01,3G
240,1,24001,3129****,5708****,3532****,240-01,240-01,4G
240,1,24001,1281****,2359****,6008****,240-01,240-01,4G
240,1,24001,4603****,8873****,5936****,240-01,240-01,5G
240,1,24001,6717****,3727****,4791****,240-01,240-01,5G
240,1,24001,3277****,2866****,4071****,240-01,240-01,5G
240,1,24001,5029****,9009****,5491****,240-01,240-01,5G
240,1,24001,3326****,4623****,7715****,240-01,240-01,3G
240,1,24001,2916****,3750****,1598****,240-01,240-01,3G
240,1,24001,4403****,3359****,5160****,240-01,240-01,3G
240,1,24001,4206****,4559****,4743****,240-01,240-01,3G
240,1,24001,6835****,3383****,6926****,240-01,240-01,4G
240,1,24001,8082****,7275****,7160****,240-01,240-01,4G
240,1,24001,5968****,5872****,8073****,240-01,240-01,4G
240,1,24001,2427****,3967****,1397****,240-01,240-01,4G
240,1,24001,4521****,4401****,7229****,240-01,240-01,3G
240,1,24001,8910****,1547****,3126****,240-01,240-01,3G
240,1,24001,6847****,6602****,4930****,240-01,240-01,3G
240,1,24001,7604****,3024****,1947****,240-01,240-01,3G
240,1,24001,8226****,6524****,6671****,240-01,240-01,3G
240,1,24001,2251****,8878****,5082****,240-01,240-01,3G
240,1,24001,1956****,8866****,7520****,240-01,240-01,4G
240,1,24001,8754****,3055****,6154****,240-01,240-01,4G
240,1,24001,5477****,6431****,8263****,240-01,240-01,3G
240,1,24001,8506****,9550****,9532****,240-01,240-01,3G
240,1,24001,2569****,7331****,1855****,240-01,240-01,4G
240,1,24001,7727****,5943****,8300****,240-01,240-01,4G
240,1,24001,7045****,3022****,3043****,240-01,240-01,3G
240,1,24001,5680****,9722****,5209****,240-01,240-01,3G
240,1,24001,8763****,6241****,8845****,240-01,240-01,4G
240,1,24001,8848****,2343****,3894****,240-01,240-01,4G
240,1,24001,6266****,4275****,9974****,240-01,240-01,5G
240,1,24001,5866****,1997****,2313****,240-01,240-01,5G
240,1,24001,6084****,1234****,4018****,240-01,240-01,3G
240,1,24001,2367****,9539****,8955****,240-01,240-01,3G
240,1,24001,1447****,5565****,1124****,240-01,240-01,4G
240,1,24001,8190****,2086****,6562****,240-01,240-01,4G
240,1,24001,8909****,8909****,3969****,240-01,240-01,4G
240,1,24001,9057****,4756****,5705****,240-01,240-01,4G
240,1,24001,6037****,5666****,6890****,240-01,240-01,5G
240,1,24001,3676****,8573****,8569****,240-01,240-01,5G
240,1,24001,2418****,6188****,1925****,240-01,240-01,3G
240,1,24001,6024****,8767****,4093****,240-01,240-01,3G
240,1,24001,5604****,1655****,4525****,240-01,240-01,3G
240,1,24001,4792****,5786****,4315****,240-01,240-01,3G
240,1,24001,6860****,5728****,6138****,240-01,240-01,5G
240,1,24001,9412****,2717****,2868****,240-01,240-01,5G
240,1,24001,8214****,4200****,6237****,240-01,240-01,5G
240,1,24001,6324****,1748****,7169****,240-01,240-01,5G
240,1,24001,9363****,7436****,9363****,240-01,240-01,5G
240,1,24001,7392****,7249****,1448****,240-01,240-01,5G
240,1,24001,1165****,5226****,1034****,240-01,240-01,5G
240,1,24001,3971****,9028****,4804****,240-01,240-01,5G
240,1,24001,4474****,6900****,1897****,240-01,240-01,4G
240,1,24001,7973****,1531****,5187****,240-01,240-01,4G
240,1,24001,8025****,9816****,3431****,240-01,240-01,5G
240,1,24001,9734****,6117****,7951****,240-01,240-01,5G
240,1,24001,3176****,7914****,7329****,240-01,240-01,4G
240,1,24001,5749****,8284****,4218****,240-01,240-01,4G
240,1,24001,7561****,8482****,6886****,240-01,240-01,5G
240,1,24001,5369****,6934****,4288****,240-01,240-01,5G
240,1,24001,6176****,1015****,2622****,240-01,240-01,4G
240,1,24001,8272****,4917****,4004****,240-01,240-01,4G
240,1,24001,1789****,6435****,7811****,240-01,240-01,4G
240,1,24001,7610****,5250****,2046****,240-01,240-01,4G
240,1,24001,4848****,2801****,9221****,240-01,240-01,3G
240,1,24001,9375****,4551****,2817****,240-01,240-01,3G
240,1,24001,5731****,1058****,1415****,240-01,240-01,3G
240,1,24001,1589****,2817****,5242****,240-01,240-01,3G
240,1,24001,4570****,7881****,6346****,240-01,240-01,5G
240,1,24001,9707****,6366****,5469****,240-01,240-01,5G
240,1,24001,3238****,1465****,3709****,240-01,240-01,3G
240,1,24001,9774****,5687****,4206****,240-01,240-01,3G
240,1,24001,8567****,1166****,7978****,240-01,240-01,4G
240,1,24001,1135****,9066****,5111****,240-01,240-01,4G
240,1,24001,8282****,4918****,8633****,240-01,240-01,5G
240,1,24001,8512****,7708****,5006****,240-01,240-01,5G
240,1,24001,5401****,5269****,6175****,240-01,240-01,3G
240,1,24001,6630****,5147****,1969****,240-01,240-01,3G
240,1,24001,4587****,6175****,9960****,240-01,240-01,5G
240,1,24001,4477****,1211****,8102****,240-01,240-01,5G
240,1,24001,8609****,4532****,9783****,240-01,240-01,3G
240,1,24001,1139****,4995****,7116****,240-01,240-01,3G
240,1,24001,4867****,3608****,6613****,240-01,240-01,5G
240,1,24001,5862****,1063****,4162****,240-01,240-01,5G
240,1,24001,6975****,8084****,1263****,240-01,240-01,3G
240,1,24001,3424****,6926****,7765****,240-01,240-01,3G
240,1,24001,7501****,2627****,7419****,240-01,240-01,4G
240,1,24001,5498****,9361****,7247****,240-01,240-01,4G
240,1,24001,6384****,8411****,4477****,240-01,240-01,4G
240,1,24001,3289****,9271****,3018****,240-01,240-01,4G
240,1,24001,5181****,9300****,8973****,240-01,240-01,3G
240,1,24001,3945****,2582****,5803****,240-01,240-01,3G
240,1,24001,4204****,7559****,2757****,240-01,240-01,5G
240,1,24001,3713****,2814****,9804****,240-01,240-01,5G
240,1,24001,4409****,2422****,5960****,240-01,240-01,4G
240,1,24001,2509****,2098****,9753****,240-01,240-01,4G
240,1,24001,5520****,9596****,3506****,240-01,240-01,5G
240,1,24001,9698****,3409****,7663****,240-01,240-01,5G
240,1,24001,6061****,4098****,5155****,240-01,240-01,4G
240,1,24001,3990****,3610****,1953****,240-01,240-01,4G
240,1,24001,2508****,9526****,4679****,240-01,240-01,3G
240,1,24001,4231****,4174****,3033****,240-01,240-01,3G
240,1,24001,2175****,2623****,7746****,240-01,240-01,5G
240,1,24001,5336****,7158****,8734****,240-01,240-01,5G
240,1,24001,1869****,3706****,3801****,240-01,240-01,5G
240,1,24001,1023****,6803****,6110****,240-01,240-01,5G
240,1,24001,9488****,9845****,7159****,240-01,240-01,4G
240,1,24001,2160****,1658****,7152****,240-01,240-01,4G
240,1,24001,1920****,5030****,3332****,240-01,240-01,4G
240,1,24001,5565****,3968****,6979****,240-01,240-01,4G
240,1,24001,4841****,1299****,9929****,240-01,240-01,3G
240,1,24001,9914****,3952****,3227****,240-01,240-01,3G
240,1,24001,9640****,5800****,1082****,240-01,240-01,3G
240,1,24001,8645****,7757****,4406****,240-01,240-01,3G
240,1,24001,4288****,9586****,7606****,240-01,240-01,4G
240,1,24001,1898****,7996****,8638****,240-01,240-01,4G
240,1,24001,1304****,3115****,6628****,240-01,240-01,5G
240,1,24001,1094****,2692****,9207****,240-01,240-01,5G
240,1,24001,2007****,4587****,6621****,240-01,240-01,5G
240,1,24001,3105****,5178****,1703****,240-01,240-01,5G
240,1,24001,5199****,8233****,1307****,240-01,240-01,5G
240,1,24001,6404****,1949****,3952****,240-01,240-01,5G
240,1,24001,4760****,9667****,7152****,240-01,240-01,5G
240,1,24001,8324****,8156****,7166****,240-01,240-01,5G
240,1,24001,6738****,9017****,6422****,240-01,240-01,5G
240,1,24001,3690****,4826****,3530****,240-01,240-01,5G
240,1,24001,7849****,2887****,7861****,240-01,240-01,3G
240,1,24001,4610****,7413****,4983****,240-01,240-01,3G
240,1,24001,9011****,2492****,4239****,240-01,240-01,4G
240,1,24001,9999****,1302****,4268****,240-01,240-01,4G
240,1,24001,1015****,8221****,7622****,240-01,240-01,3G
240,1,24001,8393****,7643****,9540****,240-01,240-01,3G
240,1,24001,3991****,8984****,4502****,240-01,240-01,5G
240,1,24001,9067****,9072****,1976****,240-01,240-01,5G
240,1,24001,9065****,9686****,2985****,240-01,240-01,5G
240,1,24001,8182****,5807****,3247****,240-01,240-01,5G
240,1,24001,1747****,3082****,2134****,240-01,240-01,4G
240,1,24001,9253****,7595****,2504****,240-01,240-01,4G
240,1,24001,6185****,2540****,9888****,240-01,240-01,4G
240,1,24001,9790****,3368****,3957****,240-01,240-01,4G
240,1,24001,8875****,9696****,4115****,240-01,240-01,5G
240,1,24001,3055****,2226****,4711****,240-01,240-01,5G
240,1,24001,5598****,4856****,3632****,240-01,240-01,5G
240,1,24001,5790****,9265****,2489****,240-01,240-01,5G
240,1,24001,9684****,1421****,8892****,240-01,240-01,5G
240,1,24001,4415****,6172****,3272****,240-01,240-01,5G
240,1,24001,4225****,3345****,6712****,240-01,240-01,4G
240,1,24001,6827****,7765****,1535****,240-01,240-01,4G
240,1,24001,2504****,1518****,4307****,240-01,240-01,4G
240,1,24001,9034****,6261****,7987****,240-01,240-01,4G
240,1,24001,7139****,8987****,8712****,240-01,240-01,5G
240,1,24001,3063****,3877****,7759****,240-01,240-01,5G
240,1,24001,1530****,9788****,7329****,240-01,240-01,3G
240,1,24001,8996****,9000****,3001****,240-01,240-01,3G
240,1,24001,7645****,8700****,9889****,240-01,240-01,3G
240,1,24001,6840****,7538****,1957****,240-01,240-01,3G
240,1,24001,4659****,1408****,4378****,240-01,240-01,3G
240,1,24001,7524****,9218****,6504****,240-01,240-01,3G
240,1,24001,8117****,4463****,1655****,240-01,240-01,3G
240,1,24001,1458****,4580****,9876****,240-01,240-01,3G
240,1,24001,9187****,3808****,7113****,240-01,240-01,3G
240,1,24001,2248****,5516****,2044****,240-01,240-01,3G
240,1,24001,3876****,9364****,7468****,240-01,240-01,4G
240,1,24001,1298****,5668****,5759****,240-01,240-01,4G
240,1,24001,3073****,4410****,6009****,240-01,240-01,5G
240,1,24001,5824****,1332****,6604****,240-01,240-01,5G
240,1,24001,9238****,2495****,3010****,240-01,240-01,3G
240,1,24001,3897****,1998****,6184****,240-01,240-01,3G
240,1,24001,2745****,3373****,3498****,240-01,240-01,4G
240,1,24001,1926****,7119****,8485****,240-01,240-01,4G
240,1,24001,8123****,3126****,4963****,240-01,240-01,5G
240,1,24001,3297****,5132****,9908****,240-01,240-01,5G
240,1,24001,3819****,5594****,3069****,240-01,240-01,5G
240,1,24001,2621****,7677****,9866****,240-01,240-01,5G
240,1,24001,3861****,5511****,3482****,240-01,240-01,5G
240,1,24001,9476****,2427****,3135****,240-01,240-01,5G
240,1,24001,8884****,8687****,7418****,240-01,240-01,5G
240,1,24001,7674****,2233****,8436****,240-01,240-01,5G
240,1,24001,1842****,8290****,9973****,240-01,240-01,4G
240,1,24001,8365****,7010****,9469****,240-01,240-01,4G
240,1,24001,6853****,3917****,1443****,240-01,240-01,4G
240,1,24001,4428****,7928****,2768****,240-01,240-01,4G
240,1,24001,2137****,6300****,4889****,240-01,240-01,5G
240,1,24001,8914****,9250****,5945****,240-01,240-01,5G
240,1,24001,3592****,7790****,2256****,240-01,240-01,3G
240,1,24001,6014****,7250****,1642****,240-01,240-01,3G
240,1,24001,3134****,2180****,1427****,240-01,240-01,4G
240,1,24001,8203****,5257****,6155****,240-01,240-01,4G
240,1,24001,7965****,9285****,9648****,240-01,240-01,5G
240,1,24001,2038****,2371****,5111****,240-01,240-01,5G
240,1,24001,4429****,5027****,3777****,240-01,240-01,4G
240,1,24001,9991****,5929****,7841****,240-01,240-01,4G
240,1,24001,8026****,6856****,4258****,240-01,240-01,4G
240,1,24001,9468****,3712****,9147****,240-01,240-01,4G
240,1,24001,2493****,2483****,5383****,240-01,240-01,3G
240,1,24001,3061****,3646****,4671****,240-01,240-01,3G
240,1,24001,2492****,9547****,8612****,240-01,240-01,5G
240,1,24001,3337****,7699****,5755****,240-01,240-01,5G
240,1,24001,6932****,3453****,6106****,240-01,240-01,4G
240,1,24001,7960****,3941****,5808****,240-01,240-01,4G
240,1,24001,3451****,7634****,1044****,240-01,240-01,4G
240,1,24001,7887****,2871****,4792****,240-01,240-01,4G
240,1,24001,3490****,8094****,1838****,240-01,240-01,3G
240,1,24001,1873****,9850****,3888****,240-01,240-01,3G
240,1,24001,7934****,3569****,6586****,240-01,240-01,5G
240,1,24001,5483****,4009****,2528****,240-01,240-01,5G
240,1,24001,5271****,7060****,5374****,240-01,240-01,5G
240,1,24001,3075****,7073****,8788****,240-01,240-01,5G
240,1,24001,1245****,4004****,1049****,240-01,240-01,5G
240,1,24001,3265****,3557****,9888****,240-01,240-01,5G
240,1,24001,9427****,4406****,6537****,240-01,240-01,3G
240,1,24001,4648****,1093****,3065****,240-01,240-01,3G
240,1,24001,5572****,5860****,7335****,240-01,240-01,3G
240,1,24001,8967****,1458****,3939****,240-01,240-01,3G
240,1,24001,1178****,6401****,1414****,240-01,240-01,4G
240,1,24001,8078****,3242****,8705****,240-01,240-01,4G
240,1,24001,1253****,4399****,2897****,240-01,240-01,4G
240,1,24001,8181****,5319****,7207****,240-01,240-01,4G
240,1,24001,4444****,1791****,6373****,240-01,240-01,3G
240,1,24001,2202****,5575****,4526****,240-01,240-01,3G
240,1,24001,8566****,3991****,7864****,240-01,240-01,4G
240,1,24001,4641****,9034****,2275****,240-01,240-01,4G
240,1,24001,6170****,1287****,5179****,240-01,240-01,4G
240,1,24001,2743****,2250****,7159****,240-01,240-01,4G
240,1,24001,4426****,3487****,2905****,240-01,240-01,5G
240,1,24001,3981****,2850****,2259****,240-01,240-01,5G
240,1,24001,5329****,5015****,2770****,240-01,240-01,3G
240,1,24001,1987****,6070****,4138****,240-01,240-01,3G
240,1,24001,9444****,9051****,3488****,240-01,240-01,3G
240,1,24001,6143****,2577****,6157****,240-01,240-01,3G
240,1,24001,3237****,8400****,8295****,240-01,240-01,5G
240,1,24001,7785****,5187****,3077****,240-01,240-01,5G
240,1,24001,6072****,3912****,3919****,240-01,240-01,4G
240,1,24001,2017****,7973****,2660****,240-01,240-01,4G
240,1,24001,5915****,5603****,3774****,240-01,240-01,4G
240,1,24001,9449****,4469****,4761****,240-01,240-01,4G
240,1,24001,7793****,7435****,5875****,240-01,240-01,4G
240,1,24001,5850****,4377****,6498****,240-01,240-01,4G
240,1,24001,9962****,7236****,7596****,240-01,240-01,4G
240,1,24001,4117****,1106****,5336****,240-01,240-01,4G
240,1,24001,4754****,2072****,1198****,240-01,240-01,3G
240,1,24001,5010****,1260****,2074****,240-01,240-01,3G
240,1,24001,9933****,4316****,6009****,240-01,240-01,5G
240,1,24001,1329****,9304****,9217****,240-01,240-01,5G
240,1,24001,9840****,9048****,9979****,240-01,240-01,5G
240,1,24001,7368****,6826****,8875****,240-01,240-01,5G
240,1,24001,5012****,3939****,8382****,240-01,240-01,5G
240,1,24001,3172****,1870****,5821****,240-01,240-01,5G
240,1,24001,2791****,3872****,7940****,240-01,240-01,3G
240,1,24001,3829****,1195****,4911****,240-01,240-01,3G
240,1,24001,4344****,3061****,6580****,240-01,240-01,4G
240,1,24001,6227****,9789****,8258****,240-01,240-01,4G
240,1,24001,5882****,4058****,9706****,240-01,240-01,5G
240,1,24001,4350****,1332****,1596****,240-01,240-01,5G
240,1,24001,3430****,5888****,9918****,240-01,240-01,4G
240,1,24001,4236****,8266****,2057****,240-01,240-01,4G
240,1,24001,3231****,4591****,7135****,240-01,240-01,5G
240,1,24001,2193****,4351****,7534****,240-01,240-01,5G
240,1,24001,7549****,7912****,1744****,240-01,240-01,3G
240,1,24001,1227****,1678****,1288****,240-01,240-01,3G
240,1,24001,9018****,1884****,2640****,240-01,240-01,3G
240,1,24001,2320****,5579****,9364****,240-01,240-01,3G
240,1,24001,6788****,8282****,7536****,240-01,240-01,4G
240,1,24001,5452****,8422****,8939****,240-01,240-01,4G
240,1,24001,2233****,2639****,5368****,240-01,240-01,3G
240,1,24001,6771****,5941****,8963****,240-01,240-01,3G
240,1,24001,4852****,1429****,3156****,240-01,240-01,3G
240,1,24001,2059****,9125****,6370****,240-01,240-01,3G
240,1,24001,6049****,2539****,4523****,240-01,240-01,4G
240,1,24001,9326****,9934****,8014****,240-01,240-01,4G
240,1,24001,8006****,1865****,6101****,240-01,240-01,5G
240,1,24001,3988****,2458****,8711****,240-01,240-01,5G
240,1,24001,5441****,5040****,7956****,240-01,240-01,5G
240,1,24001,2961****,5007****,9468****,240-01,240-01,5G
240,1,24001,8350****,7388****,3936****,240-01,240-01,4G
240,1,24001,7610****,2678****,1872****,240-01,240-01,4G
240,1,24001,1022****,1111****,2104****,240-01,240-01,5G
240,1,24001,2714****,2298****,6193****,240-01,240-01,5G
240,1,24001,3272****,1708****,7075****,240-01,240-01,5G
240,1,24001,6801****,2668****,8189****,240-01,240-01,5G
240,1,24001,3144****,2283****,8940****,240-01,240-01,5G
240,1,24001,4018****,5750****,6103****,240-01,240-01,5G
240,1,24001,2017****,3446****,3645****,240-01,240-01,3G
240,1,24001,2671****,8911****,2574****,240-01,240-01,3G
240,1,24001,8168****,7393****,6155****,240-01,240-01,3G
240,1,24001,2625****,6549****,6982****,240-01,240-01,3G
240,1,24001,3305****,6281****,9630****,240-01,240-01,4G
240,1,24001,2548****,7444****,5664****,240-01,240-01,4G
240,1,24001,3491****,8788****,6726****,240-01,240-01,4G
240,1,24001,2946****,7889****,7559****,240-01,240-01,4G
240,1,24001,2549****,3366****,6540****,240-01,240-01,5G
240,1,24001,4631****,3586****,4518****,240-01,240-01,5G
240,1,24001,9679****,4832****,2170****,240-01,240-01,5G
240,1,24001,8172****,7066****,4240****,240-01,240-01,5G
240,1,24001,8254****,7658****,3152****,240-01,240-01,3G
240,1,24001,4517****,1328****,3199****,240-01,240-01,3G
240,1,24001,1953****,2467****,4135****,240-01,240-01,5G
240,1,24001,2334****,8275****,7254****,240-01,240-01,5G
240,1,24001,3714****,7000****,6100****,240-01,240-01,5G
240,1,24001,4597****,9418****,7779****,240-01,240-01,5G
240,1,24001,8263****,1905****,1259****,240-01,240-01,3G
240,1,24001,1857****,2430****,8143****,240-01,240-01,3G
240,1,24001,6450****,1365****,5091****,240-01,240-01,4G
240,1,24001,1137****,7150****,7902****,240-01,240-01,4G
240,1,24001,5056****,2449****,6462****,240-01,240-01,5G
240,1,24001,8744****,9918****,1599****,240-01,240-01,5G
240,1,24001,8055****,8015****,4564****,240-01,240-01,3G
240,1,24001,2417****,1967****,8842****,240-01,240-01,3G
240,1,24001,2345****,5189****,5067****,240-01,240-01,5G
240,1,24001,5592****,7363****,1093****,240-01,240-01,5G
240,1,24001,1980****,7165****,2395****,240-01,240-01,3G
240,1,24001,3967****,6066****,5430****,240-01,240-01,3G
240,1,24001,5287****,1335****,7939****,240-01,240-01,5G
240,1,24001,9331****,4061****,7046****,240-01,240-01,5G
240,1,24001,2374****,2635****,8845****,240-01,240-01,4G
240,1,24001,8990****,7942****,8268****,240-01,240-01,4G
240,1,24001,1287****,5155****,5614****,240-01,240-01,5G
240,1,24001,1645****,9100****,1128****,240-01,240-01,5G
240,1,24001,9920****,9834****,9026****,240-01,240-01,3G
240,1,24001,4700****,9220****,3890****,240-01,240-01,3G
240,1,24001,2312****,5679****,5641****,240-01,240-01,4G
240,1,24001,7739****,6896****,6875****,240-01,240-01,4G
240,1,24001,3496****,6517****,3148****,240-01,240-01,4G
240,1,24001,1176****,7124****,2790****,240-01,240-01,4G
240,1,24001,4976****,1800****,3766****,240-01,240-01,4G
240,1,24001,7133****,5954****,9746****,240-01,240-01,4G
240,1,24001,8548****,6804****,1664****,240-01,240-01,5G
240,1,24001,2165****,7963****,5735****,240-01,240-01,5G
240,1,24001,1715****,2122****,7504****,240-01,240-01,4G
240,1,24001,2709****,2428****,2192****,240-01,240-01,4G
240,1,24001,6923****,5149****,5403****,240-01,240-01,4G
240,1,24001,5113****,4080****,5733****,240-01,240-01,4G
240,1,24001,9250****,5342****,6655****,240-01,240-01,5G
240,1,24001,7670****,9220****,8942****,240-01,240-01,5G
240,1,24001,9951****,9571****,1798****,240-01,240-01,5G
240,1,24001,9961****,3381****,8943****,240-01,240-01,5G
240,1,24001,3896****,1758****,9798****,240-01,240-01,4G
240,1,24001,3747****,7528****,6001****,240-01,240-01,4G
240,1,24001,1654****,5934****,7569****,240-01,240-01,3G
240,1,24001,7109****,6953****,1514****,240-01,240-01,3G
240,1,24001,5787****,4058****,5692****,240-01,240-01,4G
240,1,24001,6169****,7684****,5112****,240-01,240-01,4G
240,1,24001,3237****,9114****,1013****,240-01,240-01,3G
240,1,24001,7936****,4960****,9918****,240-01,240-01,3G
240,1,24001,1404****,2580****,5652****,240-01,240-01,5G
240,1,24001,4826****,1434****,8839****,240-01,240-01,5G
240,1,24001,8981****,2347****,7348****,240-01,240-01,3G
240,1,24001,5189****,5353****,3355****,240-01,240-01,3G
240,1,24001,3033****,4473****,9147****,240-01,240-01,4G
240,1,24001,7457****,8103****,7676****,240-01,240-01,4G
240,1,24001,4952****,3641****,2720****,240-01,240-01,3G
240,1,24001,6354****,2283****,7432****,240-01,240-01,3G
240,1,24001,7206****,8232****,4051****,240-01,240-01,4G
240,1,24001,7028****,3273****,9256****,240-01,240-01,4G
240,1,24001,1858****,3335****,1821****,240-01,240-01,4G
240,1,24001,8355****,5276****,5611****,240-01,240-01,4G
240,1,24001,3785****,9512****,2693****,240-01,240-01,4G
240,1,24001,5864****,8812****,8681****,240-01,240-01,4G
240,1,24001,8346****,1458****,8000****,240-01,240-01,3G
240,1,24001,3614****,1359****,4230****,240-01,240-01,3G
240,1,24001,9095****,4479****,3809****,240-01,240-01,3G
240,1,24001,8161****,6899****,1593****,240-01,240-01,3G
240,1,24001,6882****,4194****,6859****,240-01,240-01,5G
240,1,24001,9211****,7646****,2717****,240-01,240-01,5G
240,1,24001,2695****,6860****,4382****,240-01,240-01,3G
240,1,24001,4421****,1915****,3385****,240-01,240-01,3G
240,1,24001,2868****,3305****,4252****,240-01,240-01,5G
240,1,24001,3985****,9850****,3435****,240-01,240-01,5G
240,1,24001,3467****,4111****,3213****,240-01,240-01,5G
240,1,24001,4345****,4941****,6165****,240-01,240-01,5G
240,1,24001,8190****,4725****,5352****,240-01,240-01,4G
240,1,24001,8254****,3218****,9582****,240-01,240-01,4G
240,1,24001,3052****,1314****,4777****,240-01,240-01,5G
240,1,24001,4936****,7813****,8566****,240-01,240-01,5G
240,1,24001,6539****,8639****,4212****,240-01,240-01,3G
240,1,24001,5151****,9790****,4418****,240-01,240-01,3G
240,1,24001,4971****,5808****,5482****,240-01,240-01,3G
240,1,24001,7042****,2187****,2192****,240-01,240-01,3G
240,1,24001,4516****,1880****,5696****,240-01,240-01,4G
240,1,24001,9197****,1965****,8272****,240-01,240-01,4G
240,1,24001,8759****,4416****,1701****,240-01,240-01,3G
240,1,24001,8523****,8478****,3069****,240-01,240-01,3G
240,1,24001,9634****,1847****,3775****,240-01,240-01,5G
240,1,24001,8138****,7409****,3152****,240-01,240-01,5G
240,1,24001,2954****,7340****,8202****,240-01,240-01,4G
240,1,24001,5186****,6504****,2261****,240-01,240-01,4G
240,1,24001,9592****,4985****,9376****,240-01,240-01,3G
240,1,24001,9224****,9752****,5342****,240-01,240-01,3G
240,1,24001,7209****,2206****,1391****,240-01,240-01,4G
240,1,24001,7770****,4844****,3302****,240-01,240-01,4G
240,1,24001,3002****,3905****,5348****,240-01,240-01,5G
240,1,24001,1927****,4006****,2821****,240-01,240-01,5G
240,1,24001,5590****,5583****,1915****,240-01,240-01,4G
240,1,24001,7035****,3773****,2973****,240-01,240-01,4G
240,1,24001,1777****,1122****,3931****,240-01,240-01,5G
240,1,24001,5820****,5466****,3284****,240-01,240-01,5G
240,1,24001,9092****,2686****,1618****,240-01,240-01,5G
240,1,24001,8724****,5842****,5444****,240-01,240-01,5G
240,1,24001,5007****,4998****,8095****,240-01,240-01,3G
240,1,24001,4885****,4145****,8101****,240-01,240-01,3G
240,1,24001,5749****,3060****,8499****,240-01,240-01,3G
240,1,24001,5661****,9473****,5906****,240-01,240-01,3G
240,1,24001,1128****,5920****,8106****,240-01,240-01,5G
240,1,24001,6768****,9600****,6215****,240-01,240-01,5G
240,1,24001,4013****,8542****,7956****,240-01,240-01,3G
240,1,24001,2297****,1269****,2019****,240-01,240-01,3G
240,1,24001,2858****,5406****,9518****,240-01,240-01,5G
240,1,24001,5620****,2399****,3340****,240-01,240-01,5G
240,1,24001,6085****,9098****,3849****,240-01,240-01,5G
240,1,24001,1346****,7848****,6164****,240-01,240-01,5G
240,1,24001,9206****,3208****,1091****,240-01,240-01,5G
240,1,24001,1593****,5734****,7486****,240-01,240-01,5G
240,1,24001,6640****,4381****,2848****,240-01,240-01,4G
240,1,24001,5172****,7761****,2189****,240-01,240-01,4G
240,1,24001,7077****,3362****,4397****,240-01,240-01,4G
240,1,24001,8806****,3592****,3068****,240-01,240-01,4G
240,1,24001,9852****,4368****,1720****,240-01,240-01,5G
240,1,24001,4806****,2742****,9791****,240-01,240-01,5G
240,1,24001,1319****,1856****,5618****,240-01,240-01,3G
240,1,24001,5904****,3821****,6190****,240-01,240-01,3G
240,1,24001,8937****,1011****,2720****,240-01,240-01,3G
240,1,24001,1601****,1925****,4915****,240-01,240-01,3G
240,1,24001,3426****,5045****,6682****,240-01,240-01,4G
240,1,24001,8517****,7687****,9176****,240-01,240-01,4G
240,1,24001,4375****,3761****,7819****,240-01,240-01,5G
240,1,24001,7344****,7081****,4815****,240-01,240-01,5G
240,1,24001,1701****,7429****,5766****,240-01,240-01,3G
240,1,24001,7361****,9375****,1689****,240-01,240-01,3G
240,1,24001,5879****,8600****,3390****,240-01,240-01,5G
240,1,24001,3586****,4497****,4362****,240-01,240-01,5G
240,1,24001,1628****,9468****,6297****,240-01,240-01,3G
240,1,24001,4368****,6273****,2169****,240-01,240-01,3G
240,1,24001,2980****,3049****,2490****,240-01,240-01,3G
240,1,24001,3947****,7758****,3448****,240-01,240-01,3G
240,1,24001,3379****,5068****,2370****,240-01,240-01,5G
240,1,24001,4824****,7386****,3177****,240-01,240-01,5G
240,1,24001,2584****,7298****,2772****,240-01,240-01,5G
240,1,24001,3269****,4162****,6074****,240-01,240-01,5G
240,1,24001,4781****,3777****,9085****,240-01,240-01,4G
240,1,24001,7475****,4793****,2364****,240-01,240-01,4G
240,1,24001,9065****,6545****,9380****,240-01,240-01,3G
240,1,24001,1557****,4397****,2815****,240-01,240-01,3G
240,1,24001,1319****,7320****,7285****,240-01,240-01,5G
240,1,24001,5047****,7124****,9954****,240-01,240-01,5G
240,1,24001,7473****,2204****,4234****,240-01,240-01,3G
240,1,24001,9142****,4226****,8794****,240-01,240-01,3G
240,1,24001,4941****,1279****,8601****,240-01,240-01,3G
240,1,24001,6957****,6551****,1595****,240-01,240-01,3G
240,1,24001,2530****,4773****,8603****,240-01,240-01,4G
240,1,24001,3576****,5794****,3834****,240-01,240-01,4G
240,1,24001,1555****,6454****,6686****,240-01,240-01,4G
240,1,24001,8367****,5261****,4993****,240-01,240-01,4G
240,1,24001,8745****,2002****,2495****,240-01,240-01,3G
240,1,24001,2840****,7524****,1736****,240-01,240-01,3G
240,1,24001,6413****,6846****,2449****,240-01,240-01,5G
240,1,24001,1421****,9611****,1112****,240-01,240-01,5G
240,1,24001,6708****,9976****,2173****,240-01,240-01,5G
240,1,24001,5581****,6350****,6101****,240-01,240-01,5G
240,1,24001,2528****,5150****,5231****,240-01,240-01,4G
240,1,24001,4921****,4986****,7494****,240-01,240-01,4G
240,1,24001,9692****,9128****,7230****,240-01,240-01,5G
240,1,24001,3534****,7949****,4793****,240-01,240-01,5G
240,1,24001,5574****,7346****,3701****,240-01,240-01,5G
240,1,24001,2087****,6268****,8230****,240-01,240-01,5G
240,1,24001,6017****,3982****,6786****,240-01,240-01,5G
240,1,24001,4296****,9855****,5836****,240-01,240-01,5G
240,1,24001,3713****,3218****,7430****,240-01,240-01,4G
240,1,24001,6200****,4872****,8916****,240-01,240-01,4G
240,1,24001,7282****,4671****,4166****,240-01,240-01,4G
240,1,24001,5716****,4796****,5362****,240-01,240-01,4G
240,1,24001,4316****,2748****,9151****,240-01,240-01,3G
240,1,24001,1357****,6073****,4881****,240-01,240-01,3G
240,1,24001,6760****,4100****,6210****,240-01,240-01,4G
240,1,24001,5280****,7111****,2342****,240-01,240-01,4G
240,1,24001,1729****,8410****,6339****,240-01,240-01,3G
240,1,24001,4415****,2765****,8301****,240-01,240-01,3G
240,1,24001,4709****,3738****,3159****,240-01,240-01,5G
240,1,24001,1551****,1527****,5697****,240-01,240-01,5G
240,1,24001,1184****,4435****,1547****,240-01,240-01,3G
240,1,24001,7225****,1238****,9411****,240-01,240-01,3G
240,1,24001,7863****,7138****,2808****,240-01,240-01,4G
240,1,24001,5029****,9936****,8516****,240-01,240-01,4G
240,1,24001,7875****,3154****,3306****,240-01,240-01,4G
240,1,24001,4449****,3172****,7177****,240-01,240-01,4G
240,1,24001,5304****,5844****,2648****,240-01,240-01,3G
240,1,24001,5241****,1300****,7947****,240-01,240-01,3G
240,1,24001,9853****,7186****,7939****,240-01,240-01,4G
240,1,24001,7734****,1788****,5297****,240-01,240-01,4G
240,1,24001,6729****,1567****,4543****,240-01,240-01,4G
240,1,24001,5564****,8573****,8484****,240-01,240-01,4G
240,1,24001,4767****,8224****,7069****,240-01,240-01,3G
240,1,24001,6254****,5036****,3309****,240-01,240-01,3G
240,1,24001,8244****,6013****,7867****,240-01,240-01,5G
240,1,24001,1102****,3137****,2132****,240-01,240-01,5G
240,1,24001,1753****,9058****,4108****,240-01,240-01,3G
240,1,24001,4381****,4749****,5643****,240-01,240-01,3G
240,1,24001,7791****,9665****,3579****,240-01,240-01,4G
240,1,24001,1455****,5130****,1054****,240-01,240-01,4G
240,1,24001,5346****,1812****,1717****,240-01,240-01,5G
240,1,24001,1346****,2546****,4778****,240-01,240-01,5G
240,1,24001,8285****,5175****,5134****,240-01,240-01,3G
240,1,24001,2880****,7901****,2216****,240-01,240-01,3G
240,1,24001,6484****,7930****,5544****,240-01,240-01,5G
240,1,24001,8116****,5096****,8039****,240-01,240-01,5G
240,1,24001,3534****,8929****,1986****,240-01,240-01,5G
240,1,24001,1094****,2376****,2849****,240-01,240-01,5G
240,1,24001,3837****,4784****,6756****,240-01,240-01,3G
240,1,24001,4881****,5497****,5611****,240-01,240-01,3G
240,1,24001,3979****,7232****,8484****,240-01,240-01,5G
240,1,24001,2040****,4918****,9449****,240-01,240-01,5G
240,1,24001,8726****,8326****,2464****,240-01,240-01,4G
240,1,24001,8194****,6183****,7968****,240-01,240-01,4G
240,1,24001,2509****,6963****,6293****,240-01,240-01,4G
240,1,24001,3145****,6541****,2741****,240-01,240-01,4G
240,1,24001,8435****,2957****,6471****,240-01,240-01,4G
240,1,24001,4913****,7512****,2726****,240-01,240-01,4G
240,1,24001,1799****,5100****,4817****,240-01,240-01,3G
240,1,24001,9378****,7157****,9814****,240-01,240-01,3G
240,1,24001,6194****,3596****,7939****,240-01,240-01,4G
240,1,24001,1509****,7609****,4660****,240-01,240-01,4G
240,1,24001,9735****,7865****,3013****,240-01,240-01,3G
240,1,24001,7805****,1138****,6942****,240-01,240-01,3G
240,1,24001,6867****,3630****,6449****,240-01,240-01,5G
240,1,24001,6028****,5832****,5470****,240-01,240-01,5G
240,1,24001,3788****,1098****,8498****,240-01,240-01,5G
240,1,24001,9016****,6944****,6678****,240-01,240-01,5G
240,1,24001,2980****,9289****,4293****,240-01,240-01,3G
240,1,24001,1086****,9480****,8534****,240-01,240-01,3G
240,1,24001,4371****,7575****,7533****,240-01,240-01,5G
240,1,24001,6108****,1857****,8602****,240-01,240-01,5G
240,1,24001,8345****,9718****,1545****,240-01,240-01,4G
240,1,24001,3985****,9840****,6761****,240-01,240-01,4G
240,1,24001,2037****,9750****,8876****,240-01,240-01,3G
240,1,24001,3719****,3253****,8835****,240-01,240-01,3G
240,1,24001,4980****,1742****,5658****,240-01,240-01,3G
240,1,24001,7530****,4860****,7896****,240-01,240-01,3G
240,1,24001,4807****,3483****,2570****,240-01,240-01,4G
240,1,24001,8260****,4222****,7705****,240-01,240-01,4G
240,1,24001,8152****,5141****,1092****,240-01,240-01,4G
240,1,24001,2670****,9328****,5076****,240-01,240-01,4G
240,1,24001,1136****,3560****,7910****,240-01,240-01,5G
240,1,24001,6132****,6576****,4640****,240-01,240-01,5G
240,1,24001,1452****,6660****,1317****,240-01,240-01,3G
240,1,24001,9704****,9326****,5306****,240-01,240-01,3G
240,1,24001,3380****,9898****,8177****,240-01,240-01,5G
240,1,24001,8983****,3521****,8051****,240-01,240-01,5G
240,1,24001,4659****,1901****,1632****,240-01,240-01,3G
240,1,24001,9907****,8884****,1573****,240-01,240-01,3G
240,1,24001,5021****,6805****,2479****,240-01,240-01,4G
240,1,24001,8371****,6527****,1718****,240-01,240-01,4G
240,1,24001,7187****,2791****,3439****,240-01,240-01,5G
240,1,24001,3106****,7715****,3855****,240-01,240-01,5G
240,1,24001,1402****,7671****,8555****,240-01,240-01,5G
240,1,24001,2781****,3636****,2932****,240-01,240-01,5G
240,1,24001,3162****,3553****,9982****,240-01,240-01,5G
240,1,24001,1055****,9085****,6764****,240-01,240-01,5G
240,1,24001,1608****,7169****,4648****,240-01,240-01,3G
240,1,24001,3628****,5202****,4283****,240-01,240-01,3G
240,1,24001,9366****,4787****,6058****,240-01,240-01,5G
240,1,24001,7314****,4718****,7680****,240-01,240-01,5G
240,1,24001,5660****,4604****,1026****,240-01,240-01,5G
240,1,24001,8936****,7405****,1439****,240-01,240-01,5G
240,1,24001,2556****,2875****,6799****,240-01,240-01,4G
240,1,24001,3627****,2021****,2598****,240-01,240-01,4G
240,1,24001,2158****,2548****,8644****,240-01,240-01,4G
240,1,24001,5698****,1951****,3454****,240-01,240-01,4G
240,1,24001,3876****,9000****,7127****,240-01,240-01,4G
240,1,24001,6825****,9286****,7621****,240-01,240-01,4G
240,1,24001,6417****,6163****,2549****,240-01,240-01,4G
240,1,24001,7081****,1493****,9107****,240-01,240-01,4G
240,1,24001,6453****,9753****,5349****,240-01,240-01,5G
240,1,24001,9315****,2186****,8659****,240-01,240-01,5G
240,1,24001,8498****,4879****,1482****,240-01,240-01,4G
240,1,24001,7704****,6243****,1312****,240-01,240-01,4G
240,1,24001,5894****,2324****,6290****,240-01,240-01,5G
240,1,24001,7222****,3661****,3287****,240-01,240-01,5G
240,1,24001,8635****,5337****,7482****,240-01,240-01,4G
240,1,24001,2688****,3729****,7015****,240-01,240-01,4G
240,1,24001,4023****,5280****,6737****,240-01,240-01,3G
240,1,24001,8568****,6280****,6132****,240-01,240-01,3G
240,1,24001,1809****,2998****,4836****,240-01,240-01,5G
240,1,24001,2763****,9643****,9511****,240-01,240-01,5G
240,1,24001,1785****,8833****,4584****,240-01,240-01,3G
240,1,24001,4711****,3364****,1918****,240-01,240-01,3G
240,1,24001,2099****,9421****,5878****,240-01,240-01,5G
240,1,24001,3604****,9114****,1579****,240-01,240-01,5G
240,1,24001,5550****,6662****,8351****,240-01,240-01,3G
240,1,24001,5767****,4251****,4459****,240-01,240-01,3G
240,1,24001,1263****,8245****,8504****,240-01,240-01,5G
240,1,24001,2566****,8441****,2015****,240-01,240-01,5G
240,1,24001,3262****,6487****,6568****,240-01,240-01,5G
240,1,24001,9755****,8498****,4427****,240-01,240-01,5G
240,1,24001,2502****,7827****,3357****,240-01,240-01,4G
240,1,24001,8535****,9265****,4853****,240-01,240-01,4G
240,1,24001,8879****,1296****,2709****,240-01,240-01,4G
240,1,24001,6520****,6037****,9687****,240-01,240-01,4G
240,1,24001,4770****,5013****,3852****,240-01,240-01,5G
240,1,24001,5017****,6083****,3197****,240-01,240-01,5G
240,1,24001,5796****,7397****,7935****,240-01,240-01,5G
240,1,24001,2655****,9714****,6031****,240-01,240-01,5G
240,1,24001,2004****,7831****,1307****,240-01,240-01,5G
240,1,24001,9341****,9600****,5336****,240-01,240-01,5G
240,1,24001,3724****,1221****,4402****,240-01,240-01,4G
240,1,24001,7621****,8862****,4816****,240-01,240-01,4G
240,1,24001,3089****,3333****,1457****,240-01,240-01,4G
240,1,24001,7375****,4013****,8476****,240-01,240-01,4G
240,1,24001,4317****,1861****,7713****,240-01,240-01,3G
240,1,24001,8972****,1819****,5071****,240-01,240-01,3G
240,1,24001,4202****,9534****,2097****,240-01,240-01,3G
240,1,24001,6803****,7104****,4167****,240-01,240-01,3G
240,1,24001,5641****,1029****,7675****,240-01,240-01,3G
240,1,24001,4405****,1041****,7678****,240-01,240-01,3G
240,1,24001,1522****,3674****,7404****,240-01,240-01,4G
240,1,24001,3714****,6326****,8505****,240-01,240-01,4G
240,1,24001,4077****,3345****,9754****,240-01,240-01,4G
240,1,24001,3595****,1062****,2026****,240-01,240-01,4G
240,1,24001,3811****,8186****,7132****,240-01,240-01,3G
240,1,24001,8628****,1143****,3517****,240-01,240-01,3G
240,1,24001,1021****,3065****,8047****,240-01,240-01,5G
240,1,24001,2945****,2132****,7204****,240-01,240-01,5G
240,1,24001,7316****,5651****,1354****,240-01,240-01,5G
240,1,24001,3395****,4823****,7448****,240-01,240-01,5G
240,1,24001,3530****,9305****,9133****,240-01,240-01,5G
240,1,24001,8860****,6200****,4124****,240-01,240-01,5G
240,1,24001,9428****,5782****,1465****,240-01,240-01,5G
240,1,24001,9428****,1753****,4716****,240-01,240-01,5G
240,1,24001,1754****,5105****,8796****,240-01,240-01,4G
240,1,24001,4346****,1452****,5906****,240-01,240-01,4G
240,1,24001,6600****,9095****,4582****,240-01,240-01,5G
240,1,24001,8005****,5405****,8248****,240-01,240-01,5G
240,1,24001,2122****,3215****,2402****,240-01,240-01,5G
240,1,24001,3084****,7203****,4690****,240-01,240-01,5G
240,1,24001,6491****,3726****,2297****,240-01,240-01,4G
240,1,24001,3168****,5785****,7189****,240-01,240-01,4G
240,1,24001,2541****,4384****,5903****,240-01,240-01,4G
240,1,24001,3796****,8203****,7544****,240-01,240-01,4G
240,1,24001,7157****,2179****,9159****,240-01,240-01,4G
240,1,24001,7709****,1360****,7437****,240-01,240-01,4G
240,1,24001,1833****,9340****,7009****,240-01,240-01,4G
240,1,24001,1647****,1319****,8352****,240-01,240-01,4G
240,1,24001,1326****,8525****,3083****,240-01,240-01,4G
240,1,24001,8397****,5328****,9392****,240-01,240-01,4G
240,1,24001,3884****,9975****,8115****,240-01,240-01,5G
240,1,24001,5601****,2355****,1718****,240-01,240-01,5G
240,1,24001,5357****,1781****,1625****,240-01,240-01,4G
240,1,24001,6219****,7797****,6586****,240-01,240-01,4G
240,1,24001,3512****,8876****,2070****,240-01,240-01,5G
240,1,24001,4474****,2197****,7771****,240-01,240-01,5G
240,1,24001,6373****,4967****,5922****,240-01,240-01,5G
240,1,24001,2169****,1091****,3794****,240-01,240-01,5G
240,1,24001,6979****,3341****,5142****,240-01,240-01,4G
240,1,24001,8896****,2993****,5729****,240-01,240-01,4G
240,1,24001,7189****,1059****,5052****,240-01,240-01,4G
240,1,24001,4697****,2676****,9403****,240-01,240-01,4G
240,1,24001,7673****,3896****,3156****,240-01,240-01,3G
240,1,24001,5984****,4892****,5120****,240-01,240-01,3G
240,1,24001,4483****,2545****,2188****,240-01,240-01,4G
240,1,24001,5145****,7534****,3395****,240-01,240-01,4G
240,1,24001,2876****,5021****,9699****,240-01,240-01,3G
240,1,24001,4921****,7231****,7331****,240-01,240-01,3G
240,1,24001,2231****,2570****,5970****,240-01,240-01,3G
240,1,24001,3101****,8719****,2882****,240-01,240-01,3G
240,1,24001,5568****,1357****,7006****,240-01,240-01,5G
240,1,24001,4147****,2542****,6552****,240-01,240-01,5G
240,1,24001,3216****,1516****,6170****,240-01,240-01,3G
240,1,24001,3289****,8373****,8100****,240-01,240-01,3G
240,1,24001,8077****,4181****,6687****,240-01,240-01,4G
240,1,24001,4680****,9806****,2562****,240-01,240-01,4G
240,1,24001,1939****,6810****,3374****,240-01,240-01,4G
240,1,24001,1770****,3559****,2290****,240-01,240-01,4G
240,1,24001,4761****,6108****,4614****,240-01,240-01,5G
240,1,24001,3025****,3503****,7006****,240-01,240-01,5G
240,1,24001,8397****,1648****,4769****,240-01,240-01,4G
240,1,24001,5841****,3357****,2138****,240-01,240-01,4G
240,1,24001,3874****,2073****,3960****,240-01,240-01,5G
240,1,24001,2543****,2473****,4402****,240-01,240-01,5G
240,1,24001,2796****,7494****,3995****,240-01,240-01,4G
240,1,24001,9914****,9542****,5210****,240-01,240-01,4G
240,1,24001,4212****,1923****,2810****,240-01,240-01,3G
240,1,24001,6690****,6727****,2289****,240-01,240-01,3G
240,1,24001,8283****,7983****,4536****,240-01,240-01,4G
240,1,24001,7394****,2108****,5185****,240-01,240-01,4G
240,1,24001,1960****,3618****,3679****,240-01,240-01,3G
240,1,24001,1328****,2722****,4146****,240-01,240-01,3G
240,1,24001,1517****,9352****,8962****,240-01,240-01,4G
240,1,24001,2907****,7051****,5670****,240-01,240-01,4G
240,1,24001,2046****,7843****,9286****,240-01,240-01,5G
240,1,24001,5481****,7783****,8951****,240-01,240-01,5G
240,1,24001,3288****,2043****,9789****,240-01,240-01,4G
240,1,24001,8375****,9935****,6930****,240-01,240-01,4G
240,1,24001,9936****,3766****,7978****,240-01,240-01,3G
240,1,24001,5983****,6096****,1666****,240-01,240-01,3G
240,1,24001,9163****,4977****,5978****,240-01,240-01,5G
240,1,24001,4895****,2733****,8206****,240-01,240-01,5G
240,1,24001,1887****,4091****,5547****,240-01,240-01,4G
240,1,24001,4160****,9458****,5320****,240-01,240-01,4G
240,1,24001,6329****,4871****,1809****,240-01,240-01,4G
240,1,24001,6535****,1793****,7791****,240-01,240-01,4G
240,1,24001,6552****,7389****,5515****,240-01,240-01,3G
240,1,24001,8758****,2727****,5215****,240-01,240-01,3G
240,1,24001,8375****,4059****,8773****,240-01,240-01,5G
240,1,24001,4305****,4713****,1066****,240-01,240-01,5G
240,1,24001,6372****,9834****,8151****,240-01,240-01,5G
240,1,24001,3096****,4594****,2875****,240-01,240-01,5G
240,1,24001,5479****,1747****,9627****,240-01,240-01,4G
240,1,24001,5869****,3058****,8944****,240-01,240-01,4G
240,1,24001,7253****,5085****,4030****,240-01,240-01,5G
240,1,24001,1062****,1279****,4063****,240-01,240-01,5G
240,1,24001,2139****,2553****,2851****,240-01,240-01,4G
240,1,24001,8063****,6616****,9885****,240-01,240-01,4G
240,1,24001,4966****,7722****,2341****,240-01,240-01,5G
240,1,24001,5749****,5907****,3278****,240-01,240-01,5G
240,1,24001,8544****,6025****,9523****,240-01,240-01,3G
240,1,24001,4606****,3513****,9604****,240-01,240-01,3G
240,1,24001,3485****,5219****,1377****,240-01,240-01,5G
240,1,24001,7415****,3351****,1253****,240-01,240-01,5G
240,1,24001,5086****,2380****,8598****,240-01,240-01,4G
240,1,24001,1900****,1322****,2010****,240-01,240-01,4G
240,1,24001,5410****,1432****,6378****,240-01,240-01,4G
240,1,24001,1361****,5067****,5363****,240-01,240-01,4G
240,1,24001,1597****,1486****,6765****,240-01,240-01,5G
240,1,24001,9530****,3340****,6162****,240-01,240-01,5G
240,1,24001,2856****,9730****,1262****,240-01,240-01,5G
240,1,24001,1316****,1299****,1563****,240-01,240-01,5G
240,1,24001,4536****,5477****,1430****,240-01,240-01,4G
240,1,24001,6973****,2342****,4420****,240-01,240-01,4G
240,1,24001,9170****,3428****,8176****,240-01,240-01,3G
240,1,24001,4357****,3852****,9118****,240-01,240-01,3G
240,1,24001,9983****,5336****,8306****,240-01,240-01,3G
240,1,24001,3226****,6596****,4600****,240-01,240-01,3G
240,1,24001,8127****,6671****,2989****,240-01,240-01,4G
240,1,24001,2892****,4343****,1304****,240-01,240-01,4G
240,1,24001,1427****,8655****,6773****,240-01,240-01,4G
240,1,24001,7533****,8822****,9225****,240-01,240-01,4G
240,1,24001,6759****,4904****,3371****,240-01,240-01,3G
240,1,24001,4718****,9523****,2265****,240-01,240-01,3G
240,1,24001,3514****,4672****,3403****,240-01,240-01,4G
240,1,24001,1013****,2442****,9292****,240-01,240-01,4G
240,1,24001,3545****,7915****,4388****,240-01,240-01,5G
240,1,24001,1806****,9294****,5816****,240-01,240-01,5G
240,1,24001,7629****,5496****,6221****,240-01,240-01,4G
240,1,24001,3511****,8717****,6116****,240-01,240-01,4G
240,1,24001,6437****,7272****,4032****,240-01,240-01,3G
240,1,24001,3495****,9233****,8640****,240-01,240-01,3G
240,1,24001,7406****,3604****,3522****,240-01,240-01,3G
240,1,24001,5014****,1846****,2419****,240-01,240-01,3G
240,1,24001,3354****,6981****,7868****,240-01,240-01,3G
240,1,24001,2355****,1232****,1888****,240-01,240-01,3G
240,1,24001,3977****,1410****,1889****,240-01,240-01,3G
240,1,24001,8355****,2709****,3905****,240-01,240-01,3G
240,1,24001,6537****,5240****,5949****,240-01,240-01,3G
240,1,24001,8095****,9442****,1964****,240-01,240-01,3G
240,1,24001,4336****,2697****,7304****,240-01,240-01,3G
240,1,24001,8917****,5506****,2974****,240-01,240-01,3G
240,1,24001,1937****,2873****,1895****,240-01,240-01,4G
240,1,24001,9166****,5824****,3268****,240-01,240-01,4G
240,1,24001,9448****,8783****,2537****,240-01,240-01,4G
240,1,24001,3050****,5462****,2937****,240-01,240-01,4G
240,1,24001,2596****,2412****,5690****,240-01,240-01,3G
240,1,24001,2903****,4806****,9987****,240-01,240-01,3G
240,1,24001,3387****,4705****,7238****,240-01,240-01,5G
240,1,24001,6634****,4029****,4034****,240-01,240-01,5G
240,1,24001,2597****,1119****,4018****,240-01,240-01,3G
240,1,24001,7725****,6897****,5727****,240-01,240-01,3G
240,1,24001,9878****,4494****,1978****,240-01,240-01,3G
240,1,24001,6738****,4383****,1470****,240-01,240-01,3G
240,1,24001,7607****,5378****,2726****,240-01,240-01,3G
240,1,24001,1806****,4502****,4531****,240-01,240-01,3G
240,1,24001,9556****,6075****,7933****,240-01,240-01,4G
240,1,24001,7079****,3624****,1884****,240-01,240-01,4G
240,1,24001,3607****,6822****,9096****,240-01,240-01,3G
240,1,24001,7868****,3951****,8289****,240-01,240-01,3G
240,1,24001,7884****,6057****,6550****,240-01,240-01,3G
240,1,24001,1889****,6766****,2453****,240-01,240-01,3G
240,1,24001,1483****,1657****,5745****,240-01,240-01,5G
240,1,24001,8910****,5029****,8094****,240-01,240-01,5G
240,1,24001,1173****,4101****,2973****,240-01,240-01,4G
240,1,24001,4070****,4060****,4409****,240-01,240-01,4G
240,1,24001,8873****,9279****,6178****,240-01,240-01,4G
240,1,24001,6464****,2208****,8722****,240-01,240-01,4G
240,1,24001,5437****,4144****,8299****,240-01,240-01,3G
240,1,24001,5753****,3776****,1193****,240-01,240-01,3G
240,1,24001,9838****,7356****,1733****,240-01,240-01,3G
240,1,24001,7087****,6390****,8458****,240-01,240-01,3G
240,1,24001,9466****,2091****,6701****,240-01,240-01,4G
240,1,24001,8732****,6304****,3359****,240-01,240-01,4G
240,1,24001,9254****,6850****,4414****,240-01,240-01,4G
240,1,24001,7806****,9481****,8306****,240-01,240-01,4G
240,1,24001,3155****,5029****,3460****,240-01,240-01,4G
240,1,24001,4283****,8095****,5919****,240-01,240-01,4G
240,1,24001,4650****,6042****,5460****,240-01,240-01,3G
240,1,24001,4155****,6650****,1738****,240-01,240-01,3G
240,1,24001,8288****,9102****,7045****,240-01,240-01,3G
240,1,24001,5825****,2172****,9318****,240-01,240-01,3G
240,1,24001,1770****,8336****,7880****,240-01,240-01,5G
240,1,24001,1705****,4038****,4612****,240-01,240-01,5G
240,1,24001,7536****,2166****,6585****,240-01,240-01,5G
240,1,24001,9217****,2786****,2339****,240-01,240-01,5G
240,1,24001,1066****,3305****,7791****,240-01,240-01,5G
240,1,24001,2382****,8487****,3525****,240-01,240-01,5G
240,1,24001,7156****,4497****,5982****,240-01,240-01,5G
240,1,24001,8871****,9609****,9856****,240-01,240-01,5G
240,1,24001,4208****,6888****,2890****,240-01,240-01,5G
240,1,24001,7930****,2707****,6574****,240-01,240-01,5G
240,1,24001,7916****,9919****,5597****,240-01,240-01,4G
240,1,24001,6376****,7536****,4812****,240-01,240-01,4G
240,1,24001,4329****,9060****,2231****,240-01,240-01,4G
240,1,24001,1025****,6868****,1067****,240-01,240-01,4G
240,1,24001,2571****,4298****,3786****,240-01,240-01,5G
240,1,24001,4941****,5188****,1288****,240-01,240-01,5G
240,1,24001,7646****,8864****,6782****,240-01,240-01,5G
240,1,24001,7868****,9491****,5855****,240-01,240-01,5G
240,1,24001,4468****,3726****,2643****,240-01,240-01,5G
240,1,24001,4378****,9452****,3696****,240-01,240-01,5G
240,1,24001,9670****,3465****,3977****,240-01,240-01,5G
240,1,24001,5404****,5184****,4670****,240-01,240-01,5G
240,1,24001,2839****,7275****,3610****,240-01,240-01,4G
240,1,24001,3388****,2767****,6600****,240-01,240-01,4G
240,1,24001,6980****,4147****,3864****,240-01,240-01,5G
240,1,24001,9006****,7927****,9014****,240-01,240-01,5G
240,1,24001,7278****,4855****,9065****,240-01,240-01,4G
240,1,24001,5442****,2801****,2233****,240-01,240-01,4G
240,1,24001,3197****,6232****,9924****,240-01,240-01,5G
240,1,24001,7778****,1132****,8858****,240-01,240-01,5G
240,1,24001,2088****,6642****,4578****,240-01,240-01,3G
240,1,24001,8094****,5426****,9307****,240-01,240-01,3G
240,1,24001,3252****,3314****,2477****,240-01,240-01,5G
240,1,24001,4004****,7600****,5237****,240-01,240-01,5G
240,1,24001,7131****,6771****,5401****,240-01,240-01,5G
240,1,24001,1088****,6342****,5945****,240-01,240-01,5G
240,1,24001,8741****,8481****,4957****,240-01,240-01,3G
240,1,24001,2575****,5135****,1387****,240-01,240-01,3G
240,1,24001,1654****,1073****,7189****,240-01,240-01,4G
240,1,24001,5496****,4352****,8183****,240-01,240-01,4G
240,1,24001,6925****,8223****,4638****,240-01,240-01,5G
240,1,24001,9817****,6304****,4736****,240-01,240-01,5G
240,1,24001,1218****,2212****,5938****,240-01,240-01,3G
240,1,24001,8243****,2642****,5458****,240-01,240-01,3G
240,1,24001,7934****,4834****,5431****,240-01,240-01,4G
240,1,24001,6096****,5440****,8864****,240-01,240-01,4G
240,1,24001,6386****,6115****,1867****,240-01,240-01,3G
240,1,24001,7031****,5495****,6843****,240-01,240-01,3G
240,1,24001,2703****,4326****,6076****,240-01,240-01,5G
240,1,24001,2753****,6028****,4508****,240-01,240-01,5G
240,1,24001,7494****,9191****,8799****,240-01,240-01,5G
240,1,24001,8153****,4813****,5834****,240-01,240-01,5G
240,1,24001,5399****,7463****,3394****,240-01,240-01,4G
240,1,24001,7501****,5889****,7385****,240-01,240-01,4G
240,1,24001,2911****,3732****,3440****,240-01,240-01,5G
240,1,24001,2035****,7524****,9995****,240-01,240-01,5G
240,1,24001,1828****,6925****,3241****,240-01,240-01,3G
240,1,24001,3281****,4641****,3299****,240-01,240-01,3G
240,1,24001,7956****,9438****,6579****,240-01,240-01,3G
240,1,24001,4543****,1113****,6054****,240-01,240-01,3G
240,1,24001,4445****,8536****,6415****,240-01,240-01,3G
240,1,24001,7012****,2248****,2344****,240-01,240-01,3G
240,1,24001,6018****,8015****,7093****,240-01,240-01,4G
240,1,24001,8397****,1094****,2906****,240-01,240-01,4G
240,1,24001,8354****,4840****,8843****,240-01,240-01,5G
240,1,24001,3435****,1026****,1626****,240-01,240-01,5G
240,1,24001,6180****,2760****,4482****,240-01,240-01,4G
240,1,24001,7589****,6917****,4765****,240-01,240-01,4G
240,1,24001,4164****,9142****,9578****,240-01,240-01,4G
240,1,24001,9308****,1905****,2311****,240-01,240-01,4G
240,1,24001,8815****,4857****,4857****,240-01,240-01,4G
240,1,24001,1903****,6788****,6824****,240-01,240-01,4G
240,1,24001,7469****,7084****,5647****,240-01,240-01,5G
240,1,24001,8080****,8194****,3219****,240-01,240-01,5G
240,1,24001,3160****,8980****,7619****,240-01,240-01,3G
240,1,24001,7087****,5201****,3357****,240-01,240-01,3G
240,1,24001,7410****,4177****,7613****,240-01,240-01,4G
240,1,24001,4896****,4059****,9827****,240-01,240-01,4G
240,1,24001,3076****,4440****,2408****,240-01,240-01,4G
240,1,24001,7581****,4787****,1787****,240-01,240-01,4G
240,1,24001,7205****,6290****,2832****,240-01,240-01,5G
240,1,24001,5483****,8737****,8932****,240-01,240-01,5G
240,1,24001,2524****,3219****,2788****,240-01,240-01,3G
240,1,24001,2464****,8893****,9757****,240-01,240-01,3G
240,1,24001,3586****,4780****,2899****,240-01,240-01,5G
240,1,24001,3485****,4659****,7347****,240-01,240-01,5G
240,1,24001,5785****,9299****,2015****,240-01,240-01,3G
240,1,24001,4753****,9040****,3349****,240-01,240-01,3G
240,1,24001,6769****,4924****,9927****,240-01,240-01,3G
240,1,24001,4569****,5768****,3435****,240-01,240-01,3G
240,1,24001,1079****,1492****,9280****,240-01,240-01,3G
240,1,24001,9451****,8879****,9975****,240-01,240-01,3G
240,1,24001,8138****,4518****,8399****,240-01,240-01,4G
240,1,24001,9795****,5836****,8458****,240-01,240-01,4G
240,1,24001,2159****,1927****,8956****,240-01,240-01,5G
240,1,24001,7629****,9936****,5505****,240-01,240-01,5G
240,1,24001,5767****,3860****,7082****,240-01,240-01,4G
240,1,24001,2397****,1948****,8020****,240-01,240-01,4G
240,1,24001,5451****,1440****,6039****,240-01,240-01,3G
240,1,24001,2353****,7178****,1571****,240-01,240-01,3G
240,1,24001,1067****,3069****,8909****,240-01,240-01,5G
240,1,24001,2732****,2280****,5333****,240-01,240-01,5G
240,1,24001,3565****,1091****,5102****,240-01,240-01,4G
240,1,24001,9312****,6228****,7929****,240-01,240-01,4G
240,1,24001,4957****,2695****,7628****,240-01,240-01,4G
240,1,24001,4849****,5625****,9495****,240-01,240-01,4G
240,1,24001,9600****,5471****,2940****,240-01,240-01,3G
240,1,24001,5484****,7394****,9335****,240-01,240-01,3G
240,1,24001,9090****,6231****,8248****,240-01,240-01,3G
240,1,24001,3224****,9472****,4455****,240-01,240-01,3G
240,1,24001,5656****,7020****,7687****,240-01,240-01,5G
240,1,24001,9640****,1116****,3317****,240-01,240-01,5G
240,1,24001,3535****,9708****,7178****,240-01,240-01,3G
240,1,24001,3594****,6556****,8025****,240-01,240-01,3G
240,1,24001,4725****,2409****,3072****,240-01,240-01,5G
240,1,24001,1560****,6405****,4186****,240-01,240-01,5G
240,1,24001,9643****,3597****,8099****,240-01,240-01,3G
240,1,24001,6728****,8965****,7234****,240-01,240-01,3G
240,1,24001,8283****,8899****,7081****,240-01,240-01,3G
240,1,24001,1637****,9809****,6728****,240-01,240-01,3G
240,1,24001,6228****,9876****,1935****,240-01,240-01,4G
240,1,24001,8315****,5882****,6962****,240-01,240-01,4G
240,1,24001,3842****,8317****,7426****,240-01,240-01,4G
240,1,24001,9667****,7547****,8664****,240-01,240-01,4G
240,1,24001,6217****,9920****,8570****,240-01,240-01,5G
240,1,24001,8614****,8241****,2218****,240-01,240-01,5G
240,1,24001,8610****,2491****,1853****,240-01,240-01,5G
240,1,24001,2739****,5479****,2060****,240-01,240-01,5G
240,1,24001,6549****,4984****,5451****,240-01,240-01,3G
240,1,24001,8487****,1306****,9811****,240-01,240-01,3G
240,1,24001,9524****,2388****,8550****,240-01,240-01,3G
240,1,24001,6963****,9651****,1848****,240-01,240-01,3G
240,1,24001,4747****,6851****,7182****,240-01,240-01,3G
240,1,24001,4333****,5851****,4788****,240-01,240-01,3G
240,1,24001,6405****,6551****,7113****,240-01,240-01,4G
240,1,24001,3572****,5035****,2982****,240-01,240-01,4G
240,1,24001,2287****,8338****,1399****,240-01,240-01,4G
240,1,24001,4133****,8817****,9709****,240-01,240-01,4G
240,1,24001,5917****,2935****,2326****,240-01,240-01,5G
240,1,24001,7560****,5388****,2770****,240-01,240-01,5G
240,1,24001,6116****,6471****,3874****,240-01,240-01,3G
240,1,24001,6155****,8388****,4743****,240-01,240-01,3G
240,1,24001,8358****,9325****,7969****,240-01,240-01,5G
240,1,24001,5455****,2360****,7533****,240-01,240-01,5G
240,1,24001,4397****,9795****,5107****,240-01,240-01,4G
240,1,24001,4243****,7409****,6076****,240-01,240-01,4G
240,1,24001,3583****,3074****,7961****,240-01,240-01,4G
240,1,24001,9615****,7927****,1243****,240-01,240-01,4G
240,1,24001,9571****,2090****,6591****,240-01,240-01,4G
240,1,24001,6598****,8221****,5755****,240-01,240-01,4G
240,1,24001,5805****,8977****,8883****,240-01,240-01,4G
240,1,24001,2944****,1090****,1560****,240-01,240-01,4G
240,1,24001,4323****,6820****,1035****,240-01,240-01,5G
240,1,24001,3402****,2160****,3038****,240-01,240-01,5G
240,1,24001,6787****,3540****,9073****,240-01,240-01,5G
240,1,24001,1995****,7622****,5373****,240-01,240-01,5G
240,1,24001,7609****,8013****,7533****,240-01,240-01,4G
240,1,24001,2885****,3802****,6159****,240-01,240-01,4G
240,1,24001,6972****,6824****,3340****,240-01,240-01,3G
240,1,24001,9285****,9377****,1161****,240-01,240-01,3G
240,1,24001,8709****,3958****,8750****,240-01,240-01,4G
240,1,24001,7387****,8218****,3657****,240-01,240-01,4G
240,1,24001,3422****,5051****,2895****,240-01,240-01,4G
240,1,24001,9550****,2547****,7317****,240-01,240-01,4G
240,1,24001,3445****,8952****,9270****,240-01,240-01,4G
240,1,24001,9958****,9796****,9145****,240-01,240-01,4G
240,1,24001,7433****,4119****,1050****,240-01,240-01,4G
240,1,24001,2102****,2670****,6167****,240-01,240-01,4G
240,1,24001,8074****,9445****,1609****,240-01,240-01,5G
240,1,24001,7311****,3499****,7332****,240-01,240-01,5G
240,1,24001,8148****,4608****,7526****,240-01,240-01,5G
240,1,24001,6586****,4814****,8958****,240-01,240-01,5G
240,1,24001,4616****,9487****,7908****,240-01,240-01,5G
240,1,24001,5462****,9142****,1800****,240-01,240-01,5G
240,1,24001,9150****,8396****,1242****,240-01,240-01,5G
240,1,24001,1763****,6593****,5959****,240-01,240-01,5G
240,1,24001,3590****,2480****,5162****,240-01,240-01,4G
240,1,24001,7227****,8083****,1642****,240-01,240-01,4G
240,1,24001,7626****,6128****,6042****,240-01,240-01,3G
240,1,24001,2602****,6820****,1985****,240-01,240-01,3G
240,1,24001,7949****,8441****,1320****,240-01,240-01,4G
240,1,24001,2742****,3431****,6605****,240-01,240-01,4G
240,1,24001,3848****,6872****,6977****,240-01,240-01,3G
240,1,24001,2100****,5831****,5001****,240-01,240-01,3G
240,1,24001,4802****,6970****,3980****,240-01,240-01,4G
240,1,24001,6119****,9557****,8935****,240-01,240-01,4G
240,1,24001,7889****,8316****,6675****,240-01,240-01,5G
240,1,24001,9637****,3822****,6443****,240-01,240-01,5G
240,1,24001,7400****,8119****,8696****,240-01,240-01,4G
240,1,24001,3331****,4381****,1785****,240-01,240-01,4G
240,1,24001,3458****,7826****,7139****,240-01,240-01,4G
240,1,24001,1131****,9483****,8286****,240-01,240-01,4G
240,1,24001,1187****,1407****,5218****,240-01,240-01,3G
240,1,24001,8846****,2099****,7319****,240-01,240-01,3G
240,1,24001,9817****,8583****,1800****,240-01,240-01,4G
240,1,24001,9578****,5904****,2953****,240-01,240-01,4G
240,1,24001,3180****,4613****,7996****,240-01,240-01,5G
240,1,24001,4557****,8755****,6274****,240-01,240-01,5G
240,1,24001,6795****,8500****,6531****,240-01,240-01,3G
240,1,24001,8087****,9438****,9372****,240-01,240-01,3G
240,1,24001,1570****,3836****,3439****,240-01,240-01,4G
240,1,24001,5795****,8466****,7307****,240-01,240-01,4G
240,1,24001,9519****,9789****,1348****,240-01,240-01,5G
240,1,24001,1537****,6819****,7672****,240-01,240-01,5G
240,1,24001,3962****,5426****,8470****,240-01,240-01,4G
240,1,24001,9030****,5950****,2704****,240-01,240-01,4G
240,1,24001,7284****,3684****,7602****,240-01,240-01,4G
240,1,24001,8691****,4942****,7547****,240-01,240-01,4G
240,1,24001,1824****,2485****,6759****,240-01,240-01,3G
240,1,24001,3717****,9595****,9134****,240-01,240-01,3G
240,1,24001,3963****,1386****,2059****,240-01,240-01,4G
240,1,24001,7761****,8452****,7306****,240-01,240-01,4G
240,1,24001,1009****,7117****,2248****,240-01,240-01,3G
240,1,24001,4254****,9498****,1348****,240-01,240-01,3G
240,1,24001,3133****,9923****,4137****,240-01,240-01,5G
240,1,24001,1903****,3177****,1702****,240-01,240-01,5G
240,1,24001,3992****,1936****,4278****,240-01,240-01,4G
240,1,24001,5654****,3083****,3712****,240-01,240-01,4G
240,1,24001,2745****,3808****,3622****,240-01,240-01,5G
240,1,24001,3645****,8964****,6942****,240-01,240-01,5G
240,1,24001,8981****,1608****,6874****,240-01,240-01,4G
240,1,24001,1316****,7289****,6081****,240-01,240-01,4G
240,1,24001,1968****,5322****,7559****,240-01,240-01,4G
240,1,24001,6643****,2354****,1989****,240-01,240-01,4G
240,1,24001,3754****,6418****,6971****,240-01,240-01,4G
240,1,24001,1653****,4678****,3590****,240-01,240-01,4G
240,1,24001,5719****,7151****,5713****,240-01,240-01,3G
240,1,24001,9668****,2943****,5333****,240-01,240-01,3G
240,1,24001,5634****,9339****,5918****,240-01,240-01,3G
240,1,24001,7075****,8268****,7676****,240-01,240-01,3G
240,1,24001,1728****,6804****,5752****,240-01,240-01,4G
240,1,24001,5958****,4623****,6961****,240-01,240-01,4G
240,1,24001,6273****,7571****,3967****,240-01,240-01,5G
240,1,24001,8646****,9693****,3865****,240-01,240-01,5G
240,1,24001,3410****,7751****,5618****,240-01,240-01,4G
240,1,24001,6128****,6057****,4243****,240-01,240-01,4G
240,1,24001,6252****,4059****,4059****,240-01,240-01,5G
240,1,24001,8903****,2402****,8376****,240-01,240-01,5G
240,1,24001,6573****,8901****,2111****,240-01,240-01,3G
240,1,24001,6951****,4441****,5709****,240-01,240-01,3G
240,1,24001,5031****,6362****,8256****,240-01,240-01,4G
240,1,24001,1562****,4571****,4173****,240-01,240-01,4G
240,1,24001,3774****,2732****,4089****,240-01,240-01,3G
240,1,24001,9838****,6341****,3673****,240-01,240-01,3G
240,1,24001,8741****,1820****,4355****,240-01,240-01,3G
240,1,24001,9077****,2717****,4330****,240-01,240-01,3G
240,1,24001,2773****,9178****,8305****,240-01,240-01,4G
240,1,24001,1565****,9941****,5690****,240-01,240-01,4G
240,1,24001,3819****,1145****,6525****,240-01,240-01,3G
240,1,24001,1312****,4084****,3706****,240-01,240-01,3G
240,1,24001,1012****,4160****,2074****,240-01,240-01,3G
240,1,24001,6059****,5903****,8535****,240-01,240-01,3G
240,1,24001,8935****,9315****,4170****,240-01,240-01,5G
240,1,24001,1366****,9558****,8818****,240-01,240-01,5G
240,1,24001,7829****,3654****,4196****,240-01,240-01,3G
240,1,24001,9716****,7801****,8502****,240-01,240-01,3G
240,1,24001,3816****,5172****,3997****,240-01,240-01,4G
240,1,24001,8211****,5782****,7589****,240-01,240-01,4G
240,1,24001,2211****,7069****,5723****,240-01,240-01,4G
240,1,24001,5809****,5547****,5068****,240-01,240-01,4G
240,1,24001,3127****,7871****,6285****,240-01,240-01,5G
240,1,24001,1184****,7991****,5297****,240-01,240-01,5G
240,1,24001,8959****,3584****,6228****,240-01,240-01,5G
240,1,24001,6855****,6323****,4725****,240-01,240-01,5G
240,1,24001,3258****,2981****,5109****,240-01,240-01,3G
240,1,24001,4437****,4768****,7723****,240-01,240-01,3G
240,1,24001,3840****,6374****,2632****,240-01,240-01,5G
240,1,24001,5806****,8689****,1936****,240-01,240-01,5G
240,1,24001,7153****,4928****,8050****,240-01,240-01,3G
240,1,24001,4142****,4070****,1305****,240-01,240-01,3G
240,1,24001,6768****,7674****,1784****,240-01,240-01,4G
240,1,24001,6563****,4442****,1710****,240-01,240-01,4G
240,1,24001,9646****,6097****,6409****,240-01,240-01,4G
240,1,24001,5479****,1832****,3033****,240-01,240-01,4G
240,1,24001,1096****,6609****,6886****,240-01,240-01,4G
240,1,24001,6356****,9831****,4776****,240-01,240-01,4G
240,1,24001,1784****,1469****,4083****,240-01,240-01,3G
240,1,24001,2844****,2026****,1345****,240-01,240-01,3G
240,1,24001,9721****,7837****,9048****,240-01,240-01,4G
240,1,24001,1705****,8754****,1402****,240-01,240-01,4G
240,1,24001,6456****,1828****,9543****,240-01,240-01,3G
240,1,24001,8912****,5746****,4706****,240-01,240-01,3G
240,1,24001,6172****,7767****,7478****,240-01,240-01,4G
240,1,24001,8622****,8397****,5697****,240-01,240-01,4G
240,1,24001,6668****,1162****,8533****,240-01,240-01,3G
240,1,24001,7284****,2042****,8360****,240-01,240-01,3G
240,1,24001,1468****,1986****,6505****,240-01,240-01,5G
240,1,24001,3915****,1310****,2158****,240-01,240-01,5G
240,1,24001,3512****,7535****,6150****,240-01,240-01,5G
240,1,24001,9797****,7901****,8555****,240-01,240-01,5G
240,1,24001,4852****,9539****,1327****,240-01,240-01,5G
240,1,24001,9586****,4298****,8735****,240-01,240-01,5G
240,1,24001,6595****,8944****,3856****,240-01,240-01,4G
240,1,24001,2811****,4906****,8492****,240-01,240-01,4G
240,1,24001,5260****,2126****,8791****,240-01,240-01,4G
240,1,24001,4624****,9378****,7613****,240-01,240-01,4G
240,1,24001,1755****,4409****,3524****,240-01,240-01,4G
240,1,24001,9787****,3473****,9663****,240-01,240-01,4G
240,1,24001,3773****,2704****,2866****,240-01,240-01,5G
240,1,24001,1502****,4779****,7059****,240-01,240-01,5G
240,1,24001,9638****,1103****,8785****,240-01,240-01,4G
240,1,24001,9892****,5280****,6050****,240-01,240-01,4G
240,1,24001,5012****,9186****,7013****,240-01,240-01,3G
240,1,24001,4576****,9428****,8015****,240-01,240-01,3G
240,1,24001,3005****,5573****,4776****,240-01,240-01,4G
240,1,24001,3524****,8725****,8131****,240-01,240-01,4G
240,1,24001,9478****,3810****,5974****,240-01,240-01,4G
240,1,24001,4810****,6938****,9502****,240-01,240-01,4G
240,1,24001,5418****,6018****,8510****,240-01,240-01,3G
240,1,24001,1961****,3095****,9153****,240-01,240-01,3G
240,1,24001,3010****,6037****,3069****,240-01,240-01,4G
240,1,24001,8123****,3691****,4886****,240-01,240-01,4G
240,1,24001,9869****,2087****,9860****,240-01,240-01,4G
240,1,24001,2681****,9915****,7276****,240-01,240-01,4G
240,1,24001,5562****,2414****,6035****,240-01,240-01,5G
240,1,24001,3164****,4555****,7278****,240-01,240-01,5G
240,1,24001,5426****,3003****,1135****,240-01,240-01,4G
240,1,24001,4546****,3688****,5397****,240-01,240-01,4G
240,1,24001,8826****,3657****,5799****,240-01,240-01,3G
240,1,24001,4869****,8151****,7898****,240-01,240-01,3G
240,1,24001,8909****,9121****,4108****,240-01,240-01,4G
240,1,24001,7345****,6416****,6572****,240-01,240-01,4G
240,1,24001,6361****,9213****,7626****,240-01,240-01,3G
240,1,24001,8242****,2041****,9458****,240-01,240-01,3G
240,1,24001,9909****,5950****,2245****,240-01,240-01,4G
240,1,24001,8113****,6737****,8153****,240-01,240-01,4G
240,1,24001,9006****,4086****,6860****,240-01,240-01,5G
240,1,24001,9195****,7969****,7565****,240-01,240-01,5G
240,1,24001,7696****,2687****,1741****,240-01,240-01,5G
240,1,24001,7274****,2751****,8185****,240-01,240-01,5G
240,1,24001,2016****,5147****,5599****,240-01,240-01,4G
240,1,24001,9474****,2963****,2917****,240-01,240-01,4G
240,1,24001,1835****,2716****,8708****,240-01,240-01,3G
240,1,24001,3728****,5282****,5783****,240-01,240-01,3G
240,1,24001,1099****,1147****,4153****,240-01,240-01,4G
240,1,24001,3926****,8494****,3221****,240-01,240-01,4G
240,1,24001,1801****,6712****,2036****,240-01,240-01,4G
240,1,24001,1925****,7143****,2886****,240-01,240-01,4G
240,1,24001,3308****,6115****,9063****,240-01,240-01,4G
240,1,24001,1800****,3729****,2805****,240-01,240-01,4G
240,1,24001,5392****,9612****,4371****,240-01,240-01,3G
240,1,24001,2543****,6680****,5910****,240-01,240-01,3G
240,1,24001,5952****,3456****,1849****,240-01,240-01,5G
240,1,24001,8071****,7900****,7702****,240-01,240-01,5G
240,1,24001,4081****,3686****,8861****,240-01,240-01,5G
240,1,24001,1196****,6600****,3002****,240-01,240-01,5G
240,1,24001,6424****,3153****,4150****,240-01,240-01,4G
240,1,24001,4529****,4230****,4329****,240-01,240-01,4G
240,1,24001,4595****,1158****,4490****,240-01,240-01,4G
240,1,24001,6061****,8575****,3576****,240-01,240-01,4G
240,1,24001,2889****,5852****,2093****,240-01,240-01,3G
240,1,24001,1213****,3971****,4468****,240-01,240-01,3G
240,1,24001,7888****,8913****,5428****,240-01,240-01,5G
240,1,24001,7318****,4203****,2174****,240-01,240-01,5G
240,1,24001,4505****,8681****,7003****,240-01,240-01,3G
240,1,24001,3178****,4128****,1797****,240-01,240-01,3G
240,1,24001,5985****,3630****,2036****,240-01,240-01,3G
240,1,24001,2740****,9926****,8909****,240-01,240-01,3G
240,1,24001,8594****,9103****,3191****,240-01,240-01,3G
240,1,24001,1385****,5360****,3912****,240-01,240-01,3G
240,1,24001,1023****,6688****,3907****,240-01,240-01,3G
240,1,24001,3502****,5429****,3215****,240-01,240-01,3G
240,1,24001,2913****,2918****,8596****,240-01,240-01,4G
240,1,24001,9729****,6952****,5194****,240-01,240-01,4G
240,1,24001,9685****,1006****,9893****,240-01,240-01,4G
240,1,24001,1791****,1673****,2512****,240-01,240-01,4G
240,1,24001,3024****,6895****,2315****,240-01,240-01,3G
240,1,24001,8690****,3902****,1946****,240-01,240-01,3G
240,1,24001,5308****,4066****,1220****,240-01,240-01,4G
240,1,24001,3571****,6091****,2133****,240-01,240-01,4G
240,1,24001,5376****,8435****,5332****,240-01,240-01,4G
240,1,24001,6189****,7138****,6012****,240-01,240-01,4G
240,1,24001,8205****,3765****,8623****,240-01,240-01,3G
240,1,24001,7654****,6543****,4214****,240-01,240-01,3G
240,1,24001,8061****,7971****,5719****,240-01,240-01,4G
240,1,24001,9516****,7508****,3736****,240-01,240-01,4G
240,1,24001,2521****,1457****,4269****,240-01,240-01,5G
240,1,24001,8773****,3966****,2131****,240-01,240-01,5G
240,1,24001,3879****,5475****,2628****,240-01,240-01,3G
240,1,24001,2430****,3548****,1806****,240-01,240-01,3G
240,1,24001,5970****,3960****,9660****,240-01,240-01,5G
240,1,24001,8347****,9290****,7570****,240-01,240-01,5G
240,1,24001,7970****,2197****,5581****,240-01,240-01,4G
240,1,24001,8350****,7821****,9889****,240-01,240-01,4G
240,1,24001,2067****,7173****,8662****,240-01,240-01,3G
240,1,24001,2239****,7331****,4294****,240-01,240-01,3G
240,1,24001,7708****,3202****,8722****,240-01,240-01,5G
240,1,24001,7872****,9691****,4396****,240-01,240-01,5G
240,1,24001,4561****,7742****,9468****,240-01,240-01,4G
240,1,24001,1379****,9274****,9255****,240-01,240-01,4G
240,1,24001,4165****,7090****,3959****,240-01,240-01,4G
240,1,24001,5694****,4626****,7357****,240-01,240-01,4G
240,1,24001,6580****,5909****,9788****,240-01,240-01,4G
240,1,24001,7757****,5582****,4068****,240-01,240-01,4G
240,1,24001,1731****,9439****,2855****,240-01,240-01,4G
240,1,24001,8421****,7779****,3932****,240-01,240-01,4G
240,1,24001,5653****,7205****,9975****,240-01,240-01,4G
240,1,24001,7509****,5519****,5125****,240-01,240-01,4G
240,1,24001,4059****,5465****,4179****,240-01,240-01,4G
240,1,24001,5021****,7959****,4460****,240-01,240-01,4G
240,1,24001,1014****,9692****,2090****,240-01,240-01,3G
240,1,24001,3351****,7304****,2356****,240-01,240-01,3G
240,1,24001,9294****,4241****,8640****,240-01,240-01,4G
240,1,24001,9530****,2800****,4030****,240-01,240-01,4G
240,1,24001,9817****,8656****,4508****,240-01,240-01,3G
240,1,24001,7227****,9820****,8106****,240-01,240-01,3G
240,1,24001,2004****,6504****,9240****,240-01,240-01,3G
240,1,24001,8132****,4421****,1583****,240-01,240-01,3G
240,1,24001,5123****,2034****,9050****,240-01,240-01,4G
240,1,24001,5109****,9281****,4424****,240-01,240-01,4G
240,1,24001,4575****,2945****,3934****,240-01,240-01,4G
240,1,24001,6982****,2423****,6944****,240-01,240-01,4G
240,1,24001,2235****,6252****,8507****,240-01,240-01,5G
240,1,24001,9862****,5411****,5291****,240-01,240-01,5G
240,1,24001,4651****,6998****,9081****,240-01,240-01,3G
240,1,24001,5466****,5120****,7968****,240-01,240-01,3G
240,1,24001,5991****,2087****,3889****,240-01,240-01,3G
240,1,24001,9824****,5360****,2012****,240-01,240-01,3G
240,1,24001,6212****,4001****,5653****,240-01,240-01,4G
240,1,24001,5382****,5119****,8130****,240-01,240-01,4G
240,1,24001,9186****,5828****,5742****,240-01,240-01,3G
240,1,24001,6151****,4153****,5867****,240-01,240-01,3G
240,1,24001,2315****,1548****,8420****,240-01,240-01,3G
240,1,24001,8535****,3950****,8056****,240-01,240-01,3G
240,1,24001,9111****,4091****,1702****,240-01,240-01,5G
240,1,24001,3502****,4639****,5317****,240-01,240-01,5G
240,1,24001,1548****,4023****,9149****,240-01,240-01,3G
240,1,24001,2661****,1786****,3379****,240-01,240-01,3G
240,1,24001,6512****,9436****,1294****,240-01,240-01,4G
240,1,24001,4031****,2490****,7184****,240-01,240-01,4G
240,1,24001,8034****,6086****,7143****,240-01,240-01,3G
240,1,24001,9715****,4687****,6836****,240-01,240-01,3G
240,1,24001,2902****,3171****,3903****,240-01,240-01,5G
240,1,24001,7780****,9824****,8364****,240-01,240-01,5G
240,1,24001,2529****,3493****,3558****,240-01,240-01,3G
240,1,24001,2019****,1005****,7747****,240-01,240-01,3G
240,1,24001,2669****,9550****,1915****,240-01,240-01,3G
240,1,24001,8788****,7451****,2388****,240-01,240-01,3G
240,1,24001,8977****,8087****,2275****,240-01,240-01,3G
240,1,24001,5449****,8352****,5753****,240-01,240-01,3G
240,1,24001,3160****,5699****,9212****,240-01,240-01,3G
240,1,24001,4257****,7338****,4073****,240-01,240-01,3G
240,1,24001,9229****,3002****,8694****,240-01,240-01,3G
240,1,24001,3312****,1188****,1870****,240-01,240-01,3G
240,1,24001,7509****,5164****,5685****,240-01,240-01,5G
240,1,24001,8705****,9340****,9289****,240-01,240-01,5G
240,1,24001,8186****,3182****,2889****,240-01,240-01,3G
240,1,24001,7243****,6047****,4798****,240-01,240-01,3G
240,1,24001,8970****,2620****,8346****,240-01,240-01,5G
240,1,24001,1575****,1016****,5663****,240-01,240-01,5G
240,1,24001,2775****,1660****,5479****,240-01,240-01,4G
240,1,24001,6061****,6528****,6793****,240-01,240-01,4G
240,1,24001,1130****,9784****,2516****,240-01,240-01,3G
240,1,24001,2013****,1852****,9964****,240-01,240-01,3G
240,1,24001,8432****,2951****,2031****,240-01,240-01,5G
240,1,24001,2303****,2017****,7659****,240-01,240-01,5G
240,1,24001,3309****,7944****,4359****,240-01,240-01,5G
240,1,24001,8083****,1180****,5723****,240-01,240-01,5G
240,1,24001,6923****,7177****,3706****,240-01,240-01,5G
240,1,24001,5194****,6022****,9348****,240-01,240-01,5G
240,1,24001,8933****,6770****,9079****,240-01,240-01,5G
240,1,24001,9053****,2259****,1805****,240-01,240-01,5G
240,1,24001,6186****,7150****,2297****,240-01,240-01,5G
240,1,24001,8062****,5439****,9906****,240-01,240-01,5G
240,1,24001,6810****,1592****,8820****,240-01,240-01,3G
240,1,24001,9605****,4861****,1915****,240-01,240-01,3G
240,1,24001,9069****,7764****,1039****,240-01,240-01,3G
240,1,24001,4306****,8509****,8186****,240-01,240-01,3G
240,1,24001,5875****,4145****,3284****,240-01,240-01,3G
240,1,24001,4917****,1304****,9377****,240-01,240-01,3G
240,1,24001,5471****,9898****,1669****,240-01,240-01,3G
240,1,24001,9372****,4135****,7333****,240-01,240-01,3G
240,1,24001,9540****,8959****,2647****,240-01,240-01,4G
240,1,24001,2373****,5746****,6489****,240-01,240-01,4G
240,1,24001,1837****,3730****,6352****,240-01,240-01,5G
240,1,24001,5973****,9344****,8730****,240-01,240-01,5G
240,1,24001,5863****,6672****,7094****,240-01,240-01,5G
240,1,24001,4804****,1114****,1802****,240-01,240-01,5G
240,1,24001,5431****,9162****,3871****,240-01,240-01,4G
240,1,24001,6068****,6947****,6575****,240-01,240-01,4G
240,1,24001,5981****,6059****,7207****,240-01,240-01,4G
240,1,24001,8889****,6445****,2170****,240-01,240-01,4G
240,1,24001,2067****,3438****,9403****,240-01,240-01,3G
240,1,24001,3945****,8714****,9080****,240-01,240-01,3G
240,1,24001,4624****,3321****,6160****,240-01,240-01,5G
240,1,24001,6096****,7807****,3268****,240-01,240-01,5G
240,1,24001,4014****,6445****,7679****,240-01,240-01,5G
240,1,24001,1696****,6226****,5520****,240-01,240-01,5G
240,1,24001,9357****,4655****,8703****,240-01,240-01,3G
240,1,24001,5746****,9098****,9430****,240-01,240-01,3G
240,1,24001,6305****,8184****,5416****,240-01,240-01,3G
240,1,24001,8823****,9413****,3078****,240-01,240-01,3G
240,1,24001,9833****,3629****,1299****,240-01,240-01,3G
240,1,24001,7430****,9174****,9599****,240-01,240-01,3G
240,1,24001,8271****,4032****,1090****,240-01,240-01,3G
240,1,24001,1261****,1632****,5726****,240-01,240-01,3G
240,1,24001,8264****,6366****,9649****,240-01,240-01,5G
240,1,24001,5216****,3391****,9209****,240-01,240-01,5G
240,1,24001,5454****,8524****,2404****,240-01,240-01,3G
240,1,24001,6010****,2893****,6313****,240-01,240-01,3G
240,1,24001,7776****,1532****,6090****,240-01,240-01,3G
240,1,24001,2705****,3267****,2168****,240-01,240-01,3G
240,1,24001,9671****,5499****,4325****,240-01,240-01,4G
240,1,24001,4566****,2575****,4958****,240-01,240-01,4G
240,1,24001,8800****,8179****,9031****,240-01,240-01,5G
240,1,24001,3577****,5840****,3487****,240-01,240-01,5G
240,1,24001,4022****,9779****,3103****,240-01,240-01,3G
240,1,24001,5674****,1830****,4390****,240-01,240-01,3G
240,1,24001,5104****,3619****,3337****,240-01,240-01,4G
240,1,24001,8211****,9731****,3782****,240-01,240-01,4G
240,1,24001,8184****,4753****,2646****,240-01,240-01,4G
240,1,24001,8364****,5897****,7050****,240-01,240-01,4G
240,1,24001,8022****,2740****,5364****,240-01,240-01,5G
240,1,24001,3426****,3351****,1356****,240-01,240-01,5G
240,1,24001,4777****,2514****,4747****,240-01,240-01,4G
240,1,24001,5506****,9858****,4274****,240-01,240-01,4G
240,1,24001,4819****,6383****,7154****,240-01,240-01,5G
240,1,24001,3230****,9061****,8203****,240-01,240-01,5G
240,1,24001,5989****,8001****,4126****,240-01,240-01,3G
240,1,24001,2292****,4979****,5378****,240-01,240-01,3G
240,1,24001,9707****,3337****,4288****,240-01,240-01,3G
240,1,24001,7540****,9662****,5640****,240-01,240-01,3G
240,1,24001,4551****,9624****,5993****,240-01,240-01,4G
240,1,24001,2880****,1943****,7301****,240-01,240-01,4G
240,1,24001,7934****,8857****,1634****,240-01,240-01,3G
240,1,24001,9428****,3677****,1719****,240-01,240-01,3G
240,1,24001,1672****,5412****,4963****,240-01,240-01,3G
240,1,24001,1689****,4632****,7669****,240-01,240-01,3G
240,1,24001,4547****,1456****,1453****,240-01,240-01,5G
240,1,24001,8445****,9787****,8030****,240-01,240-01,5G
240,1,24001,5741****,6975****,6887****,240-01,240-01,3G
240,1,24001,2115****,5598****,3485****,240-01,240-01,3G
240,1,24001,7767****,9656****,8930****,240-01,240-01,5G
240,1,24001,4624****,1826****,1082****,240-01,240-01,5G
240,1,24001,8060****,5130****,4739****,240-01,240-01,5G
240,1,24001,6930****,3913****,9784****,240-01,240-01,5G
240,1,24001,6539****,4000****,7024****,240-01,240-01,3G
240,1,24001,8765****,3785****,9434****,240-01,240-01,3G
240,1,24001,2682****,1864****,4055****,240-01,240-01,4G
240,1,24001,3301****,2009****,4363****,240-01,240-01,4G
240,1,24001,2796****,3662****,7168****,240-01,240-01,3G
240,1,24001,9598****,3829****,1112****,240-01,240-01,3G
240,1,24001,8038****,2225****,5836****,240-01,240-01,3G
240,1,24001,2199****,7953****,4044****,240-01,240-01,3G
240,1,24001,7930****,7599****,9219****,240-01,240-01,4G
240,1,24001,9406****,4236****,7621****,240-01,240-01,4G
240,1,24001,6649****,5778****,5913****,240-01,240-01,3G
240,1,24001,3169****,7786****,3037****,240-01,240-01,3G
240,1,24001,3058****,1689****,9801****,240-01,240-01,5G
240,1,24001,3262****,4556****,2463****,240-01,240-01,5G
240,1,24001,6994****,2414****,6503****,240-01,240-01,5G
240,1,24001,2366****,9370****,5911****,240-01,240-01,5G
240,1,24001,8161****,1575****,2492****,240-01,240-01,5G
240,1,24001,5227****,7341****,4525****,240-01,240-01,5G
240,1,24001,4525****,2684****,8349****,240-01,240-01,3G
240,1,24001,9060****,7696****,3595****,240-01,240-01,3G
240,1,24001,9850****,1980****,1303****,240-01,240-01,3G
240,1,24001,5574****,3547****,7136****,240-01,240-01,3G
240,1,24001,3015****,8761****,5287****,240-01,240-01,4G
240,1,24001,2672****,7704****,2459****,240-01,240-01,4G
240,1,24001,4228****,3322****,3893****,240-01,240-01,4G
240,1,24001,9275****,3639****,7420****,240-01,240-01,4G
240,1,24001,7204****,1355****,5265****,240-01,240-01,4G
240,1,24001,8450****,1537****,9786****,240-01,240-01,4G
240,1,24001,7497****,6875****,2397****,240-01,240-01,4G
240,1,24001,4078****,6184****,6323****,240-01,240-01,4G
240,1,24001,3414****,5090****,4736****,240-01,240-01,4G
240,1,24001,1810****,5826****,2105****,240-01,240-01,4G
240,1,24001,7994****,5647****,4970****,240-01,240-01,4G
240,1,24001,4591****,4160****,3738****,240-01,240-01,4G
240,1,24001,8949****,6834****,3772****,240-01,240-01,5G
240,1,24001,9817****,3444****,2079****,240-01,240-01,5G
240,1,24001,9333****,1078****,3906****,240-01,240-01,4G
240,1,24001,1518****,1513****,3140****,240-01,240-01,4G
240,1,24001,8786****,8051****,9717****,240-01,240-01,5G
240,1,24001,6142****,2666****,1340****,240-01,240-01,5G
240,1,24001,8338****,7241****,8912****,240-01,240-01,3G
240,1,24001,5281****,1062****,1900****,240-01,240-01,3G
240,1,24001,3914****,3546****,6453****,240-01,240-01,4G
240,1,24001,1268****,1055****,9807****,240-01,240-01,4G
240,1,24001,9011****,4944****,7560****,240-01,240-01,5G
240,1,24001,8317****,5558****,5661****,240-01,240-01,5G
240,1,24001,3607****,2591****,1278****,240-01,240-01,4G
240,1,24001,9377****,4060****,9386****,240-01,240-01,4G
240,1,24001,6776****,8697****,8145****,240-01,240-01,5G
240,1,24001,6524****,7696****,7008****,240-01,240-01,5G
240,1,24001,6396****,4610****,8303****,240-01,240-01,4G
240,1,24001,2629****,5233****,7870****,240-01,240-01,4G
240,1,24001,1148****,6938****,3853****,240-01,240-01,4G
240,1,24001,6663****,5202****,5660****,240-01,240-01,4G
240,1,24001,5065****,4817****,3464****,240-01,240-01,4G
240,1,24001,9087****,8886****,7516****,240-01,240-01,4G
240,1,24001,6692****,1560****,2572****,240-01,240-01,4G
240,1,24001,2880****,7017****,7854****,240-01,240-01,4G
240,1,24001,6752****,2266****,5770****,240-01,240-01,5G
240,1,24001,9901****,8834****,8291****,240-01,240-01,5G
240,1,24001,2918****,9425****,4103****,240-01,240-01,5G
240,1,24001,5737****,1295****,2118****,240-01,240-01,5G
240,1,24001,7963****,3401****,7225****,240-01,240-01,3G
240,1,24001,7317****,7806****,9035****,240-01,240-01,3G
240,1,24001,6359****,7003****,8600****,240-01,240-01,4G
240,1,24001,7402****,2902****,8704****,240-01,240-01,4G
240,1,24001,3465****,2393****,6838****,240-01,240-01,3G
240,1,24001,9768****,9444****,3669****,240-01,240-01,3G
240,1,24001,6051****,8656****,6478****,240-01,240-01,4G
240,1,24001,1404****,9073****,7589****,240-01,240-01,4G
240,1,24001,5772****,6128****,5215****,240-01,240-01,4G
240,1,24001,7710****,5265****,1713****,240-01,240-01,4G
240,1,24001,2047****,7578****,5311****,240-01,240-01,3G
240,1,24001,8909****,6809****,2410****,240-01,240-01,3G
240,1,24001,3656****,9325****,2180****,240-01,240-01,4G
240,1,24001,9536****,5873****,7047****,240-01,240-01,4G
240,1,24001,1434****,3653****,3565****,240-01,240-01,3G
240,1,24001,7406****,8398****,4628****,240-01,240-01,3G
240,1,24001,6456****,6068****,7660****,240-01,240-01,4G
240,1,24001,5082****,9488****,5704****,240-01,240-01,4G
240,1,24001,5984****,8862****,3879****,240-01,240-01,5G
240,1,24001,2596****,6930****,6328****,240-01,240-01,5G
240,1,24001,1399****,7573****,4707****,240-01,240-01,5G
240,1,24001,5535****,1836****,3660****,240-01,240-01,5G
240,1,24001,6807****,3201****,4002****,240-01,240-01,3G
240,1,24001,5456****,8108****,6501****,240-01,240-01,3G
240,1,24001,5262****,5109****,1864****,240-01,240-01,3G
240,1,24001,6770****,7829****,3542****,240-01,240-01,3G
240,1,24001,5891****,9606****,1528****,240-01,240-01,4G
240,1,24001,6869****,7361****,8289****,240-01,240-01,4G
240,1,24001,6265****,7572****,2066****,240-01,240-01,3G
240,1,24001,3814****,5718****,8999****,240-01,240-01,3G
240,1,24001,6906****,4886****,7978****,240-01,240-01,5G
240,1,24001,8884****,6854****,3045****,240-01,240-01,5G
240,1,24001,4380****,3215****,9193****,240-01,240-01,4G
240,1,24001,4300****,3696****,8695****,240-01,240-01,4G
240,1,24001,9089****,3373****,6814****,240-01,240-01,4G
240,1,24001,2996****,7009****,9096****,240-01,240-01,4G
240,1,24001,3076****,3296****,7178****,240-01,240-01,5G
240,1,24001,7172****,7382****,1238****,240-01,240-01,5G
240,1,24001,7503****,5007****,8247****,240-01,240-01,5G
240,1,24001,8136****,1368****,7931****,240-01,240-01,5G
240,1,24001,5208****,8303****,1389****,240-01,240-01,4G
240,1,24001,6650****,6435****,3000****,240-01,240-01,4G
240,1,24001,3814****,9367****,2394****,240-01,240-01,5G
240,1,24001,7701****,6487****,8771****,240-01,240-01,5G
240,1,24001,5360****,3956****,9189****,240-01,240-01,5G
240,1,24001,9009****,1567****,8305****,240-01,240-01,5G
240,1,24001,4582****,2158****,9509****,240-01,240-01,4G
240,1,24001,8446****,2698****,1632****,240-01,240-01,4G
240,1,24001,4602****,8858****,7289****,240-01,240-01,5G
240,1,24001,5854****,4036****,6140****,240-01,240-01,5G
240,1,24001,1358****,2846****,1440****,240-01,240-01,4G
240,1,24001,2709****,7330****,4176****,240-01,240-01,4G
240,1,24001,5624****,6947****,3514****,240-01,240-01,5G
240,1,24001,7769****,7390****,1565****,240-01,240-01,5G
240,1,24001,6505****,4915****,4293****,240-01,240-01,4G
240,1,24001,2275****,3127****,9844****,240-01,240-01,4G
240,1,24001,2674****,4135****,1813****,240-01,240-01,4G
240,1,24001,3633****,1539****,4372****,240-01,240-01,4G
240,1,24001,9005****,8801****,9562****,240-01,240-01,5G
240,1,24001,5075****,2205****,7321****,240-01,240-01,5G
240,1,24001,5713****,9323****,4558****,240-01,240-01,5G
240,1,24001,8463****,9976****,5282****,240-01,240-01,5G
240,1,24001,6735****,2839****,8694****,240-01,240-01,4G
240,1,24001,7152****,8193****,8255****,240-01,240-01,4G
240,1,24001,8954****,6294****,8934****,240-01,240-01,5G
240,1,24001,7664****,4576****,7305****,240-01,240-01,5G
240,1,24001,3314****,7544****,4535****,240-01,240-01,4G
240,1,24001,6629****,4414****,3049****,240-01,240-01,4G
240,1,24001,5928****,9006****,9154****,240-01,240-01,5G
240,1,24001,6468****,5337****,7364****,240-01,240-01,5G
240,1,24001,6784****,1401****,7123****,240-01,240-01,3G
240,1,24001,5542****,2128****,4795****,240-01,240-01,3G
240,1,24001,5895****,7336****,2266****,240-01,240-01,3G
240,1,24001,3750****,2419****,1534****,240-01,240-01,3G
240,1,24001,8369****,7261****,2209****,240-01,240-01,5G
240,1,24001,5927****,7669****,3779****,240-01,240-01,5G
240,1,24001,5722****,4076****,2994****,240-01,240-01,3G
240,1,24001,3974****,2790****,9800****,240-01,240-01,3G
240,1,24001,5370****,1170****,9767****,240-01,240-01,4G
240,1,24001,4655****,1247****,1441****,240-01,240-01,4G
240,1,24001,9536****,1519****,2663****,240-01,240-01,4G
240,1,24001,4471****,5099****,4999****,240-01,240-01,4G
240,1,24001,2855****,6614****,6822****,240-01,240-01,4G
240,1,24001,9101****,8621****,2083****,240-01,240-01,4G
240,1,24001,4696****,8374****,3897****,240-01,240-01,5G
240,1,24001,9007****,3380****,3022****,240-01,240-01,5G
240,1,24001,2363****,4087****,5816****,240-01,240-01,4G
240,1,24001,3055****,6038****,8272****,240-01,240-01,4G
240,1,24001,3639****,7565****,6380****,240-01,240-01,5G
240,1,24001,3243****,7843****,6085****,240-01,240-01,5G
240,1,24001,6494****,3489****,1980****,240-01,240-01,5G
240,1,24001,9196****,4799****,1711****,240-01,240-01,5G
240,1,24001,7216****,3375****,7974****,240-01,240-01,3G
240,1,24001,2989****,9169****,9050****,240-01,240-01,3G
240,1,24001,4442****,7505****,7097****,240-01,240-01,3G
240,1,24001,8396****,9328****,6329****,240-01,240-01,3G
240,1,24001,4915****,8890****,3436****,240-01,240-01,3G
240,1,24001,1112****,7904****,3041****,240-01,240-01,3G
240,1,24001,4621****,9688****,2782****,240-01,240-01,3G
240,1,24001,6515****,2278****,9438****,240-01,240-01,3G
240,1,24001,7410****,8598****,4117****,240-01,240-01,4G
240,1,24001,6603****,8903****,4558****,240-01,240-01,4G
240,1,24001,8108****,8916****,8896****,240-01,240-01,5G
240,1,24001,5666****,9903****,1333****,240-01,240-01,5G
240,1,24001,3937****,3546****,3542****,240-01,240-01,3G
240,1,24001,1811****,3609****,8789****,240-01,240-01,3G
240,1,24001,6182****,1987****,8684****,240-01,240-01,4G
240,1,24001,3361****,1541****,6115****,240-01,240-01,4G
240,1,24001,6747****,6051****,5286****,240-01,240-01,4G
240,1,24001,1927****,1721****,3594****,240-01,240-01,4G
240,1,24001,3665****,6256****,5662****,240-01,240-01,4G
240,1,24001,8810****,8069****,4199****,240-01,240-01,4G
240,1,24001,8084****,4256****,6031****,240-01,240-01,3G
240,1,24001,7345****,6356****,4820****,240-01,240-01,3G
240,1,24001,6140****,1711****,1581****,240-01,240-01,3G
240,1,24001,7664****,4032****,1187****,240-01,240-01,3G
240,1,24001,6844****,1944****,6966****,240-01,240-01,5G
240,1,24001,5651****,6533****,5321****,240-01,240-01,5G
240,1,24001,4361****,5412****,8653****,240-01,240-01,3G
240,1,24001,7898****,9728****,7949****,240-01,240-01,3G
240,1,24001,3707****,7785****,2281****,240-01,240-01,3G
240,1,24001,9581****,7327****,7213****,240-01,240-01,3G
240,1,24001,6473****,2169****,7812****,240-01,240-01,5G
240,1,24001,7887****,1654****,6625****,240-01,240-01,5G
240,1,24001,5558****,1319****,8341****,240-01,240-01,4G
240,1,24001,2536****,4570****,5215****,240-01,240-01,4G
240,1,24001,4205****,3157****,3807****,240-01,240-01,5G
240,1,24001,5167****,7987****,5802****,240-01,240-01,5G
240,1,24001,1403****,5124****,3766****,240-01,240-01,5G
240,1,24001,3834****,1676****,4633****,240-01,240-01,5G
240,1,24001,6498****,8106****,3136****,240-01,240-01,4G
240,1,24001,3455****,5160****,3288****,240-01,240-01,4G
240,1,24001,4713****,3255****,2124****,240-01,240-01,5G
240,1,24001,1089****,8023****,3835****,240-01,240-01,5G
240,1,24001,2026****,3253****,1760****,240-01,240-01,4G
240,1,24001,1957****,7583****,7424****,240-01,240-01,4G
240,1,24001,6471****,3950****,7586****,240-01,240-01,3G
240,1,24001,1354****,6381****,1388****,240-01,240-01,3G
240,1,24001,5020****,7662****,8877****,240-01,240-01,5G
240,1,24001,9626****,2407****,2550****,240-01,240-01,5G
240,1,24001,9976****,6159****,1918****,240-01,240-01,4G
240,1,24001,7692****,9130****,7577****,240-01,240-01,4G
240,1,24001,1966****,4695****,3885****,240-01,240-01,3G
240,1,24001,7816****,7239****,5323****,240-01,240-01,3G
240,1,24001,3312****,2480****,2873****,240-01,240-01,5G
240,1,24001,9413****,2116****,9576****,240-01,240-01,5G
240,1,24001,6079****,6015****,1100****,240-01,240-01,3G
240,1,24001,8516****,2983****,6599****,240-01,240-01,3G
240,1,24001,8829****,4616****,3785****,240-01,240-01,3G
240,1,24001,9816****,7845****,2609****,240-01,240-01,3G
240,1,24001,4009****,7869****,3629****,240-01,240-01,4G
240,1,24001,4613****,6368****,9716****,240-01,240-01,4G
240,1,24001,1517****,3090****,6527****,240-01,240-01,4G
240,1,24001,3516****,5517****,9773****,240-01,240-01,4G
240,1,24001,9807****,9317****,4666****,240-01,240-01,3G
240,1,24001,4894****,3010****,3536****,240-01,240-01,3G
240,1,24001,3528****,2481****,6907****,240-01,240-01,4G
240,1,24001,5189****,3966****,6237****,240-01,240-01,4G
240,1,24001,2202****,8109****,8101****,240-01,240-01,4G
240,1,24001,6232****,7022****,1666****,240-01,240-01,4G
240,1,24001,1363****,2648****,5262****,240-01,240-01,3G
240,1,24001,6505****,2867****,6667****,240-01,240-01,3G
240,1,24001,3360****,8701****,9705****,240-01,240-01,4G
240,1,24001,9501****,9749****,8179****,240-01,240-01,4G
240,1,24001,9335****,3470****,1745****,240-01,240-01,5G
240,1,24001,4285****,2416****,5128****,240-01,240-01,5G
240,1,24001,3088****,2325****,6635****,240-01,240-01,5G
240,1,24001,8808****,1149****,8641****,240-01,240-01,5G
240,1,24001,8591****,2359****,2168****,240-01,240-01,5G
240,1,24001,5457****,1789****,5359****,240-01,240-01,5G
240,1,24001,4748****,9425****,6144****,240-01,240-01,4G
240,1,24001,2245****,7451****,2269****,240-01,240-01,4G
240,1,24001,7590****,6785****,3481****,240-01,240-01,4G
240,1,24001,5051****,8953****,7412****,240-01,240-01,4G
240,1,24001,9821****,1880****,4269****,240-01,240-01,3G
240,1,24001,1727****,3748****,5468****,240-01,240-01,3G
240,1,24001,3324****,2796****,5088****,240-01,240-01,5G
240,1,24001,1060****,6565****,2220****,240-01,240-01,5G
240,1,24001,1881****,5003****,7981****,240-01,240-01,4G
240,1,24001,3942****,2483****,7740****,240-01,240-01,4G
240,1,24001,7981****,3731****,2445****,240-01,240-01,4G
240,1,24001,4596****,3965****,5155****,240-01,240-01,4G
240,1,24001,4525****,4461****,1583****,240-01,240-01,5G
240,1,24001,2962****,1627****,6889****,240-01,240-01,5G
240,1,24001,5784****,2446****,8552****,240-01,240-01,4G
240,1,24001,1257****,9825****,4606****,240-01,240-01,4G
240,1,24001,1416****,5511****,5315****,240-01,240-01,3G
240,1,24001,4992****,5559****,6242****,240-01,240-01,3G
240,1,24001,4451****,5582****,3675****,240-01,240-01,4G
240,1,24001,5216****,6247****,4592****,240-01,240-01,4G
240,1,24001,2919****,5482****,3241****,240-01,240-01,4G
240,1,24001,4064****,1433****,8896****,240-01,240-01,4G
240,1,24001,4683****,9766****,7901****,240-01,240-01,5G
240,1,24001,4709****,9146****,7177****,240-01,240-01,5G
240,1,24001,6968****,6144****,1404****,240-01,240-01,5G
240,1,24001,6470****,4569****,1714****,240-01,240-01,5G
240,1,24001,1903****,8059****,5439****,240-01,240-01,5G
240,1,24001,1952****,1386****,6078****,240-01,240-01,5G
240,1,24001,5763****,2729****,7996****,240-01,240-01,4G
240,1,24001,9595****,1972****,5253****,240-01,240-01,4G
240,1,24001,1218****,1402****,5969****,240-01,240-01,4G
240,1,24001,6970****,2790****,2633****,240-01,240-01,4G
240,1,24001,7323****,3681****,1782****,240-01,240-01,4G
240,1,24001,2205****,5024****,7808****,240-01,240-01,4G
240,1,24001,7721****,3124****,4488****,240-01,240-01,5G
240,1,24001,8884****,7921****,4585****,240-01,240-01,5G
240,1,24001,4158****,9010****,2264****,240-01,240-01,5G
240,1,24001,8018****,9731****,8968****,240-01,240-01,5G
240,1,24001,1627****,5327****,9763****,240-01,240-01,5G
240,1,24001,5522****,1920****,7782****,240-01,240-01,5G
240,1,24001,6557****,9375****,1957****,240-01,240-01,3G
240,1,24001,4614****,6542****,5681****,240-01,240-01,3G
240,1,24001,5838****,1674****,4253****,240-01,240-01,5G
240,1,24001,7163****,3705****,5562****,240-01,240-01,5G
240,1,24001,7400****,7873****,1661****,240-01,240-01,5G
240,1,24001,5233****,8044****,6820****,240-01,240-01,5G
240,1,24001,2174****,1612****,7738****,240-01,240-01,4G
240,1,24001,7826****,8669****,4400****,240-01,240-01,4G
240,1,24001,9997****,8915****,3506****,240-01,240-01,3G
240,1,24001,8833****,5690****,8488****,240-01,240-01,3G
240,1,24001,8907****,1377****,1546****,240-01,240-01,5G
240,1,24001,3900****,7923****,1545****,240-01,240-01,5G
240,1,24001,5897****,7446****,8984****,240-01,240-01,3G
240,1,24001,8721****,8536****,3352****,240-01,240-01,3G
240,1,24001,5920****,7037****,1504****,240-01,240-01,4G
240,1,24001,1816****,6805****,8319****,240-01,240-01,4G
240,1,24001,1870****,3919****,8098****,240-01,240-01,4G
240,1,24001,1453****,6633****,6927****,240-01,240-01,4G
240,1,24001,9289****,9011****,5611****,240-01,240-01,5G
240,1,24001,8228****,9549****,7648****,240-01,240-01,5G
240,1,24001,8899****,2982****,1301****,240-01,240-01,4G
240,1,24001,2383****,3868****,7892****,240-01,240-01,4G
240,1,24001,3115****,2193****,2555****,240-01,240-01,4G
240,1,24001,4981****,5138****,3171****,240-01,240-01,4G
240,1,24001,5253****,3969****,4017****,240-01,240-01,3G
240,1,24001,8945****,8466****,9187****,240-01,240-01,3G
240,1,24001,6407****,8675****,6009****,240-01,240-01,4G
240,1,24001,4068****,1934****,7887****,240-01,240-01,4G
240,1,24001,2446****,6613****,6238****,240-01,240-01,3G
240,1,24001,9838****,6841****,3522****,240-01,240-01,3G
240,1,24001,2434****,6504****,9728****,240-01,240-01,4G
240,1,24001,8092****,9979****,3856****,240-01,240-01,4G
240,1,24001,2704****,5669****,2050****,240-01,240-01,3G
240,1,24001,3124****,2451****,6081****,240-01,240-01,3G
240,1,24001,6317****,9320****,9177****,240-01,240-01,4G
240,1,24001,1898****,6032****,5088****,240-01,240-01,4G
240,1,24001,4047****,4991****,4310****,240-01,240-01,4G
240,1,24001,7956****,2489****,7303****,240-01,240-01,4G
240,1,24001,5314****,9371****,8547****,240-01,240-01,4G
240,1,24001,3480****,7545****,1763****,240-01,240-01,4G
240,1,24001,3725****,7588****,8395****,240-01,240-01,3G
240,1,24001,6229****,6935****,3494****,240-01,240-01,3G
240,1,24001,3805****,3816****,3192****,240-01,240-01,3G
240,1,24001,2637****,7567****,3267****,240-01,240-01,3G
240,1,24001,8932****,3194****,1281****,240-01,240-01,4G
240,1,24001,4422****,9653****,4167****,240-01,240-01,4G
240,1,24001,3439****,9106****,7327****,240-01,240-01,5G
240,1,24001,9007****,9009****,3996****,240-01,240-01,5G
240,1,24001,8189****,9117****,3795****,240-01,240-01,3G
240,1,24001,1677****,6386****,6372****,240-01,240-01,3G
240,1,24001,8029****,5493****,9287****,240-01,240-01,5G
240,1,24001,8639****,9985****,3273****,240-01,240-01,5G
240,1,24001,6109****,7180****,8606****,240-01,240-01,3G
240,1,24001,2885****,8177****,3050****,240-01,240-01,3G
240,1,24001,6297****,3102****,9646****,240-01,240-01,4G
240,1,24001,3749****,8891****,9628****,240-01,240-01,4G
240,1,24001,4519****,4731****,4224****,240-01,240-01,4G
240,1,24001,4998****,4638****,5064****,240-01,240-01,4G
240,1,24001,3187****,2622****,8289****,240-01,240-01,4G
240,1,24001,4042****,2750****,1529****,240-01,240-01,4G
240,1,24001,5174****,1675****,3464****,240-01,240-01,5G
240,1,24001,7080****,1317****,8878****,240-01,240-01,5G
240,1,24001,7656****,5419****,6794****,240-01,240-01,4G
240,1,24001,4920****,4289****,5188****,240-01,240-01,4G
240,1,24001,2145****,3848****,4355****,240-01,240-01,3G
240,1,24001,7181****,6428****,5182****,240-01,240-01,3G
240,1,24001,5132****,5919****,4174****,240-01,240-01,5G
240,1,24001,9476****,5774****,8410****,240-01,240-01,5G
240,1,24001,9519****,3550****,3824****,240-01,240-01,4G
240,1,24001,6712****,5759****,8155****,240-01,240-01,4G
240,1,24001,6344****,6235****,6477****,240-01,240-01,5G
240,1,24001,4708****,5112****,6041****,240-01,240-01,5G
240,1,24001,8335****,8270****,9878****,240-01,240-01,5G
240,1,24001,3685****,4565****,4455****,240-01,240-01,5G
240,1,24001,6376****,5535****,3793****,240-01,240-01,3G
240,1,24001,2565****,3242****,5458****,240-01,240-01,3G
240,1,24001,7688****,7160****,9504****,240-01,240-01,5G
240,1,24001,6702****,8111****,9753****,240-01,240-01,5G
240,1,24001,8437****,9580****,7160****,240-01,240-01,4G
240,1,24001,3297****,4317****,2865****,240-01,240-01,4G
240,1,24001,9985****,7239****,4709****,240-01,240-01,4G
240,1,24001,3665****,2967****,3764****,240-01,240-01,4G
240,1,24001,4885****,4950****,1391****,240-01,240-01,3G
240,1,24001,1424****,3659****,1170****,240-01,240-01,3G
240,1,24001,4372****,1889****,7157****,240-01,240-01,3G
240,1,24001,6374****,7877****,1318****,240-01,240-01,3G
240,1,24001,3279****,7107****,3742****,240-01,240-01,3G
240,1,24001,2469****,5424****,8863****,240-01,240-01,3G
240,1,24001,3615****,2904****,9233****,240-01,240-01,4G
240,1,24001,2193****,3930****,9546****,240-01,240-01,4G
240,1,24001,8877****,9623****,7886****,240-01,240-01,3G
240,1,24001,8525****,8768****,2224****,240-01,240-01,3G
240,1,24001,8630****,2850****,5152****,240-01,240-01,5G
240,1,24001,4616****,5545****,4473****,240-01,240-01,5G
240,1,24001,3602****,9542****,9411****,240-01,240-01,4G
240,1,24001,1410****,4370****,1173****,240-01,240-01,4G
240,1,24001,2302****,3395****,3856****,240-01,240-01,5G
240,1,24001,2175****,2404****,2719****,240-01,240-01,5G
240,1,24001,4810****,3935****,5784****,240-01,240-01,3G
240,1,24001,7107****,6226****,7489****,240-01,240-01,3G
240,1,24001,1636****,1608****,9837****,240-01,240-01,5G
240,1,24001,5630****,7960****,6355****,240-01,240-01,5G
240,1,24001,1727****,5937****,7629****,240-01,240-01,5G
240,1,24001,8894****,3514****,8304****,240-01,240-01,5G
240,1,24001,1179****,6847****,7291****,240-01,240-01,3G
240,1,24001,3071****,4564****,3391****,240-01,240-01,3G
240,1,24001,2398****,4229****,8912****,240-01,240-01,4G
240,1,24001,6131****,4512****,7597****,240-01,240-01,4G
240,1,24001,9253****,2503****,3771****,240-01,240-01,5G
240,1,24001,8829****,5135****,9979****,240-01,240-01,5G
240,1,24001,7004****,5494****,3769****,240-01,240-01,4G
240,1,24001,5415****,1350****,8435****,240-01,240-01,4G
240,1,24001,2271****,3295****,6628****,240-01,240-01,5G
240,1,24001,1787****,3350****,9250****,240-01,240-01,5G
240,1,24001,5826****,4745****,5338****,240-01,240-01,5G
240,1,24001,3548****,6387****,3630****,240-01,240-01,5G
240,1,24001,2849****,8874****,4177****,240-01,240-01,3G
240,1,24001,9831****,5374****,7040****,240-01,240-01,3G
240,1,24001,1721****,7163****,5284****,240-01,240-01,5G
240,1,24001,8647****,9850****,3507****,240-01,240-01,5G
240,1,24001,9130****,5785****,3221****,240-01,240-01,5G
240,1,24001,6379****,1068****,4599****,240-01,240-01,5G
240,1,24001,8268****,5021****,3886****,240-01,240-01,5G
240,1,24001,5702****,2245****,2828****,240-01,240-01,5G
240,1,24001,5823****,1185****,9438****,240-01,240-01,3G
240,1,24001,6486****,6184****,6565****,240-01,240-01,3G
240,1,24001,5770****,1675****,5903****,240-01,240-01,3G
240,1,24001,6437****,1952****,1060****,240-01,240-01,3G
240,1,24001,3284****,9158****,1401****,240-01,240-01,5G
240,1,24001,8600****,1723****,6129****,240-01,240-01,5G
240,1,24001,2765****,3179****,7238****,240-01,240-01,5G
240,1,24001,1577****,3420****,9371****,240-01,240-01,5G
240,1,24001,9099****,5177****,4790****,240-01,240-01,4G
240,1,24001,5573****,7709****,4230****,240-01,240-01,4G
240,1,24001,5557****,6709****,3091****,240-01,240-01,3G
240,1,24001,3403****,7129****,7427****,240-01,240-01,3G
240,1,24001,3993****,9111****,7315****,240-01,240-01,4G
240,1,24001,3222****,5975****,7347****,240-01,240-01,4G
240,1,24001,4994****,8527****,5345****,240-01,240-01,3G
240,1,24001,4906****,5728****,2862****,240-01,240-01,3G
240,1,24001,2710****,7166****,6470****,240-01,240-01,3G
240,1,24001,3300****,5516****,3367****,240-01,240-01,3G
240,1,24001,6749****,1847****,6874****,240-01,240-01,4G
240,1,24001,8493****,7820****,6094****,240-01,240-01,4G
240,1,24001,7254****,9279****,9151****,240-01,240-01,5G
240,1,24001,4624****,5818****,8389****,240-01,240-01,5G
240,1,24001,1356****,6335****,4638****,240-01,240-01,3G
240,1,24001,8583****,4219****,7021****,240-01,240-01,3G
240,1,24001,3972****,2115****,3823****,240-01,240-01,4G
240,1,24001,5064****,5802****,4740****,240-01,240-01,4G
240,1,24001,7854****,7629****,7602****,240-01,240-01,4G
240,1,24001,8560****,2142****,6894****,240-01,240-01,4G
240,1,24001,1378****,9605****,1761****,240-01,240-01,3G
240,1,24001,9320****,3137****,5388****,240-01,240-01,3G
240,1,24001,8456****,4924****,8302****,240-01,240-01,4G
240,1,24001,2457****,5220****,1703****,240-01,240-01,4G
240,1,24001,1839****,9501****,9118****,240-01,240-01,4G
240,1,24001,2367****,1080****,4423****,240-01,240-01,4G
240,1,24001,8824****,5541****,6239****,240-01,240-01,3G
240,1,24001,6698****,9126****,3747****,240-01,240-01,3G
240,1,24001,4220****,2318****,1669****,240-01,240-01,4G
240,1,24001,7609****,9897****,5700****,240-01,240-01,4G
240,1,24001,2364****,8669****,1291****,240-01,240-01,4G
240,1,24001,6181****,4343****,8983****,240-01,240-01,4G
240,1,24001,3309****,5886****,8396****,240-01,240-01,5G
240,1,24001,4299****,7002****,4083****,240-01,240-01,5G
240,1,24001,6806****,7138****,9700****,240-01,240-01,5G
240,1,24001,6376****,1432****,6591****,240-01,240-01,5G
240,1,24001,6274****,6813****,2407****,240-01,240-01,5G
240,1,24001,1215****,8829****,5669****,240-01,240-01,5G
240,1,24001,9610****,8854****,3340****,240-01,240-01,3G
240,1,24001,5116****,9146****,5469****,240-01,240-01,3G
240,1,24001,5615****,3312****,4192****,240-01,240-01,3G
240,1,24001,3657****,7689****,4044****,240-01,240-01,3G
240,1,24001,4322****,8093****,1199****,240-01,240-01,3G
240,1,24001,1540****,4644****,5603****,240-01,240-01,3G
240,1,24001,2681****,5432****,2792****,240-01,240-01,5G
240,1,24001,8436****,2631****,3552****,240-01,240-01,5G
240,1,24001,3250****,3527****,5512****,240-01,240-01,5G
240,1,24001,5470****,1922****,9611****,240-01,240-01,5G
240,1,24001,5111****,5104****,2131****,240-01,240-01,3G
240,1,24001,1175****,3206****,2455****,240-01,240-01,3G
240,1,24001,7112****,2819****,4495****,240-01,240-01,3G
240,1,24001,8100****,1725****,7435****,240-01,240-01,3G
240,1,24001,3981****,6601****,9675****,240-01,240-01,4G
240,1,24001,9603****,5131****,8122****,240-01,240-01,4G
240,1,24001,5942****,2001****,7324****,240-01,240-01,3G
240,1,24001,4536****,3149****,3812****,240-01,240-01,3G
240,1,24001,5381****,8957****,3500****,240-01,240-01,3G
240,1,24001,3001****,3346****,2210****,240-01,240-01,3G
240,1,24001,3153****,2076****,4812****,240-01,240-01,4G
240,1,24001,7995****,3077****,1164****,240-01,240-01,4G
240,1,24001,5615****,6403****,1955****,240-01,240-01,3G
240,1,24001,1632****,6965****,3731****,240-01,240-01,3G
240,1,24001,7930****,6055****,5474****,240-01,240-01,5G
240,1,24001,5482****,5194****,1255****,240-01,240-01,5G
240,1,24001,1132****,8392****,7006****,240-01,240-01,4G
240,1,24001,8277****,2968****,7708****,240-01,240-01,4G
240,1,24001,7209****,9608****,9174****,240-01,240-01,3G
240,1,24001,7645****,8139****,9492****,240-01,240-01,3G
240,1,24001,6787****,7452****,9579****,240-01,240-01,4G
240,1,24001,5458****,8835****,1720****,240-01,240-01,4G
240,1,24001,2194****,1394****,9120****,240-01,240-01,5G
240,1,24001,5373****,8508****,5165****,240-01,240-01,5G
240,1,24001,4225****,9277****,8771****,240-01,240-01,3G
240,1,24001,1651****,6283****,9117****,240-01,240-01,3G
240,1,24001,7248****,6126****,3620****,240-01,240-01,5G
240,1,24001,1775****,1930****,6932****,240-01,240-01,5G
240,1,24001,1143****,6159****,4116****,240-01,240-01,5G
240,1,24001,6037****,9067****,2577****,240-01,240-01,5G
240,1,24001,5251****,2966****,6591****,240-01,240-01,3G
240,1,24001,2120****,2499****,2825****,240-01,240-01,3G
240,1,24001,1191****,7269****,8180****,240-01,240-01,4G
240,1,24001,7807****,9057****,1012****,240-01,240-01,4G
240,1,24001,5950****,3663****,1763****,240-01,240-01,3G
240,1,24001,5115****,7952****,9879****,240-01,240-01,3G
240,1,24001,6862****,5214****,2144****,240-01,240-01,4G
240,1,24001,9946****,8400****,7048****,240-01,240-01,4G
240,1,24001,9943****,2122****,2534****,240-01,240-01,5G
240,1,24001,8810****,6216****,7858****,240-01,240-01,5G
240,1,24001,4832****,4233****,1435****,240-01,240-01,3G
240,1,24001,6688****,2129****,1670****,240-01,240-01,3G
240,1,24001,2065****,8748****,5455****,240-01,240-01,5G
240,1,24001,4026****,1724****,2622****,240-01,240-01,5G
240,1,24001,8368****,3104****,4735****,240-01,240-01,5G
240,1,24001,6578****,3119****,9531****,240-01,240-01,5G
240,1,24001,4696****,7964****,3859****,240-01,240-01,3G
240,1,24001,9752****,7270****,2544****,240-01,240-01,3G
240,1,24001,6470****,5972****,5792****,240-01,240-01,5G
240,1,24001,5137****,7912****,1704****,240-01,240-01,5G
240,1,24001,1101****,6212****,4920****,240-01,240-01,5G
240,1,24001,8096****,7753****,2873****,240-01,240-01,5G
240,1,24001,8480****,8560****,6724****,240-01,240-01,3G
240,1,24001,7342****,8527****,6246****,240-01,240-01,3G
240,1,24001,9045****,9960****,7112****,240-01,240-01,3G
240,1,24001,5149****,5099****,3495****,240-01,240-01,3G
240,1,24001,3234****,3501****,3579****,240-01,240-01,3G
240,1,24001,4418****,3414****,9206****,240-01,240-01,3G
240,1,24001,3786****,7875****,7924****,240-01,240-01,3G
240,1,24001,6165****,9199****,8557****,240-01,240-01,3G
240,1,24001,1230****,9586****,3208****,240-01,240-01,4G
240,1,24001,8227****,8218****,6213****,240-01,240-01,4G
240,1,24001,8872****,7207****,4764****,240-01,240-01,4G
240,1,24001,6089****,2458****,7615****,240-01,240-01,4G
240,1,24001,6712****,2094****,5873****,240-01,240-01,5G
240,1,24001,3010****,1663****,7743****,240-01,240-01,5G
240,1,24001,2908****,6010****,7145****,240-01,240-01,3G
240,1,24001,6747****,3842****,8709****,240-01,240-01,3G
240,1,24001,7088****,8867****,8874****,240-01,240-01,3G
240,1,24001,7914****,3494****,4242****,240-01,240-01,3G
240,1,24001,3400****,3350****,4222****,240-01,240-01,3G
240,1,24001,9173****,2668****,6808****,240-01,240-01,3G
240,1,24001,1251****,7517****,7823****,240-01,240-01,5G
240,1,24001,9289****,5410****,3733****,240-01,240-01,5G
240,1,24001,7391****,2930****,6547****,240-01,240-01,5G
240,1,24001,1085****,1767****,1508****,240-01,240-01,5G
240,1,24001,2207****,3487****,1944****,240-01,240-01,4G
240,1,24001,5165****,2790****,7489****,240-01,240-01,4G
240,1,24001,7933****,5959****,5697****,240-01,240-01,4G
240,1,24001,5926****,7650****,6168****,240-01,240-01,4G
240,1,24001,4285****,3012****,4598****,240-01,240-01,4G
240,1,24001,2004****,7849****,5362****,240-01,240-01,4G
240,1,24001,4023****,4916****,8380****,240-01,240-01,5G
240,1,24001,5282****,4550****,9220****,240-01,240-01,5G
240,1,24001,5865****,4907****,5551****,240-01,240-01,5G
240,1,24001,8326****,3038****,4478****,240-01,240-01,5G
240,1,24001,9500****,4241****,9349****,240-01,240-01,3G
240,1,24001,2453****,7406****,1163****,240-01,240-01,3G
240,1,24001,1051****,7882****,2232****,240-01,240-01,3G
240,1,24001,9269****,7786****,6700****,240-01,240-01,3G
240,1,24001,8070****,5317****,7145****,240-01,240-01,3G
240,1,24001,7011****,8106****,6589****,240-01,240-01,3G
240,1,24001,8553****,7172****,7551****,240-01,240-01,4G
240,1,24001,9823****,6388****,6781****,240-01,240-01,4G
240,1,24001,1954****,9562****,8218****,240-01,240-01,5G
240,1,24001,5479****,8256****,4951****,240-01,240-01,5G
240,1,24001,7779****,3475****,5829****,240-01,240-01,4G
240,1,24001,9813****,5037****,4950****,240-01,240-01,4G
240,1,24001,3941****,2502****,9083****,240-01,240-01,4G
240,1,24001,4291****,7754****,4633****,240-01,240-01,4G
240,1,24001,8223****,5368****,7383****,240-01,240-01,5G
240,1,24001,5121****,3225****,5501****,240-01,240-01,5G
240,1,24001,8362****,1904****,2736****,240-01,240-01,3G
240,1,24001,2150****,1810****,7809****,240-01,240-01,3G
240,1,24001,8173****,3026****,7575****,240-01,240-01,5G
240,1,24001,2163****,7522****,2413****,240-01,240-01,5G
240,1,24001,3890****,5906****,3901****,240-01,240-01,4G
240,1,24001,7646****,7543****,4365****,240-01,240-01,4G
240,1,24001,1350****,3952****,5806****,240-01,240-01,3G
240,1,24001,2588****,2288****,2236****,240-01,240-01,3G
240,1,24001,1477****,8040****,2334****,240-01,240-01,4G
240,1,24001,5676****,5312****,9016****,240-01,240-01,4G
240,1,24001,9704****,8904****,1595****,240-01,240-01,5G
240,1,24001,4521****,8299****,4124****,240-01,240-01,5G
240,1,24001,4926****,2900****,7409****,240-01,240-01,5G
240,1,24001,4443****,1804****,8588****,240-01,240-01,5G
240,1,24001,9509****,6734****,8863****,240-01,240-01,5G
240,1,24001,7800****,3154****,7187****,240-01,240-01,5G
240,1,24001,5498****,9134****,7868****,240-01,240-01,5G
240,1,24001,4205****,2931****,9290****,240-01,240-01,5G
240,1,24001,8938****,4248****,3615****,240-01,240-01,3G
240,1,24001,8721****,9842****,7943****,240-01,240-01,3G
240,1,24001,1858****,8216****,7910****,240-01,240-01,3G
240,1,24001,4059****,2073****,3571****,240-01,240-01,3G
240,1,24001,1975****,6448****,1460****,240-01,240-01,3G
240,1,24001,2784****,7447****,4931****,240-01,240-01,3G
240,1,24001,2920****,8880****,7565****,240-01,240-01,5G
240,1,24001,1530****,8575****,7064****,240-01,240-01,5G
240,1,24001,4909****,4664****,6649****,240-01,240-01,5G
240,1,24001,2661****,3735****,9472****,240-01,240-01,5G
240,1,24001,3421****,9245****,7244****,240-01,240-01,3G
240,1,24001,4613****,7139****,2432****,240-01,240-01,3G
240,1,24001,1393****,6052****,8749****,240-01,240-01,3G
240,1,24001,3908****,1920****,4809****,240-01,240-01,3G
240,1,24001,9329****,2269****,9955****,240-01,240-01,4G
240,1,24001,8043****,5542****,6028****,240-01,240-01,4G
240,1,24001,7749****,4544****,4150****,240-01,240-01,4G
240,1,24001,5055****,4252****,7740****,240-01,240-01,4G
240,1,24001,9346****,8433****,5405****,240-01,240-01,3G
240,1,24001,7615****,1924****,9189****,240-01,240-01,3G
240,1,24001,5687****,7698****,3849****,240-01,240-01,3G
240,1,24001,7412****,5996****,1282****,240-01,240-01,3G
240,1,24001,6033****,2043****,8567****,240-01,240-01,5G
240,1,24001,1086****,7878****,2906****,240-01,240-01,5G
240,1,24001,2772****,1537****,8983****,240-01,240-01,4G
240,1,24001,1346****,5785****,2972****,240-01,240-01,4G
240,1,24001,8627****,8585****,3274****,240-01,240-01,3G
240,1,24001,2055****,4454****,8857****,240-01,240-01,3G
240,1,24001,7700****,8517****,9208****,240-01,240-01,3G
240,1,24001,7156****,3927****,9834****,240-01,240-01,3G
240,1,24001,9315****,3615****,6932****,240-01,240-01,5G
240,1,24001,1799****,6545****,6119****,240-01,240-01,5G
240,1,24001,8393****,8801****,4390****,240-01,240-01,5G
240,1,24001,3588****,5219****,5868****,240-01,240-01,5G
240,1,24001,6574****,3699****,2770****,240-01,240-01,5G
240,1,24001,7349****,9539****,2262****,240-01,240-01,5G
240,1,24001,2517****,4471****,4562****,240-01,240-01,3G
240,1,24001,9094****,5671****,5348****,240-01,240-01,3G
240,1,24001,6917****,2148****,3348****,240-01,240-01,5G
240,1,24001,7280****,3936****,2242****,240-01,240-01,5G
240,1,24001,3646****,7577****,1020****,240-01,240-01,3G
240,1,24001,7240****,7536****,4575****,240-01,240-01,3G
240,1,24001,4030****,7453****,2886****,240-01,240-01,5G
240,1,24001,8994****,7643****,6858****,240-01,240-01,5G
240,1,24001,7205****,5165****,3318****,240-01,240-01,5G
240,1,24001,4196****,7516****,6089****,240-01,240-01,5G
240,1,24001,4626****,2601****,3116****,240-01,240-01,5G
240,1,24001,2663****,1136****,3562****,240-01,240-01,5G
240,1,24001,5304****,6074****,8411****,240-01,240-01,3G
240,1,24001,6002****,4927****,5591****,240-01,240-01,3G
240,1,24001,3714****,2706****,7511****,240-01,240-01,5G
240,1,24001,3126****,7406****,5695****,240-01,240-01,5G
240,1,24001,4241****,7892****,2419****,240-01,240-01,5G
240,1,24001,7418****,9652****,5813****,240-01,240-01,5G
240,1,24001,4339****,9243****,8166****,240-01,240-01,3G
240,1,24001,2910****,2617****,7921****,240-01,240-01,3G
240,1,24001,1585****,7735****,9238****,240-01,240-01,5G
240,1,24001,8210****,6509****,2082****,240-01,240-01,5G
240,1,24001,7570****,9237****,7965****,240-01,240-01,5G
240,1,24001,3600****,4563****,6021****,240-01,240-01,5G
240,1,24001,6090****,5860****,9285****,240-01,240-01,5G
240,1,24001,8277****,4065****,5710****,240-01,240-01,5G
240,1,24001,9352****,1829****,4335****,240-01,240-01,3G
240,1,24001,8951****,3064****,5734****,240-01,240-01,3G
240,1,24001,3975****,4809****,7801****,240-01,240-01,5G
240,1,24001,2668****,8874****,4385****,240-01,240-01,5G
240,1,24001,7579****,8835****,5228****,240-01,240-01,5G
240,1,24001,7138****,4019****,9777****,240-01,240-01,5G
240,1,24001,1460****,6506****,1726****,240-01,240-01,4G
240,1,24001,2438****,1816****,8303****,240-01,240-01,4G
240,1,24001,8999****,2516****,1334****,240-01,240-01,3G
240,1,24001,3307****,7236****,3516****,240-01,240-01,3G
240,1,24001,1085****,4415****,6781****,240-01,240-01,5G
240,1,24001,5531****,5433****,8054****,240-01,240-01,5G
240,1,24001,1958****,9794****,9566****,240-01,240-01,4G
240,1,24001,5968****,1437****,5173****,240-01,240-01,4G
240,1,24001,7047****,3016****,5511****,240-01,240-01,3G
240,1,24001,6905****,4086****,1215****,240-01,240-01,3G
240,1,24001,9077****,8281****,7220****,240-01,240-01,5G
240,1,24001,4654****,5964****,2296****,240-01,240-01,5G
240,1,24001,5566****,3952****,5113****,240-01,240-01,4G
240,1,24001,6315****,8023****,7034****,240-01,240-01,4G
240,1,24001,1572****,4447****,1520****,240-01,240-01,3G
240,1,24001,5448****,8436****,6250****,240-01,240-01,3G
240,1,24001,1811****,2092****,2035****,240-01,240-01,3G
240,1,24001,8500****,1481****,2802****,240-01,240-01,3G
240,1,24001,3707****,4259****,1910****,240-01,240-01,4G
240,1,24001,2365****,9451****,6446****,240-01,240-01,4G
240,1,24001,2488****,5520****,3007****,240-01,240-01,5G
240,1,24001,6223****,6463****,3127****,240-01,240-01,5G
240,1,24001,6337****,7821****,7383****,240-01,240-01,3G
240,1,24001,3035****,7199****,9756****,240-01,240-01,3G
240,1,24001,7451****,3203****,7946****,240-01,240-01,3G
240,1,24001,5421****,6714****,4213****,240-01,240-01,3G
240,1,24001,7017****,9971****,2059****,240-01,240-01,4G
240,1,24001,5830****,9344****,3460****,240-01,240-01,4G
240,1,24001,8929****,6271****,2836****,240-01,240-01,4G
240,1,24001,5461****,4624****,1056****,240-01,240-01,4G
240,1,24001,3075****,9639****,3362****,240-01,240-01,4G
240,1,24001,8783****,2946****,1289****,240-01,240-01,4G
240,1,24001,1389****,2952****,9287****,240-01,240-01,3G
240,1,24001,9917****,6226****,4499****,240-01,240-01,3G
240,1,24001,3145****,6099****,6014****,240-01,240-01,3G
240,1,24001,5675****,1408****,2261****,240-01,240-01,3G
240,1,24001,5141****,1231****,3682****,240-01,240-01,4G
240,1,24001,2305****,1506****,8779****,240-01,240-01,4G
240,1,24001,2332****,7478****,8109****,240-01,240-01,5G
240,1,24001,1467****,6018****,7172****,240-01,240-01,5G
240,1,24001,4342****,1064****,6965****,240-01,240-01,3G
240,1,24001,7794****,3415****,1347****,240-01,240-01,3G
240,1,24001,8340****,2787****,6001****,240-01,240-01,3G
240,1,24001,2819****,2996****,4997****,240-01,240-01,3G
240,1,24001,7236****,9966****,8222****,240-01,240-01,5G
240,1,24001,7005****,7827****,5449****,240-01,240-01,5G
240,1,24001,4259****,5520****,1396****,240-01,240-01,5G
240,1,24001,7791****,3330****,3126****,240-01,240-01,5G
240,1,24001,4952****,3454****,5577****,240-01,240-01,3G
240,1,24001,3452****,9609****,2888****,240-01,240-01,3G
240,1,24001,1541****,9049****,7536****,240-01,240-01,5G
240,1,24001,6642****,7634****,5544****,240-01,240-01,5G
240,1,24001,8818****,2088****,5084****,240-01,240-01,4G
240,1,24001,4469****,8109****,8808****,240-01,240-01,4G
240,1,24001,5502****,9587****,8094****,240-01,240-01,4G
240,1,24001,7829****,1985****,2191****,240-01,240-01,4G
240,1,24001,6833****,2697****,1464****,240-01,240-01,3G
240,1,24001,5112****,1491****,6307****,240-01,240-01,3G
240,1,24001,3233****,4788****,3173****,240-01,240-01,4G
240,1,24001,5887****,1642****,2088****,240-01,240-01,4G
240,1,24001,3677****,1741****,9429****,240-01,240-01,4G
240,1,24001,9528****,1761****,6071****,240-01,240-01,4G
240,1,24001,3722****,4964****,6545****,240-01,240-01,4G
240,1,24001,4359****,4441****,7661****,240-01,240-01,4G
240,1,24001,1530****,3816****,1303****,240-01,240-01,5G
240,1,24001,9021****,2354****,5518****,240-01,240-01,5G
240,1,24001,3547****,6702****,2125****,240-01,240-01,5G
240,1,24001,9274****,6802****,4335****,240-01,240-01,5G
240,1,24001,4139****,1263****,1291****,240-01,240-01,4G
240,1,24001,5721****,8027****,3791****,240-01,240-01,4G
240,1,24001,5993****,6976****,1398****,240-01,240-01,5G
240,1,24001,7738****,9356****,4315****,240-01,240-01,5G
240,1,24001,9873****,2672****,8452****,240-01,240-01,4G
240,1,24001,6976****,2316****,9176****,240-01,240-01,4G
240,1,24001,5870****,6757****,9397****,240-01,240-01,4G
240,1,24001,2339****,1808****,6748****,240-01,240-01,4G
240,1,24001,6610****,6916****,7991****,240-01,240-01,3G
240,1,24001,3931****,9321****,3218****,240-01,240-01,3G
240,1,24001,6309****,5893****,2365****,240-01,240-01,4G
240,1,24001,8009****,5645****,1061****,240-01,240-01,4G
240,1,24001,5324****,6559****,2895****,240-01,240-01,4G
240,1,24001,3114****,1168****,9003****,240-01,240-01,4G
240,1,24001,5162****,3369****,7721****,240-01,240-01,4G
240,1,24001,2600****,8949****,3109****,240-01,240-01,4G
240,1,24001,5080****,1963****,6459****,240-01,240-01,4G
240,1,24001,2286****,7312****,6244****,240-01,240-01,4G
240,1,24001,4138****,6946****,3164****,240-01,240-01,4G
240,1,24001,2416****,5624****,3151****,240-01,240-01,4G
240,1,24001,6079****,2950****,2274****,240-01,240-01,3G
240,1,24001,8723****,3714****,1027****,240-01,240-01,3G
240,1,24001,5234****,6300****,9546****,240-01,240-01,4G
240,1,24001,5406****,7231****,4204****,240-01,240-01,4G
240,1,24001,3138****,4591****,5460****,240-01,240-01,3G
240,1,24001,9977****,9814****,9021****,240-01,240-01,3G
240,1,24001,5600****,7435****,7150****,240-01,240-01,3G
240,1,24001,8579****,2746****,9231****,240-01,240-01,3G
240,1,24001,1271****,2288****,4428****,240-01,240-01,5G
240,1,24001,4210****,4862****,8390****,240-01,240-01,5G
240,1,24001,3104****,8530****,2991****,240-01,240-01,4G
240,1,24001,6967****,4194****,6453****,240-01,240-01,4G
240,1,24001,9854****,8176****,5350****,240-01,240-01,5G
240,1,24001,4745****,4137****,9507****,240-01,240-01,5G
240,1,24001,8210****,2859****,7919****,240-01,240-01,4G
240,1,24001,9843****,3529****,2317****,240-01,240-01,4G
240,1,24001,3978****,1376****,4831****,240-01,240-01,3G
240,1,24001,5565****,4542****,6631****,240-01,240-01,3G
240,1,24001,8377****,7678****,9657****,240-01,240-01,4G
240,1,24001,7047****,6091****,9354****,240-01,240-01,4G
240,1,24001,6078****,8509****,2104****,240-01,240-01,5G
240,1,24001,1749****,2246****,4328****,240-01,240-01,5G
240,1,24001,5013****,3266****,1996****,240-01,240-01,3G
240,1,24001,6059****,3905****,8151****,240-01,240-01,3G
240,1,24001,7891****,2019****,1112****,240-01,240-01,5G
240,1,24001,2288****,8114****,1114****,240-01,240-01,5G
240,1,24001,2299****,2144****,4336****,240-01,240-01,5G
240,1,24001,6223****,3419****,8491****,240-01,240-01,5G
240,1,24001,8005****,3968****,3910****,240-01,240-01,3G
240,1,24001,7103****,5738****,1304****,240-01,240-01,3G
240,1,24001,3408****,9646****,4328****,240-01,240-01,5G
240,1,24001,8899****,2885****,7298****,240-01,240-01,5G
240,1,24001,8995****,9082****,2479****,240-01,240-01,3G
240,1,24001,8141****,7912****,9209****,240-01,240-01,3G
240,1,24001,9895****,8851****,5942****,240-01,240-01,3G
240,1,24001,3759****,5628****,2491****,240-01,240-01,3G
240,1,24001,2499****,8277****,9231****,240-01,240-01,3G
240,1,24001,5251****,9095****,3501****,240-01,240-01,3G
240,1,24001,5554****,4873****,1224****,240-01,240-01,5G
240,1,24001,3264****,3909****,2245****,240-01,240-01,5G
240,1,24001,8729****,5442****,5066****,240-01,240-01,4G
240,1,24001,8078****,6443****,7990****,240-01,240-01,4G
240,1,24001,5007****,1408****,1681****,240-01,240-01,4G
240,1,24001,6020****,3037****,2588****,240-01,240-01,4G
240,1,24001,8823****,3904****,5473****,240-01,240-01,5G
240,1,24001,3252****,5049****,5632****,240-01,240-01,5G
240,1,24001,1409****,7149****,6160****,240-01,240-01,3G
240,1,24001,1501****,3671****,2059****,240-01,240-01,3G
240,1,24001,9020****,8970****,9487****,240-01,240-01,5G
240,1,24001,1976****,5304****,2271****,240-01,240-01,5G
240,1,24001,3890****,2719****,3110****,240-01,240-01,4G
240,1,24001,7884****,6023****,8199****,240-01,240-01,4G
240,1,24001,3748****,6464****,2605****,240-01,240-01,3G
240,1,24001,5185****,2414****,3969****,240-01,240-01,3G
240,1,24001,7334****,7094****,1758****,240-01,240-01,4G
240,1,24001,2299****,2642****,9164****,240-01,240-01,4G
240,1,24001,9312****,4132****,9593****,240-01,240-01,3G
240,1,24001,4235****,1775****,8966****,240-01,240-01,3G
240,1,24001,4949****,8437****,4628****,240-01,240-01,5G
240,1,24001,5044****,2397****,9021****,240-01,240-01,5G
240,1,24001,4330****,1838****,7963****,240-01,240-01,4G
240,1,24001,9842****,7074****,6949****,240-01,240-01,4G
240,1,24001,3448****,3249****,4355****,240-01,240-01,5G
240,1,24001,6561****,7466****,7392****,240-01,240-01,5G
240,1,24001,6934****,7600****,6668****,240-01,240-01,5G
240,1,24001,2597****,1422****,6720****,240-01,240-01,5G
240,1,24001,2333****,9412****,9720****,240-01,240-01,3G
240,1,24001,1867****,8281****,8250****,240-01,240-01,3G
240,1,24001,2657****,5899****,6013****,240-01,240-01,3G
240,1,24001,6567****,6894****,9990****,240-01,240-01,3G
240,1,24001,9779****,9003****,1901****,240-01,240-01,5G
240,1,24001,3547****,9259****,8622****,240-01,240-01,5G
240,1,24001,9897****,4732****,5233****,240-01,240-01,4G
240,1,24001,1415****,8097****,3058****,240-01,240-01,4G
240,1,24001,7352****,4802****,1317****,240-01,240-01,3G
240,1,24001,6035****,1312****,3773****,240-01,240-01,3G
240,1,24001,4536****,6090****,3917****,240-01,240-01,5G
240,1,24001,4057****,7248****,8425****,240-01,240-01,5G
240,1,24001,7252****,2410****,4789****,240-01,240-01,5G
240,1,24001,4748****,4176****,1630****,240-01,240-01,5G
240,1,24001,4090****,8454****,7350****,240-01,240-01,5G
240,1,24001,7988****,2996****,3742****,240-01,240-01,5G
240,1,24001,1188****,7154****,6047****,240-01,240-01,3G
240,1,24001,7973****,3125****,6779****,240-01,240-01,3G
240,1,24001,1690****,1862****,5023****,240-01,240-01,5G
240,1,24001,7096****,7525****,6358****,240-01,240-01,5G
240,1,24001,7815****,1765****,4177****,240-01,240-01,5G
240,1,24001,9873****,2845****,4231****,240-01,240-01,5G
240,1,24001,5473****,5097****,5583****,240-01,240-01,5G
240,1,24001,5691****,7432****,6370****,240-01,240-01,5G
240,1,24001,4958****,8689****,1539****,240-01,240-01,3G
240,1,24001,9692****,4531****,3378****,240-01,240-01,3G
240,1,24001,8528****,5678****,8256****,240-01,240-01,5G
240,1,24001,3618****,5188****,3386****,240-01,240-01,5G
240,1,24001,7482****,2728****,2314****,240-01,240-01,5G
240,1,24001,5478****,2888****,4690****,240-01,240-01,5G
240,1,24001,4224****,3832****,5514****,240-01,240-01,4G
240,1,24001,2834****,6307****,8882****,240-01,240-01,4G
240,1,24001,5514****,9466****,1746****,240-01,240-01,3G
240,1,24001,1514****,1832****,3889****,240-01,240-01,3G
240,1,24001,5641****,2976****,5784****,240-01,240-01,3G
240,1,24001,4348****,1379****,7714****,240-01,240-01,3G
240,1,24001,2666****,4482****,7084****,240-01,240-01,3G
240,1,24001,4143****,7190****,6089****,240-01,240-01,3G
240,1,24001,8357****,1007****,6388****,240-01,240-01,5G
240,1,24001,2586****,4719****,8263****,240-01,240-01,5G
240,1,24001,5548****,3151****,2951****,240-01,240-01,3G
240,1,24001,8006****,1810****,7626****,240-01,240-01,3G
240,1,24001,1184****,2026****,4205****,240-01,240-01,3G
240,1,24001,8085****,8910****,4846****,240-01,240-01,3G
240,1,24001,1452****,9349****,4632****,240-01,240-01,3G
240,1,24001,3574****,7923****,9552****,240-01,240-01,3G
240,1,24001,8595****,9889****,8954****,240-01,240-01,4G
240,1,24001,8963****,7823****,7216****,240-01,240-01,4G
240,1,24001,5427****,1345****,5693****,240-01,240-01,5G
240,1,24001,3814****,7886****,5280****,240-01,240-01,5G
240,1,24001,4634****,5194****,5033****,240-01,240-01,4G
240,1,24001,2286****,2387****,1586****,240-01,240-01,4G
240,1,24001,3080****,8716****,9735****,240-01,240-01,3G
240,1,24001,2280****,4399****,9997****,240-01,240-01,3G
240,1,24001,4155****,2522****,8493****,240-01,240-01,3G
240,1,24001,3955****,9057****,9361****,240-01,240-01,3G
240,1,24001,6769****,5235****,4727****,240-01,240-01,3G
240,1,24001,9322****,3398****,2800****,240-01,240-01,3G
240,1,24001,4452****,6869****,9671****,240-01,240-01,3G
240,1,24001,5113****,9656****,8776****,240-01,240-01,3G
240,1,24001,5588****,7219****,7605****,240-01,240-01,3G
240,1,24001,2950****,3148****,3200****,240-01,240-01,3G
240,1,24001,1834****,6343****,1571****,240-01,240-01,3G
240,1,24001,5828****,2436****,3199****,240-01,240-01,3G
240,1,24001,3853****,9134****,5081****,240-01,240-01,5G
240,1,24001,2084****,2295****,6038****,240-01,240-01,5G
240,1,24001,8740****,7953****,3330****,240-01,240-01,4G
240,1,24001,5267****,2686****,6552****,240-01,240-01,4G
240,1,24001,2348****,3401****,7872****,240-01,240-01,5G
240,1,24001,7110****,7730****,3410****,240-01,240-01,5G
240,1,24001,1281****,3661****,6798****,240-01,240-01,5G
240,1,24001,2554****,5418****,3020****,240-01,240-01,5G
240,1,24001,7312****,3293****,4019****,240-01,240-01,5G
240,1,24001,6043****,5276****,3508****,240-01,240-01,5G
240,1,24001,2561****,5470****,3327****,240-01,240-01,5G
240,1,24001,3575****,3942****,9917****,240-01,240-01,5G
240,1,24001,3738****,3756****,3506****,240-01,240-01,3G
240,1,24001,6047****,2203****,8993****,240-01,240-01,3G
240,1,24001,7742****,7106****,1683****,240-01,240-01,3G
240,1,24001,2522****,5234****,5345****,240-01,240-01,3G
240,1,24001,6908****,7429****,1959****,240-01,240-01,4G
240,1,24001,7876****,2025****,8173****,240-01,240-01,4G
240,1,24001,8954****,9450****,5611****,240-01,240-01,4G
240,1,24001,5212****,3327****,3488****,240-01,240-01,4G
240,1,24001,1871****,9842****,2332****,240-01,240-01,5G
240,1,24001,6605****,8555****,9114****,240-01,240-01,5G
240,1,24001,2787****,3870****,3178****,240-01,240-01,4G
240,1,24001,1615****,7462****,3565****,240-01,240-01,4G
240,1,24001,7424****,7472****,1948****,240-01,240-01,3G
240,1,24001,8975****,6992****,3484****,240-01,240-01,3G
240,1,24001,3928****,5314****,2791****,240-01,240-01,5G
240,1,24001,7585****,9986****,4001****,240-01,240-01,5G
240,1,24001,8682****,1935****,9256****,240-01,240-01,5G
240,1,24001,5123****,1516****,6381****,240-01,240-01,5G
240,1,24001,2443****,2046****,9555****,240-01,240-01,5G
240,1,24001,5206****,1768****,3304****,240-01,240-01,5G
240,1,24001,7554****,8040****,6406****,240-01,240-01,4G
240,1,24001,4837****,9684****,2323****,240-01,240-01,4G
240,1,24001,1325****,1113****,1781****,240-01,240-01,5G
240,1,24001,8565****,6032****,3078****,240-01,240-01,5G
240,1,24001,9490****,8257****,1407****,240-01,240-01,3G
240,1,24001,3607****,7118****,5303****,240-01,240-01,3G
240,1,24001,6123****,2571****,7392****,240-01,240-01,5G
240,1,24001,6684****,8962****,5190****,240-01,240-01,5G
240,1,24001,7256****,7671****,5041****,240-01,240-01,4G
240,1,24001,4015****,6090****,6793****,240-01,240-01,4G
240,1,24001,3560****,1564****,3714****,240-01,240-01,5G
240,1,24001,8654****,6894****,3807****,240-01,240-01,5G
240,1,24001,2402****,8022****,8348****,240-01,240-01,4G
240,1,24001,5185****,3029****,4319****,240-01,240-01,4G
240,1,24001,8857****,1615****,1139****,240-01,240-01,5G
240,1,24001,6309****,3733****,5257****,240-01,240-01,5G
240,1,24001,7888****,7898****,6784****,240-01,240-01,3G
240,1,24001,3475****,5863****,5046****,240-01,240-01,3G
240,1,24001,9938****,9414****,5165****,240-01,240-01,5G
240,1,24001,8596****,1353****,9357****,240-01,240-01,5G
240,1,24001,1278****,9971****,6194****,240-01,240-01,5G
240,1,24001,3083****,3137****,4085****,240-01,240-01,5G
240,1,24001,4612****,1698****,7577****,240-01,240-01,3G
240,1,24001,8323****,1901****,9644****,240-01,240-01,3G
240,1,24001,6937****,5156****,5665****,240-01,240-01,3G
240,1,24001,1491****,3995****,5516****,240-01,240-01,3G
240,1,24001,1212****,6579****,8649****,240-01,240-01,3G
240,1,24001,7614****,6859****,9355****,240-01,240-01,3G
240,1,24001,1605****,9621****,9115****,240-01,240-01,3G
240,1,24001,8457****,6603****,4315****,240-01,240-01,3G
240,1,24001,6016****,1244****,8123****,240-01,240-01,4G
240,1,24001,8037****,8074****,4178****,240-01,240-01,4G
240,1,24001,4339****,7794****,5375****,240-01,240-01,4G
240,1,24001,8492****,1209****,6599****,240-01,240-01,4G
240,1,24001,3162****,6171****,9002****,240-01,240-01,5G
240,1,24001,6743****,6463****,8312****,240-01,240-01,5G
240,1,24001,9890****,1082****,4841****,240-01,240-01,3G
240,1,24001,4261****,3181****,5168****,240-01,240-01,3G
240,1,24001,4898****,5120****,6019****,240-01,240-01,4G
240,1,24001,6291****,4108****,4521****,240-01,240-01,4G
240,1,24001,7661****,9256****,7211****,240-01,240-01,3G
240,1,24001,5406****,2471****,2818****,240-01,240-01,3G
240,1,24001,2452****,2731****,4023****,240-01,240-01,4G
240,1,24001,5382****,6815****,4981****,240-01,240-01,4G
240,1,24001,2377****,9112****,5696****,240-01,240-01,5G
240,1,24001,7788****,3167****,9324****,240-01,240-01,5G
240,1,24001,7989****,3842****,3474****,240-01,240-01,4G
240,1,24001,4934****,2832****,4184****,240-01,240-01,4G
240,1,24001,1353****,4276****,8969****,240-01,240-01,4G
240,1,24001,8382****,3397****,7336****,240-01,240-01,4G
240,1,24001,1146****,3588****,3043****,240-01,240-01,5G
240,1,24001,7332****,6426****,3462****,240-01,240-01,5G
240,1,24001,8221****,1736****,4240****,240-01,240-01,4G
240,1,24001,3122****,3159****,7233****,240-01,240-01,4G
240,1,24001,4238****,9250****,2373****,240-01,240-01,3G
240,1,24001,7558****,9663****,5579****,240-01,240-01,3G
240,1,24001,5101****,9385****,4146****,240-01,240-01,4G
240,1,24001,5997****,7465****,4056****,240-01,240-01,4G
240,1,24001,8964****,7348****,3893****,240-01,240-01,3G
240,1,24001,5747****,9356****,2259****,240-01,240-01,3G
240,1,24001,1355****,6482****,7705****,240-01,240-01,3G
240,1,24001,5607****,9421****,4110****,240-01,240-01,3G
240,1,24001,9354****,7080****,4674****,240-01,240-01,3G
240,1,24001,4005****,6605****,4253****,240-01,240-01,3G
240,1,24001,7110****,8865****,1497****,240-01,240-01,5G
240,1,24001,9539****,3339****,7254****,240-01,240-01,5G
240,1,24001,6804****,1257****,7399****,240-01,240-01,5G
240,1,24001,8492****,5440****,1190****,240-01,240-01,5G
240,1,24001,2575****,3944****,8487****,240-01,240-01,4G
240,1,24001,8008****,1240****,2243****,240-01,240-01,4G
240,1,24001,2138****,9124****,6144****,240-01,240-01,4G
240,1,24001,2087****,5365****,3140****,240-01,240-01,4G
240,1,24001,9048****,5137****,6177****,240-01,240-01,4G
240,1,24001,1713****,5329****,6688****,240-01,240-01,4G
240,1,24001,3757****,2721****,1374****,240-01,240-01,5G
240,1,24001,2912****,6735****,7983****,240-01,240-01,5G
240,1,24001,4714****,3219****,8865****,240-01,240-01,3G
240,1,24001,3869****,3265****,6087****,240-01,240-01,3G
240,1,24001,2913****,2647****,8122****,240-01,240-01,3G
240,1,24001,6380****,9346****,6000****,240-01,240-01,3G
240,1,24001,9159****,1863****,3056****,240-01,240-01,3G
240,1,24001,2414****,9359****,6829****,240-01,240-01,3G
240,1,24001,3174****,4541****,8534****,240-01,240-01,3G
240,1,24001,7692****,2901****,6030****,240-01,240-01,3G
240,1,24001,2623****,2023****,9786****,240-01,240-01,5G
240,1,24001,6812****,3812****,9384****,240-01,240-01,5G
240,1,24001,3001****,6989****,9759****,240-01,240-01,5G
240,1,24001,6622****,3328****,9095****,240-01,240-01,5G
240,1,24001,5158****,1781****,1941****,240-01,240-01,5G
240,1,24001,1870****,2167****,6655****,240-01,240-01,5G
240,1,24001,5174****,6180****,5393****,240-01,240-01,5G
240,1,24001,9754****,6003****,6423****,240-01,240-01,5G
240,1,24001,4053****,5776****,4438****,240-01,240-01,4G
240,1,24001,6374****,9400****,5529****,240-01,240-01,4G
240,1,24001,9900****,2025****,7963****,240-01,240-01,3G
240,1,24001,4264****,9558****,5659****,240-01,240-01,3G
240,1,24001,1995****,9388****,4432****,240-01,240-01,5G
240,1,24001,2453****,5286****,1851****,240-01,240-01,5G
240,1,24001,1674****,5081****,5973****,240-01,240-01,4G
240,1,24001,1602****,9739****,4050****,240-01,240-01,4G
240,1,24001,1299****,8391****,2243****,240-01,240-01,5G
240,1,24001,5464****,6906****,2373****,240-01,240-01,5G
240,1,24001,6588****,9585****,4079****,240-01,240-01,3G
240,1,24001,7246****,4152****,5189****,240-01,240-01,3G
240,1,24001,3868****,1717****,6919****,240-01,240-01,3G
240,1,24001,8787****,2647****,3116****,240-01,240-01,3G
240,1,24001,9840****,9904****,8604****,240-01,240-01,4G
240,1,24001,1369****,5734****,6200****,240-01,240-01,4G
240,1,24001,7777****,2622****,2814****,240-01,240-01,4G
240,1,24001,5489****,5112****,4267****,240-01,240-01,4G
240,1,24001,1638****,6246****,9841****,240-01,240-01,5G
240,1,24001,6178****,2068****,7981****,240-01,240-01,5G
240,1,24001,1894****,9536****,1797****,240-01,240-01,3G
240,1,24001,4759****,4569****,2086****,240-01,240-01,3G
240,1,24001,2888****,7989****,6791****,240-01,240-01,3G
240,1,24001,5620****,2882****,6710****,240-01,240-01,3G
240,1,24001,8910****,9620****,6024****,240-01,240-01,4G
240,1,24001,7949****,5905****,5506****,240-01,240-01,4G
240,1,24001,8821****,4669****,3485****,240-01,240-01,3G
240,1,24001,3017****,5023****,9339****,240-01,240-01,3G
240,1,24001,2623****,3356****,4193****,240-01,240-01,4G
240,1,24001,1139****,6209****,4004****,240-01,240-01,4G
240,1,24001,5916****,6260****,6219****,240-01,240-01,4G
240,1,24001,2486****,7054****,9965****,240-01,240-01,4G
240,1,24001,8745****,5200****,6198****,240-01,240-01,3G
240,1,24001,1555****,6360****,9687****,240-01,240-01,3G
240,1,24001,8084****,7346****,1500****,240-01,240-01,4G
240,1,24001,5410****,6202****,5929****,240-01,240-01,4G
240,1,24001,1055****,4902****,4951****,240-01,240-01,4G
240,1,24001,5305****,1409****,1901****,240-01,240-01,4G
240,1,24001,3981****,1312****,7836****,240-01,240-01,3G
240,1,24001,4448****,8736****,5359****,240-01,240-01,3G
240,1,24001,1061****,3659****,9701****,240-01,240-01,3G
240,1,24001,8998****,4713****,4455****,240-01,240-01,3G
240,1,24001,8192****,3317****,3748****,240-01,240-01,4G
240,1,24001,1705****,1135****,6363****,240-01,240-01,4G
240,1,24001,9352****,4982****,6736****,240-01,240-01,4G
240,1,24001,5189****,7534****,8593****,240-01,240-01,4G
240,1,24001,7063****,6971****,4687****,240-01,240-01,3G
240,1,24001,9892****,9645****,1242****,240-01,240-01,3G
240,1,24001,1117****,5092****,9132****,240-01,240-01,3G
240,1,24001,2914****,5536****,2390****,240-01,240-01,3G
240,1,24001,5091****,3631****,5678****,240-01,240-01,4G
240,1,24001,7792****,6754****,2811****,240-01,240-01,4G
240,1,24001,6411****,9683****,2831****,240-01,240-01,4G
240,1,24001,8622****,9743****,6481****,240-01,240-01,4G
240,1,24001,5385****,7831****,9762****,240-01,240-01,4G
240,1,24001,6973****,2172****,7074****,240-01,240-01,4G
240,1,24001,8664****,6814****,3683****,240-01,240-01,5G
240,1,24001,9205****,8282****,8438****,240-01,240-01,5G
240,1,24001,2345****,8331****,7084****,240-01,240-01,5G
240,1,24001,6476****,8501****,9900****,240-01,240-01,5G
240,1,24001,2091****,6347****,5295****,240-01,240-01,3G
240,1,24001,2938****,6018****,2572****,240-01,240-01,3G
240,1,24001,9354****,4612****,4549****,240-01,240-01,4G
240,1,24001,6231****,7848****,2964****,240-01,240-01,4G
240,1,24001,5450****,3133****,7184****,240-01,240-01,4G
240,1,24001,7990****,9277****,6622****,240-01,240-01,4G
240,1,24001,4998****,9765****,5919****,240-01,240-01,4G
240,1,24001,3507****,9741****,3068****,240-01,240-01,4G
240,1,24001,2720****,6012****,1951****,240-01,240-01,5G
240,1,24001,2870****,7891****,5039****,240-01,240-01,5G
240,1,24001,3317****,4241****,3505****,240-01,240-01,4G
240,1,24001,7490****,2040****,7817****,240-01,240-01,4G
240,1,24001,3070****,9674****,1891****,240-01,240-01,3G
240,1,24001,7568****,7169****,3207****,240-01,240-01,3G
240,1,24001,9094****,9846****,9655****,240-01,240-01,4G
240,1,24001,7539****,5497****,4740****,240-01,240-01,4G
240,1,24001,6012****,5375****,3710****,240-01,240-01,3G
240,1,24001,2640****,3662****,8614****,240-01,240-01,3G
240,1,24001,8754****,8612****,5636****,240-01,240-01,4G
240,1,24001,9693****,2853****,8704****,240-01,240-01,4G
240,1,24001,6490****,2181****,7795****,240-01,240-01,4G
240,1,24001,5518****,5445****,2540****,240-01,240-01,4G
240,1,24001,6040****,3548****,4194****,240-01,240-01,5G
240,1,24001,9354****,4825****,9294****,240-01,240-01,5G
240,1,24001,2680****,7704****,1677****,240-01,240-01,4G
240,1,24001,4847****,7408****,9145****,240-01,240-01,4G
240,1,24001,4875****,9296****,9723****,240-01,240-01,3G
240,1,24001,1104****,1050****,6753****,240-01,240-01,3G
240,1,24001,5736****,4603****,4188****,240-01,240-01,5G
240,1,24001,3313****,9000****,2767****,240-01,240-01,5G
240,1,24001,1459****,9881****,2694****,240-01,240-01,4G
240,1,24001,9272****,8649****,7299****,240-01,240-01,4G
240,1,24001,5833****,6439****,5184****,240-01,240-01,4G
240,1,24001,3311****,7592****,1644****,240-01,240-01,4G
240,1,24001,2208****,4417****,1981****,240-01,240-01,3G
240,1,24001,3858****,1928****,8906****,240-01,240-01,3G
240,1,24001,7282****,4985****,4282****,240-01,240-01,4G
240,1,24001,5548****,5640****,9806****,240-01,240-01,4G
240,1,24001,5073****,1283****,9077****,240-01,240-01,3G
240,1,24001,9929****,2608****,2024****,240-01,240-01,3G
240,1,24001,3061****,6044****,1424****,240-01,240-01,5G
240,1,24001,8845****,7635****,3731****,240-01,240-01,5G
240,1,24001,4379****,3045****,3140****,240-01,240-01,5G
240,1,24001,6823****,2921****,7693****,240-01,240-01,5G
240,1,24001,4209****,4130****,2201****,240-01,240-01,4G
240,1,24001,3676****,8537****,1623****,240-01,240-01,4G
240,1,24001,9824****,8602****,7533****,240-01,240-01,3G
240,1,24001,4744****,8540****,2634****,240-01,240-01,3G
240,1,24001,7923****,5538****,7758****,240-01,240-01,5G
240,1,24001,6126****,6128****,4933****,240-01,240-01,5G
240,1,24001,4621****,7917****,8101****,240-01,240-01,3G
240,1,24001,6760****,9776****,3084****,240-01,240-01,3G
240,1,24001,4517****,2763****,9642****,240-01,240-01,5G
240,1,24001,8048****,7360****,6098****,240-01,240-01,5G
240,1,24001,6840****,2383****,5760****,240-01,240-01,5G
240,1,24001,1422****,4220****,4363****,240-01,240-01,5G
240,1,24001,1595****,9169****,8687****,240-01,240-01,3G
240,1,24001,6534****,4643****,7845****,240-01,240-01,3G
240,1,24001,7937****,8878****,5025****,240-01,240-01,4G
240,1,24001,1520****,7148****,6711****,240-01,240-01,4G
240,1,24001,4500****,1033****,8005****,240-01,240-01,4G
240,1,24001,4779****,8105****,3975****,240-01,240-01,4G
240,1,24001,4543****,6562****,5753****,240-01,240-01,3G
240,1,24001,6422****,1566****,7275****,240-01,240-01,3G
240,1,24001,3577****,5947****,2302****,240-01,240-01,5G
240,1,24001,4003****,1989****,5103****,240-01,240-01,5G
240,1,24001,6785****,1602****,5779****,240-01,240-01,5G
240,1,24001,5942****,8262****,6029****,240-01,240-01,5G
240,1,24001,9521****,5264****,6289****,240-01,240-01,4G
240,1,24001,4967****,7323****,6610****,240-01,240-01,4G
240,1,24001,7435****,8185****,6448****,240-01,240-01,5G
240,1,24001,9890****,9200****,7670****,240-01,240-01,5G
240,1,24001,5660****,9526****,3240****,240-01,240-01,4G
240,1,24001,9138****,2073****,6577****,240-01,240-01,4G
240,1,24001,9890****,7698****,3715****,240-01,240-01,4G
240,1,24001,4441****,6102****,1877****,240-01,240-01,4G
240,1,24001,7265****,4349****,9909****,240-01,240-01,4G
240,1,24001,9394****,4427****,8017****,240-01,240-01,4G
240,1,24001,4572****,7134****,6682****,240-01,240-01,5G
240,1,24001,6926****,6971****,4459****,240-01,240-01,5G
240,1,24001,8635****,5642****,5235****,240-01,240-01,5G
240,1,24001,3568****,1773****,6672****,240-01,240-01,5G
240,1,24001,5820****,2989****,1628****,240-01,240-01,4G
240,1,24001,5241****,2452****,5270****,240-01,240-01,4G
240,1,24001,5026****,9908****,3213****,240-01,240-01,3G
240,1,24001,7517****,4975****,3584****,240-01,240-01,3G
240,1,24001,7116****,9061****,4513****,240-01,240-01,3G
240,1,24001,2227****,2430****,8584****,240-01,240-01,3G
240,1,24001,5813****,9222****,7566****,240-01,240-01,3G
240,1,24001,3462****,3617****,6150****,240-01,240-01,3G
240,1,24001,9254****,1483****,2649****,240-01,240-01,4G
240,1,24001,3300****,4436****,1452****,240-01,240-01,4G
240,1,24001,9350****,5524****,5890****,240-01,240-01,4G
240,1,24001,3496****,3697****,1348****,240-01,240-01,4G
240,1,24001,7310****,5668****,1899****,240-01,240-01,4G
240,1,24001,8816****,7402****,3737****,240-01,240-01,4G
240,1,24001,7900****,9710****,9547****,240-01,240-01,3G
240,1,24001,2288****,9383****,4692****,240-01,240-01,3G
240,1,24001,8241****,7812****,8704****,240-01,240-01,5G
240,1,24001,3304****,9162****,7036****,240-01,240-01,5G
240,1,24001,2107****,7779****,2634****,240-01,240-01,5G
240,1,24001,8448****,5780****,7225****,240-01,240-01,5G
240,1,24001,5818****,7014****,8229****,240-01,240-01,4G
240,1,24001,1977****,3458****,1243****,240-01,240-01,4G
240,1,24001,8385****,9263****,3260****,240-01,240-01,3G
240,1,24001,9502****,5093****,8245****,240-01,240-01,3G
240,1,24001,4521****,5119****,4272****,240-01,240-01,4G
240,1,24001,2533****,9061****,2143****,240-01,240-01,4G
240,1,24001,8450****,1035****,4750****,240-01,240-01,5G
240,1,24001,2957****,6563****,6668****,240-01,240-01,5G
240,1,24001,6044****,8351****,1843****,240-01,240-01,5G
240,1,24001,4562****,7277****,5667****,240-01,240-01,5G
240,1,24001,8291****,3802****,8593****,240-01,240-01,4G
240,1,24001,4175****,9092****,8611****,240-01,240-01,4G
240,1,24001,1197****,8221****,8643****,240-01,240-01,3G
240,1,24001,8087****,4597****,6058****,240-01,240-01,3G
240,1,24001,4932****,2882****,7430****,240-01,240-01,5G
240,1,24001,1740****,9312****,4742****,240-01,240-01,5G
240,1,24001,7247****,8774****,5884****,240-01,240-01,3G
240,1,24001,5043****,8432****,4070****,240-01,240-01,3G
240,1,24001,3412****,2320****,3043****,240-01,240-01,3G
240,1,24001,3918****,9697****,1070****,240-01,240-01,3G
240,1,24001,9374****,4345****,7090****,240-01,240-01,4G
240,1,24001,5188****,4592****,8059****,240-01,240-01,4G
240,1,24001,5297****,7134****,9702****,240-01,240-01,3G
240,1,24001,8797****,1620****,9146****,240-01,240-01,3G
240,1,24001,4599****,1709****,7397****,240-01,240-01,3G
240,1,24001,1571****,4198****,8261****,240-01,240-01,3G
240,1,24001,6351****,6180****,8712****,240-01,240-01,4G
240,1,24001,6063****,6512****,7026****,240-01,240-01,4G
240,1,24001,8874****,3696****,4350****,240-01,240-01,3G
240,1,24001,1728****,8661****,3857****,240-01,240-01,3G
240,1,24001,6021****,2735****,8216****,240-01,240-01,4G
240,1,24001,3574****,8811****,1964****,240-01,240-01,4G
240,1,24001,6569****,4578****,6881****,240-01,240-01,5G
240,1,24001,7999****,8643****,5994****,240-01,240-01,5G
240,1,24001,9122****,8195****,2410****,240-01,240-01,5G
240,1,24001,6738****,3381****,8045****,240-01,240-01,5G
240,1,24001,3093****,3194****,2007****,240-01,240-01,3G
240,1,24001,2656****,2546****,9755****,240-01,240-01,3G
240,1,24001,6871****,7481****,1302****,240-01,240-01,4G
240,1,24001,5499****,9488****,6190****,240-01,240-01,4G
240,1,24001,6732****,8450****,9477****,240-01,240-01,4G
240,1,24001,2005****,9893****,8964****,240-01,240-01,4G
240,1,24001,1827****,1662****,7431****,240-01,240-01,4G
240,1,24001,4973****,6735****,2930****,240-01,240-01,4G
240,1,24001,1569****,9315****,8343****,240-01,240-01,4G
240,1,24001,2107****,1903****,7731****,240-01,240-01,4G
240,1,24001,6495****,6350****,5672****,240-01,240-01,4G
240,1,24001,8994****,9897****,6507****,240-01,240-01,4G
240,1,24001,9903****,8962****,3913****,240-01,240-01,5G
240,1,24001,8488****,6874****,3615****,240-01,240-01,5G
240,1,24001,6857****,7404****,8745****,240-01,240-01,3G
240,1,24001,9304****,5420****,2848****,240-01,240-01,3G
240,1,24001,5413****,6212****,1017****,240-01,240-01,5G
240,1,24001,9804****,1603****,6301****,240-01,240-01,5G
240,1,24001,7406****,7197****,6344****,240-01,240-01,3G
240,1,24001,3554****,4919****,3197****,240-01,240-01,3G
240,1,24001,4165****,8061****,4171****,240-01,240-01,4G
240,1,24001,7548****,4639****,8301****,240-01,240-01,4G
240,1,24001,6300****,2922****,9217****,240-01,240-01,4G
240,1,24001,3037****,8631****,4521****,240-01,240-01,4G
240,1,24001,8426****,5835****,6104****,240-01,240-01,3G
240,1,24001,7129****,3982****,3316****,240-01,240-01,3G
240,1,24001,2532****,5434****,8903****,240-01,240-01,4G
240,1,24001,4812****,3907****,5562****,240-01,240-01,4G
240,1,24001,3942****,3007****,1723****,240-01,240-01,3G
240,1,24001,1023****,2389****,5183****,240-01,240-01,3G
240,1,24001,7597****,3707****,4632****,240-01,240-01,3G
240,1,24001,9521****,5185****,6387****,240-01,240-01,3G
240,1,24001,7835****,6955****,6581****,240-01,240-01,4G
240,1,24001,8613****,8827****,8319****,240-01,240-01,4G
240,1,24001,6457****,9346****,8962****,240-01,240-01,5G
240,1,24001,9077****,4815****,9829****,240-01,240-01,5G
240,1,24001,6251****,5642****,7632****,240-01,240-01,3G
240,1,24001,2968****,9366****,7142****,240-01,240-01,3G
240,1,24001,7651****,8877****,8410****,240-01,240-01,3G
240,1,24001,3381****,6670****,2346****,240-01,240-01,3G
240,1,24001,2058****,9230****,4698****,240-01,240-01,4G
240,1,24001,3646****,8252****,8820****,240-01,240-01,4G
240,1,24001,9156****,5645****,7961****,240-01,240-01,5G
240,1,24001,9287****,9017****,3594****,240-01,240-01,5G
240,1,24001,8461****,7991****,8008****,240-01,240-01,4G
240,1,24001,1794****,3013****,7261****,240-01,240-01,4G
240,1,24001,4069****,6967****,4492****,240-01,240-01,3G
240,1,24001,7540****,9396****,1718****,240-01,240-01,3G
240,1,24001,9638****,7610****,1288****,240-01,240-01,5G
240,1,24001,1485****,8498****,8837****,240-01,240-01,5G
240,1,24001,8043****,4520****,6445****,240-01,240-01,3G
240,1,24001,2213****,3272****,5195****,240-01,240-01,3G
240,1,24001,7418****,2395****,3264****,240-01,240-01,3G
240,1,24001,8920****,7200****,8776****,240-01,240-01,3G
240,1,24001,9400****,4232****,3346****,240-01,240-01,3G
240,1,24001,3724****,8415****,5876****,240-01,240-01,3G
240,1,24001,8854****,6015****,4202****,240-01,240-01,4G
240,1,24001,5397****,1205****,3168****,240-01,240-01,4G
240,1,24001,7216****,3199****,9603****,240-01,240-01,5G
240,1,24001,5331****,7018****,3655****,240-01,240-01,5G
240,1,24001,3757****,7618****,6201****,240-01,240-01,5G
240,1,24001,6743****,3909****,6804****,240-01,240-01,5G
240,1,24001,3932****,5228****,7372****,240-01,240-01,4G
240,1,24001,6040****,1340****,4747****,240-01,240-01,4G
240,1,24001,3520****,8952****,8285****,240-01,240-01,3G
240,1,24001,6444****,9131****,3577****,240-01,240-01,3G
240,1,24001,6694****,7848****,4902****,240-01,240-01,5G
240,1,24001,9334****,7786****,5656****,240-01,240-01,5G
240,1,24001,6775****,7890****,7659****,240-01,240-01,4G
240,1,24001,5326****,9856****,2078****,240-01,240-01,4G
240,1,24001,9391****,7419****,1764****,240-01,240-01,4G
240,1,24001,3298****,5837****,7505****,240-01,240-01,4G
240,1,24001,3146****,2353****,7442****,240-01,240-01,5G
240,1,24001,3757****,5477****,5166****,240-01,240-01,5G
240,1,24001,2606****,8710****,9125****,240-01,240-01,4G
240,1,24001,5495****,1601****,1166****,240-01,240-01,4G
240,1,24001,9089****,4491****,8674****,240-01,240-01,5G
240,1,24001,6034****,9134****,9127****,240-01,240-01,5G
240,1,24001,6468****,5948****,4354****,240-01,240-01,5G
240,1,24001,3910****,9942****,7433****,240-01,240-01,5G
240,1,24001,3942****,7024****,2401****,240-01,240-01,4G
240,1,24001,7957****,7049****,3961****,240-01,240-01,4G
240,1,24001,8487****,8716****,7370****,240-01,240-01,3G
240,1,24001,6633****,2021****,6191****,240-01,240-01,3G
240,1,24001,1857****,4698****,9238****,240-01,240-01,3G
240,1,24001,8148****,4660****,8846****,240-01,240-01,3G
240,1,24001,8449****,3532****,6334****,240-01,240-01,3G
240,1,24001,6169****,5383****,2208****,240-01,240-01,3G
240,1,24001,2618****,2033****,7625****,240-01,240-01,4G
240,1,24001,7409****,6909****,7955****,240-01,240-01,4G
240,1,24001,6592****,3711****,1632****,240-01,240-01,3G
240,1,24001,3871****,8589****,7130****,240-01,240-01,3G
240,1,24001,7943****,8716****,7992****,240-01,240-01,3G
240,1,24001,6981****,6019****,7474****,240-01,240-01,3G
240,1,24001,1208****,1481****,4157****,240-01,240-01,3G
240,1,24001,7209****,9302****,2615****,240-01,240-01,3G
240,1,24001,1064****,1992****,7832****,240-01,240-01,3G
240,1,24001,3878****,6299****,1960****,240-01,240-01,3G
240,1,24001,9222****,8745****,1355****,240-01,240-01,5G
240,1,24001,4010****,2927****,3040****,240-01,240-01,5G
240,1,24001,5451****,6597****,1419****,240-01,240-01,3G
240,1,24001,6355****,6934****,1925****,240-01,240-01,3G
240,1,24001,5752****,8001****,5182****,240-01,240-01,4G
240,1,24001,3812****,2681****,8864****,240-01,240-01,4G
240,1,24001,1492****,9604****,8694****,240-01,240-01,3G
240,1,24001,9392****,6444****,7268****,240-01,240-01,3G
240,1,24001,6791****,1570****,3457****,240-01,240-01,4G
240,1,24001,5224****,7238****,5697****,240-01,240-01,4G
240,1,24001,7871****,6574****,3893****,240-01,240-01,3G
240,1,24001,2921****,3387****,3127****,240-01,240-01,3G
240,1,24001,9245****,9525****,8669****,240-01,240-01,5G
240,1,24001,6125****,1675****,1658****,240-01,240-01,5G
240,1,24001,2562****,3698****,5200****,240-01,240-01,3G
240,1,24001,1483****,9963****,7177****,240-01,240-01,3G
240,1,24001,7283****,4391****,5849****,240-01,240-01,3G
240,1,24001,7438****,8012****,1120****,240-01,240-01,3G
240,1,24001,3499****,1382****,8546****,240-01,240-01,5G
240,1,24001,9385****,7623****,6308****,240-01,240-01,5G
240,1,24001,1043****,5651****,4329****,240-01,240-01,4G
240,1,24001,8135****,7364****,4270****,240-01,240-01,4G
240,1,24001,5025****,3154****,2977****,240-01,240-01,3G
240,1,24001,7134****,1022****,6139****,240-01,240-01,3G
240,1,24001,9596****,8968****,9785****,240-01,240-01,4G
240,1,24001,3561****,8243****,9459****,240-01,240-01,4G
240,1,24001,1502****,8865****,4369****,240-01,240-01,3G
240,1,24001,8419****,1145****,1057****,240-01,240-01,3G
240,1,24001,1275****,9557****,2565****,240-01,240-01,3G
240,1,24001,3827****,3049****,9982****,240-01,240-01,3G
240,1,24001,7355****,9732****,1110****,240-01,240-01,3G
240,1,24001,4576****,1465****,9303****,240-01,240-01,3G
240,1,24001,1649****,2652****,6526****,240-01,240-01,5G
240,1,24001,3983****,2616****,3407****,240-01,240-01,5G
240,1,24001,6494****,6906****,1753****,240-01,240-01,3G
240,1,24001,6345****,2646****,1791****,240-01,240-01,3G
240,1,24001,9512****,3278****,4457****,240-01,240-01,4G
240,1,24001,4826****,4217****,4498****,240-01,240-01,4G
240,1,24001,7634****,9683****,8980****,240-01,240-01,5G
240,1,24001,3115****,5136****,5618****,240-01,240-01,5G
240,1,24001,6775****,7689****,8769****,240-01,240-01,5G
240,1,24001,9110****,8639****,4342****,240-01,240-01,5G
240,1,24001,4335****,1180****,4394****,240-01,240-01,3G
240,1,24001,5749****,6449****,1371****,240-01,240-01,3G
240,1,24001,6201****,6996****,9132****,240-01,240-01,4G
240,1,24001,4589****,4662****,2415****,240-01,240-01,4G
240,1,24001,6474****,2924****,9996****,240-01,240-01,4G
240,1,24001,2557****,4671****,8267****,240-01,240-01,4G
240,1,24001,3144****,1026****,8673****,240-01,240-01,4G
240,1,24001,6512****,2498****,8174****,240-01,240-01,4G
240,1,24001,8981****,5753****,7765****,240-01,240-01,5G
240,1,24001,6325****,7600****,1353****,240-01,240-01,5G
240,1,24001,7312****,1349****,4925****,240-01,240-01,3G
240,1,24001,7183****,5394****,6831****,240-01,240-01,3G
240,1,24001,1505****,8774****,6979****,240-01,240-01,4G
240,1,24001,6802****,6742****,7417****,240-01,240-01,4G
240,1,24001,5406****,9590****,2188****,240-01,240-01,4G
240,1,24001,2269****,3845****,5857****,240-01,240-01,4G
240,1,24001,6459****,4527****,6593****,240-01,240-01,4G
240,1,24001,4663****,2113****,7240****,240-01,240-01,4G
240,1,24001,2033****,6954****,4859****,240-01,240-01,5G
240,1,24001,1969****,4447****,6277****,240-01,240-01,5G
240,1,24001,2828****,3953****,8687****,240-01,240-01,4G
240,1,24001,5658****,1516****,3103****,240-01,240-01,4G
240,1,24001,8136****,2432****,7613****,240-01,240-01,3G
240,1,24001,4311****,8545****,2372****,240-01,240-01,3G
240,1,24001,9942****,9490****,4038****,240-01,240-01,4G
240,1,24001,1591****,6419****,8644****,240-01,240-01,4G
240,1,24001,1921****,5725****,9441****,240-01,240-01,5G
240,1,24001,7811****,5408****,9041****,240-01,240-01,5G
240,1,24001,9213****,1896****,2344****,240-01,240-01,5G
240,1,24001,6742****,7847****,3873****,240-01,240-01,5G
240,1,24001,6908****,6137****,5043****,240-01,240-01,3G
240,1,24001,8209****,9667****,1373****,240-01,240-01,3G
240,1,24001,9609****,4465****,4475****,240-01,240-01,5G
240,1,24001,7348****,9719****,5941****,240-01,240-01,5G
240,1,24001,1926****,7030****,5723****,240-01,240-01,5G
240,1,24001,2167****,7025****,8415****,240-01,240-01,5G
240,1,24001,7852****,4174****,4176****,240-01,240-01,4G
240,1,24001,2831****,2710****,4850****,240-01,240-01,4G
240,1,24001,1934****,8320****,8207****,240-01,240-01,5G
240,1,24001,9854****,8862****,8364****,240-01,240-01,5G
240,1,24001,1473****,8036****,3078****,240-01,240-01,3G
240,1,24001,4047****,1364****,1170****,240-01,240-01,3G
240,1,24001,7777****,2915****,4978****,240-01,240-01,3G
240,1,24001,7895****,6645****,5038****,240-01,240-01,3G
240,1,24001,3919****,3825****,1558****,240-01,240-01,3G
240,1,24001,8126****,3607****,3843****,240-01,240-01,3G
240,1,24001,8943****,8307****,5320****,240-01,240-01,3G
240,1,24001,7089****,8377****,1067****,240-01,240-01,3G
240,1,24001,5361****,9559****,2800****,240-01,240-01,3G
240,1,24001,1842****,7194****,5950****,240-01,240-01,3G
240,1,24001,7398****,1213****,1500****,240-01,240-01,4G
240,1,24001,4541****,5051****,1530****,240-01,240-01,4G
240,1,24001,5491****,7601****,2125****,240-01,240-01,4G
240,1,24001,2986****,5828****,2712****,240-01,240-01,4G
240,1,24001,5807****,4073****,2018****,240-01,240-01,4G
240,1,24001,7633****,5988****,2737****,240-01,240-01,4G
240,1,24001,8583****,7235****,4770****,240-01,240-01,3G
240,1,24001,3720****,7755****,6963****,240-01,240-01,3G
240,1,24001,3504****,3960****,3474****,240-01,240-01,3G
240,1,24001,4449****,3270****,3391****,240-01,240-01,3G
240,1,24001,4885****,8818****,3453****,240-01,240-01,3G
240,1,24001,2353****,4147****,5323****,240-01,240-01,3G
240,1,24001,7968****,9620****,2082****,240-01,240-01,3G
240,1,24001,2180****,9125****,5148****,240-01,240-01,3G
240,1,24001,4079****,2365****,1854****,240-01,240-01,4G
240,1,24001,1835****,8461****,2436****,240-01,240-01,4G
240,1,24001,4437****,4801****,4992****,240-01,240-01,3G
240,1,24001,2186****,5816****,2830****,240-01,240-01,3G
240,1,24001,7602****,7003****,4267****,240-01,240-01,5G
240,1,24001,8727****,7101****,7356****,240-01,240-01,5G
240,1,24001,3837****,7816****,1042****,240-01,240-01,4G
240,1,24001,7311****,7786****,1671****,240-01,240-01,4G
240,1,24001,1306****,2290****,8711****,240-01,240-01,3G
240,1,24001,7176****,5827****,5444****,240-01,240-01,3G
240,1,24001,7280****,7230****,5042****,240-01,240-01,3G
240,1,24001,9867****,5434****,5388****,240-01,240-01,3G
240,1,24001,5051****,1791****,9845****,240-01,240-01,4G
240,1,24001,1988****,6223****,4628****,240-01,240-01,4G
240,1,24001,1454****,3353****,4108****,240-01,240-01,4G
240,1,24001,6234****,4181****,7640****,240-01,240-01,4G
240,1,24001,3725****,6286****,6961****,240-01,240-01,3G
240,1,24001,3050****,2932****,4705****,240-01,240-01,3G
240,1,24001,3524****,2974****,6872****,240-01,240-01,5G
240,1,24001,5547****,3966****,4638****,240-01,240-01,5G
240,1,24001,5535****,4435****,6462****,240-01,240-01,5G
240,1,24001,6865****,2219****,6257****,240-01,240-01,5G
240,1,24001,2427****,4652****,9164****,240-01,240-01,3G
240,1,24001,9668****,5418****,7086****,240-01,240-01,3G
240,1,24001,5080****,3491****,4751****,240-01,240-01,4G
240,1,24001,1041****,7516****,4891****,240-01,240-01,4G
240,1,24001,2039****,3517****,3266****,240-01,240-01,5G
240,1,24001,4652****,7820****,2081****,240-01,240-01,5G
240,1,24001,6208****,3623****,4782****,240-01,240-01,4G
240,1,24001,6955****,6910****,6786****,240-01,240-01,4G
240,1,24001,7356****,2708****,3329****,240-01,240-01,3G
240,1,24001,3909****,1372****,1714****,240-01,240-01,3G
240,1,24001,7657****,6278****,7146****,240-01,240-01,4G
240,1,24001,6607****,5847****,2604****,240-01,240-01,4G
240,1,24001,9682****,7010****,3935****,240-01,240-01,5G
240,1,24001,3381****,4288****,7562****,240-01,240-01,5G
240,1,24001,7681****,3527****,4717****,240-01,240-01,4G
240,1,24001,4471****,8795****,4511****,240-01,240-01,4G
240,1,24001,8591****,3813****,2605****,240-01,240-01,5G
240,1,24001,2412****,4472****,6676****,240-01,240-01,5G
240,1,24001,3442****,1518****,9401****,240-01,240-01,3G
240,1,24001,8772****,2778****,9941****,240-01,240-01,3G
240,1,24001,9396****,7961****,9427****,240-01,240-01,5G
240,1,24001,9936****,4315****,9962****,240-01,240-01,5G
240,1,24001,6556****,9614****,3838****,240-01,240-01,5G
240,1,24001,2658****,2757****,6704****,240-01,240-01,5G
240,1,24001,8101****,1972****,9552****,240-01,240-01,5G
240,1,24001,8627****,9694****,6900****,240-01,240-01,5G
240,1,24001,6287****,5870****,5967****,240-01,240-01,3G
240,1,24001,4426****,2190****,6892****,240-01,240-01,3G
240,1,24001,2364****,2043****,1167****,240-01,240-01,4G
240,1,24001,7103****,6149****,4236****,240-01,240-01,4G
240,1,24001,9333****,6587****,1398****,240-01,240-01,4G
240,1,24001,9767****,9140****,7523****,240-01,240-01,4G
240,1,24001,1612****,8627****,5884****,240-01,240-01,5G
240,1,24001,2821****,1242****,9925****,240-01,240-01,5G
240,1,24001,3456****,3406****,3767****,240-01,240-01,4G
240,1,24001,2225****,4765****,6395****,240-01,240-01,4G
240,1,24001,5924****,4812****,7930****,240-01,240-01,3G
240,1,24001,1623****,7299****,2043****,240-01,240-01,3G
240,1,24001,9538****,3596****,4446****,240-01,240-01,5G
240,1,24001,2192****,2461****,2217****,240-01,240-01,5G
240,1,24001,6770****,9642****,1737****,240-01,240-01,3G
240,1,24001,8355****,6783****,4152****,240-01,240-01,3G
240,1,24001,8097****,7345****,8323****,240-01,240-01,5G
240,1,24001,1559****,7473****,3670****,240-01,240-01,5G
240,1,24001,3454****,8362****,6282****,240-01,240-01,3G
240,1,24001,2915****,9415****,5511****,240-01,240-01,3G
240,1,24001,8782****,6042****,5165****,240-01,240-01,4G
240,1,24001,1735****,5702****,7366****,240-01,240-01,4G
240,1,24001,1133****,8335****,6612****,240-01,240-01,5G
240,1,24001,8943****,3667****,1281****,240-01,240-01,5G
240,1,24001,3311****,5642****,2476****,240-01,240-01,5G
240,1,24001,5469****,2917****,3112****,240-01,240-01,5G
240,1,24001,2324****,2483****,2200****,240-01,240-01,3G
240,1,24001,4610****,9900****,8313****,240-01,240-01,3G
240,1,24001,9013****,5996****,3741****,240-01,240-01,5G
240,1,24001,5167****,8752****,7950****,240-01,240-01,5G
240,1,24001,1938****,3678****,3313****,240-01,240-01,3G
240,1,24001,9101****,8978****,1931****,240-01,240-01,3G
240,1,24001,5755****,6870****,3363****,240-01,240-01,4G
240,1,24001,5544****,2108****,7605****,240-01,240-01,4G
240,1,24001,4423****,2945****,4101****,240-01,240-01,5G
240,1,24001,5595****,8830****,3622****,240-01,240-01,5G
240,1,24001,8130****,9145****,9998****,240-01,240-01,4G
240,1,24001,1510****,1236****,3856****,240-01,240-01,4G
240,1,24001,9534****,8431****,6875****,240-01,240-01,3G
240,1,24001,2432****,2168****,9911****,240-01,240-01,3G
240,1,24001,6050****,7961****,6318****,240-01,240-01,5G
240,1,24001,9681****,9579****,3076****,240-01,240-01,5G
240,1,24001,9370****,7871****,9419****,240-01,240-01,4G
240,1,24001,8432****,9700****,1139****,240-01,240-01,4G
240,1,24001,6387****,3730****,2580****,240-01,240-01,4G
240,1,24001,7676****,5454****,7515****,240-01,240-01,4G
240,1,24001,7689****,1420****,8577****,240-01,240-01,4G
240,1,24001,5589****,1068****,5566****,240-01,240-01,4G
240,1,24001,5399****,2591****,3419****,240-01,240-01,5G
240,1,24001,9310****,1630****,4638****,240-01,240-01,5G
240,1,24001,9429****,3069****,7942****,240-01,240-01,3G
240,1,24001,6456****,2297****,5151****,240-01,240-01,3G
240,1,24001,6149****,6385****,9515****,240-01,240-01,5G
240,1,24001,4101****,2922****,9647****,240-01,240-01,5G
240,1,24001,7655****,1656****,8054****,240-01,240-01,4G
240,1,24001,7613****,3075****,5462****,240-01,240-01,4G
240,1,24001,2953****,8410****,4452****,240-01,240-01,5G
240,1,24001,8778****,8152****,5571****,240-01,240-01,5G
240,1,24001,9930****,8582****,9220****,240-01,240-01,5G
240,1,24001,9771****,7923****,9453****,240-01,240-01,5G
240,1,24001,4113****,2613****,1370****,240-01,240-01,3G
240,1,24001,4012****,1884****,7132****,240-01,240-01,3G
240,1,24001,9403****,5203****,1622****,240-01,240-01,5G
240,1,24001,2552****,3541****,6786****,240-01,240-01,5G
240,1,24001,4751****,7090****,7451****,240-01,240-01,3G
240,1,24001,4364****,4115****,9206****,240-01,240-01,3G
240,1,24001,8881****,2188****,7959****,240-01,240-01,4G
240,1,24001,4153****,4708****,6340****,240-01,240-01,4G
240,1,24001,8470****,9890****,6385****,240-01,240-01,3G
240,1,24001,5017****,6280****,7574****,240-01,240-01,3G
240,1,24001,1946****,3892****,7410****,240-01,240-01,4G
240,1,24001,3606****,2143****,4339****,240-01,240-01,4G
240,1,24001,5382****,9851****,3250****,240-01,240-01,5G
240,1,24001,6380****,4298****,9582****,240-01,240-01,5G
240,1,24001,4407****,2009****,6760****,240-01,240-01,3G
240,1,24001,9236****,1411****,8040****,240-01,240-01,3G
240,1,24001,2740****,3771****,4244****,240-01,240-01,4G
240,1,24001,4649****,2763****,1748****,240-01,240-01,4G
240,1,24001,3246****,5736****,2148****,240-01,240-01,5G
240,1,24001,3655****,4268****,5766****,240-01,240-01,5G
240,1,24001,8989****,8575****,6676****,240-01,240-01,3G
240,1,24001,2924****,2375****,9610****,240-01,240-01,3G
240,1,24001,3341****,2416****,6355****,240-01,240-01,5G
240,1,24001,1374****,9880****,1371****,240-01,240-01,5G
240,1,24001,9733****,7168****,3607****,240-01,240-01,3G
240,1,24001,1686****,6617****,4350****,240-01,240-01,3G
240,1,24001,3814****,7895****,4138****,240-01,240-01,4G
240,1,24001,9252****,7063****,3808****,240-01,240-01,4G
240,1,24001,1617****,5603****,9046****,240-01,240-01,5G
240,1,24001,4139****,2003****,4099****,240-01,240-01,5G
240,1,24001,7433****,6891****,7119****,240-01,240-01,4G
240,1,24001,4372****,7598****,7914****,240-01,240-01,4G
240,1,24001,7129****,8985****,1940****,240-01,240-01,4G
240,1,24001,5210****,1366****,5059****,240-01,240-01,4G
240,1,24001,6923****,4863****,3443****,240-01,240-01,3G
240,1,24001,2364****,9892****,9672****,240-01,240-01,3G
240,1,24001,4294****,8458****,9195****,240-01,240-01,3G
240,1,24001,7739****,2528****,2810****,240-01,240-01,3G
240,1,24001,4793****,1382****,6799****,240-01,240-01,3G
240,1,24001,4531****,9218****,2074****,240-01,240-01,3G
240,1,24001,5698****,7563****,4430****,240-01,240-01,5G
240,1,24001,7978****,4476****,7275****,240-01,240-01,5G
240,1,24001,8788****,2751****,6141****,240-01,240-01,3G
240,1,24001,9688****,1486****,1178****,240-01,240-01,3G
240,1,24001,6578****,7395****,7299****,240-01,240-01,3G
240,1,24001,8635****,3115****,2590****,240-01,240-01,3G
240,1,24001,1059****,9578****,3385****,240-01,240-01,3G
240,1,24001,4486****,8659****,6171****,240-01,240-01,3G
240,1,24001,3002****,3016****,1553****,240-01,240-01,4G
240,1,24001,4316****,2352****,1321****,240-01,240-01,4G
240,1,24001,3610****,1559****,8724****,240-01,240-01,4G
240,1,24001,6943****,3806****,3370****,240-01,240-01,4G
240,1,24001,8319****,5402****,3117****,240-01,240-01,4G
240,1,24001,8769****,6358****,8396****,240-01,240-01,4G
240,1,24001,1419****,5804****,1657****,240-01,240-01,3G
240,1,24001,7554****,9839****,5757****,240-01,240-01,3G
240,1,24001,7424****,2507****,2359****,240-01,240-01,3G
240,1,24001,7243****,4100****,5016****,240-01,240-01,3G
240,1,24001,4858****,1781****,5530****,240-01,240-01,4G
240,1,24001,8684****,6769****,9812****,240-01,240-01,4G
240,1,24001,4136****,3812****,5926****,240-01,240-01,3G
240,1,24001,7380****,1274****,6377****,240-01,240-01,3G
240,1,24001,3800****,9987****,4726****,240-01,240-01,5G
240,1,24001,5277****,1946****,1403****,240-01,240-01,5G
240,1,24001,2395****,1174****,3855****,240-01,240-01,4G
240,1,24001,2029****,7412****,7130****,240-01,240-01,4G
