Real_Name,MSISDN,Known_TAC,Known_LAI,Known_Network
Brenda Garcia,46731177942,35885697,240-83-3391,4G
Lori Mathis,46745103852,86734042,240-21-1987,5G
Samantha Williams,46778259018,86633530,240-83-5636,5G
Jessica Ochoa,46747286853,86857207,240-71-7308,5G
Theresa Brooks,46717953224,35780460,240-84-5300,4G
Jason Lloyd,46728291317,86561693,240-80-5994,5G
Rhonda Oconnell,46728754772,86547487,240-25-5938,5G
Amanda Brown,46742606194,35510945,240-41-3340,4G
Diana Lee,46716602065,10932403,240-33-8700,3G
Mary Jones,46738381583,35811512,240-23-5361,4G
Kelly Hanna,46722051187,35352915,240-10-2169,4G
Brittany Delgado,46790440554,10338365,240-42-3743,3G
Lee Rivera,46740218173,86656159,240-70-5816,5G
Angela Fisher,46776803057,86599060,240-65-3771,5G
Russell Carlson,46752654079,35635728,240-79-2441,4G
Michael Hester,46759621627,86491705,240-51-9408,4G
Stephen Foster,46753606201,10903016,240-46-9225,3G
Lisa Bush,46735192630,86407507,240-82-8128,4G
Cynthia Riddle,46773111647,10421178,240-60-1838,3G
Christopher Brown,46730606546,10209746,240-39-7465,3G
Norma Hall,46716894604,10370565,240-33-9626,3G
Megan Russell,46733685747,35228576,240-86-6530,4G
Sherry Caldwell,46739263888,35231758,240-69-6352,4G
Paul Zamora,46739418361,35902411,240-53-4333,4G
Brian Carey,46791081272,35636778,240-96-1980,4G
Kyle Carter,46714599945,86015950,240-57-5502,5G
James Williams,46771818464,10880219,240-74-1602,3G
Nicholas Hunter,46772196811,35205399,240-91-8115,4G
Mariah Fisher,46737148868,10219526,240-62-2380,3G
Hunter Reed,46772922693,35861071,240-23-6676,4G
Joseph Huffman,46789590438,35857463,240-22-2798,4G
George Hall,46726613311,10236371,240-19-7305,3G
Timothy Ellis,46796390821,10191901,240-54-8737,3G
Cody Kelley,46740479362,35263456,240-21-1957,4G
Mckenzie Smith,46765720651,35725956,240-49-2895,4G
Ashley Mcconnell,46770084445,86579389,240-88-4174,5G
Sherry Thomas,46782545191,86446967,240-88-7520,5G
Dominique Bailey,46778092995,35218811,240-54-5370,4G
Anna Nelson,46753802064,86578621,240-81-7125,5G
Dr. April Young,46762842611,35948319,240-44-9401,4G
Cody Jones,46799696866,35237069,240-89-5524,4G
Travis Martin,46711931886,86442333,240-10-8017,4G
Christopher Maxwell,46720412739,10733442,240-24-3298,3G
Kenneth Vazquez,46757797058,86265321,240-90-8611,4G
Mr. Benjamin Espinoza,46758059510,35467876,240-55-4122,4G
Fernando Colon,46744798323,35459488,240-72-3487,4G
Tanner Carr,46728173383,35003743,240-92-5090,4G
Justin Smith,46796887450,35755772,240-25-2224,4G
Jason Jones,46747594621,10597438,240-42-8226,3G
Mark Mitchell,46795369513,10826102,240-38-3073,3G
Patrick Smith,46713757974,35604055,240-19-3832,4G
Brenda Schwartz,46753280100,86916995,240-39-6518,5G
Lisa Shelton,46743957412,10338113,240-10-9392,3G
Jamie Gomez,46727684867,35956100,240-95-3956,4G
John Scott,46750473321,35963152,240-11-8083,4G
Rodney Jones,46785476267,86729762,240-74-3811,5G
Amy Thomas,46739453248,10200065,240-78-9431,3G
Brandi Perez,46731726243,35155801,240-88-1167,4G
Katherine Anderson,46770237172,35396420,240-78-1815,4G
John Key,46729507652,86366727,240-63-8890,4G
Edward Wallace,46737668708,35094488,240-72-8522,4G
Amy Murillo,46730719703,35287401,240-29-2521,4G
Richard Jackson,46759598159,10868266,240-22-6924,3G
James Garrett,46725398989,10365677,240-85-8230,3G
Richard Pollard,46766072766,86755328,240-19-6327,5G
Randy Costa,46714153568,86954136,240-11-2677,5G
Edward Knight,46768617166,35625980,240-54-8758,4G
Gina Ingram,46731068700,35694252,240-65-1064,4G
Marcus Shaffer,46761487037,86594598,240-23-3315,5G
Matthew Thompson,46752075044,35288169,240-37-1011,4G
Amanda Clark,46764158919,10424429,240-63-7654,3G
David Smith,46781930563,86942791,240-83-4160,5G
Kevin Bell,46797609350,86784792,240-44-1900,5G
Cynthia Ochoa,46757712854,35308995,240-14-9963,4G
Ronald Jones,46717876290,86220806,240-74-6289,5G
Alicia Chapman,46781981074,86935266,240-33-7155,5G
Dr. Melissa Wise,46732990567,35080986,240-61-7392,4G
Stephanie Martinez,46790887070,35414787,240-22-4041,4G
Lauren Mccoy,46715168394,35654299,240-95-6768,4G
Cindy Wagner,46747461463,86275490,240-93-6607,5G
Andrea Dean,46761017938,10384096,240-27-4918,3G
Lisa Cooper,46713801082,35728734,240-62-8939,4G
Bradley Booth,46760635995,86164336,240-52-4982,5G
Melvin Harvey,46782166611,35942850,240-51-3825,4G
Sharon Oconnor,46759570765,35072258,240-51-5231,4G
Laurie Reed,46782016897,86754381,240-22-6870,5G
Beth Lee,46756054775,35507438,240-97-5864,4G
Nathan Mays,46765098996,35572212,240-95-9801,4G
Sherry Larson,46738093327,35207849,240-65-6698,4G
Russell Mcdonald,46751374258,35513498,240-52-3663,4G
Jason Ward,46766790744,86039162,240-86-5584,5G
Sheila Edwards,46759044237,86447021,240-46-9879,4G
Teresa Odom,46773976112,86120992,240-91-8247,4G
Russell Fuller,46728004582,35431971,240-65-8106,4G
Lisa Gaines,46766435510,35353842,240-82-4843,4G
Wayne Long,46744457693,86066412,240-69-1613,5G
Jenny Garza,46760753840,86069603,240-36-7838,5G
Harold Stephens,46790458257,35082102,240-93-2931,4G
Andrea Thomas,46744916702,35680722,240-24-9561,4G
Rebecca Santos,46766322746,10996023,240-34-6166,3G
Cheryl Lopez,46748097141,86294065,240-68-4196,5G
Maria Pope,46787890652,86936557,240-15-8904,4G
Kurt Bradley,46726007195,86702275,240-14-8394,4G
Thomas Arnold MD,46773708367,10885868,240-30-8560,3G
Debra Perry,46757610310,86669471,240-75-2506,5G
Jennifer Heath,46733895871,10740712,240-75-2280,3G
Linda Miller,46731823885,35500428,240-71-1006,4G
James Floyd,46724254771,35359336,240-85-8649,4G
Jane Gonzalez,46741955669,35159765,240-48-4216,4G
Grace Stewart,46743322879,86540909,240-82-9121,4G
Debra Chan,46783395204,10935450,240-78-8854,3G
Trevor Torres,46729690454,35743351,240-83-3859,4G
Rebecca Moore,46799347371,10967051,240-60-1735,3G
Shannon English,46752704694,10124451,240-38-2843,3G
Laura Sellers,46712431608,35154737,240-39-1141,4G
Steven Deleon,46758849762,35255694,240-69-6525,4G
Christopher Smith,46761592034,35627769,240-64-9311,4G
Matthew Roach,46719625105,10567829,240-30-9789,3G
David Garza,46717327065,35990602,240-28-1368,4G
James Taylor,46779377178,35584827,240-91-2989,4G
Keith Myers,46780560139,35272394,240-14-3828,4G
Rachel Ruiz,46782516244,35926774,240-26-1330,4G
George Hickman,46723902543,10451332,240-61-8544,3G
Alexandria Johnson,46798213279,10985470,240-54-3023,3G
John Stephenson,46715099136,10091822,240-77-6349,3G
Angela Mcdonald,46713762288,35965475,240-65-3131,4G
Lee Moody,46747472571,10306932,240-74-6190,3G
Jonathan King,46787432883,35997899,240-11-8137,4G
Ann Merritt,46761954211,10106102,240-64-8776,3G
Dawn Collins,46774372325,35566713,240-91-3232,4G
Nicholas West,46748294580,86526748,240-97-9638,4G
Amy Brown,46787915883,10707502,240-29-2453,3G
Donna Harper,46739168602,35115623,240-55-7568,4G
Nathan Cruz,46736048142,35164251,240-51-6110,4G
Paula Weber,46764030035,86102837,240-22-1092,5G
Mary Thompson,46791444680,35612971,240-66-4178,4G
Matthew Evans,46729676539,35955375,240-34-7872,4G
Angela Cole,46764665685,86230214,240-97-5317,5G
William Wilcox,46759643686,35484143,240-21-4343,4G
Danielle Anderson,46777426016,10404311,240-75-1157,3G
Nathan Dunlap,46741543745,35621904,240-27-4528,4G
Steven Gregory,46744898393,10766334,240-68-3614,3G
Erica Medina,46756147430,35216769,240-86-2745,4G
Aaron Wilson,46748149359,86038233,240-16-1934,5G
Susan Torres DVM,46777157512,35662038,240-35-7097,4G
Angela Chapman,46791148505,35179194,240-36-2161,4G
Amanda Bishop,46766159354,35466102,240-42-5290,4G
Danielle Mathis,46792905626,86188210,240-98-4574,5G
Anthony Hunter,46756622651,35799904,240-19-2152,4G
Adam Johnston,46793298817,86908858,240-54-2172,5G
Timothy Blair,46791392014,35775196,240-19-5082,4G
Sarah Daniels,46747214417,35742406,240-59-9954,4G
Andrew Rodriguez,46753420892,86109079,240-23-7643,5G
Kiara Hayes,46777050728,10873997,240-14-8041,3G
Jennifer Nguyen,46716378298,86183707,240-91-8938,4G
Mary Smith,46730515134,35965701,240-17-4239,4G
Henry Perkins,46717023281,35493259,240-87-1407,4G
Tiffany Bass,46781816397,10151688,240-31-4368,3G
James Hopkins,46746635794,35656521,240-40-1287,4G
Michael Shaw,46785182718,35414330,240-68-7570,4G
Bryan Smith,46740685255,86601309,240-42-8574,4G
Gabriela Graham,46795112722,35865041,240-60-1740,4G
Paige Lucas,46710188722,35822551,240-47-7968,4G
Jonathan Cobb,46733302929,86295103,240-28-8141,4G
Mary Garrett,46746449346,35809721,240-18-6524,4G
Jose Barton,46793144787,86054153,240-23-5367,5G
Jennifer Cook,46770626565,10170938,240-74-4692,3G
Samantha Reid DDS,46787642269,86073870,240-27-7297,5G
Luke Martin,46796265173,10751259,240-33-4081,3G
Kevin Mata,46790535968,35677563,240-30-4392,4G
Valerie Daniels,46798073522,35456243,240-48-6080,4G
Anne Davis,46753462163,35984662,240-18-4526,4G
Shelly Morgan,46771676521,10842021,240-67-1872,3G
Dawn Torres,46723255945,35881601,240-15-3913,4G
Sandra Reyes,46714600108,35865962,240-32-4432,4G
Katherine Foley,46792304617,35804114,240-81-7338,4G
Kathleen Lucero,46787335397,35648776,240-73-7564,4G
Seth Torres,46766727775,35710261,240-95-2920,4G
Paul Hays,46795029509,86549610,240-68-1193,5G
Christine Smith,46722309320,10886534,240-80-2532,3G
Samantha Terry,46747749171,86637776,240-46-8122,4G
Timothy Lewis,46757796082,35695204,240-21-3276,4G
Vincent Kelley,46762477591,86971271,240-69-8963,4G
Tony Williams,46785302285,35738757,240-25-3962,4G
Latoya Herman,46796773011,35875619,240-27-7214,4G
Meghan Gordon,46732632535,35390452,240-82-4805,4G
Jennifer Sullivan,46720284396,86606731,240-59-3898,5G
Andrea Hayes,46771223781,35246328,240-60-7732,4G
Kevin Schwartz,46733367643,86079606,240-31-2242,5G
Joshua Frost,46744447883,86531197,240-98-8539,4G
Rebecca Whitehead,46765181314,10475083,240-76-3568,3G
Debra Evans,46732308361,86599340,240-60-3258,5G
Thomas Gonzalez,46712834845,86939809,240-56-3479,5G
John Walton,46734661735,35772555,240-12-7336,4G
Sheri Bond,46732023432,10235148,240-59-9728,3G
Manuel Smith,46783195404,35836507,240-88-5468,4G
Whitney Berry,46760152688,10095256,240-41-1671,3G
Mary Nash,46756404773,35406782,240-21-7856,4G
Michael White,46789535127,10774806,240-92-2248,3G
Robert Mueller,46748070457,35832494,240-34-1782,4G
Christian Page,46720695009,86732898,240-71-7354,5G
John Marshall,46729313731,10284949,240-13-8084,3G
Darren Smith,46717391037,86401975,240-67-1731,5G
Karen Wiley,46736293611,86909210,240-56-6877,5G
David Myers,46724509187,10487462,240-45-5186,3G
Jacob Mason,46777990534,35040887,240-18-6121,4G
Stephen Whitehead,46780585944,86919434,240-36-2244,5G
Johnny Young,46789938177,86163403,240-52-8796,4G
Johnny Evans,46775550472,35725570,240-62-8825,4G
Jessica Mcdonald,46796855708,86415336,240-47-2837,5G
Heather Richardson,46755200235,86503579,240-67-3689,5G
Benjamin French,46758914613,35925911,240-75-3052,4G
Timothy King,46725814828,35061629,240-22-4072,4G
Stacey Hurst,46745120228,86703374,240-77-2638,5G
Samantha Suarez,46763794886,35201948,240-22-4366,4G
Daniel Webster,46721293033,35065768,240-45-6155,4G
Anthony Thompson,46733508102,86400109,240-76-9050,4G
Debbie Bailey,46777018374,86337429,240-92-2129,5G
Angela Molina,46719158195,35818333,240-84-7263,4G
Ashley Murray,46715911562,35120388,240-51-1138,4G
Sheri Diaz,46735034110,86533006,240-46-6928,5G
Dana Figueroa,46749830921,10288863,240-32-2011,3G
Christopher Lopez,46764908714,35567892,240-12-9152,4G
Kelly Gamble,46774042663,35609807,240-79-2993,4G
Nathan Gordon,46738006513,35671147,240-98-1929,4G
Tasha Waller,46787452670,35333384,240-45-9052,4G
Monique Adkins,46728866544,35198689,240-96-9438,4G
Sharon Ryan,46797613995,35699866,240-55-2510,4G
Michael Dean,46764488973,86199533,240-22-5507,5G
Laurie Horn,46754975402,35538938,240-78-9488,4G
Sarah Price,46752714708,86287312,240-33-2301,5G
Troy Combs,46760443683,35865144,240-72-2556,4G
Michelle Garcia,46727457743,86175786,240-56-5482,5G
Gina Moore,46760983538,86990587,240-82-5899,5G
Sandra Buck,46751604923,35496085,240-19-2791,4G
Stephanie Ochoa,46752023334,10515303,240-29-8026,3G
David Cortez,46759879509,35271881,240-73-1237,4G
David Fleming,46739636340,10500977,240-68-6364,3G
Tina Charles,46710394490,86131404,240-48-4398,5G
Brandy Hooper,46732178434,35122409,240-10-5488,4G
Shannon Cook,46749082618,35047114,240-80-2387,4G
Chad Price,46762485490,86236424,240-37-1920,5G
Melissa Adams,46720401421,86684524,240-55-8506,4G
James Mason,46718379482,35812002,240-22-9002,4G
Regina Wilson,46745318087,10372332,240-43-3015,3G
Mr. Willie Eaton,46771263884,35235068,240-52-6392,4G
Ashley Castaneda,46727548495,10250768,240-28-4883,3G
Patricia Marquez,46716932342,35632439,240-90-8007,4G
Timothy Bradley,46769147144,35397172,240-30-9462,4G
John Reese,46761380672,35167732,240-78-2740,4G
Sherry Patrick,46722571435,35086390,240-32-4766,4G
Christopher Morrow,46710343045,35851965,240-18-9557,4G
Marie Gibson,46728678239,10965666,240-39-1829,3G
Sergio Brown,46759353917,35206639,240-29-9172,4G
Andrew Henson,46733362275,86307183,240-62-6834,5G
Deborah Anderson,46713712209,86208567,240-75-8188,4G
Jennifer White,46778493913,35317953,240-94-6192,4G
Aaron Bates,46766690641,86728690,240-46-7349,5G
Daniel Stevens,46759756120,35084381,240-19-2271,4G
Tiffany Pittman,46773808437,35619886,240-39-2909,4G
Linda Potts,46738344396,35638963,240-32-3544,4G
Alexander Howard,46727174207,86295251,240-36-7832,5G
Jason Walsh,46788014948,10018289,240-76-2308,3G
Traci Parker,46795295097,86414842,240-16-6864,5G
Jean Williamson,46739171318,35733955,240-32-2009,4G
Cassandra Larson MD,46736792653,35894585,240-68-6588,4G
Alexis Jones,46768835615,35251924,240-84-7285,4G
Christopher Macdonald,46714407577,35353923,240-10-1785,4G
Chris Wolfe,46764561157,86260513,240-61-8196,4G
Jacob Coffey,46760506042,10930405,240-34-3368,3G
Brandon Patterson,46799097673,35998748,240-92-8643,4G
Kyle Herrera,46715665568,10913878,240-18-3021,3G
Victoria Raymond,46757866566,35430036,240-34-6202,4G
Sharon Hernandez,46749544969,10653261,240-45-9706,3G
Robert Glover,46710343853,10810713,240-53-1688,3G
Ivan Burgess,46736442970,86508401,240-12-7621,5G
Veronica Anderson,46752121037,86365656,240-33-5143,5G
Ricky Kim,46736051228,86900004,240-15-3533,5G
Michael Payne,46752916940,35382468,240-69-9886,4G
James Watson,46759114107,35131373,240-70-2060,4G
Cassandra Love,46721186361,35197133,240-21-4591,4G
Vanessa Flores,46789117906,35769640,240-12-6430,4G
Matthew Boyd,46720676016,86572281,240-10-3675,5G
Anthony Smith,46786826001,35875551,240-87-4107,4G
Dana Bradley,46790446009,35709914,240-85-6131,4G
Lisa Jones,46732858114,35317455,240-62-3263,4G
Tami Berg,46760387466,35889064,240-81-4501,4G
Richard Kelly,46748080378,86651503,240-43-3444,5G
Hannah Roberts,46734712574,35773358,240-66-5014,4G
Kristin Ray,46734577328,86101428,240-11-2557,5G
Teresa Smith,46793417303,35044459,240-20-9855,4G
Robert Butler,46740494927,86944328,240-24-5899,5G
Tammy Holland,46725170521,35682705,240-64-6468,4G
Jill Wright,46759249172,35285129,240-60-3046,4G
Thomas Fry,46749711170,86584010,240-25-9160,4G
Zachary Rivers,46734362375,86225371,240-30-8179,4G
Russell Perry,46792723310,35226833,240-42-3057,4G
Amber Collins,46788814477,35384090,240-55-4534,4G
John Castro,46771377257,86814456,240-86-9235,4G
Isaiah White,46730684007,86185426,240-61-2083,5G
Michael Jones,46727538304,35303150,240-12-5465,4G
Katie Franklin,46770269099,86984789,240-71-8483,4G
Kevin Roberts,46782668141,35116492,240-45-6189,4G
Ryan Brooks,46731021613,35946152,240-68-7066,4G
Ashley Erickson,46730222214,35304132,240-89-5301,4G
Jaclyn Lloyd,46733022401,86596729,240-52-8573,4G
Calvin Moon,46752031539,35647844,240-17-9516,4G
Andrea Price,46788415433,35183552,240-79-3180,4G
Thomas Martin,46757923631,86827492,240-75-7195,5G
Thomas Rice,46758285213,86229186,240-37-9998,4G
Joseph Alvarez,46732538132,35339136,240-51-1227,4G
Rachel Salazar,46760469381,35751117,240-79-6869,4G
Jimmy Smith,46790176475,35598598,240-90-9939,4G
Alan Martin,46775278805,35082009,240-54-6884,4G
Tanya Elliott,46756744015,35263356,240-98-5412,4G
Cindy Robertson,46728310971,86815037,240-88-8248,4G
Sharon Jones,46792000616,35502063,240-72-4063,4G
Tiffany Chan,46780477107,35073012,240-18-3570,4G
Susan Hall,46763618991,10171792,240-71-8087,3G
Sarah Ramos,46740242610,35553185,240-34-9235,4G
Benjamin Dunlap,46715030823,86433288,240-41-4974,5G
Lauren Lee,46798219706,35992663,240-63-9318,4G
Allison White,46765099556,35904352,240-78-7814,4G
Kara Roberts,46766226028,35393359,240-56-4233,4G
Michael Garrison,46741507542,86146874,240-91-2256,5G
Elizabeth Patterson,46798835411,35633389,240-38-1597,4G
Melissa Reed,46713212726,86018394,240-84-2237,5G
Kevin Taylor,46779070841,35453449,240-80-7059,4G
Susan Mitchell,46757786250,35650052,240-24-9417,4G
Casey Salazar,46747333769,35208606,240-21-2936,4G
Thomas Harris,46780036964,35300856,240-95-3575,4G
Jacob Riley,46782193785,35887225,240-19-8390,4G
Eric Lewis,46752990149,35821368,240-30-2729,4G
Amanda Walls,46794178512,35074215,240-77-3486,4G
Rachel Crosby,46790264132,86822929,240-72-5094,5G
Kimberly Gonzalez,46784080848,10121789,240-13-4261,3G
Michael Chen,46745259675,35921134,240-14-7207,4G
Chad James,46776378426,35233094,240-95-5590,4G
Gregory Thomas,46789049497,35208445,240-49-7095,4G
Jason Crawford,46758802016,86478243,240-69-8757,4G
Robert Rivera,46734444321,86768734,240-44-9356,4G
Lawrence Anderson,46715482177,35268853,240-94-3936,4G
Kathy Jackson,46794215212,35641406,240-28-2169,4G
Amber Vazquez,46729773711,35076323,240-17-3384,4G
Charles Washington,46721025374,35062586,240-83-1376,4G
Katie Smith,46795941488,35200211,240-43-7446,4G
Stephanie Pitts,46713592112,35271683,240-22-8784,4G
Michael Jones,46732823984,10622851,240-60-8697,3G
Richard Vasquez,46792262407,35928399,240-90-9641,4G
Nicole Adams,46760143555,35413360,240-37-9494,4G
Brandon Graham,46761440499,35695078,240-82-2881,4G
Brianna Hart,46734224396,35807548,240-65-9365,4G
Julie Holder,46715510285,86903612,240-54-2177,5G
Katherine Thompson,46720089617,10564204,240-33-2781,3G
Janet Hill,46754325833,86926289,240-50-9200,4G
Lauren Perez,46726687403,35814702,240-60-3741,4G
Robert Lawrence,46731595887,86012636,240-48-4302,5G
April Heath,46783048328,35392278,240-86-2158,4G
David Johnson,46712779203,35132876,240-91-2565,4G
Jill Ewing,46794269718,35950961,240-18-8050,4G
Teresa Edwards,46788471267,35356014,240-82-5019,4G
Brian Winters,46713160556,86948618,240-66-2025,5G
Michelle Mejia,46795000180,10969655,240-80-3313,3G
Christopher Vincent,46735861356,86477697,240-68-4278,5G
Randy Turner,46777753202,35284190,240-13-9168,4G
Katherine Jimenez,46757756503,86088908,240-55-9904,4G
Kimberly Young,46717297702,35486793,240-33-9505,4G
Lydia Mora,46761590272,10829827,240-54-4046,3G
Natalie Austin,46758846742,86406770,240-84-1296,5G
Justin Terry,46765122490,35728659,240-81-3136,4G
Jessica Cox,46795607187,10913490,240-98-4931,3G
Tina Smith,46795949451,35392647,240-57-1140,4G
Mr. Patrick Montgomery,46792946389,35996933,240-57-1137,4G
Kevin Mccarthy,46749972577,86164033,240-87-8712,4G
Catherine Bautista,46761020735,35227976,240-37-9207,4G
Jennifer Franklin,46767290806,10850941,240-69-4603,3G
Matthew Joseph,46784484253,35587853,240-96-3045,4G
Mariah Farmer,46782860001,35389139,240-93-9418,4G
Michael Hicks,46752596461,35875969,240-35-2482,4G
Sheila Lin DDS,46779200135,86706833,240-77-6719,5G
Shannon Montgomery,46735225022,86126889,240-39-2752,5G
Caitlin Stanley,46761611034,35388622,240-89-5393,4G
Sara Jackson,46758522880,35866332,240-22-9117,4G
Kathryn Johnson,46743577814,35056440,240-37-2614,4G
Toni Carroll,46742946723,35805488,240-31-4480,4G
Susan Hall,46713070508,35846302,240-27-6400,4G
Krista Moore,46758867437,10792205,240-19-2799,3G
Michelle Hurst,46718139023,35048503,240-89-1037,4G
Ms. Jasmine Brown DDS,46744745359,35059672,240-14-5897,4G
David Carroll,46784202990,10198824,240-83-9346,3G
Thomas White,46726431928,86871061,240-96-6295,5G
Christopher Wilson,46725617466,86533807,240-63-7897,5G
Dale Hamilton,46754278536,86791269,240-26-1522,5G
Mrs. Beth Taylor MD,46718091363,35409291,240-30-5078,4G
Michael Gray,46786765060,35839912,240-71-4983,4G
Jason Singleton,46782892745,86452385,240-53-6594,5G
Thomas Dawson,46791718171,35132028,240-83-8005,4G
Natalie Frank,46716971631,86975415,240-30-5725,5G
Brandon Brown,46767805563,10477095,240-68-2734,3G
Deanna Watson,46718954580,35941069,240-28-2903,4G
Megan Russell,46786074194,35758177,240-94-4982,4G
Richard Knight,46758123477,35065029,240-19-9325,4G
Jeanne Jones,46768832876,10782129,240-22-9843,3G
Chelsea Davis,46726957698,35022727,240-96-5604,4G
Marc Bishop PhD,46726656913,86067114,240-22-1059,5G
Tara Rogers,46711912584,35606177,240-12-2177,4G
Anthony Wong,46796453897,86838152,240-67-5453,5G
Ian Williams,46786756434,35813038,240-34-7501,4G
Ryan Elliott,46738345451,35561302,240-61-3004,4G
Christopher Armstrong,46792788852,86662342,240-90-5440,5G
Amber Welch,46768282952,86287776,240-96-7421,5G
William Curtis,46716579060,35064442,240-72-9679,4G
Barry Johnson,46734247687,10060155,240-85-9471,3G
Caleb Brown,46721465773,35197118,240-55-9348,4G
Samantha Freeman,46734643087,35860664,240-21-1532,4G
Eduardo Castillo,46734919381,35064361,240-21-5327,4G
Janice Perry,46719424504,86740575,240-71-5674,5G
Jeremy Mcdonald,46768334631,10311406,240-50-3196,3G
Peter Lane,46716226767,35271773,240-51-5571,4G
Kristopher Bradshaw,46768768471,10541106,240-81-4952,3G
Kelly Ramos,46736718114,86076350,240-60-5576,5G
Adam Bennett,46779261123,86538411,240-84-5635,5G
Susan Brown,46779249864,35497402,240-89-3199,4G
Joanna Bell,46750131083,35319278,240-28-1329,4G
Morgan Herring,46782029715,35111889,240-59-8069,4G
Christina Fox,46759844596,35115148,240-52-4731,4G
Tiffany Hernandez,46792275136,35215796,240-89-3154,4G
Gwendolyn Massey,46790578376,35800431,240-25-9995,4G
Deanna Knight,46786418726,35394710,240-32-6813,4G
Peggy Marsh,46781501220,86971400,240-16-8183,4G
Andrea Myers,46721356839,10552935,240-95-4480,3G
Edward Barron,46765722666,86931379,240-13-3845,5G
Jennifer Ochoa,46795227349,10400084,240-28-4774,3G
Stacy Ramos,46758176660,35652064,240-72-2091,4G
Susan Farrell,46747203676,35392670,240-76-6626,4G
Tabitha Burgess,46754965997,35218605,240-88-1069,4G
Sabrina Harris,46779278454,10671320,240-24-9419,3G
Michael Myers,46730475511,86589397,240-96-3211,5G
Diana Powell,46777411910,35835276,240-97-2095,4G
Ashley Jensen,46710729525,35662246,240-24-1289,4G
Michelle Wade,46794732542,86836971,240-49-5581,5G
Sabrina Mays,46725380446,35557600,240-24-3945,4G
Brooke Norman,46738673389,86157234,240-93-7253,5G
Carol Wilson,46758236011,35753624,240-64-8686,4G
Tyler Huff,46780231815,35448625,240-38-6238,4G
Kevin Adams,46789732469,35288389,240-73-1771,4G
Sharon Guzman,46770279855,86466985,240-68-6048,5G
Karen Brown,46770865831,35773416,240-87-7121,4G
Sabrina Montes,46746646652,35196274,240-11-5956,4G
Melissa Parker,46757980339,35700606,240-78-6214,4G
Matthew Alexander,46716805060,35784560,240-32-1887,4G
Timothy Smith,46740522239,10745097,240-69-2100,3G
Cindy Perez,46730438848,86499600,240-64-5326,5G
Peter Curtis,46792742872,35461347,240-23-1449,4G
Laurie White,46796444892,86346297,240-80-2398,5G
Amy Trevino,46751859263,35445150,240-19-6462,4G
Ashley Allen,46792607306,86907122,240-41-2102,5G
Kyle Mcdonald,46730438168,35056557,240-14-3858,4G
Edward Anderson,46788774891,35159476,240-70-7262,4G
Katrina Logan,46737413661,10448934,240-78-6057,3G
Whitney Lynch,46722476500,35037555,240-95-3076,4G
Richard Gray,46714350977,35470992,240-26-4558,4G
Shawn Fox,46733717838,86879319,240-54-1260,5G
John Fisher,46740676863,35052832,240-12-3056,4G
Jody Wells,46750476415,35291464,240-87-9588,4G
Kathryn Cox,46735217193,35593795,240-78-4077,4G
Bradley Williams,46739404164,10453510,240-29-7928,3G
John Jones,46749649113,35081845,240-98-4846,4G
Edward Montgomery,46775165017,10062408,240-18-4597,3G
Nicole Jackson,46799106523,35641679,240-88-6242,4G
Tamara Chapman,46766188822,86328549,240-45-9436,4G
Paul Harrison,46720196894,35898488,240-87-8016,4G
Hector Walker,46728654154,35209847,240-66-4749,4G
Ryan Compton,46781102209,10527857,240-82-2634,3G
James White,46735087742,35076092,240-95-2272,4G
Michael Wyatt PhD,46714672412,35393605,240-92-3240,4G
Heather Hansen,46721490235,86610355,240-59-2806,5G
Heather Miller,46733663191,35602265,240-84-2224,4G
Kimberly Horn,46766869518,10162433,240-68-5839,3G
Kenneth Hines,46792637240,10944119,240-24-6589,3G
Roberto Parker,46729508258,10694358,240-80-1209,3G
Joshua Rowe,46777058544,86917191,240-62-7097,5G
Matthew Williams,46790545599,35961030,240-71-4093,4G
Shelley Smith,46787869165,10431599,240-57-9974,3G
Chloe Vaughan,46789251561,86646795,240-21-3735,5G
Yolanda Long,46771985998,35290832,240-27-4405,4G
Jacqueline Ferguson,46784207187,35417847,240-37-3545,4G
Erin Mason,46742007970,10545714,240-92-9450,3G
Gerald Rivera,46782892046,10898850,240-44-9632,3G
Nicholas Harmon,46737012397,35739628,240-87-1162,4G
David Taylor,46752354567,35285551,240-94-5708,4G
Nicole Freeman MD,46771400752,35451965,240-85-1211,4G
Oscar Mills,46731471789,10157481,240-64-6217,3G
Kevin Mcbride,46762806902,86634438,240-53-3985,5G
Jessica Rodriguez,46782883476,86789999,240-37-7771,5G
Jody Rojas,46726798395,86592145,240-77-7623,5G
Mrs. Tamara Odonnell,46788380931,86590480,240-43-1930,5G
Catherine White,46753293890,86114456,240-21-3077,5G
Jamie Smith DVM,46725168970,86122118,240-63-9353,4G
Bryan Adams,46736881469,86033596,240-96-5741,5G
Kimberly Pennington,46713695961,86529525,240-71-1512,5G
Andrew Sims,46789525367,35033341,240-88-6825,4G
Teresa Rose,46767151550,35374673,240-45-6235,4G
Steven Freeman,46754097518,86100050,240-18-2637,5G
Jennifer Curry,46747277080,86372838,240-67-8601,4G
Craig Ellis,46757996982,10466032,240-44-6528,3G
Scott Fernandez,46773715908,35806811,240-83-5467,4G
Shannon Cross,46787565263,35283817,240-85-8952,4G
Richard Mcguire,46794415430,86789129,240-67-2249,5G
Leah Rios,46792362831,35840350,240-30-4622,4G
Marilyn Bautista,46776616784,86305924,240-40-5378,5G
Kelly Wilson,46791701378,10017361,240-62-7595,3G
James Smith,46717136029,35269114,240-14-8449,4G
Kimberly Taylor,46759700609,35949896,240-31-4364,4G
Katherine Walker,46755238580,35952986,240-25-6708,4G
Michael Peterson,46750208870,35644213,240-36-9495,4G
Jeffrey Pineda,46779036580,86595131,240-18-9636,4G
Mrs. Alicia Bartlett,46710600338,86876801,240-92-3376,5G
Shannon Rogers,46740887799,86655915,240-33-9949,4G
Kevin Underwood,46745692874,86043513,240-41-8550,4G
Andrew Lara,46715058525,86917450,240-93-1234,5G
Brooke Woods,46782558835,35794733,240-18-7950,4G
Ashley Anderson,46761105727,86663178,240-63-2624,5G
Mario Small,46721354047,35588843,240-53-2753,4G
Victor Patel,46743561334,86718054,240-18-4103,5G
Karen Price,46749280510,35380753,240-21-1629,4G
Paul Cook DDS,46798213938,35426752,240-65-8311,4G
Cynthia Maxwell,46799187046,86521677,240-67-4069,5G
Cheryl Peck,46742851462,35561912,240-23-4706,4G
David Boyd,46719500586,86379062,240-17-3304,5G
Jared Harmon,46770409832,10748987,240-11-3581,3G
Kerri Chavez,46777689029,35312583,240-35-9375,4G
Teresa Johnson,46720277561,35003722,240-33-3084,4G
Valerie Thornton,46759437769,10805497,240-67-7313,3G
Kimberly Ford,46711870115,10503034,240-53-2022,3G
Catherine Howard,46781178324,10663318,240-42-2526,3G
Margaret Jennings,46710694961,35222513,240-72-5659,4G
Devon Sampson,46766112266,35229192,240-29-7524,4G
Kevin Davis,46754859977,35651391,240-47-7521,4G
Benjamin Vaughn DDS,46714776785,10744359,240-81-7152,3G
Carl Hill,46799537511,10758003,240-52-7681,3G
Andre Bender,46732736091,35235994,240-53-9722,4G
Roberto Turner,46769570596,10513875,240-58-9779,3G
Michael Ford,46733760973,86690700,240-45-9955,4G
James Li,46769465489,86224182,240-32-6369,5G
Kevin Rollins,46785482443,35739422,240-43-2682,4G
Dustin Valenzuela,46718765063,10767809,240-44-2968,3G
Fernando Wise,46734895828,10524608,240-13-8392,3G
Aaron Berger DDS,46776293900,10561446,240-10-6552,3G
Adam Vang,46761856254,35467583,240-68-8379,4G
Justin Lopez,46774515960,35662868,240-48-9725,4G
Kristin Dickerson,46753900928,86105799,240-62-7523,5G
Julia Rosales,46763798337,35383152,240-72-8538,4G
Paul Wood,46748620526,35310649,240-74-7146,4G
Steven Miles,46766533676,35962735,240-60-8316,4G
Eric Williams,46720851056,86243907,240-26-1105,5G
Jerome Nicholson,46712902607,10103896,240-21-2446,3G
Shannon Matthews,46755745469,10186833,240-89-8119,3G
Samuel Esparza,46727187069,35403189,240-87-6006,4G
Kimberly Rodriguez,46754916300,35477617,240-87-9075,4G
Elizabeth Leonard,46764717184,35989873,240-78-7303,4G
Edward Spencer,46740432633,10324108,240-41-1577,3G
Michael Edwards,46786502475,10205705,240-94-9299,3G
Joseph Harrison,46717782733,35702673,240-43-1435,4G
Christopher Mckenzie,46763681949,35066126,240-75-5228,4G
David Richardson,46778109885,35859730,240-61-8061,4G
Tanner Fisher,46789109458,35073736,240-13-8776,4G
Steve Walker,46768734685,86199899,240-80-9226,4G
Dylan Marshall,46761268050,86597816,240-45-1715,5G
Mark Morrison,46785939411,35871044,240-81-1094,4G
Emily Lambert,46727235805,35741546,240-79-4456,4G
Stephen Stevenson,46744184933,35116702,240-46-9425,4G
Leslie Johnson,46765145794,35074111,240-77-3833,4G
Holly Carlson,46778053753,86008418,240-89-4320,5G
Michael Phillips,46769368823,86945246,240-60-5276,5G
Jonathan White,46721799040,35676776,240-29-4078,4G
Corey Moore,46763687207,35067579,240-96-8732,4G
Christopher Williams,46799748574,35543264,240-53-4950,4G
Gloria Henry,46760475140,35389297,240-92-1566,4G
Veronica Cisneros,46736572197,35771132,240-56-8364,4G
Martha Smith,46782957019,35929007,240-94-3662,4G
Darren Cole,46717017955,10688499,240-46-2412,3G
Matthew Johnson,46770089647,86475738,240-19-2993,5G
Jonathan Velasquez,46788002743,35675827,240-92-6780,4G
Jared Gray,46786122801,35908512,240-54-6933,4G
Dustin Reid,46749336769,35663610,240-40-8777,4G
Jerry Bush,46782884333,35702962,240-62-5733,4G
Lindsey Holden,46717015032,35825942,240-98-6913,4G
Victor Jones,46779839612,86810250,240-12-1448,5G
Margaret Sullivan,46776881327,86913757,240-34-6140,5G
Crystal Turner,46741292075,35346415,240-41-2751,4G
Matthew Kelley,46717723047,35969246,240-89-4945,4G
Jonathan Gomez,46798679639,35032664,240-64-8179,4G
Amanda Moore,46793145594,35646629,240-64-1836,4G
Monica Bennett,46749768837,35832441,240-46-5492,4G
Angel Chavez,46735017156,86060528,240-65-9987,4G
Brian Kennedy,46712592536,35442632,240-29-1226,4G
Amanda Mccullough,46743433880,35848203,240-76-9496,4G
Lisa Bennett,46782597655,86381560,240-22-1720,5G
Christina Davis,46716739013,86547993,240-65-2929,5G
Donna Moreno,46736803951,35406771,240-48-1096,4G
Laura Cohen,46791178927,35143462,240-23-6643,4G
Patrick Wilson,46767851740,86706826,240-14-6796,5G
Jessica Pearson,46732537065,35129674,240-73-7272,4G
Michelle Parker,46713567867,35356858,240-20-8451,4G
Arthur Mitchell,46728444906,35563998,240-26-6087,4G
Emily Chen,46787682686,35391340,240-87-6849,4G
Paula Smith,46714419749,35585321,240-29-1634,4G
Austin Phillips,46746373559,35343288,240-60-6697,4G
Mary Taylor,46733157857,10771754,240-70-7433,3G
Brandy Mcdonald,46711123614,35963468,240-47-2057,4G
David Williams,46734212194,35782113,240-35-4207,4G
Mary Hoffman,46718357956,35993497,240-29-1814,4G
Elizabeth Moore,46777516956,35420869,240-25-3819,4G
Michelle Allen,46757850103,35078508,240-23-6943,4G
Jennifer Parks,46714745150,10707518,240-62-9728,3G
Jill Stanley,46752252836,35740487,240-78-2050,4G
Mark Mueller,46793267946,10008036,240-73-5009,3G
Robert Miller,46767352128,86164437,240-61-3979,5G
David Walters,46785921016,86218323,240-22-8856,4G
Dr. Jennifer Owens,46730312159,10641667,240-38-3455,3G
Devon Gonzalez,46733032465,35008168,240-67-7276,4G
Natalie Brown DVM,46794496101,86987690,240-90-4145,5G
Erin Lopez,46793487682,35578764,240-52-3894,4G
Jeffrey Clarke,46754653148,35824945,240-35-4974,4G
Daniel Alvarado,46786095096,35747519,240-83-3276,4G
Mike Ross,46713373321,35145205,240-17-1052,4G
Michael Hatfield,46737170619,10879774,240-48-6826,3G
Melissa Smith,46723651329,86768071,240-15-3995,5G
Wanda Lewis,46782882976,86811982,240-71-5243,5G
Sara Moss,46715688505,86308474,240-45-7353,5G
Zachary Curry,46772532618,35902628,240-18-4804,4G
Brianna Nguyen,46799786519,35033645,240-94-4943,4G
Jasmine Harvey,46794614132,86749497,240-67-3046,5G
Kevin Lamb,46725886372,86994423,240-31-9073,4G
John Cooper,46753362046,35227142,240-71-8350,4G
Amy Arias,46717126338,35640572,240-70-1356,4G
Tiffany Johnson,46723969223,35671064,240-78-9205,4G
David Wright,46726433681,35125605,240-43-9045,4G
Sharon Robinson,46759849455,35037901,240-94-8462,4G
Nicholas Burke,46785546398,35525128,240-57-6968,4G
Kenneth Rodriguez,46789517504,86478427,240-67-1609,5G
Anthony Smith,46713103781,86554237,240-32-3039,5G
Mr. Joshua Ortiz,46749816776,10069745,240-47-3770,3G
Lauren Young,46771307656,86239764,240-55-5974,5G
Brianna Clark,46786465983,35486010,240-49-6040,4G
Elizabeth Gregory,46731905525,86113260,240-62-9047,4G
Tina Vasquez,46746355296,35636045,240-45-8636,4G
Robert Mccall,46786585468,86791273,240-62-1259,5G
Nicholas Jones,46764303440,35246797,240-64-6171,4G
Heather Manning,46710609003,35585896,240-42-6432,4G
Maria Mason,46715540190,35875602,240-26-4689,4G
Kimberly Hoffman,46782107732,35985901,240-80-9897,4G
Ashley Carr,46766415658,35246464,240-95-3655,4G
Elijah Johnson,46744075749,35086569,240-12-8142,4G
Darren Diaz,46743986019,10605128,240-81-6594,3G
Cheryl Simmons,46754962203,35501078,240-27-5701,4G
Taylor Noble,46758245656,35276016,240-85-9431,4G
Pamela Bradley,46792970878,35210425,240-83-6092,4G
John Carter,46773939654,35083746,240-37-2446,4G
Gina Ferguson,46757994791,10444755,240-52-8129,3G
Jason Contreras,46733732767,86706601,240-59-8645,4G
Robert Ford,46763293964,10559800,240-27-6289,3G
Crystal Wilson,46714378065,86030158,240-88-7200,5G
Tracy Sullivan,46735883303,86165992,240-18-5426,5G
Carla Morris DVM,46718666777,35700823,240-62-4975,4G
Samantha Hernandez,46731124455,86649054,240-84-9335,4G
Kathryn Ramsey,46774652381,86475278,240-91-7992,5G
Michelle Peters,46745700513,86036080,240-42-8182,4G
Chase Brown,46756804731,10319684,240-72-1357,3G
Ashley Mcdonald,46774125786,86577907,240-16-8909,4G
Patrick Cline,46719989349,35010589,240-27-8549,4G
Erin Carson,46784954452,35287965,240-38-6479,4G
Jacob Farrell,46766099477,35364673,240-71-1579,4G
Douglas Rosario,46796743361,35148694,240-75-6409,4G
Paula Reed,46721658782,86224418,240-43-5364,5G
Andrea Martin,46770962465,86158834,240-26-2865,5G
Charlene Nicholson,46765891927,86101659,240-98-7373,5G
Kathleen Padilla,46742881204,35850012,240-57-4364,4G
Chad Farmer,46751687359,86193321,240-74-6080,5G
Bailey Meza,46716960219,35653570,240-19-5087,4G
Lisa Mendez,46792773486,10689870,240-29-3849,3G
Joshua Floyd,46728794580,10463609,240-55-2275,3G
John Frey,46798143327,35758462,240-42-5918,4G
Michael Kelly,46736061012,86540088,240-27-6221,5G
Sarah Morgan,46758878285,10759144,240-88-5482,3G
Cheryl Campbell,46742887632,35438993,240-80-4876,4G
Stephen Fowler,46734333249,10325588,240-96-3603,3G
Shawn Phillips,46731425609,35189100,240-88-2883,4G
John Miles,46743495435,10617693,240-32-5334,3G
Alicia Herrera,46751094158,86001229,240-12-8668,4G
Phillip Morales,46714654247,35401783,240-33-6700,4G
Michael Carter,46735092055,35361300,240-36-4138,4G
James Cruz,46767691307,10333478,240-15-6882,3G
Ariel Alexander,46798463035,10870471,240-68-7020,3G
Ellen Henderson,46781178892,10882470,240-70-2159,3G
Lisa Matthews,46736161598,10308151,240-55-7687,3G
Sean Merritt,46772402576,35614040,240-30-8888,4G
Matthew Young,46718806813,86780868,240-93-7705,5G
James Johnson,46774658245,86944258,240-39-6958,5G
Christopher Bender,46721575971,35842939,240-79-1143,4G
Tracy Wells,46788824844,35018226,240-56-3738,4G
Theodore Craig,46783622095,35617231,240-22-3331,4G
Courtney Baxter,46730940713,35916376,240-88-4242,4G
Tara Downs,46792367891,86289014,240-56-1154,5G
Stephen Robinson,46734027758,35382621,240-23-7558,4G
Nathaniel Munoz,46788727682,35072283,240-82-5034,4G
Kathleen Rojas,46795159551,35833223,240-94-6450,4G
Timothy Gallegos,46795076215,86908472,240-40-3586,5G
Andrew Chen,46711613483,10412860,240-28-7095,3G
Theodore Barnes,46739739570,86387737,240-72-8102,4G
Samantha Valdez,46730025496,35089363,240-93-1529,4G
Rebecca Bailey,46797585323,86861858,240-24-3466,5G
Christina Jones,46720342588,35694934,240-13-5482,4G
Audrey Pitts,46788275085,86452184,240-91-8453,4G
Steven Graham,46773474210,35544217,240-28-9477,4G
Ana Martinez,46731962053,10477982,240-18-4166,3G
Thomas Acosta,46733853135,10736754,240-67-1256,3G
Robert Stark,46760755465,35174022,240-30-6196,4G
Jennifer Guerrero,46780143567,86303250,240-71-4217,5G
Dan Nichols,46721085378,35053331,240-59-9015,4G
Carlos Esparza,46747916542,35889974,240-95-2513,4G
Isaac Jefferson,46794063556,35779117,240-28-3889,4G
Tracy Peters,46723662464,35611830,240-13-3763,4G
Mark Wall,46722468692,86053792,240-64-4317,5G
Richard Perez,46767138607,35112362,240-70-5976,4G
Corey Tran,46792510808,86884506,240-94-4145,5G
Aimee Hall,46790652206,35974452,240-57-4634,4G
Jonathan Morrison,46736372198,10557732,240-94-3339,3G
Stephanie Miller,46772818252,86649086,240-14-4781,5G
Adrian Alexander,46798919361,10413059,240-24-5568,3G
Jennifer Gonzalez,46769066485,86488161,240-62-5782,5G
Natalie Sullivan,46713859735,10517653,240-10-9696,3G
Jennifer Henry,46776536470,86259488,240-27-8972,4G
Debra Lloyd,46724447688,10243305,240-54-8273,3G
Crystal Walker,46764138351,10582081,240-44-3417,3G
Jennifer Walker MD,46711304982,35589480,240-49-5747,4G
Elizabeth Reynolds DVM,46785616305,35224310,240-94-3846,4G
Jacob Romero,46716846090,86225784,240-26-8255,4G
Laura Leon,46743211419,10070377,240-26-4974,3G
Ashley Lucas,46753925869,35271557,240-12-2462,4G
Jasmine Ramirez,46728351471,86566967,240-64-1889,5G
Brandy Cunningham,46719739896,35397505,240-61-8418,4G
Manuel Huber,46777882375,10536486,240-78-4624,3G
Raymond Duncan,46789522294,35906193,240-36-9813,4G
Kathleen Miller,46761245077,35365967,240-23-9759,4G
Curtis Melendez,46765079098,35784795,240-93-1988,4G
Jessica Horn,46738911861,35715371,240-30-1882,4G
Donald Brown,46760122243,35214274,240-35-9233,4G
Kathryn Jackson,46799953316,10798220,240-84-1206,3G
Kathleen Wheeler,46731603101,35474551,240-21-4718,4G
Nicholas Roberts,46711973915,10559471,240-67-7840,3G
Catherine Combs,46736706369,86435643,240-68-3301,5G
Virginia Patterson,46774924774,86096541,240-91-9925,4G
Thomas Green,46744021442,10572735,240-27-3472,3G
Jennifer Jones,46733216006,86292228,240-66-9276,4G
Julia Anderson,46730057988,86569936,240-57-4020,5G
Angela Jones,46783333762,86855434,240-26-8171,4G
Caleb Aguilar,46783464133,35590861,240-57-5416,4G
Tracy Anderson,46779291066,35692057,240-87-2287,4G
Anita Mcdonald,46792314258,35257789,240-78-1487,4G
Nicholas Cantu,46785623580,35386858,240-56-7898,4G
Lauren Jones,46775196626,35280645,240-58-1831,4G
Gina Campbell,46743915417,86136898,240-40-7216,5G
Dana Pacheco,46731763210,86175407,240-36-8713,4G
Brandon Cantu,46714204181,35887957,240-49-9060,4G
Christopher Lee,46716709332,86452436,240-73-8770,4G
Brian Vega,46742662444,35076216,240-16-9095,4G
Sara Cole,46778608082,35152703,240-62-8186,4G
Emily Parker,46783276188,35381234,240-32-6660,4G
Jessica West,46715273346,35158302,240-65-4965,4G
Karen Potts,46719151948,86922380,240-97-5406,5G
Cory Mcgee,46747695935,35021637,240-67-7469,4G
Rachael Mcdonald,46727934464,35454394,240-34-7250,4G
Jamie Mcknight,46718834820,86928711,240-84-9577,4G
Dr. Amy Robinson MD,46743623951,86106242,240-61-7839,5G
Richard Alvarez,46723131804,35681669,240-90-6885,4G
Cindy Schneider,46713809601,10175325,240-62-7277,3G
John Roy,46762837348,10783924,240-39-3073,3G
Debbie Schneider,46780897827,10202380,240-23-3530,3G
Heather Johnson,46749170544,35918124,240-25-1567,4G
Michael Todd,46774064503,86582362,240-11-9560,4G
Sara Mathis,46719615754,10619328,240-58-4699,3G
Justin Edwards,46741625253,10890733,240-17-8246,3G
Jennifer Ortiz,46736645167,10273527,240-23-3206,3G
Andrew Campos,46786152328,35779177,240-66-8172,4G
Dr. Howard Smith DVM,46778077132,86392417,240-31-8950,4G
James Watson,46734936970,86078281,240-89-2268,5G
Kathy Morgan,46751111361,35765034,240-84-6030,4G
Walter King,46721206350,86959998,240-97-1331,5G
Anthony Roberts,46781663206,86025394,240-43-8579,4G
Mark Sharp,46784001589,35187130,240-40-1265,4G
Victor Burke,46733788717,35431476,240-36-7795,4G
Michael Morris,46718351245,10438774,240-41-3712,3G
Willie Thomas,46771578830,35361450,240-82-5744,4G
Mindy Ramirez,46768823133,86611796,240-39-9945,4G
Carla Meyers,46788768807,86618882,240-60-7103,5G
Emily Clark,46751747000,35292439,240-40-8877,4G
Kendra Martinez,46782462504,35947597,240-20-9010,4G
Kristen Norman,46771086560,10414380,240-45-2773,3G
Thomas Mason,46769937172,86084694,240-86-5832,5G
David Taylor,46768270595,35191506,240-65-6591,4G
Susan Macias,46710892284,10613006,240-64-9012,3G
Michael Gibson,46741599913,35573135,240-89-7463,4G
James Rodriguez,46750049280,86490283,240-23-5138,5G
Holly Clark,46776205608,10844492,240-11-3670,3G
Raymond Key,46780881081,86290157,240-27-4544,5G
Kevin Perez,46781128077,10067799,240-21-6390,3G
Samantha Wade,46746998169,86742647,240-19-5040,5G
Joseph Gilbert,46728771842,86473915,240-82-7433,5G
John Smith,46783953547,86849151,240-31-2980,5G
Timothy Cabrera,46722797466,86622644,240-28-5177,5G
Tara Figueroa,46797244476,35217912,240-55-4411,4G
Elizabeth Mccormick,46750313104,35300489,240-67-1018,4G
Curtis Dunn,46769951140,35224330,240-13-4611,4G
Debra Kennedy,46717339838,86778513,240-95-4788,5G
Corey Macias,46796028794,10231144,240-84-2956,3G
Victor Taylor,46740432640,35662368,240-68-8559,4G
Christian Henson,46745177357,10768013,240-29-2408,3G
Allen Lawson,46758723459,35167599,240-74-9632,4G
Kevin Contreras,46739274445,35861221,240-74-7711,4G
Melissa Monroe,46758448102,35376087,240-55-3468,4G
Manuel Saunders,46790811509,35792064,240-91-6852,4G
Cynthia Coleman,46786301164,86158211,240-79-2733,5G
Molly Chen,46742298415,35004170,240-12-1453,4G
Andre Marks,46783297207,35828457,240-78-2388,4G
Elizabeth Rodriguez,46721018992,86690666,240-34-2591,5G
Kimberly Rogers,46729105661,86936698,240-52-5799,5G
Rebecca Reid,46776633032,86121668,240-81-8742,4G
Jack Howard,46729808297,10740939,240-69-3866,3G
Deborah Collins,46775875125,35299477,240-39-1145,4G
Catherine Hicks,46719565697,86485910,240-39-1659,5G
Richard Hart,46754920447,86628203,240-19-8819,4G
Anne Knight,46717581002,86251839,240-47-6622,5G
Kevin Shields,46752058334,35254079,240-69-7102,4G
Daniel Green,46799746696,86231226,240-24-7784,5G
Brian Wallace,46732334732,35476514,240-38-5937,4G
Earl Rhodes,46759520621,86101310,240-49-1329,5G
Linda Guerrero,46769586553,35349207,240-71-7190,4G
Jeremy Clark,46751208934,86858058,240-75-4041,5G
Wendy Rivers,46724430469,86942593,240-37-2992,5G
Adam Jimenez,46792376464,10528269,240-71-2561,3G
Jessica Page,46787214178,35070509,240-51-5261,4G
Cory Krueger,46728285990,35811133,240-28-6892,4G
Jamie Horton,46763283193,86877234,240-66-5525,5G
Adam Weaver,46747625120,35725104,240-13-5666,4G
Nicole Brown,46742136324,86113532,240-44-6704,5G
Kelly Navarro,46798359314,35562590,240-63-8490,4G
Tracy Brown,46749033798,35402576,240-79-7818,4G
Jody Hays,46785841294,35423419,240-82-1504,4G
Geoffrey Sheppard,46776846646,10694453,240-59-1114,3G
William Thomas,46728955002,35059888,240-19-1459,4G
Daisy Alvarado,46750828828,10406557,240-44-5350,3G
Selena Cole,46724293853,35093638,240-50-6669,4G
Craig Miller,46748805640,35716369,240-71-7850,4G
Rebecca Castaneda,46757149071,86831516,240-51-4810,5G
Mark Hardin,46783967703,35632551,240-80-3478,4G
Jennifer Wilson,46729075099,35524441,240-41-3725,4G
Angela Bond,46775473817,86475330,240-54-2770,5G
Mr. Bryan Beasley MD,46731049190,35594131,240-67-8996,4G
Gail Leach,46761376257,86559453,240-56-9373,4G
Steven Kennedy,46758401308,35555945,240-58-9644,4G
Stephen Morrison,46778297999,35507426,240-54-5064,4G
Philip Perkins,46782943416,35942013,240-35-3050,4G
Nicholas Garrison,46762606981,35184561,240-41-7759,4G
Shannon Valdez,46768021583,86683189,240-74-5152,5G
Natalie Caldwell,46741788504,35766630,240-75-4283,4G
Ashley Bauer,46757961043,35663057,240-67-5935,4G
Sherri Garcia,46784813558,86051374,240-37-4866,5G
Melissa Carlson,46751143566,35546622,240-67-7384,4G
Valerie Duran,46717782634,86744261,240-92-3939,5G
Alejandra Martin,46771664492,35792330,240-62-8616,4G
Sean Kelley,46757174978,35655056,240-62-5734,4G
Carol George,46770556236,35219831,240-29-8354,4G
Ricky Miller,46799811317,86616013,240-81-4270,5G
Kevin Pham,46796510271,35828161,240-53-1649,4G
Joseph Miller,46775985129,86859466,240-80-5042,5G
Mary Dodson,46749993954,35932443,240-73-6774,4G
Dennis Rogers,46710048720,86449426,240-78-7458,5G
Matthew Wells,46775316085,35569909,240-82-4110,4G
Jason Chavez,46780964591,35484689,240-60-8460,4G
Shannon Shaffer,46797240296,35797976,240-81-8392,4G
Eric Harrison,46728616354,86274291,240-16-7090,5G
Jose Morris,46770402442,35583776,240-20-4375,4G
Maria Long,46776795621,35451614,240-68-7409,4G
Sabrina Contreras,46784648021,35196649,240-61-4843,4G
Dennis Smith,46719870307,86040584,240-88-5417,5G
Amanda Mclaughlin,46798037141,35209112,240-63-2688,4G
Michelle Tran,46762086051,35062402,240-54-4073,4G
Michael Martinez,46732800637,10878388,240-63-8393,3G
Karen Flores,46742053929,10224793,240-38-8776,3G
Nancy Suarez,46793577654,86849104,240-10-9728,4G
Yolanda Coleman,46740894659,10451553,240-63-5901,3G
Nicholas Lane,46744385731,35401295,240-46-3113,4G
Stephen Underwood,46744231367,86293132,240-14-6401,5G
Teresa Chase,46715484801,35282240,240-10-7051,4G
Eric Brown,46754828060,35384382,240-59-7212,4G
Justin Thomas,46753777273,35581067,240-35-5414,4G
Tim Washington,46780299179,35178258,240-47-9797,4G
Justin Martin,46748503931,35806991,240-34-7316,4G
Wendy Jones,46788547323,10504999,240-42-6387,3G
Kristen Hayden,46736352995,86791043,240-33-5302,5G
Clarence Lewis,46768927573,35683820,240-16-5439,4G
Misty Hoffman,46713144766,86902889,240-15-5123,5G
Lisa Sandoval,46753264830,35167078,240-69-5067,4G
Debbie Thompson,46789693062,10054780,240-30-3377,3G
Jennifer Rodriguez,46777921168,86284600,240-71-1811,5G
Reginald Hill,46798940009,35295599,240-66-1776,4G
Laurie Carter DDS,46718585919,35783021,240-70-7569,4G
Albert Thomas,46768482651,35109047,240-86-8786,4G
Scott Bautista,46758291558,35527409,240-28-9339,4G
Jon Smith,46712908003,35489697,240-12-8234,4G
Jessica Day,46774835417,35235778,240-15-6022,4G
Sarah Richards,46740780850,10917184,240-27-6175,3G
Jill Porter,46795364161,10792173,240-83-3258,3G
Morgan Garrett,46746413676,86388822,240-34-9633,4G
Theodore Kelly,46763094979,10133685,240-35-5902,3G
Kristopher Lowe,46785215818,35404520,240-98-2314,4G
Nicole Ramirez,46775058371,35356936,240-31-8145,4G
Donna West,46761814027,86753867,240-42-6492,5G
Anthony Mercer,46764381293,35408948,240-23-9998,4G
Randall Copeland,46746328957,10418583,240-19-9601,3G
Tamara Tran,46780856127,10038148,240-50-2664,3G
Michael Scott,46768366156,35993859,240-69-1535,4G
Elizabeth Moore,46787346137,35534423,240-91-9787,4G
Ryan Marquez,46772955281,35942311,240-96-5499,4G
Brianna Fisher,46791633081,35162282,240-93-8574,4G
Kevin Friedman MD,46721954380,35428873,240-70-7779,4G
Shannon Evans,46788265576,35391134,240-44-5236,4G
Sabrina Ellis,46770639065,35854130,240-97-8356,4G
Christopher Smith,46768977703,10004902,240-32-4810,3G
David Banks,46795081424,86639888,240-26-1924,5G
Kristina Dominguez,46786933312,35922891,240-60-2088,4G
Jennifer Schmidt,46723080364,35495552,240-66-5937,4G
Daniel Stephens,46786077857,35536051,240-32-9747,4G
Yvonne Parker,46731035568,35801823,240-89-3845,4G
Charles Weber,46723200674,10919627,240-31-1972,3G
Stephen Todd,46794271290,10553964,240-69-9471,3G
Mrs. Teresa Robinson MD,46765181265,35682986,240-38-8956,4G
Larry Vincent,46714389986,86557099,240-70-8565,4G
Haley Greene,46746330195,10058697,240-61-3380,3G
Tammy Landry,46766873177,86769378,240-88-1224,5G
James Brown,46724547672,86553634,240-75-9758,4G
Andrew Mills,46715663183,10549880,240-93-5659,3G
Jared Watkins,46785784435,35740845,240-21-5047,4G
Amanda Villarreal,46722958177,86520746,240-91-6160,5G
Amber Cox DDS,46727370717,86025310,240-51-4789,5G
Rachel Nguyen,46784102729,86145979,240-67-7797,5G
Richard Gomez,46752010997,10495864,240-89-2804,3G
Kaylee Vargas,46794574185,10822209,240-63-8455,3G
Patricia Moore,46742923613,35766333,240-53-4435,4G
Tammy Harris,46784826821,35222832,240-61-8926,4G
Todd Allen,46766410516,35437000,240-14-2245,4G
Jeffrey Edwards,46757891710,86851481,240-11-3500,5G
Miranda Brock,46781681746,35756249,240-39-5766,4G
Valerie Hall,46734637573,86472800,240-88-3803,5G
Tony Sharp,46721577453,35112230,240-31-7399,4G
Evelyn Miller,46716535202,35501130,240-59-4608,4G
Sandra Perez,46759165747,35367985,240-48-4487,4G
William Turner,46797715594,86957352,240-83-5854,5G
Matthew Brewer,46743383652,35910108,240-94-6208,4G
Matthew Miller,46784110701,86385946,240-65-7513,5G
Makayla Floyd,46759450472,86511789,240-35-3963,5G
Travis Schwartz,46723059362,35357249,240-33-3676,4G
Elizabeth Khan,46784793368,35142287,240-69-2127,4G
Paige Adams,46766713245,10932001,240-24-8015,3G
Dana Bridges,46795409048,10105461,240-23-1265,3G
Amanda Wood,46798885044,10601516,240-59-4042,3G
Elijah Garcia,46782393733,10594547,240-79-6953,3G
Jessica Hayes,46713001798,35140548,240-77-2652,4G
Christopher Bennett,46730848152,35271261,240-12-7565,4G
Peter Robinson,46745603370,35628228,240-12-7121,4G
George Gonzalez,46781151736,10753587,240-94-3251,3G
John Smith,46795497260,35487082,240-59-9662,4G
Eduardo Smith,46799941042,35374313,240-14-2091,4G
Jerome Silva,46797567326,10247943,240-24-2561,3G
Karen Ford,46715776119,86833537,240-13-5625,5G
Tracy Robinson,46767039853,35515728,240-83-6095,4G
Travis Miller,46740151081,86079414,240-48-6645,5G
Angel Mccormick,46777226272,86753241,240-25-3922,5G
Elizabeth Rice,46792874283,35838908,240-62-5523,4G
Dawn Rodgers,46798172012,35890199,240-69-7466,4G
Elizabeth Garcia,46710106500,86261372,240-85-1837,5G
Shannon Mcclure,46769750131,10065592,240-66-9353,3G
Lisa Miller,46726816441,86186717,240-34-6560,5G
Shelia James,46742308604,35685338,240-19-9376,4G
Justin Richardson,46772118653,10653077,240-21-8934,3G
Charles Perez,46733854830,10431813,240-56-7137,3G
Julia Hart,46746996958,35777092,240-33-7118,4G
Joshua Johnson,46750658959,10537691,240-63-4535,3G
Andrew Dixon,46781678288,35872637,240-72-6181,4G
Keith Rose,46717183864,86721158,240-39-9154,4G
Peter Ramirez,46756785326,86042329,240-12-3254,5G
Joshua Garcia,46763574364,35215448,240-26-4629,4G
Robert Hayes,46755830915,86151967,240-22-6353,5G
Anthony Taylor,46755850476,35397330,240-21-1284,4G
John Fisher,46791055739,35329314,240-69-8402,4G
Lori Reed,46798533069,86994764,240-11-6842,5G
Jon Rogers,46727203708,35010360,240-46-4275,4G
Roberta Meyer,46725451876,35436056,240-29-6025,4G
Amber Lynch,46755938967,10407050,240-93-8864,3G
Heather Hamilton,46790884351,35085641,240-63-9432,4G
Erin Pollard,46737925107,86095942,240-36-3323,5G
Jimmy Cervantes,46743764248,35446539,240-92-3923,4G
Robin Callahan,46716168294,86291604,240-93-4992,5G
Tonya Brown,46735359317,10368241,240-29-2360,3G
Ricky Myers,46788908432,86653288,240-97-8022,4G
Francisco Parker,46711329492,35313594,240-41-2233,4G
Patrick Guzman,46770084389,35216464,240-97-5892,4G
Amanda Fitzgerald,46737646498,86079403,240-75-5017,5G
Brad Wagner,46751285777,10203567,240-92-5823,3G
Mark Fowler,46745557019,35981041,240-73-9020,4G
Mary Serrano,46727260671,35710672,240-63-7361,4G
Natasha Acosta,46797895587,35243709,240-24-1522,4G
Nancy Odonnell,46787089813,35212875,240-72-2440,4G
Jorge Russo,46719222297,35587715,240-57-1863,4G
Jeffrey Church,46782504304,35398317,240-57-9695,4G
Kimberly Garcia,46733334586,35794171,240-14-3121,4G
Kimberly Johnson,46773097483,35512118,240-20-8439,4G
Kelly Brown,46799668140,86356686,240-89-6399,5G
Katelyn Hamilton,46751637217,35784855,240-13-6163,4G
Joshua Fernandez,46776894326,10021996,240-48-8686,3G
Kevin Martinez,46748713222,86533221,240-44-1922,5G
David Kramer,46769533668,35274154,240-67-6742,4G
Christine Harmon,46768339981,35811531,240-38-9315,4G
Donna Hansen,46749352556,35270109,240-22-7512,4G
Matthew Hays,46753464233,35679249,240-93-4504,4G
Lisa Smith,46790128218,10345876,240-30-1693,3G
Alyssa Wright,46776634235,86366519,240-89-4650,5G
Nicholas Clark DDS,46755633578,10304399,240-78-1804,3G
Barbara Peters,46759515197,35135221,240-74-9417,4G
Scott Lee,46787030489,86932139,240-77-5019,5G
James Young,46751043737,35507726,240-72-3521,4G
Sharon Hernandez,46780762449,10737753,240-68-5409,3G
Cody Ochoa,46745809796,86803147,240-20-8915,4G
Catherine Weaver,46752530488,86979561,240-35-1702,5G
Christopher Conrad,46721802553,10354100,240-23-8313,3G
Ms. Michele Williams,46797061341,35075937,240-22-1289,4G
Robert Wall,46772200556,86712686,240-16-1111,5G
James Lawrence,46774014188,86288032,240-29-2194,5G
Christopher Wiley,46787853882,35504879,240-15-5444,4G
Christopher Summers,46752037845,10581548,240-11-4254,3G
Julie Campbell,46725478861,35015223,240-56-1291,4G
Dana May,46798049626,86516566,240-83-5833,5G
Julie Kelly,46787255968,86881538,240-40-8508,4G
David Poole,46741409602,10956223,240-90-9021,3G
Kelly Rogers,46788235441,86124213,240-34-1155,5G
Stacey Davis,46767392153,10788986,240-96-5323,3G
Elizabeth Lewis,46754055155,35229275,240-94-9560,4G
Tommy Allen,46770501413,10181410,240-76-2354,3G
Denise Mccarty,46735798668,10048128,240-78-3794,3G
Elizabeth Brown,46793526080,35056263,240-74-1446,4G
Mariah Thompson,46714004959,35115742,240-12-7405,4G
Heather Smith,46777365925,86848827,240-88-1620,5G
Steve Oneill,46785739523,86025772,240-93-3419,5G
Samantha House,46720553854,35313865,240-87-8250,4G
Gregory Hawkins,46748020375,35285556,240-39-8142,4G
Eric Wright,46735808867,86781807,240-59-1775,5G
Jennifer Macdonald,46792164500,86019782,240-62-1534,5G
Andrew Campbell,46727319013,35260710,240-55-3658,4G
Nancy Crosby,46777687375,35445384,240-80-6802,4G
Michael Coleman MD,46773038299,35782823,240-48-5620,4G
Bryan Burke,46783420912,86142180,240-85-5766,5G
Scott Harmon,46732896233,35091975,240-73-3727,4G
Albert Weaver,46779401190,35033152,240-26-1804,4G
Brendan Johns,46730463820,35146167,240-74-7830,4G
Patricia Hayes,46749631599,35707641,240-51-5827,4G
Kiara Hunter,46789521699,35961890,240-17-3854,4G
Clifford Hancock,46762463149,86637382,240-14-7911,5G
Jessica Hicks,46728880861,86243724,240-40-8487,4G
Kimberly Lee,46785626532,86171627,240-61-2294,5G
Phyllis Daniels,46732104396,35972153,240-90-8526,4G
Peter Stevens,46759687547,35014013,240-54-9144,4G
James Simpson,46770369538,86244465,240-58-2437,5G
Michelle Wright,46764672166,86087991,240-59-3488,5G
Connor Zamora,46797952701,35273797,240-93-1458,4G
Jennifer Haas,46785407411,35840322,240-11-6211,4G
Nancy Robinson,46794130441,35485951,240-60-5124,4G
Patrick Owens,46758425294,35680702,240-77-7412,4G
Brandon Hull,46731108733,35282098,240-94-7665,4G
Lori Wilson,46732899491,35265038,240-54-5585,4G
Nicole Perkins,46775799155,35023536,240-13-1218,4G
Andres Russell,46742525044,86890517,240-37-4578,5G
Kenneth Knight,46781645050,86399746,240-46-3278,5G
Lisa Gibson,46725320873,35946936,240-53-8132,4G
Levi Diaz,46736896715,86140707,240-17-8256,4G
Michael Osborne,46775166761,86550996,240-50-8586,4G
Ryan Carr,46757444177,86997925,240-44-9166,4G
Lonnie Smith,46773055576,86329874,240-39-7582,5G
Stephanie King,46727294319,10871130,240-23-9828,3G
Darrell Montoya,46759787527,35786959,240-63-2219,4G
Rebecca Pacheco,46791655060,35341979,240-87-3222,4G
Crystal Lopez,46746445248,10709066,240-53-3486,3G
Nicole Clark,46764514706,86773223,240-77-4697,5G
Caitlin Lopez,46772929193,35204249,240-70-5460,4G
Michael Smith,46780612021,86449395,240-69-6315,5G
Brittany Singh,46741147410,10102654,240-38-8630,3G
Jill Freeman,46798063193,35013796,240-79-7436,4G
Gregory White,46766878331,86426972,240-32-6925,5G
Karen Hamilton,46758746297,35070949,240-81-3569,4G
Cassandra Kim,46770772819,35310404,240-79-6017,4G
Jason Hughes,46741353567,35658028,240-13-8954,4G
Robin Dickerson,46770321284,86600198,240-29-6929,5G
Melissa White,46770523996,35999554,240-91-3667,4G
Matthew Ramirez,46740429701,86582964,240-44-3864,5G
Andrea Quinn,46765281237,86097173,240-59-5156,5G
Karen Bullock,46787316548,35554632,240-72-1495,4G
Bianca Ortiz,46759757499,10082159,240-79-6085,3G
Diana Smith,46768601297,35579274,240-87-8739,4G
Douglas Knight,46744982540,35926236,240-25-8558,4G
Amy Reid PhD,46737856367,35535607,240-48-4534,4G
Christopher Espinoza,46715163509,10254599,240-74-6082,3G
Danny Klein,46745251584,35515474,240-22-3397,4G
Deborah Reynolds,46784006537,86449042,240-97-2316,5G
Deborah Brown,46717667338,35652888,240-93-5537,4G
Alexander Aguilar,46729847987,35144063,240-79-3454,4G
William Rowland,46715647539,86187542,240-55-9160,4G
Tyler Smith,46763968441,10094035,240-48-6461,3G
Stacey Davis,46795096405,86346482,240-55-6269,5G
Joseph Patterson,46751163819,10401013,240-81-3080,3G
Jerry Calderon,46796925150,35842541,240-44-7779,4G
Carol Green,46711184169,86249307,240-64-1453,5G
Michelle Harris,46788768477,10260525,240-67-7401,3G
Mr. Jonathan Booker MD,46785173084,35997858,240-61-8870,4G
Caitlin Lopez,46796388157,86860339,240-55-7739,5G
Cody Owens,46734918868,35595067,240-20-1383,4G
Michael Bullock,46731118276,86414773,240-94-2691,5G
Donna Christian,46741766658,35505740,240-69-8130,4G
Jennifer Hayes,46754849849,35897428,240-87-6125,4G
Larry Thomas,46719314502,86127310,240-42-7697,5G
Karen Clark,46742062839,86982207,240-96-1987,5G
Ryan Morrow,46796191493,10950110,240-63-1161,3G
Patricia Curtis,46752798233,86004942,240-92-9862,4G
Jermaine Holmes,46736786863,35691958,240-42-8418,4G
Lynn Miller,46786511888,86351477,240-52-5758,5G
Clayton Perez,46713639520,35043911,240-79-5194,4G
Michael Williams,46753478229,35073203,240-39-7996,4G
Melvin Osborn,46778268072,86601725,240-11-7695,5G
Kyle Harris,46738332095,86265405,240-37-9204,4G
Martha Faulkner,46753689237,86164340,240-22-8865,4G
Jennifer Myers,46768265054,35914815,240-29-7655,4G
Edward Cain,46734371861,35824812,240-77-1815,4G
Audrey Ramos,46741621316,35801351,240-92-9581,4G
Taylor Kelly,46745060234,35446512,240-82-1381,4G
Jennifer Jackson,46787827013,35812430,240-70-5866,4G
Lauren Mueller,46769515706,86434363,240-55-5170,5G
Joshua Alexander,46787964368,35212109,240-27-8118,4G
Victoria Abbott,46758730509,35438080,240-19-9931,4G
Ashley Allen,46726874955,35812879,240-50-7077,4G
Charles Williams,46711208957,35435132,240-16-5287,4G
Zachary Walker,46799877843,86641873,240-28-5715,5G
Michelle Thomas,46790681697,86030192,240-92-2025,5G
Carrie Mejia,46714225289,86147245,240-68-3612,5G
Jeremy Woods,46739781119,10253880,240-72-9434,3G
Connie Manning,46741353001,35714539,240-79-7337,4G
Ryan Craig,46768621416,86171134,240-59-3675,5G
Darren Whitaker,46729329751,10648333,240-72-1077,3G
Daniel Fowler,46766765332,86302445,240-74-1065,5G
Keith Sanders,46756406627,86754380,240-28-8994,4G
Laura Carroll,46712942609,86643703,240-18-3509,5G
Christine Hill,46776337457,35632956,240-96-8368,4G
Marisa Harris,46725160438,86602563,240-96-9253,4G
Jennifer Herman,46769138055,10307682,240-78-9709,3G
Chase Bullock,46762056502,35651084,240-69-1126,4G
Matthew Allen,46730112921,86280407,240-91-6829,5G
Janet Norman,46732993214,10538291,240-76-1299,3G
Anthony Bond,46712113415,35680306,240-78-4370,4G
Dylan Hayes,46751667756,86869941,240-26-6873,5G
Megan Gibson,46758591742,86799482,240-97-1166,5G
Katie Baldwin,46743658265,35349442,240-58-4873,4G
Stephen Nichols,46768331542,35276610,240-40-7037,4G
Susan Huynh,46736236196,35815375,240-54-3620,4G
Heidi Hunter,46729988840,10373905,240-15-1001,3G
Gary Miller,46767402890,86212433,240-66-4646,5G
Joseph Petty,46712945904,86926822,240-15-2925,5G
Kayla Smith,46786291413,35342445,240-70-6008,4G
John Williams,46763755144,86385939,240-16-6248,5G
William Estrada,46747611630,35125400,240-52-3230,4G
Tina Jacobs,46785770215,86843446,240-28-1340,5G
Jonathan Montgomery,46749393475,10168210,240-19-5459,3G
Theresa Scott,46729216715,10823797,240-82-8900,3G
Dana Patterson,46781110943,10680506,240-37-4488,3G
Christian Smith,46796308041,35483042,240-97-4454,4G
Alexander Page,46744115503,86472379,240-98-7945,5G
Eric Hernandez,46752074391,86345686,240-59-8983,4G
Steven Owens,46792750686,10575426,240-72-4006,3G
Stephen Paul,46767472088,86975430,240-25-9465,4G
Dr. Ryan Mills,46719174534,35214920,240-33-7351,4G
Larry Caldwell,46735970270,35257261,240-41-8077,4G
David Leon,46711872154,86805589,240-79-6835,5G
Kyle Flores,46752836195,35883523,240-75-7185,4G
Jay Ramirez,46744091076,10920095,240-10-4927,3G
Alejandro Lynch,46760436530,10899856,240-39-2271,3G
Wanda Ward,46781898963,35256219,240-89-1073,4G
Patricia Hart,46746360832,86225860,240-14-1131,5G
Julia Contreras,46718527835,35730031,240-37-3217,4G
David Smith,46724072989,86559655,240-68-4186,5G
Sonya Cobb,46788225804,35340399,240-47-3656,4G
Edward Adkins,46774456016,35609551,240-18-4410,4G
Bruce Reeves,46790661548,10092313,240-44-2317,3G
Justin Hill,46770424360,10094535,240-28-5681,3G
Jamie Stone,46788881540,10489934,240-17-4839,3G
Amanda Delacruz,46768393554,86036534,240-17-7930,5G
Aaron Brown,46722923472,35675709,240-88-4705,4G
Devin Gould,46737542909,35719183,240-90-6504,4G
Tiffany Johnson,46775683590,86382864,240-57-9048,4G
Robert Reid,46727658253,10455911,240-77-7852,3G
Michelle Wood,46712897041,86530860,240-21-6745,5G
Deborah Lewis,46740700544,86796551,240-71-6049,5G
Robert Bryant,46714276945,35603810,240-32-4413,4G
John Wheeler,46723947443,35138677,240-61-1772,4G
Michael Kerr,46734323577,35978536,240-23-4510,4G
Bryan Baker,46787489807,10079199,240-44-3436,3G
Daniel Reyes,46767319754,35995895,240-34-6321,4G
Elizabeth Matthews,46735770099,86933266,240-64-4998,5G
Kevin Owens,46780779877,86780751,240-76-6715,5G
Douglas Martinez,46760129956,35392589,240-91-8846,4G
Marc Montgomery,46795549287,86803193,240-93-7246,5G
Amber Davis,46778311913,35571312,240-93-2331,4G
Vincent Gibson,46760711717,86934776,240-50-5823,5G
Elizabeth Zimmerman,46723227725,35968044,240-27-8566,4G
Joshua Armstrong,46716120632,86476799,240-15-8103,4G
Kimberly Trujillo,46742424666,35817060,240-66-5366,4G
Tammy Hurley,46727859856,35934511,240-44-6108,4G
Barbara Reyes,46721783445,10041722,240-42-2417,3G
Adam Smith,46795683023,86282961,240-23-9652,4G
Brett Crosby,46737282588,35659079,240-40-8335,4G
Crystal White,46755820473,35896414,240-28-4821,4G
Steven Ryan,46726186862,35102421,240-43-2449,4G
Gerald Li,46765493233,35814979,240-37-5748,4G
Tara Warner,46784072489,10130291,240-72-1568,3G
Jerome Lucas,46746863805,10005647,240-86-8323,3G
Caleb Cherry,46799918310,86975481,240-77-6133,5G
Brandon Robinson,46774249743,10915199,240-62-1194,3G
Ryan Burke,46733135452,10238408,240-63-2454,3G
Cynthia Salinas,46783428708,35933819,240-64-7991,4G
Nicholas Burke,46710898444,35117131,240-15-4658,4G
James Gutierrez,46725861936,86347860,240-79-8094,4G
Kelly Holt,46741374900,10813215,240-38-1185,3G
David Bryant,46739648079,35658397,240-91-4419,4G
Brenda Lane,46796963179,86507732,240-30-7905,5G
Robert Alvarez,46728969167,10699023,240-91-8993,3G
Jason Evans,46786028606,35882512,240-61-3483,4G
Charles Rivera,46720454596,35293236,240-94-9175,4G
Terry Moreno,46783577074,10296966,240-93-5427,3G
Manuel Conway,46736943679,10858296,240-69-3658,3G
Stephen Day,46752463508,10497269,240-41-2036,3G
Ronald Nguyen,46787784912,35877465,240-46-5072,4G
Anthony Murphy,46775137239,35641277,240-97-4254,4G
Colton Cox,46772937598,86923060,240-40-6943,5G
James Leon,46773850779,35415349,240-27-2833,4G
Ivan Barnes,46767816963,35094476,240-43-5919,4G
Christine Sutton,46738094575,35903282,240-93-8069,4G
Jeremiah Lee,46784834030,10410513,240-60-7691,3G
Joseph Davis,46743718877,35884108,240-15-4743,4G
Nicholas Snyder,46755049268,86349208,240-94-8732,4G
Candace Solis,46724508003,35222191,240-60-7115,4G
Jonathan Mendez,46756912573,35920574,240-30-2147,4G
Heidi Glass,46786486741,10177696,240-49-1559,3G
Tonya James,46756241204,10771968,240-74-8370,3G
Matthew Wilson,46767041562,35045740,240-43-8778,4G
Laura Cruz,46747423437,10115594,240-68-5074,3G
Aaron Davidson,46713112903,86174352,240-93-5432,5G
Trevor Zhang,46766256961,35693852,240-80-1755,4G
Joshua White,46731937540,10017413,240-45-8024,3G
Jennifer Hardy,46748707618,86748328,240-84-4383,5G
Matthew Gardner,46746302529,86786189,240-72-2740,5G
Anna Glover,46796253376,86477160,240-19-7071,5G
Stephen Manning,46754099748,35955407,240-51-8156,4G
Jennifer Gibson,46737299368,35095446,240-53-3774,4G
Michelle Taylor,46777263171,86716193,240-41-7714,5G
Karen Thomas,46769725000,86837699,240-42-6477,5G
Mark Ramsey,46790740724,86941635,240-19-4612,5G
Courtney Valencia,46754283766,35966979,240-51-6307,4G
Ellen Morse,46754458438,86699614,240-69-7447,5G
Dustin Wilson,46746515101,35580520,240-30-3940,4G
Cathy Thompson,46763349102,35391493,240-35-7787,4G
John Sparks,46751319964,86144018,240-26-7345,5G
Angela Cruz,46758089901,35014539,240-91-6649,4G
Lisa Johnson,46766349916,35534368,240-83-1785,4G
Matthew Becker,46759440284,35619256,240-76-2416,4G
David Callahan,46744999138,35648447,240-78-7459,4G
Alexander Webb,46794463623,86897653,240-56-8906,4G
Tracy Martin,46759182178,35490994,240-71-1526,4G
Lisa Hughes,46725412384,35780644,240-53-5962,4G
Ronald Stewart,46743013151,10420050,240-50-9680,3G
Michael Davis,46718713796,10479025,240-91-7217,3G
Jessica Rios,46775201746,10389306,240-23-3022,3G
Joshua Sanchez,46780379691,35992511,240-94-7832,4G
Sara Foley,46749275554,35586105,240-39-8742,4G
Andrew Salinas,46789003213,10317627,240-23-6690,3G
Omar Allen,46737873913,86016911,240-35-2184,5G
Tracy Blevins,46792600335,35677368,240-11-5245,4G
John Daniels,46775401572,86297399,240-75-9558,4G
Matthew Torres,46736718147,35609699,240-15-8547,4G
Timothy Jordan,46731902749,86339003,240-87-1321,5G
Tracy Sims,46791401392,35681919,240-63-9612,4G
Marcus Hill,46743027291,35358963,240-23-7106,4G
Patricia Blair,46710769527,86306995,240-96-7438,5G
Eric Harris,46712028851,35384934,240-13-4078,4G
Matthew Phillips,46779961503,10808422,240-26-4771,3G
Shelby Smith,46759359802,35488835,240-89-5623,4G
Paula Graham,46766912766,35634102,240-95-2647,4G
Marie Marshall,46774841271,35767454,240-74-3011,4G
Dustin Parker,46733387092,86566074,240-95-5232,5G
Stacy Perry,46719656868,86323970,240-36-7107,5G
Jose Poole,46750731426,10293808,240-76-7876,3G
Robert Baker,46710658003,35752254,240-91-1689,4G
Jack Quinn,46795216437,10699909,240-34-8660,3G
William Clark,46762323045,10857617,240-51-8471,3G
Sara Cox,46740850863,35279317,240-36-4337,4G
Christopher Meyers,46777925974,35664004,240-49-3890,4G
Gregory Ray,46767868983,35788634,240-38-9265,4G
Kevin Thompson,46775682867,86321879,240-24-9322,4G
Stephen Wright,46731768643,10692694,240-40-1050,3G
Gina Cooper,46784809884,35782190,240-41-7185,4G
Steven Weber,46754664543,86745231,240-83-8476,4G
Jerry Burnett,46781320272,86373977,240-23-5864,5G
Taylor Collier,46717133074,10454887,240-25-4012,3G
Sarah Kennedy,46773325779,35080748,240-92-8995,4G
Cynthia Tate,46770616335,35981826,240-81-4911,4G
Randy Benton,46783366730,35576602,240-42-7078,4G
Krystal Williams,46764312696,86651712,240-98-3970,5G
John Wood MD,46753933164,35876876,240-36-7306,4G
Ms. Kim Delgado,46763997927,86450180,240-96-6247,5G
Heather Matthews,46786298326,86586322,240-44-3895,5G
Jeffrey Smith,46770144393,86670964,240-84-5069,5G
Jeffrey Hogan,46768329429,86076054,240-46-8073,4G
Melissa Duarte,46743001781,35567499,240-30-8318,4G
Jeffery King,46787594430,35769708,240-70-4231,4G
Gabriel Henry,46769193912,86540850,240-53-7996,5G
Charles Yates,46796986866,35647049,240-22-1968,4G
Donna Mclaughlin,46793221304,35613484,240-28-7571,4G
Stephen Guzman,46710116888,35222858,240-27-1243,4G
James Smith,46752660503,35691018,240-67-1135,4G
Rebecca Cline,46731159442,35180023,240-31-8506,4G
Joshua Davis,46779882162,35362440,240-71-7988,4G
Autumn Mcintosh,46736198027,35060204,240-29-6397,4G
Rachel Marquez,46759412694,35506087,240-84-3979,4G
Monica Marquez DDS,46741816581,86664896,240-29-9864,4G
Michael Moore,46793528761,86735053,240-66-4555,5G
Samantha King,46792565182,86317534,240-61-5616,5G
Maria Smith,46743512386,86424791,240-46-9513,4G
Steven Dyer,46714597669,10921710,240-55-1855,3G
Frederick White,46753897435,86928538,240-15-6042,5G
Sonia Bartlett,46751061783,35129960,240-27-7316,4G
Steven Ford,46759713851,86290693,240-24-8062,4G
Leslie Gardner,46714151785,35177832,240-80-8521,4G
Michael Williams,46735793044,35815948,240-66-5646,4G
Roger Rosales,46796487703,86890324,240-34-5757,5G
Lisa Moore,46778866887,35242030,240-53-8419,4G
Monica Reid,46783687266,35129417,240-39-8675,4G
Warren Carter,46712398849,10132309,240-32-7510,3G
Jackie White,46716017004,35344912,240-64-6490,4G
Denise Clark,46760188949,35603193,240-76-7200,4G
Rachel Lewis,46764889533,86652315,240-67-2689,5G
Kathryn Callahan,46738327765,86332626,240-74-5953,5G
Matthew Hughes PhD,46742737934,35762457,240-38-2538,4G
Donna Patrick,46719644767,35058014,240-32-4757,4G
Kyle Reynolds,46715909391,35151265,240-64-2821,4G
Robert Powell,46782415562,10819802,240-93-3711,3G
Kelly Thomas,46754884756,35827739,240-17-9272,4G
Bonnie Monroe,46722316852,35601699,240-96-8980,4G
James Bennett,46794749483,10967912,240-41-6341,3G
Kyle Lambert,46749860740,86046828,240-53-1531,5G
Erik Fernandez,46765466875,35953863,240-34-7900,4G
Shannon Salinas,46759155936,35056790,240-24-6766,4G
Danielle Oconnell,46791787212,35797035,240-41-2425,4G
Christopher Smith,46747260150,10998613,240-21-9271,3G
Felicia Duarte,46730638676,35104428,240-17-7543,4G
Rebecca Smith,46795407062,35780926,240-39-5033,4G
Denise Meyers,46785113099,10011297,240-87-4128,3G
Randy Carrillo,46793680513,35666468,240-45-8926,4G
James Alvarado,46786999652,35364474,240-79-2615,4G
Philip Simmons,46735019098,10019268,240-37-1878,3G
Jacqueline Reid,46729686809,35865325,240-72-1724,4G
Autumn Hall,46774059338,35498204,240-57-1185,4G
Kelly Garcia,46721953913,35953554,240-68-4238,4G
Sarah Novak,46791991178,35387081,240-21-9797,4G
Kevin Brown,46779985379,86289451,240-21-5866,5G
Oscar Willis,46746999515,35219601,240-90-4038,4G
Ronald Flores,46779714438,35285218,240-65-8988,4G
Isaac Combs,46744338269,35726765,240-65-1249,4G
Patrick Zavala,46796881843,86560063,240-22-2473,5G
Mr. Michael Wood Jr.,46749804288,35264814,240-60-5656,4G
Laura Lucas,46796192649,35410568,240-17-2936,4G
Steven Swanson,46784269849,35227140,240-88-1061,4G
Leslie Walker,46734542771,86647762,240-52-6452,5G
Luke Bolton,46768166692,35433650,240-98-5865,4G
Shirley Garrett,46799126009,35855391,240-76-1290,4G
Daniel Humphrey,46759519687,86751957,240-72-7442,5G
Emma Deleon,46775365995,10977152,240-65-9422,3G
Michael Morales,46756389378,35296690,240-48-3237,4G
Kristin Green,46743868965,86261021,240-13-6433,5G
Gregory Rodriguez,46771539904,10782516,240-78-6795,3G
Rebekah Brown,46743245660,35025675,240-82-2538,4G
David Turner,46755632602,35636234,240-67-5462,4G
Sandra Harrison,46771257314,35608492,240-85-3075,4G
Mrs. Norma Wiggins,46752295703,86605037,240-52-2892,5G
Christopher Phillips,46719370795,86778015,240-97-9804,4G
Timothy Johnson,46787496682,86435909,240-79-2093,5G
Christopher Lowe,46714867590,35117974,240-95-8998,4G
Miguel Williams,46766881066,35152908,240-49-4305,4G
Heidi Garcia,46746288723,35064135,240-97-1036,4G
Victoria Hernandez,46729369886,35984176,240-91-6343,4G
Kristen Fernandez,46741629743,35497706,240-85-9920,4G
Lee Shepherd,46710452113,86624314,240-15-2281,5G
Daniel Perez,46763607669,35650616,240-16-3102,4G
Carl Farrell,46770927957,35421552,240-43-1029,4G
Colin Rich,46781199711,86864338,240-55-1289,5G
Joseph Jenkins,46783414100,35678936,240-71-3925,4G
Alexander Foster,46779369265,10204301,240-24-2060,3G
Vicki Flowers,46792068955,86211474,240-96-1947,5G
Mrs. Krista Murray,46746193047,35971438,240-36-7098,4G
Stephanie Glover,46771033508,35959982,240-14-8573,4G
Melissa Novak,46735857279,35972177,240-49-1107,4G
David Brown,46729716530,10882232,240-32-6192,3G
Brandon Cole,46791096457,10235358,240-64-3906,3G
Julie Zuniga,46792313746,10709609,240-89-3781,3G
Jason Oconnell,46785753624,35388183,240-41-8219,4G
Elizabeth Ramirez,46718193468,86527514,240-46-2783,5G
Maurice Lewis,46747913554,10086728,240-15-6129,3G
Dr. Frank Huynh,46751203310,35686001,240-23-7750,4G
Heather Swanson,46776078768,10721025,240-18-6631,3G
Brandon Adams,46788433445,86263881,240-32-3486,5G
Charles Santiago,46736282978,35357610,240-30-7003,4G
Dave Griffith,46736791964,35637475,240-79-1871,4G
Karen Gill,46715277420,35108946,240-50-1660,4G
Sierra White,46780670530,86866399,240-80-9732,4G
Michael Wilson,46788617184,10144454,240-71-7238,3G
Mr. Paul Allen MD,46714357990,86766582,240-34-1807,5G
Christine Montes,46793107972,35197658,240-33-3065,4G
Daniel Glover,46773324510,86244571,240-70-9058,4G
Michael Bridges,46725608476,35755640,240-76-9163,4G
Karen Hoffman,46719772239,86886163,240-15-6727,5G
Melissa Perry,46776720131,86135237,240-43-5278,5G
Jesse Copeland,46798561511,35490643,240-93-5864,4G
Tracy Bridges,46773925100,35388227,240-90-2881,4G
Teresa Sanchez,46763204227,35445861,240-95-6043,4G
Garrett Martinez,46725614708,35506805,240-36-1258,4G
Angela Watson,46783083484,35488971,240-49-5023,4G
Matthew Deleon,46775034404,86654481,240-36-4969,5G
Jose Schmidt,46790929221,86738497,240-68-4454,5G
Andrew Morris,46764030901,35175380,240-88-1900,4G
Ricky Glenn,46720176828,10557665,240-80-9872,3G
Patricia Ferguson,46735705177,86462110,240-65-9737,4G
Ruth Gonzalez,46731869502,35215438,240-78-5608,4G
Tina Johnson,46734534788,10593213,240-16-7560,3G
Robert Bell,46791759093,35770285,240-54-7459,4G
Stephanie Wallace,46767568342,35396452,240-15-2936,4G
Anthony Stephens,46719678391,35342925,240-89-7764,4G
Christopher Erickson,46788190343,35127277,240-75-3155,4G
Ryan Miller,46728298917,35660960,240-60-5893,4G
Nicole Bryant,46792795008,35869742,240-66-4568,4G
Rhonda Beck,46724531435,10908805,240-69-7911,3G
Patrick Jimenez,46715094429,10929806,240-95-5323,3G
Brandon Joseph,46777911581,35595411,240-69-3577,4G
Mary Ellis,46726064958,10996900,240-31-7745,3G
George Mclean,46718175576,86975112,240-78-7852,5G
Pamela Powell,46720427148,35982469,240-82-4173,4G
Jared Andrade,46733944899,35205471,240-16-5274,4G
Matthew Suarez,46753327844,10568243,240-78-3550,3G
Emily Martinez,46775572163,86468571,240-66-9089,4G
Charles Powell,46743753974,35355992,240-32-9625,4G
Sherri Bennett,46787643918,86425930,240-81-1387,5G
Jaime Riddle,46756010680,86629109,240-73-5890,5G
Casey Foster,46755828145,35028683,240-94-3501,4G
Ronald Robinson,46725528391,35955480,240-12-8374,4G
Kaitlin Jackson,46767143053,10601495,240-78-7258,3G
William Long,46778394024,86136330,240-38-3027,5G
Cheyenne Garner,46759509069,10177398,240-63-8947,3G
Anne Gardner,46738446755,35403551,240-35-8542,4G
Justin Gilbert,46747376395,10168683,240-70-9957,3G
Brent Thomas,46743106000,86269334,240-15-4065,5G
Regina Duncan,46736658609,35996161,240-34-7614,4G
Dennis Hernandez,46759560866,35778132,240-56-6578,4G
Sara Jackson,46756654993,10855742,240-89-6291,3G
Emily Mendez,46757985939,10275840,240-53-3819,3G
Darren Jones,46786067689,10582092,240-73-7713,3G
Jeffery Myers,46727495420,35513277,240-45-1580,4G
John Rodriguez,46737652731,35810790,240-51-9674,4G
Daniel Maynard,46764602009,35518555,240-39-8363,4G
Stephen Jones,46739171429,86289910,240-94-2080,5G
Carrie Jones,46737025949,35036035,240-23-2172,4G
Brett Garner,46744357083,86710347,240-41-6473,5G
Joel Campbell,46763234649,35705211,240-21-2897,4G
William Baker,46747513447,86762857,240-88-7763,5G
Doris Harrison,46726770934,86861064,240-87-7306,5G
Henry Hart,46716109421,35334906,240-29-3272,4G
Benjamin Jacobs,46791640078,86297463,240-47-5426,5G
Linda Allen,46754495645,35329537,240-32-9052,4G
Tami Howard,46734247612,35099122,240-47-9184,4G
Gina Noble,46797538422,35751764,240-22-2067,4G
Scott Fernandez,46728851124,35081231,240-90-6478,4G
Mary Williams,46764062167,86220651,240-84-7444,5G
Richard King,46726702269,86977362,240-63-9953,4G
Karen Collins,46738778390,86059317,240-42-9774,4G
Sophia Young,46772780089,86355143,240-66-5381,5G
Patrick Smith DDS,46778598994,35117949,240-68-8921,4G
Lindsey Maldonado,46757498038,35277136,240-29-2254,4G
James Stewart,46784776007,86536630,240-24-3959,5G
Daniel Villa,46785035993,35198866,240-38-5420,4G
Theresa Mclaughlin,46750938814,10660792,240-28-3369,3G
Paul Walker,46714362451,35404168,240-85-3413,4G
Richard Lewis,46741356085,86585457,240-83-2678,5G
Angela Hernandez,46774762117,35305459,240-15-9608,4G
David Moss,46798152038,35906412,240-91-9591,4G
Monica Parks,46750671599,10939662,240-35-5604,3G
Rhonda Potter,46721434476,35768595,240-83-4070,4G
Nicole Scott,46780624353,35313880,240-77-8461,4G
Lori Fox,46795314332,35978905,240-64-3324,4G
Michael Spence,46731505473,10096453,240-23-2755,3G
Shawn Romero,46793062093,86841282,240-17-1173,5G
Kayla Spence,46762572377,86259113,240-52-3240,5G
Elizabeth Martin,46772552127,35653080,240-55-9853,4G
Juan Russo,46786236457,35498017,240-15-6479,4G
Edward Baker,46799620710,35644742,240-17-1803,4G
Elizabeth Dean,46753038914,35733996,240-14-6748,4G
Ashley Williams,46788247052,86792214,240-19-1430,5G
Raymond Glover,46748895694,35133745,240-55-3620,4G
Tyler Wilson,46721250475,86561229,240-88-9720,4G
Gregory Pearson,46742471010,10201926,240-22-6171,3G
Julie Velazquez,46767905925,10369222,240-89-7512,3G
Vanessa Pierce,46713764993,10843521,240-85-4293,3G
Tina Scott,46720681545,86880872,240-48-5473,5G
Ellen Jones,46728280364,10949505,240-13-8688,3G
Sierra Adams,46780669115,86994157,240-50-9929,4G
Danielle Walls,46740823704,35107271,240-68-4951,4G
Isaac Harmon,46784020480,86664197,240-82-1873,5G
Allen Washington,46736834302,10985323,240-34-8786,3G
Kimberly Knight,46759309098,86394295,240-34-2342,5G
Beverly Henry,46733429041,10708724,240-66-2721,3G
Douglas Jordan,46769718392,35878936,240-11-6139,4G
Seth Skinner,46748555170,10585842,240-33-2294,3G
Mr. Joshua Mejia,46790954884,10692440,240-38-2365,3G
Stacey Turner,46715238926,86803205,240-65-6053,5G
Gerald Patterson,46713346840,35585553,240-59-7989,4G
Michael Frazier,46758929091,10080664,240-87-9675,3G
Sabrina Guzman,46749455158,35572668,240-13-3511,4G
Tiffany Walker,46740609090,86343642,240-48-4331,5G
Mr. David Wood DVM,46784293703,10104301,240-32-6043,3G
Paula Boyd,46793990676,86814212,240-81-4733,5G
Joshua Sandoval,46762075605,10521476,240-13-5702,3G
Beth Cardenas,46715045916,86839033,240-18-7906,5G
Christina Stephens,46739929513,35623172,240-32-6938,4G
Matthew Wilson,46751121361,35304192,240-19-6334,4G
Ryan Miller,46734628563,35657739,240-38-1111,4G
Nancy Brown,46790384097,10678610,240-34-7312,3G
Karen Lee,46749774506,10044169,240-92-1443,3G
James Zamora,46777377888,86275373,240-55-4722,5G
Austin Mata,46725041716,35317188,240-42-7520,4G
Erik Hamilton,46772609637,35231789,240-70-5511,4G
Phyllis Owens,46787347973,10041410,240-59-2622,3G
Jose Spencer,46751104221,35651057,240-58-8476,4G
Molly Murphy,46723123425,10733454,240-58-3780,3G
Robert Cohen,46781928187,10467562,240-46-6168,3G
Paul Williams,46777631826,10756567,240-14-5002,3G
Kristen Sullivan,46715477482,35603901,240-82-6920,4G
Dawn Harmon,46774048008,35698087,240-19-8637,4G
Tyler Bush,46791150123,86434519,240-39-9582,4G
Gregory Kerr,46757577924,10799800,240-96-1968,3G
Scott Morris,46750024510,35157952,240-63-4526,4G
Steven Sandoval,46786362330,35959163,240-61-4440,4G
Jordan Thomas,46781195064,86666140,240-37-2240,5G
James Rose,46741288562,10200235,240-95-3693,3G
Aaron Meyer,46775018961,86209815,240-40-5306,5G
Jennifer Maddox,46786241539,10881251,240-65-5313,3G
Renee Wilson,46761060728,86856006,240-15-6723,5G
Dawn Roberts,46732336025,35404514,240-94-9474,4G
Christina Young,46762840397,10267552,240-62-6567,3G
Christopher Hebert,46716449489,35360865,240-36-5473,4G
Melissa Adams,46732232465,86455796,240-87-8467,4G
Dana Gutierrez,46731498555,35331236,240-89-2267,4G
Daniel Spencer,46716308290,86607702,240-51-5888,5G
Destiny Perez,46794196685,35519135,240-49-6949,4G
Jennifer Munoz,46746591072,86410689,240-75-8488,4G
Anthony Oconnell,46747587555,35652158,240-95-3925,4G
Dr. Jill Smith,46745942828,86586528,240-73-1959,5G
Lori Riddle,46786489321,10059413,240-21-1179,3G
Chad Hernandez,46791373502,86542418,240-54-6059,5G
Carrie Baker,46784451117,35871970,240-43-5983,4G
Anna Riley,46756762756,86369068,240-45-8881,4G
Brian Wallace,46791050504,35064734,240-44-7914,4G
Tyler Taylor,46786293843,86568343,240-89-8181,4G
Lisa Cook,46759106199,35721831,240-38-1221,4G
Jason Dyer,46792559572,35594557,240-75-5757,4G
Jack Spencer,46750603018,10558114,240-53-6775,3G
Brian Hernandez,46779521692,10223376,240-98-4649,3G
Miguel Williams,46732724655,10474676,240-69-9759,3G
Lisa Garcia,46733231075,10235943,240-28-9134,3G
Brendan Huffman,46745009897,35183321,240-56-2300,4G
Bradley Edwards,46747127690,86308509,240-64-2385,5G
Marilyn Adams,46719466968,35520674,240-70-3823,4G
Michael Webb,46792624133,10120426,240-14-2368,3G
William Phillips,46791514083,10388402,240-29-1139,3G
Ryan Guerra,46716445860,86117450,240-90-8244,4G
Ryan Ayala,46740749414,10298162,240-50-4087,3G
John Jarvis,46778769304,10232300,240-36-2386,3G
Joseph Boyle,46781517814,10334204,240-30-7676,3G
Cristina Goodwin,46785131151,86885095,240-90-7828,5G
Sean Thompson,46725766353,86960434,240-35-4755,5G
Alisha Stone,46716704184,86716392,240-69-8832,4G
David Navarro,46782901998,86525107,240-32-6443,5G
Michelle Miller,46790510179,35853635,240-11-4678,4G
Autumn Stewart,46731744124,35698922,240-84-1286,4G
Brittney Salas,46756795690,10273916,240-39-6406,3G
Robin Lopez,46713477381,35343202,240-91-8543,4G
William Cooper,46795194789,35319025,240-23-2150,4G
Troy Griffith,46790078488,35847433,240-69-7139,4G
Micheal Young,46727425423,35017645,240-90-8405,4G
Luis Oconnell,46799334688,35564931,240-41-8799,4G
Patrick Fox,46756275059,35598122,240-95-4588,4G
Alison Collier,46779902901,35500147,240-47-6371,4G
Andrew Cruz,46791293804,35271479,240-27-7114,4G
James Williams,46799877422,35644062,240-88-1766,4G
Eric Walsh,46756862955,10060649,240-93-3533,3G
David Velez,46732152304,86024193,240-53-2366,5G
Mercedes White,46760325258,10620488,240-29-9962,3G
Matthew Welch,46725420856,86654818,240-84-9103,4G
Benjamin Davis,46764295055,10949525,240-31-8328,3G
Corey Reeves,46750170675,35684677,240-95-6327,4G
Mark Thompson,46792076038,10678097,240-10-2554,3G
Kelli Abbott,46719003281,86554081,240-12-5675,5G
Randy Medina,46771245332,35704990,240-73-9759,4G
Ms. Victoria Santana,46722650615,10452827,240-34-4575,3G
Robert Roberts,46759294827,86692727,240-83-7367,5G
Amanda Patel,46757082866,10851161,240-85-4103,3G
Kristen Moss,46756948264,86766984,240-74-3798,5G
Yolanda Brooks,46749101498,10657430,240-19-3380,3G
Diana Terry,46791717933,35632942,240-10-7041,4G
Christian Thomas,46766187808,10777671,240-51-3891,3G
Michael Day,46748963185,35211760,240-77-9173,4G
Michele Hill,46741540226,35802365,240-91-8426,4G
Charles Ford,46733176113,35307980,240-98-1078,4G
David Washington,46728052328,86269067,240-79-1581,5G
Michael Kelly,46791132007,35805351,240-93-3627,4G
Adam Palmer,46795015797,10157182,240-55-2360,3G
Evelyn Moran,46729250187,86711417,240-23-1538,5G
Ryan Villanueva,46732718385,86956125,240-79-8362,4G
Pamela Fry,46770945428,35193329,240-37-5035,4G
Haley Harris,46749375337,35654284,240-77-9736,4G
Kayla Cunningham,46752958084,10347049,240-57-1939,3G
Felicia Sanchez,46766950625,10641191,240-68-6274,3G
William Hall,46789729131,35446710,240-68-4084,4G
Patricia Mcintosh DVM,46739053968,10055237,240-40-4921,3G
Deborah Johns,46779166849,35348752,240-47-2501,4G
Robert Neal,46728075619,35194500,240-40-4454,4G
Benjamin Silva,46791500098,10943793,240-15-1552,3G
Alejandro Phillips,46751476316,35058724,240-37-9211,4G
Melody Griffin,46788797826,86473314,240-37-6184,5G
Karen Lang,46736883826,35645979,240-70-1295,4G
William Kramer,46765721057,35671856,240-88-4444,4G
James Carlson,46728215475,35590531,240-55-5540,4G
Robert Fisher,46754758303,86752913,240-54-5791,5G
Eileen Wright,46786511161,10529490,240-19-4233,3G
Tracy Hooper,46745060486,86474413,240-95-3907,5G
Nicole Knapp,46749302467,35175399,240-14-6109,4G
Stephen Everett,46736343926,86730002,240-85-5988,5G
Angela Baker,46765849135,10170148,240-48-8142,3G
Mrs. Caroline Smith,46781947927,86418654,240-57-1461,5G
Stephanie Collins,46720409387,86890728,240-51-3968,5G
Wayne King,46781579294,35130448,240-85-4938,4G
Phillip Jenkins,46760568272,35394317,240-74-4791,4G
Mrs. Melanie Jackson,46737669774,86735558,240-82-8828,4G
John Banks,46715394071,35125588,240-73-4023,4G
Craig Green,46735779573,86894971,240-75-9303,4G
Karen Barr,46717966242,35160675,240-84-5714,4G
Brittany Dean,46753586099,86878368,240-83-7262,5G
Brittany Beltran,46725236709,35217443,240-44-4052,4G
Stephen Burke,46738387754,35375434,240-37-8769,4G
Willie Wilson,46783489791,86078655,240-23-1033,5G
Michael English,46750541240,10876218,240-87-2938,3G
Joyce Robinson,46734373175,35189651,240-13-2447,4G
Gabriel Wilson,46732076782,35576602,240-98-2672,4G
Scott Simpson,46756136906,86856718,240-74-2081,5G
Katherine Ellis,46730393047,35174371,240-54-3774,4G
Madison Burton,46780984280,35472697,240-63-6599,4G
Cody Green,46718524866,35323844,240-78-4649,4G
Rhonda Davis,46784275972,35547216,240-69-3121,4G
Katrina Jackson,46720932492,10983465,240-36-6268,3G
Kenneth Ellis,46767519911,86253940,240-11-1302,5G
Christina Horton,46777753730,35000163,240-41-4066,4G
Shawn Williams,46748668610,35380753,240-19-3734,4G
Jennifer Gonzalez,46755158440,35658981,240-48-6938,4G
Jacob Johnson,46776307390,35928001,240-54-5756,4G
Kaitlyn Castro,46785530747,35185285,240-94-3193,4G
Sharon Williams,46739398150,35684239,240-52-5254,4G
Wendy Hutchinson,46799339121,86455441,240-60-7579,5G
Katrina Hines,46761052643,35389578,240-75-3289,4G
Derrick Dodson,46727025506,86358451,240-77-5329,5G
Alison Richard,46799118854,35311999,240-59-1388,4G
Janet Johnson,46773697745,10186737,240-80-3130,3G
Charles Dickson,46751678939,35151005,240-65-4344,4G
Whitney Brooks,46786047470,35924752,240-42-7962,4G
Christy Cunningham,46767920644,35519557,240-19-3040,4G
Christopher Montoya,46742637238,35011876,240-53-5055,4G
Craig Adams,46711207860,35462742,240-87-2709,4G
Jessica Buckley,46783487886,86819945,240-91-6582,5G
Samantha Williams,46717447279,35070264,240-17-5414,4G
Douglas Smith,46738052393,86103751,240-58-2996,5G
Sheila Johnson,46741376847,86070560,240-88-5162,5G
Logan Medina,46745115535,35059596,240-61-7495,4G
Janet Fuller,46767737030,86516939,240-51-4598,5G
Adam Chen,46783873103,35675031,240-11-6111,4G
Dana Cohen,46735833402,10640743,240-96-2324,3G
Charles Carrillo,46781556185,35280790,240-58-9624,4G
Anthony Snyder,46774169884,35189243,240-81-9239,4G
Melanie Johnson,46738265426,35147215,240-55-5326,4G
Karen Brown,46730440505,86365088,240-37-6487,5G
Patricia Ingram,46788929433,10767629,240-17-4072,3G
Brandon Contreras,46714791164,35065756,240-97-4553,4G
Rickey Rogers,46755188745,35579223,240-45-1146,4G
Michael Franco,46781745362,86931375,240-13-4456,5G
Timothy Thompson,46760722977,35272614,240-10-5073,4G
Benjamin Mueller,46787905193,35580609,240-32-6412,4G
Ryan Gregory,46786371361,35625918,240-18-3182,4G
Deborah Taylor,46714544703,35702679,240-31-5914,4G
Drew Reilly,46767176620,35374339,240-55-2765,4G
Mary Campbell,46742679646,10091891,240-94-3588,3G
Rachel Haynes,46712784975,35834089,240-57-2013,4G
Kimberly Gilbert,46741398334,86795460,240-10-1836,5G
Amy Martin,46728492846,35763978,240-82-8970,4G
Susan Hansen,46744968343,10571678,240-49-6328,3G
Jacob Higgins,46720740829,35016116,240-92-6373,4G
Jennifer Olson,46714568767,86229666,240-77-7333,5G
Kathryn Chan,46757204953,35886514,240-67-8604,4G
Mary Jones,46786766252,86051843,240-81-1546,5G
Rachael Moreno,46711864453,86757708,240-49-5582,5G
Robert Crawford,46788384697,10056747,240-73-6494,3G
Sherri Howell,46763797835,86329931,240-95-3884,5G
Dawn Hunt,46799469241,86614229,240-60-9177,4G
Kimberly Bowers,46756264132,35612924,240-93-8962,4G
Dennis Carpenter,46784536454,35586245,240-60-4820,4G
Victoria King,46795051332,86172646,240-12-7371,5G
Sarah Howard,46760440155,86498724,240-11-4692,5G
Mr. Dave Murphy,46763784854,86064127,240-77-7230,5G
Jeremy Palmer,46788591154,35192631,240-87-9228,4G
Jennifer Davis,46784076533,10073208,240-23-8800,3G
Debbie Duran,46786241446,10107512,240-91-1262,3G
Michelle Horne,46731325818,86309420,240-56-3261,5G
Jennifer Stone,46780404317,86994135,240-37-6463,5G
Dominic Palmer,46772446058,35495655,240-21-7437,4G
Trevor Robinson,46798687214,86456988,240-43-3023,5G
Kayla Perry,46713225045,35671924,240-26-3912,4G
Micheal Hester,46778220767,86160622,240-79-1572,5G
Amanda Davis,46798312790,10800018,240-97-9906,3G
Michael Robertson,46746100609,35639773,240-42-4939,4G
Nicole Mccoy,46730036801,86400880,240-49-7147,5G
Emily Johnson,46754369175,10170784,240-93-9672,3G
Sharon Hayes,46738474248,10172409,240-10-3603,3G
Mark Tran,46757402249,86862750,240-36-4990,5G
Justin Combs,46780306560,10921278,240-79-8345,3G
Martin Holmes,46731666881,10979712,240-30-7905,3G
Phillip Patton,46726431986,86734895,240-90-1065,5G
Joshua Walker,46755327209,10596822,240-85-9669,3G
Rachel Tanner,46732822482,35446015,240-57-6171,4G
David Thomas,46751594326,35804996,240-56-3260,4G
Pedro Dixon,46734810051,35889192,240-86-4513,4G
Michael Simpson,46711286479,35413869,240-72-2624,4G
Anne Chapman,46792356244,86957308,240-64-1603,5G
Madison Baker,46711637346,35676689,240-82-5983,4G
Elizabeth Rush,46777216484,10493687,240-76-3316,3G
Jason Johnson,46724274113,10336232,240-25-9697,3G
Charles Johnston,46782385337,35206971,240-14-1754,4G
Bryan Edwards,46732900586,86611426,240-32-6795,5G
Dustin Banks,46790659212,35281532,240-10-7616,4G
Ellen Lozano,46796678765,35215328,240-35-1597,4G
Russell Parker,46731574653,86131866,240-39-5698,5G
Joshua Ingram,46781249687,35966704,240-66-2343,4G
Heather Dean,46768568249,35543599,240-45-3444,4G
Tara Gallagher,46717130144,35899684,240-57-9154,4G
Kayla Martin,46775060349,86364801,240-60-9402,4G
Christopher Howard,46726063017,86916280,240-75-5484,5G
Brittany Schmidt,46799083330,86309098,240-11-8774,4G
Devin Ellis,46753881306,35529220,240-36-5239,4G
Carrie Hall,46770584740,35875212,240-79-2097,4G
Cynthia Koch,46730007363,86083650,240-59-5294,5G
Kayla Collins,46749115770,86425173,240-65-8892,4G
Peter Maldonado,46751950228,35207916,240-88-3902,4G
Brandon Hill,46722487833,35995198,240-54-5053,4G
Mr. Jeffrey Kelley,46716589650,35460701,240-47-5153,4G
Toni Williams,46793811089,86391985,240-14-5002,5G
Christopher Lee,46725148732,35870442,240-88-6830,4G
Michael Roberson,46733340704,35179809,240-23-7144,4G
Felicia Wilson,46763697014,10411830,240-89-3393,3G
Rachael Palmer,46793074391,86281767,240-87-8222,4G
Connie Chapman,46785572204,10953948,240-45-9723,3G
Debra Wyatt,46745188893,35857759,240-26-3362,4G
Nancy Reyes,46733544744,86477602,240-12-2913,5G
Robert Ware,46796058359,35833565,240-24-3440,4G
Brett Greene,46775679817,10447453,240-51-8682,3G
Susan Garcia,46798926041,35156627,240-19-9761,4G
Vickie Everett,46760746642,10135565,240-82-2531,3G
Amber Lopez,46759134988,10928577,240-72-7714,3G
Mary Joseph,46742436728,86157584,240-38-8429,4G
Rebecca Pruitt,46725152994,86258930,240-61-1364,5G
Laura Morris,46711700976,35968673,240-76-3839,4G
Sarah Richardson,46776470904,86771965,240-61-1737,5G
Alexander Washington,46786926727,86318242,240-16-6797,5G
Jessica Scott,46719801484,86430745,240-49-1156,5G
Frederick Nunez,46733039963,86846912,240-45-8470,4G
Annette Smith,46747254050,86682622,240-81-5376,5G
Samuel Christian,46747445247,86077213,240-14-8877,4G
Donald Wong,46720755035,35793350,240-95-5258,4G
Dennis Moore,46743489878,35170945,240-33-8632,4G
Erik Juarez,46786752403,35979007,240-59-1119,4G
Timothy Bryant,46791233900,35652241,240-44-3987,4G
Thomas Sanchez,46767458005,35423055,240-51-9695,4G
Jennifer Carter,46719343902,35773253,240-26-7322,4G
Donald Davidson,46716600877,10225019,240-23-5697,3G
Karen Adams,46764515360,35057477,240-76-3083,4G
Wesley Cruz,46729823901,86177859,240-55-5724,5G
Michele Mathews,46721415376,35393276,240-71-3343,4G
Kelli Wells,46781925515,86277933,240-88-3803,5G
Kristin Lowe,46747561244,86432193,240-97-6521,5G
Timothy Brown,46712604325,86239654,240-33-1069,5G
Christine Rice,46738645390,86458128,240-56-1330,5G
Steven Chambers,46776705650,35904369,240-15-3416,4G
David Hernandez,46753757228,35237199,240-43-6776,4G
Susan Vazquez,46723672651,35176375,240-27-5862,4G
Vincent Miller,46776123831,86606228,240-14-1034,5G
Jared Santiago,46732371336,86143085,240-70-8576,4G
Elizabeth Davis,46786704877,35977639,240-76-5800,4G
Maria Blair,46792325136,86496409,240-18-5840,5G
Kathleen Evans,46720621840,10016575,240-39-5308,3G
Joseph Russell,46795660554,35284329,240-57-5646,4G
Mr. Peter Bailey IV,46729827884,86042028,240-49-1321,5G
Xavier Armstrong,46738687534,35688014,240-32-5184,4G
Jasmine Solis,46719595209,86259717,240-75-3400,5G
Leon Allison,46767391567,35922832,240-71-5876,4G
Mr. Joseph Anthony,46721953070,10667304,240-70-1276,3G
Joseph Moody,46757385220,35032398,240-67-4771,4G
Shane Bates,46749032915,86170386,240-67-1436,5G
Katherine Zuniga,46773524265,10329083,240-76-8981,3G
Aaron Gonzalez,46798679203,86805060,240-65-7857,5G
Brian Green,46742685284,35163944,240-91-4406,4G
Holly Anthony,46744857363,86859922,240-44-5991,5G
Michael Manning,46750329172,35206549,240-57-9717,4G
Justin Perez,46746286070,10789352,240-62-1661,3G
Barbara Tate,46798825877,86045606,240-60-2965,5G
John Liu,46779954750,86110850,240-16-4450,5G
David Robinson,46780170683,35941056,240-20-9972,4G
Gregory Richards,46733973126,35752679,240-60-4603,4G
Haley Parks,46774114068,35540747,240-48-5746,4G
Nicholas Hurley,46730951549,10405770,240-76-5324,3G
Eric Diaz,46721490619,35139340,240-39-5792,4G
Timothy Sanchez,46776140548,35639240,240-73-5182,4G
Christina Coleman,46728180179,86668463,240-61-7143,5G
Lori Miller,46757777266,35442957,240-73-2205,4G
Sean Hicks,46785283297,35244042,240-80-8679,4G
Javier Brown,46718755148,35657925,240-33-7228,4G
Wesley Smith,46723188393,35506374,240-80-1651,4G
Tyler Morrow,46732903076,86246968,240-57-7104,5G
Claudia Pena,46780271941,10226312,240-20-9964,3G
Paul Wilson,46779376221,35399749,240-45-1441,4G
Andrew Lopez,46748988394,86369478,240-57-7702,5G
Jeremy Short,46794402474,35001906,240-89-2238,4G
Jeffery Macias,46770392605,86360306,240-86-5908,5G
Jose Ramirez,46730440897,86553003,240-15-7101,5G
Shannon Barton,46740149263,86898740,240-25-4709,5G
Kristie James,46740296194,86348292,240-68-4281,5G
Jacob Murphy,46794938505,86526930,240-82-3305,5G
Sherry Peterson,46714986584,10540168,240-98-9848,3G
Aaron Morgan,46768554917,35437261,240-89-4932,4G
Christina Day,46773847128,35435240,240-75-4197,4G
Robert Clark,46755725772,35522082,240-98-3812,4G
Kathryn Robbins,46739698212,35828800,240-72-3336,4G
Nicole Jarvis,46710019675,35714423,240-23-6675,4G
Megan Chavez,46768932880,35176550,240-32-9806,4G
Paul King,46742635626,35988118,240-32-7721,4G
Daniel Alvarado,46761657127,86891514,240-54-9376,4G
Alexis Michael,46773307633,86413136,240-26-5729,5G
William Williams,46753353746,35703650,240-66-1933,4G
John Camacho,46758673945,86182526,240-27-9303,4G
Jamie Valentine,46770949618,35706470,240-66-5017,4G
Thomas Whitaker,46723737574,35137559,240-55-3350,4G
Scott Campbell,46779507204,35257544,240-71-1753,4G
Melissa Hill,46723132347,35695635,240-60-7353,4G
Victoria Jones,46785718893,86497560,240-18-2114,5G
Elizabeth Berger,46775381089,86599785,240-17-6559,5G
Joshua Hahn,46726310733,86705339,240-87-4534,5G
Ms. Deanna Crawford MD,46721871583,86966778,240-37-1257,5G
Jennifer Trevino,46711275485,35668128,240-84-1712,4G
Lawrence Osborne,46761925222,86939019,240-91-2497,5G
William Ponce,46786011985,86782703,240-96-8824,4G
Zachary Davis,46777911424,35529070,240-62-1324,4G
Connie Smith,46771164451,86244085,240-61-1130,5G
Erik Austin,46749539194,35955681,240-12-5633,4G
Mrs. Sandra Evans,46719189314,86454003,240-47-4817,5G
Elizabeth Collins,46780356270,35957377,240-43-7078,4G
Matthew Ward,46768437573,35100025,240-70-4740,4G
Destiny Duncan,46763107111,35200311,240-37-8125,4G
Kevin Harrington,46731851248,86162704,240-33-8086,4G
Raymond Lewis,46769284647,10015106,240-15-7520,3G
Joseph Castillo,46748710304,35338076,240-15-7540,4G
Lindsay Lewis,46732144553,10153278,240-12-4128,3G
Timothy Lopez,46760892954,35484356,240-88-5720,4G
John Moore,46723916106,35101347,240-47-5492,4G
Lisa Mckay,46733362693,10372756,240-23-9106,3G
Jeremy Castro,46776610286,35743598,240-77-7851,4G
Michaela Mahoney,46797484365,35143932,240-49-9337,4G
Michael Williams,46730950972,86693855,240-28-5767,5G
Jeffrey Gonzalez,46743478301,10918663,240-57-9896,3G
Victor Pittman,46781753116,35713426,240-73-6239,4G
Jacob Jordan,46774262087,86819115,240-34-7665,5G
Bobby Jenkins,46741423177,10234466,240-98-7466,3G
Bethany Sims,46755257519,35545865,240-54-9526,4G
Mr. James Clark PhD,46785039229,35295707,240-41-3250,4G
Patricia Hudson,46772926675,10647296,240-32-1891,3G
Justin Ross,46765123491,10376863,240-63-3154,3G
Destiny Gordon,46785825982,10830136,240-85-7074,3G
Rachel Allen,46793163963,10271830,240-11-3817,3G
Sandra Gray,46762997057,35191157,240-92-2445,4G
Juan Smith,46724644767,86689415,240-30-2656,5G
Kimberly Mack,46793234219,35806806,240-40-6667,4G
Jesse Shelton,46759417990,86021157,240-81-7683,5G
Whitney Torres,46770537505,35498996,240-18-4998,4G
Joseph Mccoy,46722563926,35595376,240-13-8545,4G
Anthony Kline,46779176640,10628906,240-82-9431,3G
Tracy Mcgee,46727934539,86672701,240-38-9965,4G
Hannah Hanna,46737756581,10050375,240-37-8766,3G
Lisa Brown,46719338285,35106809,240-92-4655,4G
Mark Hernandez,46798806224,86640416,240-62-2532,5G
David Garcia,46785798298,35985085,240-49-8362,4G
Sharon Barker,46791216531,35336124,240-39-1575,4G
Kelly Griffin,46742070617,35818718,240-62-3542,4G
Dominique Lynn,46732951137,35116562,240-77-8722,4G
Kelly Gonzalez,46797299119,35072799,240-79-7594,4G
Shawn Hill,46766001244,35648246,240-81-3158,4G
Catherine Aguilar,46788663610,10857646,240-78-4271,3G
Michael Garrison,46756879979,10103216,240-37-2234,3G
Billy Johnson,46789441650,10374160,240-80-3529,3G
Holly Whitehead,46751583902,35800806,240-33-4936,4G
Richard Gregory,46795255773,10792047,240-72-3920,3G
Tracy Harris,46778309303,35295926,240-34-5557,4G
Glenn Warren,46719667987,35233988,240-40-2214,4G
Kristen Smith MD,46749745429,10265710,240-43-8095,3G
Haley Thomas,46754847838,86461912,240-92-4585,5G
John Harris,46735661742,35787054,240-59-2907,4G
Andrew Weber,46736816706,35092508,240-24-1537,4G
Donald Wilson,46723284176,35488287,240-39-9117,4G
Louis Andrews,46779485102,86041104,240-57-6146,5G
Brittany Davis,46712506953,86673298,240-98-9379,4G
Loretta Chan,46798129171,35682091,240-74-1238,4G
Brian Johnson,46740528456,86243916,240-78-5064,5G
Nancy Hernandez,46757829853,86527056,240-46-2825,5G
Andrew Powell,46760409485,10469839,240-23-2903,3G
Rebecca Pittman,46788749160,35693384,240-86-7984,4G
Karina Smith,46736946340,35539919,240-43-2841,4G
Kimberly Williams,46720093394,86336274,240-85-9680,4G
Randy Roberts,46787842160,35666015,240-71-8374,4G
Natalie Brandt,46714826616,86283076,240-56-6588,5G
Tracy Smith,46798059717,10781581,240-10-4883,3G
Adam Sanders,46734771550,35322081,240-93-8723,4G
Kimberly Walsh,46783383944,86522886,240-95-2107,5G
Michael Hernandez,46788905712,86189931,240-55-6350,5G
Amanda Bishop,46725498115,86467311,240-75-5412,5G
Daniel Phillips,46722158642,35172993,240-16-2690,4G
Stephen Davis,46785134271,35051195,240-91-7154,4G
Christine Sexton,46742406727,35984193,240-41-4058,4G
Allison Watson,46728041318,35669544,240-13-7207,4G
Morgan Knight,46729085404,35359106,240-21-8489,4G
Melinda Klein,46785591648,35789125,240-48-7476,4G
Timothy Jones,46784757543,86611347,240-25-2823,5G
Tamara Marks,46767971741,86300480,240-60-7797,5G
Alex Ruiz,46789852143,10703641,240-96-1389,3G
Ryan Holt,46782119783,35933332,240-32-6526,4G
Linda Price,46736169114,86926537,240-91-5158,5G
Cory Fuller,46753199364,35867595,240-97-4563,4G
John Mccormick,46769688000,35789506,240-83-7216,4G
Jessica Ward,46744378785,35499127,240-86-6360,4G
Charles Smith,46776094037,10367167,240-35-8098,3G
Melissa Bender,46767325744,35540735,240-17-4376,4G
Belinda Richardson,46768082429,35836189,240-30-7412,4G
David Curry,46718568326,10929458,240-59-7263,3G
Ricardo Garcia,46745839514,35399596,240-30-4256,4G
Jessica Howell,46759252678,86472767,240-57-9579,4G
Christopher Banks,46743243312,86037739,240-62-4715,5G
Trevor Jones,46741232678,35270092,240-27-2338,4G
Brianna Allen,46733046214,35568295,240-58-7983,4G
Mrs. Vickie Johnson MD,46721238064,35848978,240-92-2365,4G
Chad Garcia,46736535162,86894387,240-34-3293,5G
Robin Sanford,46755695178,35320472,240-56-6219,4G
Sarah Marshall,46797396543,35656225,240-88-1243,4G
Luis Adams,46720211476,86497733,240-30-7747,5G
Mary Morse,46778453199,86800545,240-27-1538,5G
Stephanie Bailey,46739168464,35781452,240-93-7704,4G
Terri Johnson,46793060070,35406885,240-12-7441,4G
Kelly Patton,46752125405,35931093,240-60-3615,4G
Ms. Amy Spears,46761910807,35767836,240-63-3557,4G
Brenda Bowman,46723457080,35154062,240-21-6003,4G
John Munoz,46726024472,86106015,240-85-3292,5G
Dalton Mcfarland,46780352920,86957758,240-12-3156,5G
Monique Smith,46795434576,10924159,240-65-5008,3G
Betty Moore,46782043074,35417653,240-63-2658,4G
Jennifer Dunn,46760189143,35353076,240-35-6126,4G
Michael Wolf,46799657703,86686878,240-21-1340,5G
Janet Carroll,46745568282,35806180,240-16-2643,4G
Amanda Cunningham,46714383305,35947635,240-27-9551,4G
Patricia Cooper,46794778823,35754208,240-41-6138,4G
Frank Underwood,46790611483,10432331,240-28-8018,3G
Molly Wolfe,46735693164,35590348,240-35-9450,4G
Elizabeth Gregory,46734570997,35040094,240-13-1794,4G
Tina Sampson,46779142485,10650365,240-79-6691,3G
Daniel Smith,46750304034,35743023,240-78-7590,4G
Sarah Howard,46753659395,35413438,240-33-2979,4G
Autumn Baker,46742530400,10360565,240-30-6202,3G
Keith Cooper,46783777334,35669312,240-45-9876,4G
Caitlyn Garcia,46799702352,86242951,240-49-1254,5G
Matthew Ayala,46742919558,10175469,240-20-2502,3G
Maria Crawford,46799607957,10483414,240-14-5777,3G
Mary Butler,46786276403,35804017,240-46-3316,4G
Jesse Blanchard,46727463015,35916345,240-70-8883,4G
Michael Marsh,46736249509,35205338,240-20-2360,4G
Mr. Peter Smith MD,46780929047,86362633,240-73-4268,5G
Jeffrey Rivera,46716023932,86726403,240-24-7153,5G
Jennifer Montes,46772591169,10106733,240-76-2140,3G
Terry Wilson,46715584581,35381164,240-66-1551,4G
Jason Romero,46723272756,86228745,240-77-2455,5G
Rachel Meza,46714632649,86198641,240-97-1968,5G
Hannah Phelps,46725697178,35033580,240-63-2459,4G
Kimberly Moreno MD,46712283997,10173277,240-96-2692,3G
Jose Sanchez,46711801951,35717186,240-95-2335,4G
Michael Mcdonald,46795653445,86403629,240-71-9770,4G
Jennifer Owens,46722752389,35787275,240-13-8855,4G
Melvin Woodward,46728439872,35552355,240-27-2645,4G
Dawn Robinson,46728609496,10752552,240-46-5499,3G
Heather Lowe,46756646240,35483283,240-37-8552,4G
Lynn Ashley,46729457652,35528884,240-78-5038,4G
Shawn Rodriguez,46771028149,35615619,240-31-5757,4G
Susan Allen,46789663893,10222785,240-92-2496,3G
Anne Gonzalez,46722861408,86185922,240-35-3236,5G
Marissa Hernandez,46792889080,86917292,240-24-3546,5G
Jeanette Doyle,46727898458,10135997,240-10-4841,3G
Isaac Thornton,46733686362,86945751,240-72-5334,5G
Kathy Lewis,46768428615,86467375,240-41-1693,5G
Dennis Oconnor,46745895680,10683052,240-13-2456,3G
Michael Robertson,46732155359,35484044,240-41-8517,4G
Jessica Jenkins,46750802911,10242118,240-27-1878,3G
Tyler Hernandez,46749425113,10680012,240-10-7816,3G
Alan Bell,46779370380,35569073,240-50-3238,4G
Lisa Gill,46739511202,35529034,240-35-9662,4G
Erin Hernandez,46731020996,10570850,240-83-4557,3G
Emily Young,46753923880,86991006,240-84-1473,5G
Christina Horton,46781557625,86222374,240-36-3855,5G
Kimberly Robinson,46771869073,35886867,240-21-6190,4G
Phillip Edwards,46736201891,35944681,240-49-7342,4G
Mark Hart,46738036417,35085401,240-54-2194,4G
Jeffrey Bell,46786698198,35473137,240-80-4602,4G
Tammy Smith,46754539540,35936091,240-56-6357,4G
Jessica Morales,46721481567,35596122,240-84-2920,4G
Kristine Barton,46733234510,10314877,240-68-2853,3G
Jennifer Hatfield,46739501881,86159186,240-82-6783,5G
Daniel Anthony,46750517031,10905772,240-13-4786,3G
Charlene Ward,46757357697,86654247,240-35-9698,4G
Rachel Hall,46776641541,35618308,240-83-7118,4G
Daniel Soto,46778156882,86376754,240-69-6104,5G
Kristi Smith,46745586354,86615823,240-58-1951,5G
Keith Wallace,46728926658,35508906,240-50-5303,4G
Lacey Fisher,46746908918,10257589,240-53-6086,3G
Laura Trujillo,46763207428,10802305,240-76-6656,3G
David Kim,46712834175,35245036,240-50-5301,4G
Matthew Harris,46733608465,86632755,240-61-8218,4G
Randall Kaufman,46737330408,86392365,240-73-1841,5G
Kent Allen,46731888222,86444946,240-89-2123,5G
Tiffany Walton,46773438899,86514136,240-48-2354,5G
Joseph Finley,46719961729,35613267,240-71-6418,4G
Nancy James,46715164920,10857312,240-43-2364,3G
Kevin Williams,46744078802,10691188,240-79-9924,3G
Bradley Lopez,46716854523,35198405,240-58-8004,4G
Tammie Best,46746109039,35060739,240-90-2979,4G
Kelly Allen,46722215528,86280866,240-28-8081,4G
Steven Guerra,46727627493,10868865,240-62-3300,3G
Yvonne Phelps,46784634114,35483645,240-16-6868,4G
Peter Harris,46728135462,35429390,240-88-6557,4G
Isaac Salazar,46735377959,10847008,240-92-4272,3G
Mrs. Kimberly Moon,46793446163,10428357,240-45-4585,3G
Kaitlyn Blevins,46710524557,10956330,240-63-6636,3G
Rachel Evans,46789747692,86150434,240-74-7533,5G
Michael Lewis,46768980132,35723344,240-39-7996,4G
Andrew Dudley,46731066967,35660721,240-72-4976,4G
Felicia Davis,46731862507,86142475,240-69-3573,5G
Francisco Taylor,46731595965,10953524,240-24-6823,3G
Dr. Jesse Andersen,46789273157,35872911,240-53-5297,4G
Jacqueline Shaw,46733658315,35579886,240-56-9906,4G
Deborah Baldwin,46796168009,35616458,240-51-5646,4G
Jason Thomas,46737240936,35285347,240-68-5302,4G
Crystal Gibbs,46792673678,10339092,240-44-7374,3G
Randy Johnson,46755599339,35533703,240-98-1883,4G
Danielle Williams,46790093714,86559190,240-82-1951,5G
Jennifer Boyer,46720686962,35893041,240-63-1165,4G
April Smith,46748691288,86099332,240-79-1567,5G
Shannon Gonzalez,46747014486,86453962,240-61-3407,5G
Kathleen Mahoney,46780264560,35966834,240-13-7527,4G
John Mason,46753382104,35357978,240-10-7087,4G
Claudia Bradley,46710088106,35460991,240-19-8807,4G
Tony Underwood,46723925413,35344866,240-94-3668,4G
Emma Galvan,46774581754,10743987,240-63-3339,3G
Kenneth Forbes,46712782508,35131787,240-67-5041,4G
Jennifer Smith,46760778652,10895950,240-69-1656,3G
Dr. Jessica Chavez MD,46721524217,35179001,240-57-5895,4G
Jason Rodriguez,46792341189,35354741,240-70-7174,4G
Jerry Garcia,46786746739,10508719,240-22-2872,3G
Chelsea Tran,46720978041,86314731,240-61-3770,5G
Hailey Rangel,46745931737,86573174,240-83-3026,5G
Jane Craig,46745016802,10337035,240-22-2013,3G
Nathan Munoz Jr.,46727811824,35627811,240-96-1368,4G
Laura Gonzalez,46776636292,86528890,240-31-6587,5G
Jackson Glenn,46737161677,10622762,240-28-8312,3G
Fernando Coffey DVM,46795861209,35397677,240-87-8447,4G
Anthony Chavez,46738570592,86234267,240-20-5021,5G
Crystal Gutierrez,46717145855,35922717,240-86-9202,4G
Brian Rivera,46786549162,86135393,240-16-3565,5G
Beverly Ramos,46721149697,86652026,240-16-7783,5G
Joan Williams,46739853426,35943580,240-46-1963,4G
Cynthia Williams,46755396735,35203251,240-57-7090,4G
Taylor Hopkins,46796536512,35281197,240-60-3172,4G
Michael Bell,46740350659,35227368,240-88-1894,4G
Nichole Torres,46793232828,86029418,240-70-2229,5G
Jennifer Adams,46732628948,86846541,240-64-2825,5G
Julie Hayes,46727974102,35223872,240-74-4593,4G
Allison Salinas,46722786294,35271125,240-72-2453,4G
Shannon Dillon,46713618088,35509189,240-25-1391,4G
Stephanie Stark,46797625790,35638735,240-76-8179,4G
David Watkins MD,46792010798,35094428,240-98-2256,4G
Gavin Morris,46734437007,10798729,240-68-9712,3G
Jordan Moore,46759173422,10246507,240-34-7703,3G
Rodney Moore,46753270918,86619716,240-78-1929,5G
Michelle Sanders,46714091264,35035389,240-63-2512,4G
Richard Miles,46775155055,10341082,240-14-8899,3G
Tracy Stephens,46767861494,86568667,240-72-7296,5G
Andrew Lloyd,46779830648,86363191,240-39-4388,5G
Shelby Gutierrez,46741776511,35531373,240-17-6269,4G
Erica Macdonald,46781791292,35260281,240-74-4199,4G
Dr. Denise Williamson,46717782805,10484423,240-42-8007,3G
Joanna Grant,46727335551,35350804,240-20-8228,4G
Robert Morris,46741514363,86031649,240-60-4884,5G
Mr. William Williams,46726698112,86594819,240-97-3312,5G
Thomas Keith,46787652496,10958225,240-37-9141,3G
Jesse Jones,46733439130,10113117,240-16-6803,3G
Amy Snyder,46733918075,35829188,240-68-1973,4G
Michael Stafford,46742955750,86225293,240-84-9594,4G
Crystal Rivas,46764954685,35804807,240-34-6141,4G
Nicholas Thomas,46729237470,35265899,240-37-7303,4G
Debbie Walker,46736385960,10585504,240-98-7331,3G
Mary Cooper,46762219169,35209290,240-98-5998,4G
Rachel Anderson,46765230035,86596711,240-50-8338,4G
Mrs. Cynthia Brown,46711380188,10621169,240-13-1074,3G
Erin Hicks,46755796413,35978976,240-27-2946,4G
Allen Smith,46764810791,86098026,240-78-4857,5G
Jennifer Mclean,46713500398,10985691,240-58-6187,3G
Melissa Payne,46722429979,35009290,240-59-9523,4G
Nicholas Rodriguez,46749154800,35927101,240-93-2926,4G
Jared Tran,46754003284,86568923,240-62-7069,5G
Crystal Johnston,46719017873,10707595,240-12-8039,3G
Julie Morgan,46736573746,35005494,240-94-7635,4G
Derek Castillo,46737549493,86086648,240-52-6784,5G
Sonya Evans,46759226822,35165368,240-55-8798,4G
Anne Harris,46798740871,35224811,240-71-5037,4G
Caroline Saunders,46728931543,10930388,240-75-4064,3G
Sara Jimenez,46766289496,35180940,240-74-8379,4G
Nicholas Thomas,46777155689,35182177,240-93-8471,4G
Hayden Lane,46748393674,86675004,240-66-2987,5G
Jon Wallace,46774813451,86528006,240-67-2889,5G
Rebecca Price,46791992690,35755262,240-61-1496,4G
Jessica Gay,46736618217,86314037,240-59-5116,5G
Christopher Cooper,46722785966,86789248,240-87-9201,4G
Amy Baker,46721150382,86682083,240-17-9116,4G
Jenny Leblanc,46751543029,86823045,240-89-2721,5G
Benjamin Waters,46788591254,35014992,240-79-8935,4G
Tracy Hunter,46756119016,86153770,240-84-4650,5G
Amanda Williamson,46768906930,10056666,240-87-8115,3G
Laura Jackson,46726304297,35686136,240-59-9650,4G
Jeffrey Mckinney,46781087565,86253095,240-61-6081,5G
Mary Harrington,46765408666,35470193,240-87-4969,4G
Michael Bennett Jr.,46769767109,86028911,240-94-3808,5G
Derrick Stafford,46794001526,35491282,240-29-1984,4G
Amanda Wilkins,46738407999,35790457,240-16-5120,4G
Anthony Sandoval,46716058435,86240275,240-23-3042,5G
David Barnes,46743143790,86132516,240-48-6955,5G
Lori White,46760235844,10225461,240-96-8314,3G
Karen Meyers,46720118779,86725458,240-38-3281,5G
Rachel Todd,46768373009,35162347,240-20-3978,4G
Heather Dawson,46737424331,35815925,240-56-1660,4G
Sandra Smith,46734693554,86096847,240-20-9827,4G
Sandra Davis,46720162487,35271781,240-53-4927,4G
Matthew James,46761111676,86192403,240-42-5461,5G
Brandon Hoffman,46732410619,35155812,240-27-1597,4G
Michael Scott,46719545940,10196178,240-34-2068,3G
Erica Fowler,46798850001,10911385,240-17-8105,3G
Kimberly Matthews,46786854214,86361085,240-94-7746,5G
Erin Williams,46741259822,10783413,240-92-7096,3G
Danny Thompson,46763055654,10119107,240-82-5692,3G
Bryan Williams,46714520907,86238691,240-37-6184,5G
Dr. Victor Payne,46741765842,10288121,240-84-2977,3G
Alexis Davis,46772241165,86569677,240-12-1944,5G
Robert Cook,46724243396,35810922,240-31-4331,4G
George Lynn,46779086140,35314124,240-44-7876,4G
Stephanie Aguilar,46787040600,86272733,240-63-4234,5G
Jeremy Roberts,46746027863,10855992,240-31-5016,3G
Caitlyn Alvarez,46786022483,35019882,240-21-6960,4G
Justin Martin,46715340640,35311869,240-37-8611,4G
Monica Burch,46771536101,35689622,240-80-9659,4G
Douglas Dorsey,46779160912,35380383,240-25-7017,4G
David Williams,46747207821,35327282,240-13-5758,4G
Gina Holt,46776190032,10328821,240-55-6162,3G
Joan Hubbard,46712196333,35966620,240-15-2347,4G
Stephanie Petty,46775655586,86624225,240-46-3253,5G
Tony Douglas,46738084338,35988939,240-96-6243,4G
Levi Erickson,46782224825,10885129,240-97-1992,3G
Tina Kelley,46799752499,10170372,240-19-7345,3G
Jennifer Nelson,46769053113,35692595,240-44-2049,4G
Daniel Banks,46745686307,86114177,240-20-9792,4G
Robert Morgan,46794615518,10840210,240-68-8275,3G
Samantha Moore,46772351782,86586773,240-14-9163,4G
Angel Jimenez,46720401677,35504868,240-38-7103,4G
Diana Taylor,46753618942,35168265,240-84-7141,4G
Stephanie Fleming,46717903797,10542112,240-95-4872,3G
Natalie Johnson,46752772301,35649998,240-68-7920,4G
Sara Thompson,46786628172,86925607,240-10-7154,5G
Ryan Carpenter,46731266288,86684213,240-49-6777,5G
Jon Chen,46783854369,86065945,240-83-5059,5G
Kristy Johnson,46733996510,10522316,240-66-3417,3G
Jeffrey Murphy,46783444247,86740563,240-15-3658,5G
Samantha Smith,46786040002,35090381,240-88-4651,4G
Megan Valencia,46750997349,35874337,240-62-3369,4G
Juan Smith,46784948331,35462419,240-47-7096,4G
Brittney Bernard,46774886001,10753997,240-56-8940,3G
John Martinez,46779492592,86838064,240-60-1354,5G
Karen Banks,46787475996,86813716,240-43-4421,5G
Jerry Lopez,46755148100,10478720,240-67-7618,3G
Ricky Franco,46722162048,86998385,240-57-7072,5G
Carlos Miranda,46781382879,35548196,240-77-2941,4G
Denise Ray,46772480759,35201667,240-42-2774,4G
Sarah Fuentes,46742301760,35918299,240-49-1355,4G
Lindsey Peters,46767147810,35927409,240-18-1538,4G
Heather Campos,46785228227,35983276,240-31-6487,4G
Lauren Wood,46746732355,10031935,240-85-8580,3G
Katrina Lopez,46756884749,86605432,240-20-6049,5G
Victor Washington,46714515400,86780385,240-64-8454,4G
Benjamin Schneider,46757647611,10029777,240-95-7673,3G
Daniel Mack,46718328008,86850272,240-56-3704,5G
Jason Castro,46747278528,35277375,240-81-5582,4G
Daniel Wilson,46736949531,35503436,240-55-9817,4G
Catherine Gonzales,46791242298,35685117,240-46-8486,4G
Cody Manning,46796650561,10352624,240-93-3866,3G
Kelly Adams,46742486803,35564973,240-72-7599,4G
Timothy Gray,46779730535,86571923,240-79-5970,5G
Mark Terry,46787045904,10270445,240-45-7124,3G
David Shaffer,46781584206,35909950,240-91-3720,4G
Ashley Chen,46782021896,35467046,240-28-3640,4G
Mark Anderson,46712677071,10397301,240-35-8715,3G
Angela Nelson,46792068862,86910553,240-96-5928,5G
Michael Orozco,46757937500,86415019,240-52-2120,5G
Katherine Cook,46744626632,35659792,240-35-7493,4G
Wesley Trujillo,46779783850,35620670,240-16-1296,4G
Jeffrey Franklin,46766940386,35565242,240-41-3486,4G
Sarah Fletcher,46719100871,35770418,240-89-6809,4G
Scott Alexander,46720563214,10667542,240-68-5873,3G
Peggy Walker,46737991421,86706659,240-41-9603,4G
Aaron Thompson,46769497707,35875243,240-22-8482,4G
Allison Levy,46782016091,35987502,240-44-2394,4G
Jody Burton,46715024043,86889650,240-61-3814,5G
Jason Chandler,46769047985,10266367,240-29-5046,3G
Teresa Johnson,46772609170,86387900,240-73-9131,4G
Tony Berry,46761118957,35861882,240-40-3540,4G
Maxwell Brown,46723692337,35562927,240-31-6147,4G
Susan Brennan,46785204945,10619074,240-83-9841,3G
Robert Moreno,46718834703,86500776,240-20-6381,5G
Mrs. Kristie Wiggins,46716283220,35926462,240-43-9591,4G
Jason Richardson,46742648146,86834366,240-76-2418,5G
Kimberly Williams,46724119267,86191282,240-58-3860,5G
Jim Gomez,46731896611,86544289,240-81-8242,4G
Chase Morales,46777342646,35087468,240-15-1560,4G
Annette Beasley,46764851096,10821258,240-67-7557,3G
Joshua Nelson,46712015346,86508062,240-10-1833,5G
Martin Murphy,46714351462,35709969,240-24-7771,4G
Carrie Garcia,46793338359,35461562,240-80-5819,4G
Amber Page,46751665616,86560185,240-21-9320,4G
Jordan Singleton,46755783873,86877451,240-92-8140,4G
James Cook,46722357079,35475668,240-81-1634,4G
Michael Simmons,46715940082,35522853,240-76-1527,4G
Patrick Colon,46792462384,86778873,240-64-2699,5G
Gary Leon,46717046305,10647801,240-95-5899,3G
Jonathan Fisher,46761212060,10582092,240-22-5082,3G
Robert West,46755703633,86357659,240-37-1195,5G
William Kane,46765165087,86130249,240-85-2362,5G
Alyssa Davis,46732763342,35341383,240-15-6560,4G
Ashley Zimmerman,46718671080,86050012,240-91-1303,5G
Robert Jackson,46792396202,35880729,240-53-9945,4G
Scott Knight,46767050790,35081238,240-91-7331,4G
Sarah Johnson,46729482215,10544869,240-51-2252,3G
Matthew Obrien,46776428760,35115703,240-74-5628,4G
Scott Dixon,46746075711,86706791,240-26-8177,4G
Thomas Harris,46764622188,35236864,240-89-3278,4G
Robin Morgan,46780165015,10182506,240-96-1526,3G
Sarah Calhoun,46737350694,35606512,240-28-1152,4G
Robert Young,46710332744,35499727,240-74-9808,4G
Victoria Bell,46774069456,35907877,240-68-2664,4G
Regina Rodriguez,46750231606,35839532,240-35-1637,4G
John Lucas,46781319654,35841574,240-26-1082,4G
Brandi Vazquez,46771319180,86944143,240-56-3823,5G
Veronica Reed,46733611670,35445608,240-16-7965,4G
Joshua Campos,46783750396,35569227,240-81-4818,4G
Ryan Palmer,46777732290,86935727,240-98-3661,5G
Kari Jimenez,46785874049,35637331,240-89-8377,4G
Melissa Johnson,46728079729,86127757,240-37-2804,5G
Mr. William Salazar,46782471720,86674579,240-66-4687,5G
Joseph Mckinney,46758084152,10211470,240-39-8796,3G
Amy Lucas,46770293863,35908646,240-70-7971,4G
Daniel Shelton,46750997691,35453090,240-70-6897,4G
Alicia Velasquez,46715882700,86910290,240-22-6786,5G
Michelle Morton,46731040202,35823163,240-43-6672,4G
Cody Graves,46786297301,86572618,240-30-2902,5G
Lisa Cardenas,46752221571,35158532,240-71-2356,4G
Mr. Shane Watson,46711909052,35040816,240-30-1495,4G
Betty Mejia,46725440083,86246231,240-72-2588,5G
Mary Delgado,46727400797,10177350,240-90-6218,3G
Beth Meyer,46756547339,35005486,240-70-1717,4G
Wesley Blair,46758951745,35265906,240-71-9030,4G
Jeffrey Stewart,46745642494,35091176,240-34-3962,4G
Jeremy Jackson,46797385085,35338837,240-30-9299,4G
Jeremiah Leonard,46768165195,35717654,240-83-6334,4G
Lisa Farley,46748298785,86474081,240-72-3747,5G
Mary Reed,46716485580,86082728,240-15-1234,5G
Maria Crawford,46791085583,35924711,240-51-1451,4G
Fred Brennan,46771537978,86542086,240-19-1672,5G
Sally Edwards,46785721098,35377940,240-14-8375,4G
Arthur Moore,46787317395,35640729,240-59-2858,4G
Paula Williamson,46720634043,10986570,240-18-8735,3G
Linda Shannon,46737253227,35214601,240-95-7344,4G
Elizabeth Odom,46728451427,86966156,240-84-4481,5G
Angelica Andrade,46782405013,86274072,240-77-9391,4G
Ryan Rodriguez,46783007749,86429332,240-92-1587,5G
Andrew Reynolds,46777899245,86911073,240-63-6412,5G
Robin Harrington,46798172338,35323733,240-88-9291,4G
Mr. Kevin Shelton,46730027831,35143949,240-40-6291,4G
Katherine Smith,46787756263,35827552,240-53-5966,4G
Kristen Burke,46729772958,10032799,240-34-9887,3G
Timothy West,46782456281,35589833,240-23-4744,4G
Patricia Silva,46727336441,10622271,240-25-1405,3G
Adam Dean,46767888503,86033866,240-71-7450,5G
Timothy Brown,46799740652,35485081,240-23-6170,4G
Kathryn Davis,46774916908,35707755,240-82-2823,4G
Sharon Perez,46798996956,35821863,240-61-5078,4G
Sarah Norris,46759987167,86467108,240-95-6425,5G
Jessica Love,46723735021,35226406,240-81-6097,4G
Jeffrey Carroll,46711738746,86803599,240-34-5797,5G
Autumn Miller,46725702852,35196733,240-42-3289,4G
Sharon Burke,46740302123,35274772,240-14-7779,4G
Rodney Cook,46767984862,35590699,240-35-5644,4G
Dr. Steven Bryant,46783258484,10002631,240-94-8529,3G
Sean Hernandez,46779838282,10620843,240-14-5818,3G
Nicholas Taylor,46744068436,86052243,240-54-1797,5G
Jeffrey White,46779574724,86478921,240-13-9898,4G
Heather Butler,46739903398,35175966,240-12-2554,4G
Jessica Johnson,46749289236,35990968,240-25-8030,4G
Angela Allen,46723308053,10539577,240-82-8268,3G
Julie Arias,46798659025,35952807,240-86-1186,4G
Vanessa Mills,46781551995,86712252,240-18-2485,5G
Michael Contreras,46749359835,35612766,240-47-7449,4G
Amber Cruz,46776491003,35560076,240-43-6237,4G
Regina Roy,46729191841,86444540,240-11-5443,5G
Jessica Beasley,46798574856,35789125,240-97-8338,4G
Jordan Lee,46715776902,35036680,240-58-8354,4G
Joseph Moon,46721689720,86772718,240-10-2597,5G
Mary Delgado,46798677424,35881979,240-74-8122,4G
Christopher Cox,46734187298,86085555,240-96-3376,5G
Juan Hanson,46799298558,10686860,240-42-6930,3G
William Anderson,46760739298,35673400,240-48-1400,4G
Erin Jones DDS,46795935376,35563536,240-54-8316,4G
Hannah Mccoy,46761825580,10455279,240-34-2085,3G
Michael Miller,46714521373,35149503,240-47-9666,4G
Eric Hutchinson,46726729528,86495162,240-13-1719,5G
Theresa Walker,46797035787,35105784,240-17-7594,4G
Gabriel Pena,46772579835,86488882,240-94-4201,5G
Nancy David,46742440004,35813039,240-42-5741,4G
Laura Fitzgerald,46716536165,35785558,240-47-3645,4G
Sharon Krause,46732313218,86928399,240-93-3855,5G
Eric Parks,46771268376,10673346,240-19-6131,3G
Carolyn Harrison,46718527870,35879588,240-93-6557,4G
Sherri Nguyen,46754966443,10252138,240-53-2190,3G
Sandra Howell,46748799331,86543753,240-57-1356,5G
Sarah Coleman,46724256429,86039680,240-80-2460,5G
Andrew Jones,46792505967,86570053,240-95-8843,4G
Jacob Wright,46759981605,35027639,240-38-4595,4G
Jamie Gutierrez,46728520171,86293561,240-85-9923,4G
Lauren Gallagher,46775135063,35020946,240-83-5659,4G
Anita Lang,46785366652,86164232,240-58-4286,5G
Maria Santos,46792578309,35660837,240-18-3793,4G
Michele Branch,46740854101,35531464,240-95-4110,4G
Anthony Cunningham,46775176334,35481436,240-62-3724,4G
Daniel Smith,46772219465,35772071,240-20-6684,4G
Nancy Frey,46720547350,35988845,240-56-4198,4G
Bridget Ramos,46718364041,35004302,240-64-5545,4G
Jeremy Fisher,46777399862,10033787,240-64-9667,3G
Tammie Hall,46770772401,86916648,240-19-4895,5G
Joshua Randall,46728827457,10227544,240-87-4382,3G
Jennifer Roberson,46783673833,35679532,240-11-3665,4G
Rachel Mason,46772200050,35113398,240-15-6913,4G
Sandra Stephens,46737726096,35695139,240-42-6427,4G
Mrs. Catherine Evans,46726684388,35383395,240-94-2819,4G
Ashley Cole,46724073414,10790917,240-64-8227,3G
Michelle Smith,46780438646,86605751,240-26-2133,5G
Ryan Thomas,46778227783,86880191,240-74-5098,5G
John Clarke,46790885706,86216233,240-57-8209,4G
Jesus Clayton,46765654323,35535337,240-35-2716,4G
Jacob Henderson,46738666145,35961309,240-50-7315,4G
Patrick Warner,46718274437,35498682,240-67-4802,4G
Kim Ellis,46754331269,35718675,240-36-9333,4G
Pamela Pena,46740442034,86380932,240-28-2895,5G
April Pacheco,46726291583,10349921,240-61-5960,3G
Yolanda Cross,46735098117,86565273,240-28-9401,4G
Taylor Kelley,46777830632,10127710,240-50-5442,3G
Regina Garrett,46773262688,86337060,240-11-1553,5G
Cynthia Brown,46796787694,86431734,240-32-7949,5G
Nicholas Fitzpatrick,46733266975,35269045,240-68-6570,4G
Mary Gibson,46755120474,10099036,240-38-5389,3G
Cindy Thompson,46758485502,86054457,240-23-2547,5G
Joe Fox,46725792478,86253907,240-48-2580,5G
Anthony Ramos,46753151442,86750406,240-56-5784,5G
Christine Murray,46741074455,86696362,240-39-9847,4G
Donna Hart,46742014898,86645587,240-27-6659,5G
Candice Lang,46789229457,10757831,240-72-1882,3G
George Murphy,46734221113,10291501,240-18-6142,3G
Melinda Hood,46799025303,35967444,240-27-2526,4G
Denise Whitehead,46758785626,86599911,240-24-4762,5G
Ms. Deborah Hull,46757478303,35835737,240-56-8194,4G
Katie Ward,46777159975,86245946,240-15-9106,4G
Aimee Payne,46797967090,10506391,240-51-3299,3G
Tammy Wise,46742134440,86422355,240-45-7063,5G
Gerald Edwards,46743716118,35759860,240-15-2392,4G
Michael Cole,46717301126,35296306,240-53-7744,4G
Jennifer Mccoy,46767121767,10706262,240-30-1091,3G
Ashley Harris,46733116594,86976724,240-56-4299,5G
John Wood,46757725926,86651473,240-85-5490,5G
Leslie Gonzalez,46790444657,86679848,240-40-5342,5G
Kathleen Hill,46786166891,86735158,240-88-8627,4G
Tyler Bowen,46773920736,86576722,240-34-4134,5G
Natalie Sparks,46711506440,86684563,240-47-3368,5G
Jeffrey Patterson,46726210635,35155223,240-70-2555,4G
Richard Warren,46792430197,86702436,240-88-7356,5G
Theresa Nichols,46766022560,86820047,240-53-8894,4G
Dean Park,46793132323,35790168,240-23-5260,4G
Thomas Cruz,46758486236,86677122,240-71-3552,5G
Michael Mccormick,46742833108,35296037,240-27-3349,4G
Jennifer Franklin,46761869324,35016944,240-48-3699,4G
Shannon Nelson,46770360464,10022969,240-51-8779,3G
Jessica Johnson,46743107043,35045580,240-67-7260,4G
Brian Johnson,46771423138,86930370,240-65-3841,5G
Jared Sweeney,46736740727,86953453,240-27-3143,5G
Andrea Hernandez,46794515896,86327231,240-98-8807,4G
Emily Vazquez,46732315178,86447222,240-86-7620,5G
Monique Mora,46733100170,35447628,240-21-6411,4G
Natalie Rosario,46731449923,35087721,240-22-8461,4G
Cheryl Snyder,46779350693,35336116,240-78-4603,4G
Mary Stone,46740267797,86267926,240-91-3785,5G
Erica Jones,46770116445,86792067,240-92-5135,5G
David Barrera,46740157291,35139244,240-66-6794,4G
Mr. Gabriel Myers,46758058448,35161207,240-21-7442,4G
Jonathan Mcintosh,46794663230,10612233,240-74-7890,3G
Charles Perez,46758367273,35792157,240-57-9759,4G
Christopher Haynes,46761027167,35488075,240-13-2734,4G
Amy Hale,46794541503,35982164,240-15-4135,4G
Steven Hamilton,46714416717,35776707,240-86-7002,4G
Kevin Mack,46786553976,10277311,240-12-6006,3G
Glen Olson,46774751131,86286046,240-32-8196,4G
Dawn Garcia,46798872733,10281035,240-79-2951,3G
Robert Singleton,46786622767,10234601,240-67-3614,3G
Whitney Dyer,46779510974,10242037,240-85-6428,3G
Shirley Watson,46788971956,35324377,240-77-9440,4G
Laura Jackson,46723313019,86437963,240-96-9497,4G
Emily Greene,46726649919,86128381,240-89-1712,5G
Michael Murphy,46771087639,35769867,240-52-3660,4G
Peter Villanueva,46791878955,86273016,240-16-7566,5G
Alicia Garcia,46722108244,86759485,240-51-5106,5G
James Tran,46750814086,86213213,240-39-7852,5G
Rachel Prince,46728125271,35671183,240-40-6580,4G
Lydia Richards,46744748887,35993276,240-20-4984,4G
Shelly Rivera,46734176636,10127281,240-53-8271,3G
Cory Palmer,46790322098,35042956,240-85-5734,4G
Howard Johnson,46765267592,35625042,240-70-2147,4G
Maria Hays,46743257863,86615175,240-80-4175,5G
Rachel Chandler,46773948171,10339597,240-95-9095,3G
Stacy Lewis,46767756071,35119913,240-20-9037,4G
Brett King,46740334245,86243329,240-76-2515,5G
Adam Horn,46743277948,86362793,240-85-8872,4G
Charles Taylor,46721652065,86345695,240-78-7806,5G
Larry Clayton,46740024290,35809968,240-56-4573,4G
William Wilson,46780201409,35965045,240-47-6735,4G
Steven Vasquez,46770117796,86545297,240-64-4504,5G
Raymond Carlson,46710030544,86615828,240-17-3468,5G
Rachel Tucker,46756320088,86531652,240-61-6190,5G
Manuel Kramer,46718202637,35660673,240-46-5524,4G
Michael Warner,46757162227,35165375,240-98-7987,4G
Thomas Blackburn,46716279763,35215754,240-17-6097,4G
Philip Nolan,46741182818,86855631,240-81-9920,4G
Dr. Jennifer Buck,46793597449,35175245,240-21-5061,4G
Adam Munoz,46713121958,35628300,240-19-5901,4G
Jason Gill,46737635457,10738172,240-91-8226,3G
