Timestamp,MCC,MNC,PLMN,LAI,RAI,Network_Type,Device_Type
260316062051+0100,240,7,24007,240-07-5012,240-07-5012-38,4G,Smartphone
260304101656+0200,240,2,24002,240-02-6881,240-02-6881-54,5G,Tablet
260317091102+0100,206,5,20605,206-05-8573,206-05-8573-58,4G,IoT Device
260314190653+0200,206,1,20601,206-01-1771,206-01-1771-24,4G,Smartphone
260303152246+0100,206,10,20610,206-10-3646,206-10-3646-79,5G,IoT Device
260313220324+0200,206,20,20620,206-20-7118,206-20-7118-66,5G,Smartphone
260303164039-0800,310,260,310260,310-260-2545,310-260-2545-22,4G,Smartphone
260319201805-0800,310,480,310480,310-480-4502,310-480-4502-61,5G,Smartphone
260307065626+0100,240,16,24016,240-16-2964,240-16-2964-82,4G,Smartphone
260228033306+0100,240,8,24008,240-08-5669,240-08-5669-30,5G,Smartphone
260322120922+0200,240,4,24004,240-04-5291,240-04-5291-30,5G,Smartphone
260318232201-0500,310,260,310260,310-260-6442,310-260-6442-62,5G,IoT Device
260227104147+0000,234,10,23410,234-10-8119,234-10-8119-54,4G,Smartphone
260314093913+0100,206,20,20620,206-20-7211,206-20-7211-96,5G,Smartphone
260316220411+0100,206,1,20601,206-01-1757,206-01-1757-41,5G,Tablet
260322174720-0800,310,260,310260,310-260-8777,310-260-8777-67,4G,Smartphone
260305100604-0500,310,480,310480,310-480-8814,310-480-8814-10,5G,Smartphone
260301230416+0200,240,16,24016,240-16-6363,240-16-6363-37,5G,Smartphone
260318031615+0100,240,7,24007,240-07-2771,240-07-2771-84,3G,Smartphone
260315083204+0100,234,30,23430,234-30-8136,234-30-8136-85,3G,IoT Device
260301233636+0200,206,20,20620,206-20-8342,206-20-8342-12,3G,Smartphone
260317145257+0000,234,15,23415,234-15-5853,234-15-5853-39,3G,Smartphone
260303225229+0100,206,10,20610,206-10-2395,206-10-2395-41,3G,Tablet
260309024756-0700,310,120,310120,310-120-4792,310-120-4792-46,4G,IoT Device
260303110305+0100,240,16,24016,240-16-6280,240-16-6280-87,4G,Smartphone
260301084940+0200,240,2,24002,240-02-6153,240-02-6153-42,4G,IoT Device
260319114836-0500,310,260,310260,310-260-2858,310-260-2858-69,5G,Tablet
260307223551+0200,206,20,20620,206-20-6654,206-20-6654-52,5G,Smartphone
260312084909+0200,240,7,24007,240-07-6546,240-07-6546-89,5G,Smartphone
260322215715-0600,310,260,310260,310-260-3868,310-260-3868-20,4G,Smartphone
260320201526+0100,234,38,23438,234-38-5837,234-38-5837-12,5G,Tablet
260308145933+0100,234,15,23415,234-15-5210,234-15-5210-71,5G,Smartphone
260312225521+0200,240,7,24007,240-07-7689,240-07-7689-24,4G,IoT Device
260317114551+0000,234,30,23430,234-30-5520,234-30-5520-34,5G,IoT Device
260320032104+0100,206,10,20610,206-10-4898,206-10-4898-85,4G,Smartphone
260310025928+0200,240,4,24004,240-04-2076,240-04-2076-26,4G,Smartphone
260326054310+0100,240,2,24002,240-02-2527,240-02-2527-65,3G,Tablet
260323044401+0200,206,1,20601,206-01-5381,206-01-5381-13,4G,Tablet
260301160016+0200,240,24,24024,240-24-7947,240-24-7947-72,5G,Smartphone
260315011201+0200,206,5,20605,206-05-9196,206-05-9196-81,5G,Tablet
260324225440+0200,240,7,24007,240-07-6562,240-07-6562-38,4G,Smartphone
260304062157-0800,310,410,310410,310-410-5500,310-410-5500-85,3G,Tablet
260227153750+0100,240,1,24001,240-01-5059,240-01-5059-66,5G,Smartphone
260326100632+0100,234,38,23438,234-38-6381,234-38-6381-26,4G,IoT Device
260228222407+0100,206,20,20620,206-20-1715,206-20-1715-62,4G,Tablet
260305004803+0200,240,2,24002,240-02-3626,240-02-3626-44,5G,Smartphone
260326001805-0500,310,120,310120,310-120-1311,310-120-1311-42,4G,Smartphone
260318111700-0600,310,120,310120,310-120-9576,310-120-9576-56,3G,Tablet
260310052332-0500,310,410,310410,310-410-4302,310-410-4302-15,5G,IoT Device
260304122708+0200,240,4,24004,240-04-9937,240-04-9937-47,4G,Smartphone
260314173233+0100,234,33,23433,234-33-1530,234-33-1530-87,3G,Tablet
260225070815+0200,240,4,24004,240-04-8292,240-04-8292-21,5G,IoT Device
260303224754-0800,310,480,310480,310-480-2208,310-480-2208-26,5G,Tablet
260227045839+0100,240,4,24004,240-04-3804,240-04-3804-94,5G,IoT Device
260303121238+0000,234,20,23420,234-20-6231,234-20-6231-54,5G,Smartphone
260304085505-0500,310,120,310120,310-120-7442,310-120-7442-74,4G,Smartphone
260302190319-0700,310,120,310120,310-120-3108,310-120-3108-22,4G,IoT Device
260307170316-0700,310,480,310480,310-480-1272,310-480-1272-57,4G,Smartphone
260317064657-0800,310,120,310120,310-120-3262,310-120-3262-76,4G,Smartphone
260226213605+0000,234,33,23433,234-33-9899,234-33-9899-58,5G,Smartphone
260304125934-0500,310,260,310260,310-260-1084,310-260-1084-80,5G,Smartphone
260301065329+0200,206,10,20610,206-10-4159,206-10-4159-24,4G,Tablet
260304134915+0200,240,8,24008,240-08-4871,240-08-4871-17,5G,Smartphone
260321074410+0100,240,5,24005,240-05-9792,240-05-9792-29,4G,Tablet
260226142301+0100,240,24,24024,240-24-1519,240-24-1519-46,5G,Tablet
260326033815+0000,234,38,23438,234-38-2848,234-38-2848-14,4G,Tablet
260302014215+0200,206,10,20610,206-10-5508,206-10-5508-17,5G,Smartphone
260323003030+0200,206,5,20605,206-05-6411,206-05-6411-92,3G,Smartphone
260308104915+0100,234,30,23430,234-30-8639,234-30-8639-78,4G,Smartphone
260324210311+0100,234,30,23430,234-30-9037,234-30-9037-68,3G,IoT Device
260309183132-0500,310,120,310120,310-120-9673,310-120-9673-45,4G,Smartphone
260301172450+0100,240,4,24004,240-04-2354,240-04-2354-73,5G,Smartphone
260314105812+0100,234,38,23438,234-38-3292,234-38-3292-98,4G,Tablet
260226190709+0100,240,7,24007,240-07-3526,240-07-3526-58,5G,Smartphone
260226185448+0200,240,16,24016,240-16-7353,240-16-7353-20,5G,Smartphone
260227031744+0000,234,30,23430,234-30-6443,234-30-6443-89,3G,IoT Device
260309044043+0200,240,5,24005,240-05-8183,240-05-8183-47,5G,Smartphone
260314104655-0700,310,480,310480,310-480-2735,310-480-2735-11,3G,Smartphone
260309154807+0200,240,24,24024,240-24-6225,240-24-6225-18,4G,Tablet
260325025655+0200,206,1,20601,206-01-2667,206-01-2667-78,4G,Smartphone
260304054850+0200,206,20,20620,206-20-3258,206-20-3258-83,4G,Smartphone
260310190943+0200,206,1,20601,206-01-5503,206-01-5503-38,5G,Smartphone
260225084002+0100,234,15,23415,234-15-3281,234-15-3281-36,4G,IoT Device
260227064228-0800,310,480,310480,310-480-2237,310-480-2237-91,5G,IoT Device
260301011944+0100,240,2,24002,240-02-8529,240-02-8529-12,4G,Tablet
260323110205-0500,310,120,310120,310-120-6629,310-120-6629-25,5G,Smartphone
260310052711+0100,240,4,24004,240-04-3017,240-04-3017-85,5G,Smartphone
260315102205+0100,240,8,24008,240-08-6185,240-08-6185-26,4G,Tablet
260317024918+0100,206,10,20610,206-10-7401,206-10-7401-85,5G,Tablet
260325055923+0100,240,8,24008,240-08-8034,240-08-8034-44,5G,Smartphone
260323183312-0600,310,410,310410,310-410-5067,310-410-5067-63,5G,Smartphone
260305060303+0100,206,5,20605,206-05-1104,206-05-1104-62,3G,Smartphone
260303043301+0200,240,4,24004,240-04-4879,240-04-4879-47,4G,Smartphone
260312055117+0100,240,8,24008,240-08-3430,240-08-3430-21,5G,IoT Device
260227202454+0100,240,24,24024,240-24-3110,240-24-3110-21,5G,Tablet
260226094209-0500,310,120,310120,310-120-5583,310-120-5583-59,3G,Smartphone
260316044054+0100,206,10,20610,206-10-9743,206-10-9743-17,5G,IoT Device
260313151012-0500,310,410,310410,310-410-4300,310-410-4300-26,4G,Smartphone
260228103034-0700,310,410,310410,310-410-3086,310-410-3086-32,4G,IoT Device
260313104707+0000,234,38,23438,234-38-1020,234-38-1020-16,3G,Tablet
260309232424-0500,310,480,310480,310-480-3703,310-480-3703-87,5G,Smartphone
260324011337+0200,206,1,20601,206-01-8758,206-01-8758-24,4G,Smartphone
260324011109-0800,310,480,310480,310-480-4860,310-480-4860-70,4G,Smartphone
260317020908+0100,234,10,23410,234-10-9561,234-10-9561-63,3G,Smartphone
260326070722+0100,206,20,20620,206-20-5400,206-20-5400-57,3G,Tablet
260323002834+0100,240,5,24005,240-05-4288,240-05-4288-17,4G,Smartphone
260323123447+0100,206,5,20605,206-05-5408,206-05-5408-93,4G,Smartphone
260320131642+0100,234,38,23438,234-38-2771,234-38-2771-71,3G,IoT Device
260305020337+0100,234,15,23415,234-15-3967,234-15-3967-47,3G,Smartphone
260308132325+0100,234,10,23410,234-10-3470,234-10-3470-27,5G,Smartphone
260303180645+0200,206,1,20601,206-01-6279,206-01-6279-77,4G,Tablet
260307134251+0100,206,5,20605,206-05-4460,206-05-4460-12,5G,Smartphone
260303182754+0200,206,1,20601,206-01-9381,206-01-9381-89,3G,Smartphone
260306221831+0200,240,5,24005,240-05-8483,240-05-8483-47,4G,Smartphone
260307144707+0100,206,5,20605,206-05-1960,206-05-1960-30,3G,IoT Device
260325061239+0200,240,5,24005,240-05-8895,240-05-8895-54,5G,Smartphone
260302103144-0700,310,120,310120,310-120-9148,310-120-9148-93,3G,Smartphone
260226053019+0100,234,38,23438,234-38-2741,234-38-2741-15,5G,Tablet
260318223045-0600,310,260,310260,310-260-3103,310-260-3103-23,4G,Tablet
260308151803+0000,234,20,23420,234-20-8870,234-20-8870-84,4G,Tablet
260226095506+0200,206,5,20605,206-05-9370,206-05-9370-99,4G,Tablet
260308001159+0000,234,15,23415,234-15-5178,234-15-5178-10,3G,Tablet
260315183755+0100,234,20,23420,234-20-5809,234-20-5809-37,5G,Tablet
260318161100+0100,240,4,24004,240-04-9814,240-04-9814-78,3G,Smartphone
260317020723+0100,240,2,24002,240-02-1745,240-02-1745-99,5G,Smartphone
260313170814-0500,310,410,310410,310-410-4441,310-410-4441-54,4G,IoT Device
260317093745+0200,206,20,20620,206-20-8383,206-20-8383-52,5G,Smartphone
260309062003+0100,206,10,20610,206-10-2252,206-10-2252-19,5G,Tablet
260305163217+0100,206,20,20620,206-20-3608,206-20-3608-32,5G,Smartphone
260311004506-0700,310,120,310120,310-120-9465,310-120-9465-42,4G,IoT Device
260312100019-0600,310,260,310260,310-260-7732,310-260-7732-12,4G,Smartphone
260316201958+0000,234,38,23438,234-38-6614,234-38-6614-68,4G,Smartphone
260227211156+0200,240,5,24005,240-05-8899,240-05-8899-58,4G,Tablet
260317062223+0100,234,33,23433,234-33-7939,234-33-7939-82,3G,Smartphone
260301120318+0100,240,16,24016,240-16-1086,240-16-1086-21,5G,Smartphone
260315100439+0100,206,10,20610,206-10-4919,206-10-4919-93,3G,Smartphone
260309122128+0200,240,8,24008,240-08-2917,240-08-2917-75,5G,Tablet
260318151009+0000,234,33,23433,234-33-3924,234-33-3924-70,3G,Smartphone
260304093744+0100,234,15,23415,234-15-9374,234-15-9374-45,3G,IoT Device
260323204031+0100,234,33,23433,234-33-6621,234-33-6621-56,3G,Tablet
260320102522-0700,310,410,310410,310-410-1781,310-410-1781-60,3G,Smartphone
260226140703+0200,240,7,24007,240-07-8598,240-07-8598-90,5G,Tablet
260310183646+0100,240,4,24004,240-04-7505,240-04-7505-23,3G,IoT Device
260325135919-0600,310,260,310260,310-260-8480,310-260-8480-90,4G,IoT Device
260321235812+0000,234,10,23410,234-10-9981,234-10-9981-57,3G,IoT Device
260319092331-0600,310,410,310410,310-410-1317,310-410-1317-29,3G,Tablet
260319151422+0200,206,20,20620,206-20-1206,206-20-1206-25,5G,Tablet
260320012046+0100,240,7,24007,240-07-2960,240-07-2960-60,5G,Smartphone
260305074013+0000,234,20,23420,234-20-1646,234-20-1646-72,4G,Tablet
260304024744+0200,206,1,20601,206-01-9830,206-01-9830-59,4G,Tablet
260301053522+0100,206,1,20601,206-01-4419,206-01-4419-93,4G,IoT Device
260318063455-0500,310,410,310410,310-410-8515,310-410-8515-99,4G,IoT Device
260307001141+0100,240,7,24007,240-07-1267,240-07-1267-76,4G,Tablet
260303065251+0100,206,10,20610,206-10-8905,206-10-8905-32,4G,IoT Device
260322184826+0100,206,20,20620,206-20-8300,206-20-8300-86,5G,Smartphone
260311092308+0100,206,1,20601,206-01-5362,206-01-5362-65,4G,IoT Device
260319162744+0000,234,20,23420,234-20-2823,234-20-2823-49,3G,Smartphone
260313052844+0000,234,10,23410,234-10-5792,234-10-5792-93,3G,IoT Device
260311172907+0200,240,16,24016,240-16-1482,240-16-1482-81,5G,Smartphone
260225225129+0200,206,1,20601,206-01-9732,206-01-9732-25,4G,Tablet
260318192215-0700,310,260,310260,310-260-7348,310-260-7348-72,4G,Smartphone
260326120448+0200,240,24,24024,240-24-1694,240-24-1694-41,5G,Smartphone
260314200723+0100,234,10,23410,234-10-3930,234-10-3930-68,4G,Tablet
260316084424-0700,310,410,310410,310-410-8311,310-410-8311-46,4G,Smartphone
260302124818+0100,240,4,24004,240-04-1902,240-04-1902-93,4G,Smartphone
260303102120+0200,240,24,24024,240-24-3204,240-24-3204-25,5G,Smartphone
260305101818-0600,310,260,310260,310-260-5759,310-260-5759-34,3G,Smartphone
260304153544+0100,234,38,23438,234-38-8849,234-38-8849-70,4G,Tablet
260319131527+0100,206,10,20610,206-10-6152,206-10-6152-14,4G,Smartphone
260303192400+0100,206,1,20601,206-01-8526,206-01-8526-59,5G,Smartphone
260319170029+0100,240,8,24008,240-08-6218,240-08-6218-44,4G,Tablet
260322061218+0200,240,4,24004,240-04-2522,240-04-2522-99,5G,Smartphone
260228205021+0200,240,2,24002,240-02-5949,240-02-5949-78,5G,Smartphone
260311004705+0100,234,10,23410,234-10-2781,234-10-2781-97,4G,IoT Device
260302024606-0600,310,410,310410,310-410-2022,310-410-2022-57,5G,IoT Device
260320095813+0100,206,1,20601,206-01-1257,206-01-1257-28,5G,Smartphone
260228074728+0000,234,10,23410,234-10-8917,234-10-8917-57,3G,Tablet
260314083202+0100,234,15,23415,234-15-1578,234-15-1578-98,5G,Tablet
260308233305+0200,206,10,20610,206-10-3873,206-10-3873-43,5G,Smartphone
260314201614-0800,310,480,310480,310-480-5302,310-480-5302-28,4G,Smartphone
260228031945+0100,240,16,24016,240-16-2600,240-16-2600-77,4G,Smartphone
260320231437+0000,234,10,23410,234-10-5543,234-10-5543-17,3G,Smartphone
260307115649-0600,310,120,310120,310-120-1619,310-120-1619-95,4G,Smartphone
260227033632+0100,206,1,20601,206-01-7294,206-01-7294-94,4G,Tablet
260322133917-0600,310,260,310260,310-260-2180,310-260-2180-14,4G,Smartphone
260310020549+0000,234,10,23410,234-10-3841,234-10-3841-52,3G,Smartphone
260318071321-0800,310,260,310260,310-260-3859,310-260-3859-88,4G,Tablet
260315132501+0100,240,8,24008,240-08-5670,240-08-5670-36,5G,Smartphone
260311004009+0100,206,20,20620,206-20-8936,206-20-8936-16,5G,Smartphone
260306180110+0100,206,1,20601,206-01-7745,206-01-7745-76,4G,IoT Device
260305104719+0100,240,16,24016,240-16-4571,240-16-4571-26,4G,Smartphone
260314041507+0000,234,33,23433,234-33-6963,234-33-6963-16,3G,Smartphone
260225223727+0200,240,7,24007,240-07-8405,240-07-8405-89,4G,Smartphone
260311165946+0000,234,10,23410,234-10-1361,234-10-1361-39,4G,Tablet
260307070015+0000,234,15,23415,234-15-3514,234-15-3514-30,3G,Smartphone
260313180747+0100,234,30,23430,234-30-5748,234-30-5748-83,4G,IoT Device
260227153605+0200,240,5,24005,240-05-9035,240-05-9035-50,5G,Smartphone
260313174113+0100,234,33,23433,234-33-6495,234-33-6495-18,5G,Tablet
260316110037-0500,310,410,310410,310-410-7834,310-410-7834-32,4G,IoT Device
260227205731+0100,234,30,23430,234-30-6832,234-30-6832-16,3G,Tablet
260306062543+0100,206,1,20601,206-01-7837,206-01-7837-68,5G,Smartphone
260313162738-0500,310,260,310260,310-260-2766,310-260-2766-14,5G,Tablet
260307151549+0100,240,5,24005,240-05-4138,240-05-4138-46,4G,Tablet
260304145815+0100,240,8,24008,240-08-9088,240-08-9088-24,4G,Smartphone
260306130917+0200,206,1,20601,206-01-4815,206-01-4815-64,5G,Smartphone
260302195211+0000,234,20,23420,234-20-2578,234-20-2578-19,4G,Tablet
260318193941-0800,310,260,310260,310-260-6119,310-260-6119-59,4G,Smartphone
260326115540-0500,310,480,310480,310-480-6654,310-480-6654-55,4G,Smartphone
260303214453+0200,240,2,24002,240-02-4373,240-02-4373-53,5G,Tablet
260318074400-0600,310,410,310410,310-410-2256,310-410-2256-93,5G,Tablet
260326072709-0600,310,260,310260,310-260-3465,310-260-3465-97,5G,IoT Device
260316051335+0100,234,38,23438,234-38-3883,234-38-3883-92,5G,IoT Device
260323061906-0600,310,480,310480,310-480-4571,310-480-4571-28,3G,Smartphone
260311103804+0000,234,33,23433,234-33-4872,234-33-4872-66,3G,IoT Device
260304154440+0100,234,38,23438,234-38-1448,234-38-1448-16,4G,Smartphone
260321175300-0800,310,260,310260,310-260-1339,310-260-1339-12,5G,Tablet
260314092455-0800,310,260,310260,310-260-8066,310-260-8066-36,4G,IoT Device
260301132257+0200,240,5,24005,240-05-8715,240-05-8715-55,5G,IoT Device
260227151725+0100,240,24,24024,240-24-5603,240-24-5603-56,5G,Smartphone
260315063032-0800,310,480,310480,310-480-2843,310-480-2843-28,3G,Smartphone
260320082734-0800,310,480,310480,310-480-5412,310-480-5412-86,4G,Smartphone
260306000316+0200,240,24,24024,240-24-8083,240-24-8083-49,5G,Smartphone
260306055002-0500,310,410,310410,310-410-8671,310-410-8671-65,3G,IoT Device
260325121330+0100,206,20,20620,206-20-1741,206-20-1741-20,4G,Tablet
260305003019+0100,234,20,23420,234-20-2435,234-20-2435-26,3G,Smartphone
260302070621-0500,310,410,310410,310-410-1129,310-410-1129-23,4G,IoT Device
260309080534-0800,310,120,310120,310-120-3643,310-120-3643-46,4G,Smartphone
260305194001+0000,234,15,23415,234-15-1770,234-15-1770-12,3G,Smartphone
260318040640+0100,240,2,24002,240-02-3736,240-02-3736-90,4G,Smartphone
260324191034+0200,206,5,20605,206-05-3260,206-05-3260-64,4G,Smartphone
260309200337+0000,234,20,23420,234-20-9647,234-20-9647-88,5G,Tablet
260324080059+0000,234,20,23420,234-20-7926,234-20-7926-74,3G,Smartphone
260226205358+0200,206,20,20620,206-20-2605,206-20-2605-28,5G,Tablet
260310060902-0600,310,120,310120,310-120-4483,310-120-4483-68,4G,IoT Device
260318014606+0200,206,1,20601,206-01-3004,206-01-3004-80,4G,IoT Device
260310050847-0700,310,120,310120,310-120-3713,310-120-3713-13,4G,IoT Device
260319024928+0200,240,1,24001,240-01-6569,240-01-6569-65,4G,Smartphone
260227194256+0100,234,30,23430,234-30-2981,234-30-2981-16,3G,IoT Device
260327013908+0100,240,4,24004,240-04-7116,240-04-7116-79,5G,Tablet
260314085129+0100,240,7,24007,240-07-8077,240-07-8077-36,5G,IoT Device
260311044315+0200,240,16,24016,240-16-6864,240-16-6864-59,4G,Tablet
260302123756-0600,310,260,310260,310-260-3875,310-260-3875-18,4G,IoT Device
260326034048+0200,240,16,24016,240-16-9723,240-16-9723-67,4G,Smartphone
260307015632+0100,206,20,20620,206-20-2567,206-20-2567-90,4G,Smartphone
260306232508-0500,310,410,310410,310-410-1425,310-410-1425-68,4G,Tablet
260316230113+0200,206,10,20610,206-10-6618,206-10-6618-47,4G,Smartphone
260310172605+0200,240,5,24005,240-05-1060,240-05-1060-91,4G,Smartphone
260228132525+0000,234,20,23420,234-20-5029,234-20-5029-32,3G,Smartphone
260316192832+0100,206,5,20605,206-05-9773,206-05-9773-47,5G,Smartphone
260226165913+0100,240,5,24005,240-05-4325,240-05-4325-67,5G,Smartphone
260315201516+0100,234,10,23410,234-10-3942,234-10-3942-66,3G,Tablet
260305021426+0100,234,30,23430,234-30-1194,234-30-1194-70,4G,IoT Device
260310052413-0700,310,410,310410,310-410-4694,310-410-4694-63,4G,IoT Device
260225224446+0100,206,5,20605,206-05-1525,206-05-1525-98,5G,Smartphone
260318090014-0800,310,260,310260,310-260-6084,310-260-6084-85,4G,IoT Device
260313153452-0800,310,260,310260,310-260-2565,310-260-2565-60,4G,Smartphone
260310221209-0500,310,120,310120,310-120-5105,310-120-5105-24,4G,Smartphone
260312004726+0100,240,24,24024,240-24-1782,240-24-1782-91,5G,Smartphone
260309130647+0100,234,33,23433,234-33-4105,234-33-4105-89,3G,Tablet
260304092647+0200,206,1,20601,206-01-6314,206-01-6314-90,5G,Tablet
260302191159-0700,310,260,310260,310-260-3484,310-260-3484-58,4G,Smartphone
260323000334+0100,206,5,20605,206-05-4345,206-05-4345-26,3G,Smartphone
260307064013-0600,310,480,310480,310-480-1324,310-480-1324-58,4G,Smartphone
260321164521-0700,310,480,310480,310-480-9020,310-480-9020-49,4G,Tablet
260322045634+0100,240,2,24002,240-02-7297,240-02-7297-60,5G,IoT Device
260323005652-0700,310,480,310480,310-480-3795,310-480-3795-32,4G,IoT Device
260307102658-0800,310,120,310120,310-120-1155,310-120-1155-17,4G,IoT Device
260310174830-0800,310,260,310260,310-260-1420,310-260-1420-87,3G,Tablet
260326120704+0100,240,24,24024,240-24-2426,240-24-2426-48,5G,IoT Device
260304020730+0200,240,16,24016,240-16-7252,240-16-7252-93,5G,Smartphone
260306150250+0100,206,20,20620,206-20-1150,206-20-1150-78,5G,Smartphone
260308155613-0800,310,410,310410,310-410-3608,310-410-3608-12,4G,Smartphone
260311223548+0000,234,38,23438,234-38-3418,234-38-3418-58,5G,Tablet
260323040840-0700,310,120,310120,310-120-2966,310-120-2966-24,3G,Smartphone
260228014509+0100,240,5,24005,240-05-2922,240-05-2922-33,5G,Smartphone
260318180711-0600,310,480,310480,310-480-6127,310-480-6127-76,5G,IoT Device
260227075011-0500,310,410,310410,310-410-7968,310-410-7968-98,3G,Smartphone
260307054327+0200,206,1,20601,206-01-2604,206-01-2604-58,5G,Smartphone
260322151352+0100,240,4,24004,240-04-3337,240-04-3337-58,5G,Smartphone
260325165626-0500,310,480,310480,310-480-9334,310-480-9334-27,4G,Tablet
260323060433+0000,234,20,23420,234-20-5092,234-20-5092-79,5G,IoT Device
260304025941-0700,310,120,310120,310-120-2660,310-120-2660-65,4G,Smartphone
260327000624+0100,240,7,24007,240-07-1659,240-07-1659-27,4G,Tablet
260326102148-0800,310,410,310410,310-410-5623,310-410-5623-72,3G,Smartphone
260310092431+0100,240,16,24016,240-16-7673,240-16-7673-77,4G,Smartphone
260226110425-0600,310,410,310410,310-410-9049,310-410-9049-56,4G,Smartphone
260307200313+0100,234,15,23415,234-15-9741,234-15-9741-29,3G,Smartphone
260313002400-0800,310,480,310480,310-480-5448,310-480-5448-36,3G,Smartphone
260302042054+0200,240,8,24008,240-08-6317,240-08-6317-20,5G,Tablet
260315160906+0200,206,5,20605,206-05-8109,206-05-8109-57,3G,Smartphone
260304010809+0200,240,16,24016,240-16-1339,240-16-1339-24,5G,Tablet
260304174743+0100,240,2,24002,240-02-9923,240-02-9923-47,4G,Tablet
260324024951+0200,206,10,20610,206-10-3971,206-10-3971-96,4G,IoT Device
260227070827+0100,234,30,23430,234-30-8885,234-30-8885-98,5G,Tablet
260316055946+0100,240,8,24008,240-08-6912,240-08-6912-27,4G,Smartphone
260310185255+0100,206,20,20620,206-20-3295,206-20-3295-77,5G,Smartphone
260322162142+0200,206,1,20601,206-01-4586,206-01-4586-60,4G,Tablet
260314054440+0000,234,33,23433,234-33-4305,234-33-4305-91,5G,Smartphone
260225174524-0800,310,120,310120,310-120-5753,310-120-5753-30,3G,Smartphone
260305073510+0000,234,30,23430,234-30-2541,234-30-2541-68,3G,IoT Device
260324093616+0000,234,38,23438,234-38-7769,234-38-7769-74,3G,IoT Device
260320082937-0700,310,120,310120,310-120-6198,310-120-6198-53,5G,Smartphone
260303153836+0100,234,10,23410,234-10-5887,234-10-5887-67,5G,Tablet
260317095702+0000,234,15,23415,234-15-8514,234-15-8514-28,3G,Smartphone
260315221756+0200,240,24,24024,240-24-7783,240-24-7783-62,4G,Tablet
260306082331+0200,240,1,24001,240-01-5749,240-01-5749-63,4G,Tablet
260319011533+0000,234,33,23433,234-33-8045,234-33-8045-40,4G,Smartphone
260306211152+0100,206,1,20601,206-01-7265,206-01-7265-13,5G,Smartphone
260301010655+0000,234,30,23430,234-30-2649,234-30-2649-72,4G,Tablet
260313001026+0100,240,5,24005,240-05-6978,240-05-6978-24,5G,Smartphone
260304185843-0800,310,480,310480,310-480-5451,310-480-5451-50,4G,Tablet
260326022836+0000,234,20,23420,234-20-3003,234-20-3003-11,3G,Smartphone
260321050027+0200,240,16,24016,240-16-2953,240-16-2953-25,5G,Smartphone
260301071819+0100,234,33,23433,234-33-1771,234-33-1771-60,3G,IoT Device
260326022340-0700,310,260,310260,310-260-3257,310-260-3257-84,4G,Smartphone
260227185842-0800,310,260,310260,310-260-8989,310-260-8989-23,4G,IoT Device
260313041732+0100,206,20,20620,206-20-4064,206-20-4064-44,3G,Tablet
260314145036-0800,310,120,310120,310-120-1817,310-120-1817-92,4G,Smartphone
260228075810-0700,310,260,310260,310-260-3789,310-260-3789-50,4G,Smartphone
260315160202+0100,206,1,20601,206-01-5990,206-01-5990-52,4G,Tablet
260324125640+0100,240,16,24016,240-16-2768,240-16-2768-45,5G,Smartphone
260316032703+0000,234,20,23420,234-20-8976,234-20-8976-46,3G,Smartphone
260316132445+0100,206,20,20620,206-20-6810,206-20-6810-41,5G,Tablet
260325111606+0200,206,10,20610,206-10-9254,206-10-9254-97,5G,Smartphone
260228133401+0100,240,1,24001,240-01-5426,240-01-5426-93,4G,Smartphone
260308174706+0100,240,5,24005,240-05-2697,240-05-2697-70,3G,Smartphone
260314165043-0700,310,410,310410,310-410-7409,310-410-7409-59,4G,Smartphone
260316173014+0100,240,4,24004,240-04-6764,240-04-6764-93,5G,Smartphone
260325060442-0800,310,410,310410,310-410-4793,310-410-4793-40,3G,IoT Device
260303142340+0100,206,20,20620,206-20-9659,206-20-9659-34,3G,Smartphone
260322175303+0100,240,4,24004,240-04-9474,240-04-9474-48,4G,Smartphone
260313095832+0200,240,16,24016,240-16-5274,240-16-5274-35,4G,Tablet
260226213322-0700,310,260,310260,310-260-1351,310-260-1351-17,3G,IoT Device
260325131452+0200,206,1,20601,206-01-1244,206-01-1244-41,5G,Smartphone
260316230913+0100,234,38,23438,234-38-9870,234-38-9870-74,3G,Smartphone
260226142236+0100,234,30,23430,234-30-1308,234-30-1308-58,3G,Smartphone
260320163504+0000,234,30,23430,234-30-8656,234-30-8656-40,3G,Smartphone
260314160921+0100,234,38,23438,234-38-4569,234-38-4569-62,3G,IoT Device
260306223123+0200,240,7,24007,240-07-1264,240-07-1264-96,5G,Tablet
260305093553-0700,310,120,310120,310-120-3626,310-120-3626-57,3G,IoT Device
260313065455-0700,310,410,310410,310-410-4195,310-410-4195-83,4G,Smartphone
260316215518+0100,234,20,23420,234-20-6142,234-20-6142-25,3G,Tablet
260307195340+0200,206,1,20601,206-01-6518,206-01-6518-53,5G,Tablet
260225131921+0100,234,20,23420,234-20-1791,234-20-1791-82,4G,Tablet
260319075950+0100,240,7,24007,240-07-3310,240-07-3310-22,4G,Tablet
260311085126+0200,240,2,24002,240-02-4644,240-02-4644-19,4G,Smartphone
260310152415+0100,206,20,20620,206-20-2102,206-20-2102-72,5G,Smartphone
260318213430+0200,206,1,20601,206-01-3886,206-01-3886-69,5G,Tablet
260310194503+0000,234,20,23420,234-20-8334,234-20-8334-62,3G,IoT Device
260327005633+0100,234,15,23415,234-15-5074,234-15-5074-11,3G,Smartphone
260317155701-0600,310,410,310410,310-410-6303,310-410-6303-64,4G,Smartphone
260227065224-0600,310,480,310480,310-480-7059,310-480-7059-71,4G,Tablet
260227011505+0200,240,5,24005,240-05-9007,240-05-9007-79,5G,IoT Device
260308121241-0500,310,410,310410,310-410-2926,310-410-2926-65,5G,IoT Device
260310163807+0100,240,7,24007,240-07-4074,240-07-4074-35,5G,Smartphone
260320205922+0200,206,5,20605,206-05-5307,206-05-5307-82,3G,Tablet
260309233638+0100,234,33,23433,234-33-2921,234-33-2921-40,4G,Smartphone
260307055927+0200,206,10,20610,206-10-3932,206-10-3932-11,4G,Smartphone
260318231652+0100,240,8,24008,240-08-1472,240-08-1472-88,5G,Smartphone
260317005016+0000,234,15,23415,234-15-8264,234-15-8264-15,3G,Smartphone
260317162817+0100,240,7,24007,240-07-4130,240-07-4130-26,4G,Smartphone
260322005009+0200,206,10,20610,206-10-5729,206-10-5729-36,4G,IoT Device
260319100351+0100,234,38,23438,234-38-2641,234-38-2641-33,5G,Smartphone
260313183249+0100,240,4,24004,240-04-5924,240-04-5924-86,5G,IoT Device
260317042211+0000,234,30,23430,234-30-3610,234-30-3610-54,3G,Tablet
260323025911+0200,240,2,24002,240-02-4769,240-02-4769-27,5G,Smartphone
260315021519-0800,310,120,310120,310-120-8964,310-120-8964-93,5G,Smartphone
260301172157+0200,240,7,24007,240-07-1652,240-07-1652-25,5G,Smartphone
260307140232+0100,206,20,20620,206-20-8063,206-20-8063-45,4G,Smartphone
260319230210+0100,206,10,20610,206-10-8748,206-10-8748-37,5G,Smartphone
260322102819-0800,310,410,310410,310-410-9871,310-410-9871-59,4G,Tablet
260315082611+0100,240,4,24004,240-04-6761,240-04-6761-82,5G,IoT Device
260225224823+0200,240,16,24016,240-16-4688,240-16-4688-61,5G,Smartphone
260324172802+0000,234,15,23415,234-15-8731,234-15-8731-97,3G,Smartphone
260323041541+0000,234,15,23415,234-15-8572,234-15-8572-18,3G,Smartphone
260227040342+0100,240,8,24008,240-08-7764,240-08-7764-94,4G,IoT Device
260227200132+0000,234,33,23433,234-33-5992,234-33-5992-70,4G,Tablet
260309161422-0800,310,260,310260,310-260-9605,310-260-9605-71,3G,IoT Device
260306102021+0200,240,5,24005,240-05-5009,240-05-5009-42,5G,Smartphone
260323135759+0200,206,1,20601,206-01-8240,206-01-8240-20,4G,Smartphone
260317071303+0200,206,10,20610,206-10-9242,206-10-9242-49,5G,Smartphone
260311153812+0100,206,10,20610,206-10-3562,206-10-3562-34,5G,Tablet
260303131011+0200,206,10,20610,206-10-1319,206-10-1319-35,4G,Tablet
260309232953-0500,310,120,310120,310-120-1919,310-120-1919-91,4G,Tablet
260312212110+0100,234,38,23438,234-38-4519,234-38-4519-33,3G,Smartphone
260308223259+0100,240,2,24002,240-02-2840,240-02-2840-78,4G,Smartphone
260303050841-0600,310,410,310410,310-410-4651,310-410-4651-84,4G,Smartphone
260320000922+0200,206,1,20601,206-01-3249,206-01-3249-66,3G,IoT Device
260225073132+0100,234,20,23420,234-20-9335,234-20-9335-24,5G,Smartphone
260228225826+0100,240,5,24005,240-05-5801,240-05-5801-57,5G,Tablet
260312020857+0100,206,1,20601,206-01-1244,206-01-1244-54,5G,Smartphone
260227055116+0100,206,1,20601,206-01-2553,206-01-2553-61,4G,Tablet
260310040218+0200,240,24,24024,240-24-6634,240-24-6634-34,5G,Tablet
260322224046+0100,206,5,20605,206-05-8494,206-05-8494-24,3G,Tablet
260318084758+0200,206,5,20605,206-05-2640,206-05-2640-97,4G,Tablet
260309053500-0600,310,260,310260,310-260-8879,310-260-8879-30,5G,IoT Device
260321025444+0200,206,10,20610,206-10-3045,206-10-3045-79,5G,Smartphone
260227172449+0100,234,38,23438,234-38-9320,234-38-9320-52,3G,IoT Device
260310033850+0200,206,20,20620,206-20-7451,206-20-7451-15,4G,Tablet
260308225444+0100,206,10,20610,206-10-7575,206-10-7575-54,5G,Smartphone
260303172931+0100,234,33,23433,234-33-9818,234-33-9818-32,3G,Tablet
260312093029+0100,206,5,20605,206-05-8214,206-05-8214-92,5G,Smartphone
260324061328+0200,206,5,20605,206-05-9819,206-05-9819-84,3G,IoT Device
260304040425+0100,206,10,20610,206-10-2071,206-10-2071-45,5G,IoT Device
260302065246-0600,310,260,310260,310-260-5076,310-260-5076-86,5G,IoT Device
260302093019+0200,240,24,24024,240-24-2540,240-24-2540-77,4G,Tablet
260311000023+0000,234,30,23430,234-30-3908,234-30-3908-74,3G,IoT Device
260317122234+0100,206,20,20620,206-20-4085,206-20-4085-61,3G,Smartphone
260323001304-0800,310,410,310410,310-410-9152,310-410-9152-46,5G,IoT Device
260310063522+0100,206,10,20610,206-10-2195,206-10-2195-36,4G,Smartphone
260320231903-0800,310,480,310480,310-480-5556,310-480-5556-34,5G,Smartphone
260312071434-0600,310,260,310260,310-260-9490,310-260-9490-14,4G,Smartphone
260226050214-0800,310,260,310260,310-260-5780,310-260-5780-74,3G,Smartphone
260227091223+0200,240,1,24001,240-01-1957,240-01-1957-59,5G,Smartphone
260315124558-0700,310,260,310260,310-260-7030,310-260-7030-12,4G,Smartphone
260314114750-0800,310,410,310410,310-410-6028,310-410-6028-37,4G,Smartphone
260310134606-0600,310,260,310260,310-260-8973,310-260-8973-50,4G,IoT Device
260306172734+0100,206,20,20620,206-20-2940,206-20-2940-78,5G,Smartphone
260325193113+0000,234,15,23415,234-15-3210,234-15-3210-89,3G,Smartphone
260326131640+0000,234,20,23420,234-20-8505,234-20-8505-94,3G,Tablet
260226060833+0200,240,2,24002,240-02-1376,240-02-1376-26,5G,Smartphone
260312191722-0600,310,260,310260,310-260-1819,310-260-1819-20,4G,Tablet
260308062449-0700,310,480,310480,310-480-9301,310-480-9301-91,4G,Smartphone
260320073429+0100,234,20,23420,234-20-9013,234-20-9013-50,4G,Tablet
260320181213+0100,206,1,20601,206-01-7410,206-01-7410-70,3G,Smartphone
260306232015-0500,310,410,310410,310-410-3598,310-410-3598-53,4G,IoT Device
260305143245+0200,206,5,20605,206-05-4883,206-05-4883-41,4G,Smartphone
260307015851+0200,206,10,20610,206-10-8941,206-10-8941-50,5G,Smartphone
260324140103+0200,206,10,20610,206-10-2765,206-10-2765-45,4G,Smartphone
260228224819+0100,240,4,24004,240-04-9137,240-04-9137-18,5G,Smartphone
260306085133+0100,240,5,24005,240-05-8842,240-05-8842-15,3G,Tablet
260321112711+0200,206,5,20605,206-05-3494,206-05-3494-78,3G,Tablet
260316110553+0100,240,5,24005,240-05-5892,240-05-5892-98,5G,Tablet
260225150510+0100,240,1,24001,240-01-1511,240-01-1511-89,3G,Smartphone
260307080027-0600,310,120,310120,310-120-2844,310-120-2844-21,4G,Smartphone
260303210416+0000,234,15,23415,234-15-8339,234-15-8339-10,5G,Smartphone
260305225550+0000,234,38,23438,234-38-9102,234-38-9102-96,4G,Smartphone
260316223257+0100,240,7,24007,240-07-3698,240-07-3698-39,5G,Tablet
260314235839+0100,240,1,24001,240-01-1265,240-01-1265-13,4G,Smartphone
260322003143-0800,310,120,310120,310-120-7925,310-120-7925-98,4G,IoT Device
260318171243+0200,240,2,24002,240-02-9225,240-02-9225-33,5G,Smartphone
260317085629+0000,234,15,23415,234-15-6571,234-15-6571-97,4G,Tablet
260315093520+0100,234,30,23430,234-30-9308,234-30-9308-41,5G,IoT Device
260304022632+0100,240,7,24007,240-07-9692,240-07-9692-11,4G,Tablet
260324044918+0200,206,20,20620,206-20-1977,206-20-1977-65,3G,Smartphone
260310222211+0200,240,7,24007,240-07-7443,240-07-7443-45,5G,Tablet
260312040311+0200,206,10,20610,206-10-4922,206-10-4922-82,4G,IoT Device
260321140719+0000,234,38,23438,234-38-9142,234-38-9142-57,3G,Tablet
260323063117-0500,310,480,310480,310-480-8162,310-480-8162-59,4G,Smartphone
260323071928+0000,234,15,23415,234-15-1376,234-15-1376-80,4G,IoT Device
260318101008-0800,310,260,310260,310-260-4804,310-260-4804-22,5G,Smartphone
260305151220+0200,206,5,20605,206-05-4570,206-05-4570-50,4G,Smartphone
260310132812+0100,206,5,20605,206-05-9473,206-05-9473-86,5G,Smartphone
260227195938+0100,240,4,24004,240-04-5722,240-04-5722-80,5G,Smartphone
260323145337+0100,206,1,20601,206-01-8685,206-01-8685-29,5G,Smartphone
260226161818-0700,310,480,310480,310-480-3734,310-480-3734-74,5G,Smartphone
260308155959-0700,310,480,310480,310-480-7541,310-480-7541-69,4G,Smartphone
260225221519+0100,206,1,20601,206-01-3391,206-01-3391-81,4G,Smartphone
260320194515-0700,310,260,310260,310-260-3329,310-260-3329-35,3G,Smartphone
260324142907+0100,240,24,24024,240-24-6615,240-24-6615-88,5G,Smartphone
260319201933+0100,206,5,20605,206-05-5075,206-05-5075-69,5G,IoT Device
260324061039-0800,310,260,310260,310-260-7640,310-260-7640-65,5G,Smartphone
260322030801+0100,240,4,24004,240-04-6075,240-04-6075-52,3G,IoT Device
260228100053+0200,240,8,24008,240-08-3667,240-08-3667-98,5G,Smartphone
260228174127-0800,310,120,310120,310-120-5956,310-120-5956-36,5G,IoT Device
260226231053+0100,206,5,20605,206-05-4932,206-05-4932-75,5G,IoT Device
260314233644+0200,240,7,24007,240-07-9827,240-07-9827-68,3G,Smartphone
260318151843-0500,310,120,310120,310-120-5483,310-120-5483-78,5G,Tablet
260315123723+0000,234,38,23438,234-38-5789,234-38-5789-95,3G,Smartphone
260302164934+0000,234,20,23420,234-20-2507,234-20-2507-55,3G,IoT Device
260227024121+0100,240,24,24024,240-24-8501,240-24-8501-59,4G,Smartphone
260308190513+0200,240,5,24005,240-05-6112,240-05-6112-78,5G,Smartphone
260326121831+0100,240,7,24007,240-07-6468,240-07-6468-50,5G,Smartphone
260307190404+0200,240,1,24001,240-01-8687,240-01-8687-56,5G,Smartphone
260319014040+0200,206,10,20610,206-10-3231,206-10-3231-61,5G,Smartphone
260301020054+0200,240,4,24004,240-04-4573,240-04-4573-45,5G,Smartphone
260321114111+0200,240,1,24001,240-01-8099,240-01-8099-69,4G,Tablet
260326120900+0200,206,5,20605,206-05-1280,206-05-1280-40,5G,Smartphone
260321101418+0200,240,16,24016,240-16-6591,240-16-6591-10,5G,Smartphone
260226043518+0100,240,4,24004,240-04-4789,240-04-4789-62,5G,Smartphone
260323154345+0100,206,20,20620,206-20-5539,206-20-5539-79,4G,Tablet
260312130211+0100,206,5,20605,206-05-4238,206-05-4238-26,4G,Smartphone
260304162046-0600,310,260,310260,310-260-5360,310-260-5360-76,4G,IoT Device
260305155736+0100,206,5,20605,206-05-9741,206-05-9741-24,5G,Smartphone
260323012006-0800,310,260,310260,310-260-3289,310-260-3289-38,4G,Smartphone
260321012912+0100,240,4,24004,240-04-6789,240-04-6789-50,4G,Smartphone
260319090830+0100,240,1,24001,240-01-5280,240-01-5280-41,4G,Smartphone
260307060359-0600,310,260,310260,310-260-7720,310-260-7720-87,5G,Tablet
260308022700+0200,240,7,24007,240-07-4968,240-07-4968-29,5G,Smartphone
260321024712+0000,234,15,23415,234-15-7607,234-15-7607-39,4G,Smartphone
260309235950+0200,240,1,24001,240-01-5746,240-01-5746-97,5G,IoT Device
260313104206+0200,206,5,20605,206-05-3207,206-05-3207-61,5G,IoT Device
260306220345+0100,240,16,24016,240-16-6469,240-16-6469-70,5G,Smartphone
260315035052+0000,234,33,23433,234-33-3282,234-33-3282-62,3G,IoT Device
260307150426-0500,310,120,310120,310-120-2908,310-120-2908-26,4G,IoT Device
260315123912-0800,310,480,310480,310-480-3336,310-480-3336-89,4G,Tablet
260227075923+0100,240,8,24008,240-08-2062,240-08-2062-47,4G,Smartphone
260312112255+0200,240,1,24001,240-01-9199,240-01-9199-49,5G,Tablet
260325155807+0200,206,10,20610,206-10-4997,206-10-4997-76,3G,IoT Device
260226030055+0100,206,20,20620,206-20-7978,206-20-7978-22,5G,Tablet
260307224231-0500,310,120,310120,310-120-2913,310-120-2913-59,4G,Smartphone
260315053742+0100,234,10,23410,234-10-9114,234-10-9114-66,3G,Smartphone
260308054835+0200,206,5,20605,206-05-2461,206-05-2461-26,5G,Smartphone
260312231017-0500,310,260,310260,310-260-4575,310-260-4575-67,3G,IoT Device
260304134050-0600,310,260,310260,310-260-2231,310-260-2231-11,5G,Tablet
260312011618-0500,310,480,310480,310-480-9922,310-480-9922-91,4G,IoT Device
260304222622+0200,240,16,24016,240-16-3463,240-16-3463-19,5G,Tablet
260303122703-0700,310,410,310410,310-410-3129,310-410-3129-48,5G,Smartphone
260303020519+0100,240,24,24024,240-24-9108,240-24-9108-88,5G,Smartphone
260310152551+0100,234,33,23433,234-33-1627,234-33-1627-13,4G,Smartphone
260326235921+0100,234,15,23415,234-15-5271,234-15-5271-20,4G,IoT Device
260317024817+0100,234,33,23433,234-33-6314,234-33-6314-12,4G,IoT Device
260323194308+0100,234,30,23430,234-30-2761,234-30-2761-51,4G,Smartphone
260320212518-0500,310,260,310260,310-260-8831,310-260-8831-10,4G,Smartphone
260326151520+0100,234,20,23420,234-20-6199,234-20-6199-88,3G,Tablet
260320190143+0200,206,5,20605,206-05-2644,206-05-2644-46,4G,IoT Device
260311022932+0100,240,5,24005,240-05-2030,240-05-2030-26,4G,Smartphone
260315103347-0800,310,410,310410,310-410-5265,310-410-5265-56,4G,Smartphone
260309003807+0100,206,10,20610,206-10-3978,206-10-3978-32,4G,IoT Device
260312202740-0800,310,260,310260,310-260-3647,310-260-3647-60,4G,IoT Device
260228201144-0700,310,260,310260,310-260-9502,310-260-9502-41,3G,Smartphone
260310135630+0100,240,5,24005,240-05-1284,240-05-1284-45,5G,Smartphone
260228222140+0200,240,24,24024,240-24-2354,240-24-2354-36,5G,Smartphone
260320024547-0600,310,410,310410,310-410-9669,310-410-9669-66,5G,Smartphone
260322003341+0000,234,15,23415,234-15-5697,234-15-5697-58,3G,IoT Device
260302003048+0100,206,1,20601,206-01-5249,206-01-5249-19,5G,Tablet
260307110548+0000,234,20,23420,234-20-6233,234-20-6233-43,5G,Smartphone
260322110157+0100,240,7,24007,240-07-8565,240-07-8565-65,3G,Smartphone
260228200458+0200,240,1,24001,240-01-8593,240-01-8593-20,4G,Smartphone
260312034846-0800,310,480,310480,310-480-5157,310-480-5157-73,3G,Smartphone
260302051329+0000,234,10,23410,234-10-2908,234-10-2908-16,3G,Tablet
260322083454-0800,310,480,310480,310-480-4664,310-480-4664-92,3G,Smartphone
260227122626+0000,234,33,23433,234-33-8308,234-33-8308-11,3G,IoT Device
260316144625-0600,310,120,310120,310-120-2368,310-120-2368-66,5G,IoT Device
260315145954+0000,234,30,23430,234-30-8771,234-30-8771-50,3G,Smartphone
260316080800+0100,206,10,20610,206-10-2448,206-10-2448-84,4G,Smartphone
260321052008+0100,234,10,23410,234-10-5352,234-10-5352-67,4G,Smartphone
260310163043+0200,206,20,20620,206-20-8856,206-20-8856-29,5G,Tablet
260310062834+0100,234,33,23433,234-33-9372,234-33-9372-22,3G,IoT Device
260307065356+0100,240,16,24016,240-16-8564,240-16-8564-80,4G,Smartphone
260319023502+0100,234,33,23433,234-33-5279,234-33-5279-50,4G,Smartphone
260301000642+0100,206,10,20610,206-10-6368,206-10-6368-57,5G,Smartphone
260306154325+0100,234,30,23430,234-30-6966,234-30-6966-72,4G,Smartphone
260310134009+0100,240,16,24016,240-16-3625,240-16-3625-33,4G,Smartphone
260305185446+0200,240,16,24016,240-16-8883,240-16-8883-73,5G,Smartphone
260304124253-0500,310,480,310480,310-480-6740,310-480-6740-91,3G,IoT Device
260321113951+0100,234,38,23438,234-38-2390,234-38-2390-67,3G,IoT Device
260302183826+0200,206,5,20605,206-05-5370,206-05-5370-89,5G,Smartphone
260312010402+0000,234,30,23430,234-30-4562,234-30-4562-67,4G,Tablet
260227184744+0200,240,24,24024,240-24-3253,240-24-3253-42,4G,Smartphone
260326015828+0100,240,4,24004,240-04-3387,240-04-3387-25,3G,Smartphone
260226125938+0100,240,7,24007,240-07-6231,240-07-6231-93,4G,IoT Device
260305154156+0000,234,38,23438,234-38-1754,234-38-1754-65,3G,IoT Device
260310001341+0200,206,20,20620,206-20-9982,206-20-9982-35,4G,Smartphone
260319235613+0200,206,20,20620,206-20-2270,206-20-2270-82,4G,Smartphone
260226144737-0800,310,410,310410,310-410-2478,310-410-2478-95,4G,Smartphone
260313161650+0100,234,15,23415,234-15-2724,234-15-2724-80,3G,Smartphone
260320001952+0200,206,10,20610,206-10-1082,206-10-1082-17,3G,Smartphone
260228223552+0100,240,8,24008,240-08-4046,240-08-4046-64,3G,Tablet
260320221710-0800,310,260,310260,310-260-7752,310-260-7752-54,3G,Smartphone
260319173206+0100,234,20,23420,234-20-9585,234-20-9585-40,3G,IoT Device
260312020058+0100,234,10,23410,234-10-8299,234-10-8299-66,5G,Tablet
260318114447-0800,310,120,310120,310-120-1312,310-120-1312-28,4G,Smartphone
260301131151+0000,234,38,23438,234-38-3999,234-38-3999-54,5G,Tablet
260306220544+0200,206,1,20601,206-01-4330,206-01-4330-98,5G,Smartphone
260308205315+0100,234,10,23410,234-10-1544,234-10-1544-17,3G,Tablet
260314212631+0200,240,24,24024,240-24-8511,240-24-8511-58,5G,Tablet
260318081510+0000,234,10,23410,234-10-1249,234-10-1249-14,4G,Tablet
260308031040+0000,234,10,23410,234-10-3801,234-10-3801-85,4G,IoT Device
260314141332+0100,240,5,24005,240-05-8068,240-05-8068-99,5G,Smartphone
260314234406+0100,206,20,20620,206-20-9466,206-20-9466-15,5G,Tablet
260318172206+0200,206,5,20605,206-05-4746,206-05-4746-27,5G,Smartphone
260312192427-0700,310,260,310260,310-260-2691,310-260-2691-41,4G,Smartphone
260301122131+0200,240,2,24002,240-02-8695,240-02-8695-48,4G,Smartphone
260314061239-0800,310,120,310120,310-120-7277,310-120-7277-39,4G,IoT Device
260225153542+0100,206,5,20605,206-05-7313,206-05-7313-27,4G,Tablet
260309111729-0700,310,260,310260,310-260-4293,310-260-4293-81,4G,Smartphone
260323062320-0700,310,480,310480,310-480-7576,310-480-7576-85,4G,IoT Device
260318060706+0000,234,20,23420,234-20-4037,234-20-4037-61,4G,Smartphone
260327003631+0200,240,8,24008,240-08-6061,240-08-6061-37,5G,Smartphone
260306115143+0200,206,20,20620,206-20-5255,206-20-5255-44,5G,Tablet
260313111637+0200,240,4,24004,240-04-8197,240-04-8197-78,3G,IoT Device
260315091255-0600,310,120,310120,310-120-4251,310-120-4251-25,3G,Tablet
260305105041+0100,234,30,23430,234-30-4638,234-30-4638-55,3G,Smartphone
260320051220+0000,234,33,23433,234-33-3996,234-33-3996-21,5G,Tablet
260306141346+0100,206,5,20605,206-05-6795,206-05-6795-61,3G,Smartphone
260305171007+0100,240,16,24016,240-16-3859,240-16-3859-61,5G,Smartphone
260323225428+0100,240,16,24016,240-16-4465,240-16-4465-85,4G,Smartphone
260325171643-0800,310,120,310120,310-120-9572,310-120-9572-70,4G,Smartphone
260226081453+0100,234,15,23415,234-15-1505,234-15-1505-75,4G,IoT Device
260307112031+0100,234,30,23430,234-30-7568,234-30-7568-48,4G,Tablet
260319120238+0200,240,4,24004,240-04-7228,240-04-7228-38,4G,Smartphone
260325014415-0800,310,260,310260,310-260-5891,310-260-5891-52,5G,IoT Device
260228083612+0100,206,1,20601,206-01-6377,206-01-6377-74,4G,Tablet
260304083148-0700,310,410,310410,310-410-8743,310-410-8743-84,3G,IoT Device
260316051649+0200,206,10,20610,206-10-8722,206-10-8722-10,5G,Smartphone
260306234618+0100,206,5,20605,206-05-4193,206-05-4193-49,4G,Smartphone
260225054127+0100,206,10,20610,206-10-4405,206-10-4405-50,3G,Smartphone
260309065601+0100,206,5,20605,206-05-1359,206-05-1359-38,4G,Smartphone
260311094323-0600,310,260,310260,310-260-1475,310-260-1475-37,4G,IoT Device
260306171203+0100,240,7,24007,240-07-1819,240-07-1819-59,4G,Smartphone
260316153655+0100,240,2,24002,240-02-2408,240-02-2408-16,4G,Smartphone
260324112908+0100,240,4,24004,240-04-3328,240-04-3328-73,5G,Tablet
260325022304+0100,234,33,23433,234-33-6416,234-33-6416-11,3G,Smartphone
260320171730+0100,206,10,20610,206-10-3516,206-10-3516-12,4G,IoT Device
260323091255+0200,206,5,20605,206-05-5860,206-05-5860-95,5G,Smartphone
260324222651+0200,240,7,24007,240-07-9378,240-07-9378-94,5G,Smartphone
260326180642-0800,310,480,310480,310-480-5006,310-480-5006-50,4G,IoT Device
260323181338+0200,240,24,24024,240-24-9373,240-24-9373-82,5G,Tablet
260305062410+0100,240,1,24001,240-01-6698,240-01-6698-35,5G,Smartphone
260301225722+0200,206,20,20620,206-20-4998,206-20-4998-39,4G,Smartphone
260318152103+0100,206,5,20605,206-05-3496,206-05-3496-22,5G,Tablet
260320191846-0800,310,120,310120,310-120-8547,310-120-8547-74,4G,Smartphone
260302081859+0200,206,10,20610,206-10-4662,206-10-4662-87,4G,Smartphone
260321212334-0700,310,410,310410,310-410-5656,310-410-5656-61,4G,IoT Device
260309023336-0500,310,410,310410,310-410-3800,310-410-3800-25,5G,IoT Device
260311094338+0100,234,20,23420,234-20-9861,234-20-9861-80,3G,Tablet
260304214332+0000,234,30,23430,234-30-9869,234-30-9869-95,4G,IoT Device
260325165155-0700,310,410,310410,310-410-7913,310-410-7913-81,5G,Smartphone
260304221642-0700,310,480,310480,310-480-7370,310-480-7370-48,4G,IoT Device
260226224123+0100,240,24,24024,240-24-4880,240-24-4880-91,4G,IoT Device
260301205723-0500,310,120,310120,310-120-6504,310-120-6504-16,4G,Tablet
260317185809+0100,206,10,20610,206-10-4790,206-10-4790-72,5G,Smartphone
260308023530-0600,310,410,310410,310-410-2025,310-410-2025-50,3G,Smartphone
260311101504+0000,234,15,23415,234-15-7488,234-15-7488-27,4G,Tablet
260309132208+0100,234,15,23415,234-15-5830,234-15-5830-59,3G,IoT Device
260319191509+0100,240,7,24007,240-07-9664,240-07-9664-79,4G,Smartphone
260319222957+0100,240,5,24005,240-05-9055,240-05-9055-78,3G,IoT Device
260312201930+0200,240,5,24005,240-05-3073,240-05-3073-96,4G,Tablet
260227101139+0100,234,10,23410,234-10-3222,234-10-3222-48,3G,Tablet
260321224039+0100,234,30,23430,234-30-5035,234-30-5035-21,4G,IoT Device
260314061819-0500,310,410,310410,310-410-5085,310-410-5085-47,3G,Smartphone
260322171124-0800,310,260,310260,310-260-7917,310-260-7917-27,5G,Tablet
260318140828-0700,310,410,310410,310-410-6744,310-410-6744-24,5G,Smartphone
260321081306-0700,310,260,310260,310-260-4834,310-260-4834-37,4G,IoT Device
260310185118+0200,240,24,24024,240-24-8566,240-24-8566-27,3G,Tablet
260317062110-0600,310,480,310480,310-480-5190,310-480-5190-83,4G,Smartphone
260308230236-0800,310,260,310260,310-260-1918,310-260-1918-29,5G,Smartphone
260314102039+0200,206,1,20601,206-01-4104,206-01-4104-14,5G,Smartphone
260318021414+0100,234,15,23415,234-15-7669,234-15-7669-16,5G,Smartphone
260325025135+0200,206,10,20610,206-10-6174,206-10-6174-22,4G,Smartphone
260226004833-0700,310,480,310480,310-480-5182,310-480-5182-71,4G,IoT Device
260320012122+0200,240,7,24007,240-07-1714,240-07-1714-16,5G,Tablet
260308073419+0100,206,5,20605,206-05-4265,206-05-4265-72,5G,Tablet
260323040512+0200,240,1,24001,240-01-1379,240-01-1379-84,5G,Tablet
260227114424+0000,234,15,23415,234-15-8119,234-15-8119-25,5G,Tablet
260316163017+0200,240,8,24008,240-08-7145,240-08-7145-83,5G,Smartphone
260326204835+0200,240,2,24002,240-02-9140,240-02-9140-43,5G,IoT Device
260318220105+0000,234,20,23420,234-20-7513,234-20-7513-24,5G,Smartphone
260319182434+0100,234,10,23410,234-10-9155,234-10-9155-64,3G,Smartphone
260317065248+0200,240,16,24016,240-16-9761,240-16-9761-31,4G,Smartphone
260321184647+0100,240,8,24008,240-08-1246,240-08-1246-14,5G,IoT Device
260301173851+0100,206,20,20620,206-20-5528,206-20-5528-46,5G,Smartphone
260226010924+0200,240,16,24016,240-16-5254,240-16-5254-12,4G,Smartphone
260304071424+0100,206,5,20605,206-05-2720,206-05-2720-86,4G,Tablet
260310112352+0200,240,24,24024,240-24-9583,240-24-9583-52,5G,IoT Device
260304101007+0200,240,4,24004,240-04-3126,240-04-3126-35,5G,Tablet
260304024104+0000,234,15,23415,234-15-4494,234-15-4494-60,5G,Smartphone
260301065128-0700,310,260,310260,310-260-7363,310-260-7363-19,3G,IoT Device
260321131934+0000,234,10,23410,234-10-3414,234-10-3414-22,3G,Smartphone
260314094431+0100,234,15,23415,234-15-6520,234-15-6520-51,4G,IoT Device
260304043152+0100,234,38,23438,234-38-7058,234-38-7058-45,3G,Tablet
260309114325+0200,206,10,20610,206-10-2194,206-10-2194-48,5G,Smartphone
260315204031-0500,310,260,310260,310-260-6542,310-260-6542-36,4G,IoT Device
260226114300+0100,240,24,24024,240-24-4277,240-24-4277-83,5G,Smartphone
260320154422-0600,310,480,310480,310-480-3133,310-480-3133-68,4G,Smartphone
260309075424+0200,240,4,24004,240-04-2696,240-04-2696-64,5G,Smartphone
260319170823+0000,234,10,23410,234-10-5771,234-10-5771-84,3G,Smartphone
260306022925+0000,234,38,23438,234-38-4587,234-38-4587-87,3G,Tablet
260324123426-0700,310,410,310410,310-410-1383,310-410-1383-67,4G,Tablet
260313191224+0100,206,5,20605,206-05-6709,206-05-6709-34,4G,Smartphone
260304173325+0200,206,5,20605,206-05-7457,206-05-7457-30,5G,Smartphone
260324175747+0200,240,24,24024,240-24-6062,240-24-6062-85,4G,Smartphone
260313033704-0700,310,480,310480,310-480-2685,310-480-2685-28,4G,IoT Device
260305031509+0100,240,7,24007,240-07-4895,240-07-4895-95,5G,Smartphone
260323065801-0800,310,260,310260,310-260-4423,310-260-4423-40,5G,Tablet
260311110726+0200,240,16,24016,240-16-8901,240-16-8901-26,5G,Tablet
260306041520+0100,206,1,20601,206-01-3777,206-01-3777-30,4G,Smartphone
260325044255+0100,240,5,24005,240-05-2226,240-05-2226-16,5G,Smartphone
260319114247-0500,310,480,310480,310-480-8142,310-480-8142-26,4G,Smartphone
260317224840+0100,206,20,20620,206-20-6717,206-20-6717-45,5G,Smartphone
260324125104+0200,240,5,24005,240-05-3825,240-05-3825-48,5G,Smartphone
260308120212+0200,206,5,20605,206-05-7848,206-05-7848-81,5G,Smartphone
260306080127+0200,240,16,24016,240-16-1817,240-16-1817-49,5G,Smartphone
260311012859+0000,234,33,23433,234-33-7107,234-33-7107-76,4G,Tablet
260319221959+0100,206,1,20601,206-01-7493,206-01-7493-71,5G,Tablet
260308045204-0600,310,480,310480,310-480-4348,310-480-4348-48,4G,Smartphone
260319073943-0600,310,120,310120,310-120-8775,310-120-8775-34,5G,Tablet
260305222955+0100,206,1,20601,206-01-4889,206-01-4889-51,4G,IoT Device
260308112641+0000,234,10,23410,234-10-3403,234-10-3403-98,4G,Tablet
260313142522-0500,310,260,310260,310-260-7754,310-260-7754-90,4G,Smartphone
260304191407+0200,206,10,20610,206-10-2455,206-10-2455-19,4G,Smartphone
260310214525-0600,310,410,310410,310-410-6472,310-410-6472-76,4G,IoT Device
260302034953+0200,206,20,20620,206-20-1012,206-20-1012-26,5G,Smartphone
260302142828+0100,234,38,23438,234-38-7554,234-38-7554-62,3G,Smartphone
260312191200-0600,310,120,310120,310-120-7288,310-120-7288-63,4G,IoT Device
260325102944+0000,234,15,23415,234-15-5174,234-15-5174-77,3G,Tablet
260309105257+0100,206,10,20610,206-10-2158,206-10-2158-37,4G,Smartphone
260227025349-0800,310,480,310480,310-480-2676,310-480-2676-89,5G,Tablet
260312060516+0200,240,5,24005,240-05-6035,240-05-6035-72,4G,Tablet
260316203842+0100,240,24,24024,240-24-4168,240-24-4168-36,5G,Smartphone
260225102934+0000,234,30,23430,234-30-4914,234-30-4914-94,3G,Tablet
260313034130-0500,310,480,310480,310-480-8746,310-480-8746-10,3G,Smartphone
260321062403+0200,240,1,24001,240-01-3483,240-01-3483-60,4G,Smartphone
260324145719-0500,310,260,310260,310-260-1672,310-260-1672-96,4G,Tablet
260302200904+0200,240,24,24024,240-24-3603,240-24-3603-28,3G,Smartphone
260305022602+0200,206,5,20605,206-05-5066,206-05-5066-51,5G,Smartphone
260325203916+0200,240,1,24001,240-01-3117,240-01-3117-77,5G,Smartphone
260326185541-0700,310,260,310260,310-260-2836,310-260-2836-83,4G,Smartphone
260316163859+0200,240,8,24008,240-08-6740,240-08-6740-77,4G,Tablet
260227211650-0600,310,480,310480,310-480-7653,310-480-7653-12,3G,Smartphone
260226182146+0100,206,10,20610,206-10-6039,206-10-6039-66,5G,Smartphone
260227132939+0100,234,20,23420,234-20-8536,234-20-8536-60,4G,Smartphone
260314012237+0200,206,10,20610,206-10-5244,206-10-5244-15,4G,Smartphone
260323221235+0100,240,16,24016,240-16-4094,240-16-4094-39,5G,Smartphone
260303101050+0100,206,1,20601,206-01-1482,206-01-1482-10,5G,Smartphone
260305050855-0500,310,410,310410,310-410-6131,310-410-6131-31,4G,IoT Device
260324012752+0200,206,20,20620,206-20-5298,206-20-5298-62,5G,Smartphone
260302110543+0100,206,20,20620,206-20-8151,206-20-8151-47,4G,Smartphone
260325221305+0100,234,20,23420,234-20-3828,234-20-3828-91,3G,Smartphone
260324224500+0100,234,38,23438,234-38-9789,234-38-9789-44,3G,IoT Device
260314015852-0700,310,410,310410,310-410-6220,310-410-6220-67,4G,Smartphone
260308141946+0000,234,30,23430,234-30-7268,234-30-7268-55,3G,Smartphone
260312023152+0200,240,7,24007,240-07-3521,240-07-3521-37,5G,Smartphone
260228001738+0000,234,15,23415,234-15-6940,234-15-6940-59,4G,Tablet
260307071113+0100,240,2,24002,240-02-6796,240-02-6796-77,5G,Tablet
260326033459+0100,206,1,20601,206-01-9206,206-01-9206-76,5G,Smartphone
260320140653+0200,240,16,24016,240-16-3978,240-16-3978-85,4G,IoT Device
260307180839+0200,240,1,24001,240-01-3482,240-01-3482-31,4G,Smartphone
260302154129-0600,310,480,310480,310-480-9424,310-480-9424-18,4G,Smartphone
260227153936-0500,310,260,310260,310-260-2876,310-260-2876-90,5G,Tablet
260318112354-0600,310,260,310260,310-260-5503,310-260-5503-75,4G,IoT Device
260308113336+0000,234,38,23438,234-38-6214,234-38-6214-66,4G,Smartphone
260319063043+0200,206,20,20620,206-20-2865,206-20-2865-51,5G,Smartphone
260227195117+0100,240,16,24016,240-16-4570,240-16-4570-27,5G,Smartphone
260307210603+0100,206,10,20610,206-10-2482,206-10-2482-58,5G,Tablet
260227164851+0200,240,2,24002,240-02-8240,240-02-8240-10,4G,IoT Device
260228041952+0100,206,1,20601,206-01-3483,206-01-3483-64,5G,Tablet
260314234445+0200,206,1,20601,206-01-2185,206-01-2185-36,5G,IoT Device
260225105043-0700,310,480,310480,310-480-6032,310-480-6032-27,5G,Smartphone
260318195052+0200,206,1,20601,206-01-3931,206-01-3931-52,4G,Tablet
260314054618+0000,234,10,23410,234-10-5271,234-10-5271-99,4G,Tablet
260302040005-0600,310,120,310120,310-120-6112,310-120-6112-36,4G,Smartphone
260311210034+0100,240,16,24016,240-16-4242,240-16-4242-41,5G,Tablet
260305083910+0200,240,2,24002,240-02-5195,240-02-5195-50,5G,Smartphone
260307215812+0100,240,5,24005,240-05-5194,240-05-5194-78,4G,Smartphone
260314213003+0200,206,20,20620,206-20-8035,206-20-8035-34,4G,Tablet
260301033045+0000,234,38,23438,234-38-9370,234-38-9370-17,4G,Tablet
260307010924+0000,234,38,23438,234-38-7361,234-38-7361-73,5G,Smartphone
260310065514+0100,206,20,20620,206-20-2575,206-20-2575-55,5G,Tablet
260306021625+0200,206,10,20610,206-10-4407,206-10-4407-25,3G,Smartphone
260311105050+0000,234,38,23438,234-38-2799,234-38-2799-33,4G,Tablet
260326032632+0000,234,10,23410,234-10-4189,234-10-4189-38,3G,IoT Device
260326024458+0100,240,1,24001,240-01-6104,240-01-6104-93,5G,Smartphone
260308084312+0200,240,1,24001,240-01-8832,240-01-8832-82,5G,Smartphone
260308004617+0200,206,10,20610,206-10-6195,206-10-6195-27,5G,IoT Device
260314202149+0200,240,7,24007,240-07-1784,240-07-1784-19,5G,Smartphone
260325160724+0100,234,30,23430,234-30-7396,234-30-7396-87,3G,Tablet
260310053852+0100,234,10,23410,234-10-8805,234-10-8805-12,4G,Smartphone
260321153655+0100,206,1,20601,206-01-6753,206-01-6753-94,4G,Smartphone
260317063015+0100,240,8,24008,240-08-2667,240-08-2667-24,5G,Smartphone
260304081255+0100,234,15,23415,234-15-5936,234-15-5936-19,4G,IoT Device
260320180543+0100,240,2,24002,240-02-4635,240-02-4635-94,5G,IoT Device
260314131033+0000,234,33,23433,234-33-9900,234-33-9900-64,3G,Smartphone
260313092305+0200,240,5,24005,240-05-8846,240-05-8846-61,5G,Smartphone
260318030813+0000,234,30,23430,234-30-2769,234-30-2769-51,4G,Smartphone
260228084222+0200,206,5,20605,206-05-1755,206-05-1755-45,3G,Tablet
260302014326+0200,206,1,20601,206-01-7491,206-01-7491-38,5G,Tablet
260326020351+0100,240,1,24001,240-01-1952,240-01-1952-92,3G,Tablet
260228061425-0800,310,480,310480,310-480-9756,310-480-9756-19,4G,Smartphone
260312093849+0200,240,24,24024,240-24-9969,240-24-9969-17,5G,Smartphone
260310105515+0100,234,30,23430,234-30-4615,234-30-4615-73,3G,Smartphone
260307102012+0000,234,30,23430,234-30-4304,234-30-4304-97,3G,Smartphone
260305224017+0200,206,10,20610,206-10-7426,206-10-7426-50,5G,Smartphone
260228133148+0000,234,15,23415,234-15-1888,234-15-1888-63,4G,IoT Device
260307124524+0200,240,8,24008,240-08-9073,240-08-9073-82,5G,Tablet
260312170946+0200,240,5,24005,240-05-7668,240-05-7668-90,4G,Smartphone
260310052623-0800,310,120,310120,310-120-4388,310-120-4388-58,3G,Smartphone
260227021932+0200,240,8,24008,240-08-9693,240-08-9693-98,5G,Smartphone
260225181317-0700,310,480,310480,310-480-6238,310-480-6238-55,4G,Smartphone
260317093002+0100,240,8,24008,240-08-9453,240-08-9453-59,5G,Tablet
260312132833+0100,234,20,23420,234-20-8204,234-20-8204-29,4G,Smartphone
260313210305+0200,206,5,20605,206-05-3581,206-05-3581-69,4G,Tablet
260321002040+0200,240,5,24005,240-05-3734,240-05-3734-71,5G,Smartphone
260316070618+0100,234,38,23438,234-38-8324,234-38-8324-70,3G,Tablet
260319045247+0100,206,10,20610,206-10-3267,206-10-3267-96,4G,Tablet
260314202047+0100,240,2,24002,240-02-7503,240-02-7503-29,5G,Smartphone
260303060730+0200,240,16,24016,240-16-4972,240-16-4972-74,5G,IoT Device
260314093902+0200,240,1,24001,240-01-2414,240-01-2414-48,5G,Smartphone
260308011952+0100,240,2,24002,240-02-8264,240-02-8264-76,4G,Smartphone
260304225117+0100,240,4,24004,240-04-8030,240-04-8030-76,3G,Tablet
260314234645+0000,234,38,23438,234-38-7917,234-38-7917-87,3G,IoT Device
260307122757+0100,206,20,20620,206-20-8082,206-20-8082-65,4G,Tablet
260321115106-0800,310,260,310260,310-260-8107,310-260-8107-51,5G,IoT Device
260324152442+0200,240,2,24002,240-02-2870,240-02-2870-49,5G,Smartphone
260306112714-0500,310,480,310480,310-480-5509,310-480-5509-31,4G,IoT Device
260302134508+0000,234,30,23430,234-30-5723,234-30-5723-13,4G,Smartphone
260309150532+0200,206,5,20605,206-05-5860,206-05-5860-81,5G,Smartphone
260309183253+0200,206,10,20610,206-10-4995,206-10-4995-65,5G,Tablet
260313172950-0600,310,410,310410,310-410-5417,310-410-5417-91,5G,Smartphone
260302164016+0100,206,20,20620,206-20-6416,206-20-6416-34,3G,Tablet
260323010810+0100,234,20,23420,234-20-6606,234-20-6606-20,3G,IoT Device
260301041554+0100,206,10,20610,206-10-8792,206-10-8792-57,5G,Tablet
260309083213+0000,234,30,23430,234-30-9094,234-30-9094-17,3G,Smartphone
260311174926+0100,234,10,23410,234-10-3371,234-10-3371-80,3G,Tablet
260320225940+0100,206,1,20601,206-01-3568,206-01-3568-95,5G,Smartphone
260305075115+0100,206,5,20605,206-05-7505,206-05-7505-82,5G,Tablet
260320120535+0200,206,5,20605,206-05-9099,206-05-9099-81,5G,IoT Device
260313134547+0100,240,5,24005,240-05-3165,240-05-3165-67,4G,Smartphone
260305025025+0200,206,1,20601,206-01-4892,206-01-4892-78,5G,Tablet
260313081353+0000,234,38,23438,234-38-9734,234-38-9734-87,3G,Smartphone
260313112004+0200,206,20,20620,206-20-2905,206-20-2905-98,5G,Smartphone
260319035219+0200,206,20,20620,206-20-2127,206-20-2127-48,4G,Smartphone
260306001838-0500,310,410,310410,310-410-7361,310-410-7361-50,4G,IoT Device
260304231114-0500,310,480,310480,310-480-6403,310-480-6403-86,4G,Smartphone
260310060526+0100,234,20,23420,234-20-8353,234-20-8353-89,4G,Smartphone
260303090421-0700,310,410,310410,310-410-8350,310-410-8350-32,4G,IoT Device
260322215455+0000,234,38,23438,234-38-3813,234-38-3813-24,3G,IoT Device
260302012801+0100,206,5,20605,206-05-8894,206-05-8894-45,5G,Smartphone
260321114206+0000,234,15,23415,234-15-5123,234-15-5123-50,3G,Smartphone
260313011208+0200,206,1,20601,206-01-7857,206-01-7857-61,5G,Smartphone
260306185927+0100,206,20,20620,206-20-6122,206-20-6122-49,5G,Smartphone
260314061947+0000,234,20,23420,234-20-9109,234-20-9109-54,3G,Tablet
260301033503+0100,206,20,20620,206-20-7262,206-20-7262-58,4G,Tablet
260324152825+0100,206,10,20610,206-10-7719,206-10-7719-34,4G,Smartphone
260318025914+0000,234,30,23430,234-30-5407,234-30-5407-36,3G,IoT Device
260318100952+0100,206,1,20601,206-01-6574,206-01-6574-45,3G,Smartphone
260311182214+0100,240,5,24005,240-05-9578,240-05-9578-43,5G,IoT Device
260315215907+0000,234,20,23420,234-20-6311,234-20-6311-12,4G,IoT Device
260316021020-0600,310,480,310480,310-480-5929,310-480-5929-75,5G,Smartphone
260309040046+0200,240,8,24008,240-08-3415,240-08-3415-72,5G,Smartphone
260310172028-0800,310,120,310120,310-120-8811,310-120-8811-16,4G,Smartphone
260323033425+0200,206,10,20610,206-10-3266,206-10-3266-85,4G,Smartphone
260319001352-0600,310,260,310260,310-260-1973,310-260-1973-89,4G,IoT Device
260322140212+0200,240,24,24024,240-24-1473,240-24-1473-83,5G,Smartphone
260303144752-0800,310,120,310120,310-120-9367,310-120-9367-92,5G,Smartphone
260311220918+0100,206,20,20620,206-20-7927,206-20-7927-46,5G,Smartphone
260307050838+0000,234,20,23420,234-20-8458,234-20-8458-48,5G,IoT Device
260320173220+0100,206,5,20605,206-05-6821,206-05-6821-75,4G,Smartphone
260226110221+0200,240,24,24024,240-24-6655,240-24-6655-89,4G,Smartphone
260225134058+0100,240,2,24002,240-02-9437,240-02-9437-50,4G,IoT Device
260310074110+0200,240,8,24008,240-08-9995,240-08-9995-48,5G,Smartphone
260303033745-0500,310,120,310120,310-120-1964,310-120-1964-99,4G,Tablet
260323130624+0100,240,8,24008,240-08-4774,240-08-4774-27,5G,Smartphone
260227210954+0100,206,10,20610,206-10-9384,206-10-9384-92,3G,IoT Device
260308054116+0100,234,30,23430,234-30-5253,234-30-5253-36,3G,IoT Device
260226151449+0200,206,1,20601,206-01-5578,206-01-5578-71,5G,Smartphone
260309230023+0200,206,20,20620,206-20-3099,206-20-3099-81,4G,Smartphone
260225024432+0100,206,1,20601,206-01-9633,206-01-9633-37,4G,Smartphone
260314212434+0200,206,5,20605,206-05-2329,206-05-2329-71,4G,Smartphone
260225083848-0700,310,410,310410,310-410-2178,310-410-2178-55,5G,Smartphone
260326172554+0200,206,5,20605,206-05-8857,206-05-8857-58,4G,Smartphone
260311095416+0200,240,5,24005,240-05-3527,240-05-3527-60,3G,Tablet
260319000635+0100,206,1,20601,206-01-9144,206-01-9144-68,4G,Smartphone
260308023616-0800,310,410,310410,310-410-7067,310-410-7067-18,3G,IoT Device
260320065106+0200,240,8,24008,240-08-5964,240-08-5964-88,4G,Tablet
260316075342+0100,240,2,24002,240-02-3016,240-02-3016-52,5G,Smartphone
260312235534-0600,310,410,310410,310-410-3484,310-410-3484-40,5G,Tablet
260310064954+0200,240,2,24002,240-02-5122,240-02-5122-61,5G,IoT Device
260324161702+0100,240,24,24024,240-24-6700,240-24-6700-88,5G,Smartphone
260322210759+0200,206,5,20605,206-05-8019,206-05-8019-72,5G,Smartphone
260301064611-0700,310,260,310260,310-260-8081,310-260-8081-61,5G,IoT Device
260307150357+0100,240,16,24016,240-16-8031,240-16-8031-84,4G,Tablet
260304122159+0100,234,10,23410,234-10-2792,234-10-2792-76,3G,IoT Device
260313162421+0100,206,1,20601,206-01-2220,206-01-2220-43,5G,Smartphone
260320104906-0800,310,260,310260,310-260-7114,310-260-7114-10,4G,IoT Device
260303055252-0700,310,120,310120,310-120-2365,310-120-2365-61,3G,IoT Device
260319122427-0500,310,480,310480,310-480-5542,310-480-5542-32,3G,Smartphone
260320141750+0000,234,38,23438,234-38-2354,234-38-2354-10,3G,Tablet
260311221645+0100,240,8,24008,240-08-8434,240-08-8434-22,5G,Smartphone
260316052246+0000,234,33,23433,234-33-8430,234-33-8430-61,3G,IoT Device
260326163056+0000,234,33,23433,234-33-5972,234-33-5972-99,5G,Tablet
260308162901+0100,234,38,23438,234-38-6752,234-38-6752-63,3G,Smartphone
260308010326-0500,310,260,310260,310-260-9509,310-260-9509-26,5G,IoT Device
260325170959+0100,240,16,24016,240-16-3824,240-16-3824-33,5G,Smartphone
260314165143+0200,206,20,20620,206-20-9809,206-20-9809-60,4G,Smartphone
260226063808+0100,206,10,20610,206-10-5056,206-10-5056-66,4G,IoT Device
260312064311+0100,206,20,20620,206-20-9593,206-20-9593-71,4G,IoT Device
260309185604+0000,234,38,23438,234-38-1677,234-38-1677-32,4G,Smartphone
260305094413+0100,240,8,24008,240-08-3803,240-08-3803-61,5G,Smartphone
260326072757+0100,234,33,23433,234-33-3515,234-33-3515-39,3G,Tablet
260308191713+0000,234,15,23415,234-15-4716,234-15-4716-29,5G,Tablet
260306091656+0200,240,4,24004,240-04-5899,240-04-5899-81,5G,Tablet
260226193909-0800,310,260,310260,310-260-7166,310-260-7166-56,4G,Smartphone
260228132814-0600,310,480,310480,310-480-7802,310-480-7802-26,4G,Smartphone
260306083856+0100,234,20,23420,234-20-7899,234-20-7899-83,5G,Smartphone
260228155733+0100,240,4,24004,240-04-8066,240-04-8066-30,5G,Smartphone
260301235511+0000,234,38,23438,234-38-5072,234-38-5072-25,3G,Tablet
260302021024+0100,206,5,20605,206-05-5034,206-05-5034-12,5G,Smartphone
260319014026+0100,206,5,20605,206-05-6351,206-05-6351-22,5G,Smartphone
260307031005+0200,240,2,24002,240-02-2493,240-02-2493-41,5G,Tablet
260304231702-0600,310,120,310120,310-120-9789,310-120-9789-94,4G,IoT Device
260311231111+0100,240,1,24001,240-01-2790,240-01-2790-15,3G,Smartphone
260312014046+0200,240,16,24016,240-16-1749,240-16-1749-54,5G,Smartphone
260301191324-0600,310,120,310120,310-120-9740,310-120-9740-38,3G,Smartphone
260303222441+0100,234,10,23410,234-10-2376,234-10-2376-64,3G,Tablet
260322201258+0100,206,20,20620,206-20-9112,206-20-9112-98,5G,Smartphone
260311053750+0200,206,20,20620,206-20-8507,206-20-8507-40,5G,Smartphone
260302104843-0700,310,410,310410,310-410-7771,310-410-7771-59,3G,Tablet
260313160122+0000,234,38,23438,234-38-7045,234-38-7045-76,4G,Smartphone
260303193640+0200,206,1,20601,206-01-6347,206-01-6347-27,4G,Tablet
260305051557+0100,240,16,24016,240-16-7236,240-16-7236-90,5G,Smartphone
260228155544+0000,234,10,23410,234-10-4611,234-10-4611-43,3G,Smartphone
260302110517-0800,310,120,310120,310-120-5848,310-120-5848-94,5G,Smartphone
260325165350+0100,240,5,24005,240-05-2745,240-05-2745-39,4G,IoT Device
260323013012+0100,234,30,23430,234-30-2550,234-30-2550-31,3G,Smartphone
260306213700-0500,310,120,310120,310-120-8282,310-120-8282-72,5G,IoT Device
260308033455+0100,234,30,23430,234-30-5576,234-30-5576-39,3G,Tablet
260319062717+0200,240,24,24024,240-24-4856,240-24-4856-23,5G,Smartphone
260314195839-0800,310,120,310120,310-120-8052,310-120-8052-10,4G,Tablet
260319012001+0100,234,20,23420,234-20-8962,234-20-8962-10,4G,Smartphone
260301142205+0200,240,2,24002,240-02-8531,240-02-8531-34,5G,Tablet
260304014307+0200,240,24,24024,240-24-5014,240-24-5014-90,5G,Tablet
260325144023-0600,310,480,310480,310-480-9302,310-480-9302-34,4G,Tablet
260322131440+0000,234,15,23415,234-15-6128,234-15-6128-33,5G,Tablet
260303054200+0000,234,38,23438,234-38-7367,234-38-7367-99,5G,IoT Device
260311201315+0100,240,8,24008,240-08-6647,240-08-6647-94,5G,Smartphone
260318102100+0200,206,20,20620,206-20-8586,206-20-8586-65,3G,Smartphone
260324000026+0100,206,5,20605,206-05-8231,206-05-8231-39,5G,IoT Device
260310200300+0100,234,20,23420,234-20-2497,234-20-2497-97,4G,Smartphone
260312055205+0200,206,5,20605,206-05-5499,206-05-5499-35,5G,Smartphone
260227075017+0200,240,2,24002,240-02-8141,240-02-8141-60,4G,Smartphone
260316225511-0500,310,260,310260,310-260-3001,310-260-3001-52,5G,IoT Device
260304215225+0200,240,4,24004,240-04-6318,240-04-6318-50,5G,Smartphone
260318022857+0100,206,5,20605,206-05-7028,206-05-7028-99,4G,Tablet
260310155645+0100,234,38,23438,234-38-2705,234-38-2705-21,5G,Smartphone
260301035738+0100,206,20,20620,206-20-5600,206-20-5600-59,5G,Tablet
260301175121+0000,234,33,23433,234-33-8658,234-33-8658-60,4G,Smartphone
260306120351+0200,206,20,20620,206-20-6810,206-20-6810-82,3G,Smartphone
260326002950+0200,206,1,20601,206-01-9008,206-01-9008-98,4G,IoT Device
260310233411+0200,206,1,20601,206-01-4068,206-01-4068-38,3G,IoT Device
260301192636+0100,240,8,24008,240-08-6143,240-08-6143-57,4G,Smartphone
260303124630-0700,310,120,310120,310-120-8169,310-120-8169-61,3G,Smartphone
260227193800+0000,234,15,23415,234-15-3242,234-15-3242-72,3G,IoT Device
260308231522+0200,240,24,24024,240-24-1389,240-24-1389-18,5G,Smartphone
260304211649+0100,240,8,24008,240-08-4675,240-08-4675-13,5G,Smartphone
260325152811+0100,206,1,20601,206-01-3742,206-01-3742-63,5G,Smartphone
260227220944+0100,234,30,23430,234-30-9969,234-30-9969-78,3G,Tablet
260228172423+0200,240,7,24007,240-07-2958,240-07-2958-66,3G,Smartphone
260301000430+0200,206,5,20605,206-05-7112,206-05-7112-96,5G,Smartphone
260317160508+0000,234,20,23420,234-20-4704,234-20-4704-38,3G,Tablet
260314131400+0100,234,15,23415,234-15-4762,234-15-4762-97,4G,Smartphone
260225173923+0000,234,20,23420,234-20-4460,234-20-4460-66,3G,IoT Device
260321083919+0100,234,33,23433,234-33-9341,234-33-9341-20,3G,Tablet
260228181048+0100,240,2,24002,240-02-2483,240-02-2483-98,5G,IoT Device
260302025445+0200,206,10,20610,206-10-3537,206-10-3537-54,5G,IoT Device
260311231016+0200,240,7,24007,240-07-8773,240-07-8773-33,3G,Smartphone
260302062253-0700,310,120,310120,310-120-4860,310-120-4860-45,3G,IoT Device
260305075649+0100,234,10,23410,234-10-2145,234-10-2145-56,3G,IoT Device
260226025428-0500,310,480,310480,310-480-3653,310-480-3653-46,4G,IoT Device
260316120002+0100,234,20,23420,234-20-5857,234-20-5857-20,4G,Smartphone
260226215154+0100,206,5,20605,206-05-2298,206-05-2298-95,4G,Tablet
260309154833-0500,310,260,310260,310-260-3450,310-260-3450-10,4G,IoT Device
260316000612+0100,234,15,23415,234-15-1997,234-15-1997-26,4G,Smartphone
260326181951+0200,240,16,24016,240-16-5677,240-16-5677-61,5G,Smartphone
260311111959+0100,206,10,20610,206-10-6124,206-10-6124-84,5G,Tablet
260324110515+0200,206,20,20620,206-20-1873,206-20-1873-51,5G,Smartphone
260305044026-0700,310,410,310410,310-410-9104,310-410-9104-53,4G,Tablet
260225230331+0100,206,20,20620,206-20-6133,206-20-6133-22,5G,Tablet
260226200845+0100,240,7,24007,240-07-5681,240-07-5681-11,5G,Smartphone
260320020511+0200,206,10,20610,206-10-7662,206-10-7662-11,3G,IoT Device
260228020325+0100,240,2,24002,240-02-4339,240-02-4339-74,3G,Smartphone
260313021300+0100,240,5,24005,240-05-6258,240-05-6258-60,5G,Tablet
260320000433+0100,206,5,20605,206-05-5463,206-05-5463-43,5G,Smartphone
260307172510+0200,240,24,24024,240-24-1507,240-24-1507-34,5G,Smartphone
260302084509-0500,310,410,310410,310-410-1795,310-410-1795-81,4G,Smartphone
260324120133+0100,234,38,23438,234-38-5494,234-38-5494-55,3G,IoT Device
260325121209-0700,310,480,310480,310-480-6965,310-480-6965-76,4G,Smartphone
260322042255+0100,240,7,24007,240-07-5146,240-07-5146-20,4G,Smartphone
260313081723+0200,206,5,20605,206-05-7222,206-05-7222-74,5G,IoT Device
260227185644-0800,310,410,310410,310-410-3059,310-410-3059-98,3G,IoT Device
260225161830+0100,240,7,24007,240-07-9645,240-07-9645-90,4G,Smartphone
260324145043-0600,310,480,310480,310-480-6616,310-480-6616-31,4G,IoT Device
260307071824+0100,240,24,24024,240-24-1209,240-24-1209-69,5G,IoT Device
260226205026-0800,310,120,310120,310-120-4409,310-120-4409-16,5G,Smartphone
260320073014+0100,234,38,23438,234-38-2338,234-38-2338-23,5G,IoT Device
260325213345+0100,206,10,20610,206-10-2553,206-10-2553-30,3G,Tablet
260314155332+0100,206,1,20601,206-01-1227,206-01-1227-34,5G,Tablet
260301041219-0800,310,410,310410,310-410-9860,310-410-9860-66,5G,IoT Device
260320200512+0100,240,5,24005,240-05-6035,240-05-6035-52,5G,Tablet
260302072310+0000,234,38,23438,234-38-3432,234-38-3432-44,3G,Tablet
260303184127+0100,206,20,20620,206-20-3290,206-20-3290-38,4G,Smartphone
260308102348+0100,234,30,23430,234-30-2351,234-30-2351-26,3G,Tablet
260228213903+0200,206,5,20605,206-05-8128,206-05-8128-47,3G,Smartphone
260322143019+0100,206,1,20601,206-01-9352,206-01-9352-57,5G,Tablet
260302130332+0000,234,38,23438,234-38-1015,234-38-1015-39,4G,Smartphone
260316063021+0100,234,20,23420,234-20-8134,234-20-8134-94,4G,Smartphone
260301071324+0100,206,20,20620,206-20-7413,206-20-7413-10,5G,Smartphone
260307113948+0100,240,5,24005,240-05-9120,240-05-9120-22,5G,Smartphone
260321173324+0100,240,24,24024,240-24-9885,240-24-9885-48,5G,Smartphone
260310113201-0700,310,480,310480,310-480-3709,310-480-3709-43,5G,Smartphone
260317210249+0200,240,1,24001,240-01-4472,240-01-4472-71,5G,Smartphone
260318163929+0100,206,10,20610,206-10-3146,206-10-3146-79,4G,Tablet
260319012516+0200,240,2,24002,240-02-4107,240-02-4107-61,5G,Tablet
260311205845+0200,240,2,24002,240-02-7923,240-02-7923-20,4G,Smartphone
260228025919-0500,310,120,310120,310-120-3970,310-120-3970-63,5G,IoT Device
260301230422+0100,234,33,23433,234-33-3222,234-33-3222-17,3G,Smartphone
260305221740+0200,240,7,24007,240-07-2691,240-07-2691-98,5G,Tablet
260227072304-0700,310,410,310410,310-410-7526,310-410-7526-65,4G,Smartphone
260301214841+0200,240,5,24005,240-05-1735,240-05-1735-22,4G,Tablet
260307051704+0200,206,20,20620,206-20-9984,206-20-9984-86,5G,IoT Device
260318051213+0100,240,8,24008,240-08-9560,240-08-9560-89,4G,Smartphone
260315071344+0100,240,2,24002,240-02-3406,240-02-3406-84,4G,Smartphone
260228025157+0100,240,1,24001,240-01-1698,240-01-1698-97,5G,Smartphone
260309083830+0100,206,10,20610,206-10-4319,206-10-4319-51,3G,IoT Device
260316213526-0700,310,410,310410,310-410-9201,310-410-9201-67,3G,IoT Device
260226134152+0100,234,20,23420,234-20-3332,234-20-3332-85,4G,Tablet
260301163242+0200,206,5,20605,206-05-5824,206-05-5824-48,5G,Smartphone
260227170309+0100,240,5,24005,240-05-2925,240-05-2925-30,4G,Smartphone
260303014334-0500,310,120,310120,310-120-8361,310-120-8361-58,5G,Smartphone
260316052727+0100,206,20,20620,206-20-7568,206-20-7568-94,5G,Smartphone
260322092826+0200,206,1,20601,206-01-8763,206-01-8763-12,4G,Tablet
260311050225+0200,206,20,20620,206-20-8556,206-20-8556-64,5G,Smartphone
260227193443+0200,240,16,24016,240-16-2883,240-16-2883-56,5G,Smartphone
260308050542-0500,310,410,310410,310-410-2467,310-410-2467-53,5G,Smartphone
260310105506+0200,206,10,20610,206-10-8683,206-10-8683-23,5G,Tablet
260304233631-0500,310,120,310120,310-120-9581,310-120-9581-53,4G,Smartphone
260301144627-0700,310,410,310410,310-410-8251,310-410-8251-20,4G,IoT Device
260227154010+0000,234,30,23430,234-30-9601,234-30-9601-10,3G,Tablet
260326045205+0200,206,1,20601,206-01-6148,206-01-6148-23,3G,Tablet
260322072003+0000,234,10,23410,234-10-5647,234-10-5647-18,3G,Smartphone
260326011244-0700,310,410,310410,310-410-8750,310-410-8750-77,4G,IoT Device
260314061852-0800,310,410,310410,310-410-6962,310-410-6962-86,4G,Tablet
260227104828-0700,310,260,310260,310-260-1174,310-260-1174-39,4G,IoT Device
260312032824+0100,234,20,23420,234-20-5377,234-20-5377-15,4G,Tablet
260228163347+0100,240,5,24005,240-05-6869,240-05-6869-61,4G,IoT Device
260325131704+0100,206,20,20620,206-20-9473,206-20-9473-26,5G,Smartphone
260321080307+0100,240,24,24024,240-24-3381,240-24-3381-96,4G,Smartphone
260227102308+0100,234,38,23438,234-38-9221,234-38-9221-68,3G,Tablet
260326235938+0200,206,10,20610,206-10-9328,206-10-9328-75,3G,Smartphone
260306161047+0200,240,1,24001,240-01-5669,240-01-5669-52,5G,Smartphone
260227163712-0700,310,120,310120,310-120-3537,310-120-3537-29,4G,IoT Device
260322184346+0200,206,20,20620,206-20-7793,206-20-7793-63,5G,Smartphone
260320161636+0100,240,2,24002,240-02-7885,240-02-7885-14,5G,IoT Device
260228105825-0600,310,480,310480,310-480-1697,310-480-1697-33,5G,IoT Device
260324195430+0200,206,5,20605,206-05-7631,206-05-7631-65,4G,Smartphone
260320154149-0500,310,410,310410,310-410-5214,310-410-5214-59,5G,Smartphone
260323100237+0100,240,4,24004,240-04-3390,240-04-3390-41,5G,Smartphone
260314054901+0100,234,33,23433,234-33-7308,234-33-7308-97,4G,IoT Device
260305081530-0700,310,260,310260,310-260-5117,310-260-5117-42,3G,Smartphone
260226055301+0100,240,7,24007,240-07-4072,240-07-4072-33,5G,Tablet
260317190748+0100,234,30,23430,234-30-5841,234-30-5841-84,4G,Tablet
260324165741+0100,240,4,24004,240-04-2781,240-04-2781-61,5G,Smartphone
260307051325-0700,310,410,310410,310-410-9358,310-410-9358-12,4G,Smartphone
260305114835+0100,240,2,24002,240-02-9561,240-02-9561-21,5G,Smartphone
260326060928+0100,240,7,24007,240-07-3894,240-07-3894-60,5G,Smartphone
260326072353+0200,240,24,24024,240-24-7034,240-24-7034-99,4G,Smartphone
260305035633+0200,240,8,24008,240-08-7237,240-08-7237-77,4G,Smartphone
260302171626+0200,240,7,24007,240-07-1707,240-07-1707-59,4G,Tablet
260319072625+0100,240,16,24016,240-16-2062,240-16-2062-25,5G,Smartphone
260321170534-0500,310,120,310120,310-120-5547,310-120-5547-95,4G,Smartphone
260227011216+0100,234,15,23415,234-15-8529,234-15-8529-46,4G,IoT Device
260301033741+0200,206,10,20610,206-10-6028,206-10-6028-37,5G,Smartphone
260302070304+0000,234,38,23438,234-38-1615,234-38-1615-37,4G,Smartphone
260322043500+0100,206,20,20620,206-20-4227,206-20-4227-47,5G,Smartphone
260226142146+0100,206,5,20605,206-05-5935,206-05-5935-37,4G,Smartphone
260305071326+0200,240,16,24016,240-16-8546,240-16-8546-10,5G,Smartphone
260316032719-0500,310,260,310260,310-260-3549,310-260-3549-90,4G,Smartphone
260304080920+0100,206,5,20605,206-05-6598,206-05-6598-42,5G,Tablet
260302094913-0700,310,120,310120,310-120-7409,310-120-7409-34,4G,Smartphone
260307094910+0200,206,1,20601,206-01-6386,206-01-6386-65,5G,IoT Device
260319131244+0200,240,1,24001,240-01-2377,240-01-2377-37,5G,IoT Device
260225214328-0800,310,410,310410,310-410-5870,310-410-5870-79,3G,Tablet
260322190449+0200,240,16,24016,240-16-9742,240-16-9742-31,5G,Smartphone
260305034201+0100,206,20,20620,206-20-7989,206-20-7989-60,5G,Smartphone
260323002937+0200,240,5,24005,240-05-3914,240-05-3914-72,5G,Smartphone
260311071836+0200,240,5,24005,240-05-2159,240-05-2159-20,5G,Smartphone
260315024656-0800,310,480,310480,310-480-3052,310-480-3052-19,4G,IoT Device
260315075804+0100,240,1,24001,240-01-7729,240-01-7729-73,4G,Smartphone
260309190604+0100,206,20,20620,206-20-2034,206-20-2034-77,5G,Tablet
260310202619+0200,240,8,24008,240-08-5250,240-08-5250-96,5G,Smartphone
260317093229-0800,310,260,310260,310-260-4010,310-260-4010-18,4G,Tablet
260314144727+0100,206,5,20605,206-05-6508,206-05-6508-56,4G,Tablet
260313221233+0000,234,15,23415,234-15-9193,234-15-9193-71,3G,Smartphone
260306005146-0600,310,410,310410,310-410-2859,310-410-2859-78,4G,IoT Device
260307040504-0500,310,410,310410,310-410-5123,310-410-5123-13,5G,Smartphone
260322221403-0600,310,260,310260,310-260-2734,310-260-2734-14,4G,Smartphone
260302173446+0000,234,30,23430,234-30-3065,234-30-3065-47,3G,IoT Device
260324014405-0800,310,410,310410,310-410-1980,310-410-1980-37,4G,Smartphone
260316213231+0100,206,1,20601,206-01-5330,206-01-5330-55,5G,Tablet
260316175055+0100,206,1,20601,206-01-2196,206-01-2196-53,4G,Tablet
260324065611+0200,206,20,20620,206-20-2964,206-20-2964-25,5G,Smartphone
260314134414+0000,234,15,23415,234-15-4137,234-15-4137-27,3G,Tablet
260307090225-0800,310,480,310480,310-480-8904,310-480-8904-42,4G,IoT Device
260324063933+0100,234,38,23438,234-38-7223,234-38-7223-12,4G,Smartphone
260322103943+0200,240,7,24007,240-07-4297,240-07-4297-25,5G,Tablet
260305212905+0100,234,38,23438,234-38-6800,234-38-6800-68,4G,IoT Device
260318200540+0000,234,20,23420,234-20-7380,234-20-7380-53,4G,Smartphone
260325114442+0100,206,10,20610,206-10-5341,206-10-5341-37,5G,Smartphone
260303175858-0700,310,260,310260,310-260-9138,310-260-9138-18,4G,Smartphone
260309164201+0000,234,38,23438,234-38-6101,234-38-6101-76,3G,IoT Device
260304213346+0100,234,10,23410,234-10-3152,234-10-3152-40,3G,IoT Device
260311044447+0100,240,1,24001,240-01-1771,240-01-1771-66,5G,Smartphone
260311055730-0700,310,120,310120,310-120-9850,310-120-9850-25,4G,IoT Device
260323023331+0100,234,30,23430,234-30-5435,234-30-5435-89,3G,IoT Device
260309112351+0000,234,20,23420,234-20-5044,234-20-5044-66,4G,Smartphone
260301045147+0100,206,5,20605,206-05-5082,206-05-5082-10,3G,Tablet
260326164417+0100,240,16,24016,240-16-6543,240-16-6543-93,4G,Smartphone
260301090454+0100,234,15,23415,234-15-7349,234-15-7349-81,3G,Tablet
260320104752+0000,234,38,23438,234-38-2040,234-38-2040-42,3G,Tablet
260306113706+0100,234,33,23433,234-33-5236,234-33-5236-54,3G,IoT Device
260305065401-0800,310,480,310480,310-480-5123,310-480-5123-71,5G,Smartphone
260314085251+0100,234,38,23438,234-38-5519,234-38-5519-28,3G,Tablet
260228230757+0100,206,5,20605,206-05-4916,206-05-4916-40,5G,IoT Device
260309042412+0100,234,30,23430,234-30-9573,234-30-9573-37,3G,IoT Device
260225051919+0200,240,4,24004,240-04-5321,240-04-5321-64,5G,Smartphone
260325140034+0100,206,5,20605,206-05-9847,206-05-9847-94,4G,Smartphone
260225145135+0100,206,20,20620,206-20-3100,206-20-3100-51,4G,Smartphone
260303205217+0200,240,1,24001,240-01-3289,240-01-3289-43,4G,Smartphone
260228224725+0200,206,10,20610,206-10-6078,206-10-6078-81,5G,Smartphone
260302021253-0700,310,260,310260,310-260-5718,310-260-5718-67,4G,Smartphone
260325125114+0000,234,10,23410,234-10-1063,234-10-1063-45,4G,Smartphone
260310021157-0700,310,480,310480,310-480-2743,310-480-2743-17,4G,Smartphone
260307084340+0100,240,7,24007,240-07-5492,240-07-5492-63,5G,Smartphone
260319140236-0700,310,480,310480,310-480-1206,310-480-1206-15,5G,Tablet
260225154348+0200,206,20,20620,206-20-7770,206-20-7770-15,4G,Smartphone
260303100102+0000,234,10,23410,234-10-6007,234-10-6007-82,3G,Smartphone
260228183812+0000,234,30,23430,234-30-1079,234-30-1079-97,5G,Tablet
260308080555+0100,234,33,23433,234-33-3713,234-33-3713-70,5G,Tablet
260314213508-0600,310,410,310410,310-410-5105,310-410-5105-87,5G,Smartphone
260316163144-0800,310,120,310120,310-120-3215,310-120-3215-92,5G,IoT Device
260309140219-0600,310,120,310120,310-120-5769,310-120-5769-10,4G,Smartphone
260311073132+0200,240,16,24016,240-16-6615,240-16-6615-37,5G,Smartphone
260306024550+0000,234,10,23410,234-10-4889,234-10-4889-94,5G,Tablet
260315182228+0100,240,2,24002,240-02-4608,240-02-4608-24,3G,Smartphone
260322000148+0000,234,30,23430,234-30-8248,234-30-8248-39,4G,Smartphone
260305133032+0200,206,20,20620,206-20-9018,206-20-9018-67,3G,Tablet
260303005909-0600,310,260,310260,310-260-9986,310-260-9986-33,4G,Smartphone
260322003821-0700,310,480,310480,310-480-2272,310-480-2272-21,4G,IoT Device
260318042605+0100,234,30,23430,234-30-7588,234-30-7588-69,3G,IoT Device
260313123712+0100,234,33,23433,234-33-3656,234-33-3656-66,3G,Smartphone
260306235941+0100,240,16,24016,240-16-7941,240-16-7941-35,5G,Tablet
260324065450+0200,206,1,20601,206-01-7396,206-01-7396-90,4G,IoT Device
260301132039+0100,234,20,23420,234-20-6948,234-20-6948-25,4G,IoT Device
260318185533+0100,240,2,24002,240-02-3015,240-02-3015-62,4G,Smartphone
260316095257+0100,234,38,23438,234-38-2233,234-38-2233-77,3G,Smartphone
260305000749+0100,234,10,23410,234-10-7975,234-10-7975-63,4G,Tablet
260323072029+0000,234,15,23415,234-15-4129,234-15-4129-20,3G,Smartphone
260321030634-0700,310,260,310260,310-260-1531,310-260-1531-17,4G,Smartphone
260227222133+0100,206,1,20601,206-01-6570,206-01-6570-50,4G,Smartphone
260225085527+0200,206,20,20620,206-20-7276,206-20-7276-64,5G,IoT Device
260306223545+0100,234,33,23433,234-33-5806,234-33-5806-17,4G,IoT Device
260323102745+0100,234,30,23430,234-30-8503,234-30-8503-85,4G,Smartphone
260302133734+0100,240,7,24007,240-07-2469,240-07-2469-53,5G,Smartphone
260305054048+0000,234,10,23410,234-10-7518,234-10-7518-41,3G,IoT Device
260321015315+0100,206,10,20610,206-10-5782,206-10-5782-46,3G,Tablet
260228112139-0800,310,410,310410,310-410-6850,310-410-6850-54,4G,Tablet
260326124124+0100,240,8,24008,240-08-2144,240-08-2144-49,5G,Smartphone
260309133000+0200,206,20,20620,206-20-5083,206-20-5083-16,4G,Smartphone
260302122804+0100,234,10,23410,234-10-7292,234-10-7292-96,4G,Tablet
260315100818+0200,240,24,24024,240-24-6679,240-24-6679-15,4G,Smartphone
260311134639+0000,234,38,23438,234-38-8984,234-38-8984-85,4G,IoT Device
260310071519-0500,310,410,310410,310-410-6976,310-410-6976-63,4G,Smartphone
260225105134+0100,234,10,23410,234-10-9368,234-10-9368-29,3G,Tablet
260326100242-0500,310,410,310410,310-410-4356,310-410-4356-59,4G,IoT Device
260312154243+0100,234,15,23415,234-15-7362,234-15-7362-10,3G,Smartphone
260310013638+0200,206,5,20605,206-05-8282,206-05-8282-48,5G,IoT Device
260307105359+0100,206,20,20620,206-20-8936,206-20-8936-87,3G,IoT Device
260301125929+0000,234,15,23415,234-15-9037,234-15-9037-56,3G,Tablet
260225102040+0000,234,33,23433,234-33-6825,234-33-6825-30,4G,Tablet
260322151827-0500,310,410,310410,310-410-5405,310-410-5405-82,4G,Smartphone
260319145923-0600,310,260,310260,310-260-4412,310-260-4412-82,4G,IoT Device
260326042752+0100,206,1,20601,206-01-2092,206-01-2092-30,3G,IoT Device
260313141901+0000,234,33,23433,234-33-7685,234-33-7685-72,3G,Smartphone
260227104305+0100,206,20,20620,206-20-7874,206-20-7874-26,4G,IoT Device
260227172004-0600,310,410,310410,310-410-9128,310-410-9128-46,4G,Smartphone
260228152545+0000,234,10,23410,234-10-2418,234-10-2418-84,4G,Smartphone
260228035148-0600,310,410,310410,310-410-2163,310-410-2163-35,5G,IoT Device
260321203652+0100,206,20,20620,206-20-3005,206-20-3005-54,5G,Smartphone
260323185024+0100,234,20,23420,234-20-1548,234-20-1548-55,4G,IoT Device
260325141257+0100,234,10,23410,234-10-6065,234-10-6065-50,3G,Smartphone
260321135414-0700,310,480,310480,310-480-9100,310-480-9100-14,4G,Smartphone
260313211607+0200,206,10,20610,206-10-3267,206-10-3267-45,5G,Smartphone
260318135714-0600,310,260,310260,310-260-8690,310-260-8690-13,4G,Tablet
260228120325+0100,234,20,23420,234-20-7030,234-20-7030-45,3G,Tablet
260225033231+0100,234,10,23410,234-10-7989,234-10-7989-74,4G,Tablet
260313121750-0600,310,410,310410,310-410-7472,310-410-7472-69,5G,IoT Device
260226105513+0200,240,5,24005,240-05-5163,240-05-5163-93,5G,Tablet
260321174102+0100,240,7,24007,240-07-9635,240-07-9635-64,3G,Smartphone
260228065821+0100,234,30,23430,234-30-4618,234-30-4618-28,5G,Tablet
260228165350-0500,310,410,310410,310-410-9861,310-410-9861-53,4G,Smartphone
260310190200+0100,206,20,20620,206-20-7430,206-20-7430-80,3G,IoT Device
260228073305+0100,206,5,20605,206-05-9287,206-05-9287-46,4G,Tablet
260320055417+0000,234,20,23420,234-20-1937,234-20-1937-44,5G,Tablet
260325235608+0000,234,10,23410,234-10-4283,234-10-4283-42,3G,Tablet
260313161659+0100,240,16,24016,240-16-9466,240-16-9466-86,4G,Smartphone
260324193026-0600,310,480,310480,310-480-8698,310-480-8698-76,3G,Smartphone
260317200408-0600,310,410,310410,310-410-1494,310-410-1494-21,3G,Tablet
260228043108+0100,240,5,24005,240-05-5109,240-05-5109-12,4G,Smartphone
260312045510-0600,310,260,310260,310-260-7720,310-260-7720-41,4G,Smartphone
260305065657+0200,240,1,24001,240-01-9680,240-01-9680-47,3G,Smartphone
260310160033+0000,234,10,23410,234-10-1968,234-10-1968-44,3G,Tablet
260315034640+0200,206,1,20601,206-01-8871,206-01-8871-98,4G,Smartphone
260322085825-0700,310,260,310260,310-260-1328,310-260-1328-42,3G,IoT Device
260318103035+0200,206,5,20605,206-05-1385,206-05-1385-98,4G,Smartphone
260303023601-0600,310,120,310120,310-120-4345,310-120-4345-65,4G,Smartphone
260317161913+0000,234,38,23438,234-38-2866,234-38-2866-98,5G,IoT Device
260326123118+0100,234,15,23415,234-15-7697,234-15-7697-24,3G,Smartphone
260312044548+0200,206,5,20605,206-05-6138,206-05-6138-65,3G,Smartphone
260318092451+0200,240,16,24016,240-16-3613,240-16-3613-24,4G,Smartphone
260314133450+0000,234,33,23433,234-33-5113,234-33-5113-41,3G,IoT Device
260317072456+0200,240,1,24001,240-01-2840,240-01-2840-98,5G,Smartphone
260323094437+0200,206,5,20605,206-05-7496,206-05-7496-30,3G,Tablet
260312181933+0100,240,1,24001,240-01-5676,240-01-5676-83,5G,Tablet
260226161001-0500,310,260,310260,310-260-6964,310-260-6964-56,4G,Smartphone
260319140536+0100,234,33,23433,234-33-4213,234-33-4213-32,3G,IoT Device
260317140004+0100,240,24,24024,240-24-9145,240-24-9145-20,5G,Smartphone
260317191118-0500,310,480,310480,310-480-7914,310-480-7914-91,4G,IoT Device
260307201241+0200,206,5,20605,206-05-4702,206-05-4702-88,3G,Smartphone
260319082950-0800,310,410,310410,310-410-3889,310-410-3889-12,5G,IoT Device
260312094927+0100,234,38,23438,234-38-8292,234-38-8292-92,3G,Tablet
260317205227-0800,310,480,310480,310-480-3255,310-480-3255-61,4G,Tablet
260308165958+0000,234,20,23420,234-20-9002,234-20-9002-51,4G,Smartphone
260326012136+0200,240,2,24002,240-02-8481,240-02-8481-25,5G,Smartphone
260303041059-0500,310,410,310410,310-410-1016,310-410-1016-70,5G,Smartphone
260321233254+0100,240,4,24004,240-04-6705,240-04-6705-35,4G,IoT Device
260319173816+0200,240,5,24005,240-05-7633,240-05-7633-95,5G,Smartphone
260320084709-0700,310,120,310120,310-120-8296,310-120-8296-75,4G,IoT Device
260310130625-0500,310,260,310260,310-260-7294,310-260-7294-87,5G,IoT Device
260302163500+0200,240,24,24024,240-24-8897,240-24-8897-20,5G,Tablet
260308093234+0100,240,4,24004,240-04-9961,240-04-9961-32,5G,Smartphone
260228233629+0100,206,1,20601,206-01-3013,206-01-3013-80,5G,Tablet
260225060129+0100,240,24,24024,240-24-9706,240-24-9706-80,5G,Smartphone
260226064303+0000,234,33,23433,234-33-9171,234-33-9171-41,3G,Smartphone
260320065946+0000,234,33,23433,234-33-2525,234-33-2525-66,4G,Tablet
260311190925+0200,206,5,20605,206-05-6553,206-05-6553-71,4G,Smartphone
260227062604+0100,240,1,24001,240-01-6303,240-01-6303-85,3G,Smartphone
260325185929+0000,234,15,23415,234-15-7092,234-15-7092-34,5G,Smartphone
260309132550+0200,240,24,24024,240-24-4596,240-24-4596-84,5G,Smartphone
260307133149+0100,206,20,20620,206-20-6827,206-20-6827-28,4G,Smartphone
260307001941+0000,234,30,23430,234-30-6395,234-30-6395-50,4G,Tablet
260326233204-0600,310,480,310480,310-480-1460,310-480-1460-33,4G,IoT Device
260228123336+0200,206,1,20601,206-01-7936,206-01-7936-66,4G,Smartphone
260324051151+0100,240,8,24008,240-08-6330,240-08-6330-77,5G,Smartphone
260325202157+0200,240,8,24008,240-08-7265,240-08-7265-65,3G,Smartphone
260308123254+0000,234,38,23438,234-38-4690,234-38-4690-93,3G,Tablet
260308154727+0200,240,8,24008,240-08-4468,240-08-4468-85,5G,Tablet
260225194454+0100,240,1,24001,240-01-4765,240-01-4765-90,5G,Smartphone
260312121546+0100,206,10,20610,206-10-9162,206-10-9162-91,5G,Smartphone
260226093200+0100,234,10,23410,234-10-7061,234-10-7061-33,3G,Smartphone
260306163507-0700,310,260,310260,310-260-6119,310-260-6119-32,5G,IoT Device
260302022904+0000,234,38,23438,234-38-6899,234-38-6899-54,3G,Smartphone
260315212107+0100,206,20,20620,206-20-9675,206-20-9675-23,5G,Smartphone
260323004329+0100,234,33,23433,234-33-4176,234-33-4176-19,3G,Tablet
260303055839+0100,240,5,24005,240-05-4103,240-05-4103-35,4G,Smartphone
260316112903-0500,310,410,310410,310-410-8941,310-410-8941-41,4G,Smartphone
260225190344+0200,206,1,20601,206-01-5009,206-01-5009-53,3G,Smartphone
260227165831+0200,206,1,20601,206-01-7411,206-01-7411-81,5G,Tablet
260313194651+0100,240,7,24007,240-07-9068,240-07-9068-46,5G,Smartphone
260324095214+0200,206,20,20620,206-20-7026,206-20-7026-47,4G,Smartphone
260315234300+0200,206,10,20610,206-10-1633,206-10-1633-11,5G,Smartphone
260308182405+0100,234,10,23410,234-10-2484,234-10-2484-89,4G,IoT Device
260316074704-0500,310,480,310480,310-480-2983,310-480-2983-87,5G,Smartphone
260318023543+0000,234,20,23420,234-20-2792,234-20-2792-40,4G,Smartphone
260305183833+0100,206,5,20605,206-05-9126,206-05-9126-97,5G,Tablet
260305123910+0100,234,20,23420,234-20-7823,234-20-7823-66,3G,IoT Device
260308222630+0100,240,1,24001,240-01-2857,240-01-2857-23,5G,Smartphone
260301183047+0100,240,16,24016,240-16-5590,240-16-5590-36,4G,Smartphone
260320233805+0200,240,4,24004,240-04-4900,240-04-4900-45,5G,Smartphone
260325211525-0600,310,120,310120,310-120-1194,310-120-1194-73,4G,IoT Device
260325191656+0200,206,20,20620,206-20-1564,206-20-1564-22,5G,Smartphone
260228184122+0100,234,10,23410,234-10-6736,234-10-6736-71,5G,Smartphone
260313044235+0200,240,5,24005,240-05-2458,240-05-2458-25,4G,Smartphone
260303091154+0000,234,15,23415,234-15-5575,234-15-5575-32,3G,Tablet
260303102439+0000,234,20,23420,234-20-1825,234-20-1825-94,3G,Tablet
260301215050+0100,240,8,24008,240-08-2698,240-08-2698-23,5G,Smartphone
260302215230+0100,234,10,23410,234-10-5987,234-10-5987-36,4G,IoT Device
260322145733+0100,206,20,20620,206-20-9903,206-20-9903-48,4G,Smartphone
260316100733+0100,240,8,24008,240-08-4811,240-08-4811-55,4G,IoT Device
260304142719-0500,310,410,310410,310-410-7982,310-410-7982-47,3G,IoT Device
260325150408+0200,206,1,20601,206-01-4774,206-01-4774-72,4G,Smartphone
260228015933+0100,234,15,23415,234-15-3415,234-15-3415-56,5G,IoT Device
260306144558-0700,310,410,310410,310-410-6272,310-410-6272-65,4G,IoT Device
260317211500+0100,240,5,24005,240-05-5218,240-05-5218-90,3G,Tablet
260321073014+0200,206,20,20620,206-20-6750,206-20-6750-31,4G,Smartphone
260225052621+0000,234,33,23433,234-33-2925,234-33-2925-57,4G,Tablet
260318104437-0500,310,480,310480,310-480-9354,310-480-9354-42,5G,Smartphone
260322065022+0100,234,10,23410,234-10-1081,234-10-1081-83,4G,Smartphone
260323100217+0100,240,24,24024,240-24-3008,240-24-3008-64,4G,Smartphone
260320074732+0200,240,16,24016,240-16-8331,240-16-8331-50,5G,Smartphone
260302083053+0100,234,20,23420,234-20-3165,234-20-3165-57,3G,Tablet
260322201402+0200,206,20,20620,206-20-6357,206-20-6357-96,5G,Smartphone
260304232921-0500,310,480,310480,310-480-6814,310-480-6814-38,4G,IoT Device
260318214223+0100,234,33,23433,234-33-8805,234-33-8805-77,3G,Tablet
260321110346-0700,310,120,310120,310-120-2933,310-120-2933-92,4G,Tablet
260324062955-0700,310,260,310260,310-260-4552,310-260-4552-83,5G,Smartphone
260316164626-0600,310,410,310410,310-410-1763,310-410-1763-52,4G,Smartphone
260303184427+0100,234,33,23433,234-33-7284,234-33-7284-88,3G,Smartphone
260301022117+0000,234,38,23438,234-38-5071,234-38-5071-68,3G,IoT Device
260308233844+0200,206,1,20601,206-01-1758,206-01-1758-99,5G,IoT Device
260322123025+0100,240,4,24004,240-04-5277,240-04-5277-11,5G,Smartphone
260319190855+0100,240,8,24008,240-08-7659,240-08-7659-17,5G,Smartphone
260302105641-0500,310,480,310480,310-480-6529,310-480-6529-43,5G,IoT Device
260319034921+0100,234,38,23438,234-38-5746,234-38-5746-21,5G,IoT Device
260226070345+0000,234,30,23430,234-30-9272,234-30-9272-24,3G,IoT Device
260226231313+0200,240,1,24001,240-01-1479,240-01-1479-73,5G,Smartphone
260317032030+0100,206,5,20605,206-05-5905,206-05-5905-85,5G,Smartphone
260308172314-0800,310,120,310120,310-120-2484,310-120-2484-32,4G,Smartphone
260226064129+0000,234,30,23430,234-30-8178,234-30-8178-58,4G,Tablet
260318043901+0000,234,33,23433,234-33-8195,234-33-8195-81,4G,Tablet
260322030405-0500,310,480,310480,310-480-1625,310-480-1625-59,4G,IoT Device
260308090918+0100,240,8,24008,240-08-1818,240-08-1818-25,5G,Smartphone
260312135727+0200,206,1,20601,206-01-6236,206-01-6236-57,5G,Smartphone
260312134452+0200,240,7,24007,240-07-1683,240-07-1683-45,5G,Smartphone
260311163002-0500,310,410,310410,310-410-7762,310-410-7762-35,4G,Smartphone
260312031658+0200,240,8,24008,240-08-5586,240-08-5586-57,5G,Smartphone
260303233313+0100,206,20,20620,206-20-1066,206-20-1066-28,4G,Tablet
260303101509+0200,240,5,24005,240-05-8954,240-05-8954-34,5G,Tablet
260315032453+0200,206,20,20620,206-20-9640,206-20-9640-97,4G,Tablet
260309122855-0600,310,260,310260,310-260-5677,310-260-5677-22,4G,Tablet
260311123908+0100,234,38,23438,234-38-8501,234-38-8501-91,3G,Smartphone
260314191947-0800,310,120,310120,310-120-5707,310-120-5707-20,4G,IoT Device
260225180717+0100,234,30,23430,234-30-8122,234-30-8122-27,3G,Smartphone
260301025741-0800,310,480,310480,310-480-3859,310-480-3859-88,3G,Tablet
260226181300+0100,206,10,20610,206-10-5143,206-10-5143-64,5G,Tablet
260312135629+0100,240,2,24002,240-02-3435,240-02-3435-64,5G,Smartphone
260323102912-0600,310,480,310480,310-480-5884,310-480-5884-93,4G,IoT Device
260325115859+0100,240,7,24007,240-07-1015,240-07-1015-91,4G,Smartphone
260323022504+0100,234,15,23415,234-15-9806,234-15-9806-73,3G,Tablet
260315023350+0100,206,10,20610,206-10-6653,206-10-6653-96,4G,Smartphone
260315184021+0100,206,5,20605,206-05-2081,206-05-2081-58,5G,Smartphone
260318192229-0700,310,120,310120,310-120-3414,310-120-3414-38,4G,IoT Device
260314232751+0100,240,16,24016,240-16-6055,240-16-6055-91,4G,IoT Device
260308152934+0000,234,15,23415,234-15-8002,234-15-8002-52,3G,Smartphone
260312181844+0100,234,20,23420,234-20-2763,234-20-2763-96,4G,Tablet
260321210301+0100,206,5,20605,206-05-2157,206-05-2157-92,4G,IoT Device
260311083509-0500,310,120,310120,310-120-6751,310-120-6751-25,4G,IoT Device
260323095631+0100,240,8,24008,240-08-3679,240-08-3679-95,4G,Tablet
260227210325+0200,206,20,20620,206-20-2219,206-20-2219-55,4G,IoT Device
260323234640-0800,310,120,310120,310-120-7687,310-120-7687-61,4G,IoT Device
260312174955+0200,240,1,24001,240-01-8097,240-01-8097-76,4G,Smartphone
260318001547+0200,240,4,24004,240-04-4316,240-04-4316-17,5G,Tablet
260320182625+0200,240,16,24016,240-16-8260,240-16-8260-14,5G,Smartphone
260309201845-0800,310,260,310260,310-260-8323,310-260-8323-42,5G,Smartphone
260324091318+0200,206,20,20620,206-20-6055,206-20-6055-87,5G,Tablet
260304193447+0100,240,7,24007,240-07-8210,240-07-8210-86,3G,Smartphone
260314100639-0500,310,480,310480,310-480-9562,310-480-9562-19,5G,IoT Device
260308075854-0700,310,480,310480,310-480-3894,310-480-3894-46,5G,Smartphone
260309081943+0100,206,10,20610,206-10-2233,206-10-2233-86,5G,Smartphone
260316150541+0100,206,5,20605,206-05-9562,206-05-9562-91,3G,Smartphone
260314003122+0100,206,10,20610,206-10-4845,206-10-4845-42,5G,Smartphone
260319173224-0600,310,480,310480,310-480-4066,310-480-4066-56,4G,Tablet
260302103818+0200,240,5,24005,240-05-3222,240-05-3222-91,5G,Tablet
260304164048+0100,240,4,24004,240-04-4653,240-04-4653-94,5G,Smartphone
260320072249+0200,240,2,24002,240-02-7161,240-02-7161-15,5G,Smartphone
260322173334+0100,240,16,24016,240-16-4123,240-16-4123-91,3G,Smartphone
260310113030+0200,240,4,24004,240-04-4347,240-04-4347-61,3G,Tablet
260228020939+0000,234,10,23410,234-10-8683,234-10-8683-82,5G,Smartphone
260321023429+0100,206,1,20601,206-01-3177,206-01-3177-19,4G,Smartphone
260301214129+0100,240,8,24008,240-08-4690,240-08-4690-22,5G,Smartphone
260321050622+0100,240,16,24016,240-16-1587,240-16-1587-69,5G,Tablet
260324203450+0100,206,10,20610,206-10-2222,206-10-2222-53,3G,Smartphone
260304232311-0700,310,260,310260,310-260-4625,310-260-4625-87,3G,Smartphone
260318193547+0100,234,30,23430,234-30-5711,234-30-5711-92,3G,Smartphone
260315120055-0800,310,410,310410,310-410-1342,310-410-1342-45,4G,IoT Device
260325105232+0100,234,15,23415,234-15-8684,234-15-8684-24,4G,Tablet
260310060112+0200,206,5,20605,206-05-7763,206-05-7763-90,3G,IoT Device
260302221039+0100,234,15,23415,234-15-2315,234-15-2315-34,3G,Smartphone
260315125349+0200,206,1,20601,206-01-1430,206-01-1430-79,4G,Smartphone
260304061330+0200,206,20,20620,206-20-1255,206-20-1255-84,5G,Smartphone
260227162913+0100,206,10,20610,206-10-4190,206-10-4190-11,5G,Smartphone
260307161243+0100,234,20,23420,234-20-5544,234-20-5544-13,4G,Tablet
260312144406-0600,310,260,310260,310-260-5333,310-260-5333-39,4G,Smartphone
260324154604+0200,240,1,24001,240-01-3623,240-01-3623-97,4G,Tablet
260307120832-0800,310,260,310260,310-260-1412,310-260-1412-66,4G,Smartphone
260315063230+0100,206,1,20601,206-01-3041,206-01-3041-48,5G,Smartphone
260314075335-0600,310,480,310480,310-480-4303,310-480-4303-20,4G,Smartphone
260312062706+0200,206,1,20601,206-01-4333,206-01-4333-39,5G,Smartphone
260307064408-0800,310,480,310480,310-480-1218,310-480-1218-29,4G,Smartphone
260323084542+0100,240,4,24004,240-04-8340,240-04-8340-92,5G,Smartphone
260317214642+0200,240,16,24016,240-16-9048,240-16-9048-14,5G,Smartphone
260320042011+0100,206,20,20620,206-20-8523,206-20-8523-62,3G,Smartphone
260317124230+0100,234,15,23415,234-15-6614,234-15-6614-71,3G,Tablet
260311125843+0200,206,20,20620,206-20-9135,206-20-9135-91,3G,Smartphone
260316021148-0500,310,480,310480,310-480-6223,310-480-6223-50,5G,Smartphone
260321020435+0100,234,30,23430,234-30-5936,234-30-5936-76,3G,Tablet
260312135035-0500,310,260,310260,310-260-5805,310-260-5805-47,4G,Smartphone
260304124220+0100,234,33,23433,234-33-7557,234-33-7557-58,4G,Tablet
260227084203+0100,206,10,20610,206-10-5821,206-10-5821-37,5G,Smartphone
260306115655-0500,310,410,310410,310-410-2788,310-410-2788-16,4G,Smartphone
260302133354+0100,234,38,23438,234-38-1391,234-38-1391-30,4G,Tablet
260312011423-0600,310,120,310120,310-120-5866,310-120-5866-25,4G,Smartphone
260323062005+0200,206,10,20610,206-10-1898,206-10-1898-68,4G,Smartphone
260322030702+0000,234,10,23410,234-10-4135,234-10-4135-83,4G,Tablet
260301181637+0100,240,1,24001,240-01-4242,240-01-4242-28,5G,Smartphone
260317083242-0600,310,120,310120,310-120-9861,310-120-9861-93,3G,Smartphone
260320001257+0100,206,5,20605,206-05-2465,206-05-2465-50,3G,Smartphone
260322123140+0100,234,30,23430,234-30-7451,234-30-7451-58,3G,IoT Device
260311202643+0100,240,7,24007,240-07-7739,240-07-7739-68,5G,Smartphone
260311192024-0700,310,120,310120,310-120-5011,310-120-5011-42,5G,Smartphone
260309002600+0200,206,5,20605,206-05-6377,206-05-6377-40,5G,Smartphone
260226165649+0100,206,1,20601,206-01-4930,206-01-4930-44,5G,Tablet
260325063041+0100,240,8,24008,240-08-2301,240-08-2301-79,5G,Smartphone
260308212611-0700,310,410,310410,310-410-7873,310-410-7873-30,4G,IoT Device
260310190829+0100,206,20,20620,206-20-5254,206-20-5254-78,4G,IoT Device
260306131345-0700,310,260,310260,310-260-8103,310-260-8103-20,5G,IoT Device
260308110854+0100,206,10,20610,206-10-3594,206-10-3594-82,5G,Smartphone
260315110937-0500,310,480,310480,310-480-8441,310-480-8441-92,4G,IoT Device
260304044201+0100,234,30,23430,234-30-6974,234-30-6974-67,4G,IoT Device
260308012532+0000,234,10,23410,234-10-5321,234-10-5321-88,4G,Smartphone
260309154225+0000,234,10,23410,234-10-8777,234-10-8777-32,5G,IoT Device
260322170430-0500,310,120,310120,310-120-9696,310-120-9696-22,5G,IoT Device
260314052230+0100,234,30,23430,234-30-9999,234-30-9999-82,3G,Tablet
260321121039+0000,234,38,23438,234-38-8207,234-38-8207-92,4G,Smartphone
260313174818+0200,240,4,24004,240-04-9970,240-04-9970-75,3G,Tablet
260301105803-0600,310,410,310410,310-410-5269,310-410-5269-22,4G,Smartphone
260311063039+0200,240,8,24008,240-08-5338,240-08-5338-77,5G,Smartphone
260312014014-0800,310,410,310410,310-410-2881,310-410-2881-62,4G,Smartphone
260320152359+0100,240,5,24005,240-05-2948,240-05-2948-32,5G,Smartphone
260309004834+0100,240,2,24002,240-02-1534,240-02-1534-93,3G,Smartphone
260303130548+0200,240,7,24007,240-07-5446,240-07-5446-72,5G,IoT Device
260310135120+0100,234,15,23415,234-15-9596,234-15-9596-11,5G,Smartphone
260307212251-0600,310,260,310260,310-260-1837,310-260-1837-34,3G,Smartphone
260307094428+0200,206,5,20605,206-05-6441,206-05-6441-78,5G,Smartphone
260323022756-0600,310,120,310120,310-120-8121,310-120-8121-20,4G,Smartphone
260314091741+0100,234,20,23420,234-20-9870,234-20-9870-20,4G,Tablet
260326110632+0100,240,8,24008,240-08-8484,240-08-8484-12,3G,IoT Device
260317063932+0200,206,10,20610,206-10-8921,206-10-8921-96,3G,Smartphone
260323182944+0100,240,1,24001,240-01-1605,240-01-1605-98,5G,Smartphone
260310235142+0000,234,20,23420,234-20-9338,234-20-9338-62,4G,IoT Device
260316071042+0000,234,33,23433,234-33-5350,234-33-5350-91,4G,Tablet
260316002837+0100,234,33,23433,234-33-5577,234-33-5577-30,3G,Tablet
260227105515+0200,206,1,20601,206-01-5231,206-01-5231-38,5G,Smartphone
260306140645-0700,310,260,310260,310-260-2103,310-260-2103-98,4G,Tablet
260315055014+0100,240,1,24001,240-01-9126,240-01-9126-76,4G,Tablet
260320121541+0000,234,20,23420,234-20-2682,234-20-2682-46,4G,Tablet
260309120156-0600,310,260,310260,310-260-7007,310-260-7007-60,4G,IoT Device
260228195920+0200,206,10,20610,206-10-8710,206-10-8710-29,5G,Smartphone
260325070430+0200,206,10,20610,206-10-6860,206-10-6860-61,4G,Smartphone
260303093418+0200,240,1,24001,240-01-5980,240-01-5980-42,5G,IoT Device
260226235326+0200,240,5,24005,240-05-2049,240-05-2049-83,4G,Smartphone
260225205634+0100,234,15,23415,234-15-3386,234-15-3386-43,4G,Smartphone
260228044719+0100,206,10,20610,206-10-7236,206-10-7236-24,5G,Smartphone
260316172623+0100,206,20,20620,206-20-1897,206-20-1897-26,4G,Smartphone
260303230547-0600,310,260,310260,310-260-3715,310-260-3715-33,5G,IoT Device
260315210134+0100,234,30,23430,234-30-8254,234-30-8254-96,3G,Tablet
260225223153+0200,240,5,24005,240-05-1528,240-05-1528-84,5G,Smartphone
260323001250+0100,234,38,23438,234-38-6735,234-38-6735-31,4G,Smartphone
260313125446-0800,310,480,310480,310-480-9313,310-480-9313-13,5G,IoT Device
260314192130-0500,310,410,310410,310-410-3447,310-410-3447-44,3G,Smartphone
260312185104-0600,310,120,310120,310-120-8646,310-120-8646-94,4G,Smartphone
260324082305-0600,310,260,310260,310-260-2169,310-260-2169-47,5G,Smartphone
260321052059+0200,240,16,24016,240-16-1252,240-16-1252-65,5G,Tablet
260309104449+0200,240,4,24004,240-04-8714,240-04-8714-22,4G,Tablet
260225020136+0100,234,38,23438,234-38-3896,234-38-3896-48,5G,Tablet
260307093326-0500,310,260,310260,310-260-4026,310-260-4026-76,4G,IoT Device
260317170916+0000,234,15,23415,234-15-3222,234-15-3222-99,5G,Smartphone
260306014047+0100,206,10,20610,206-10-8444,206-10-8444-83,4G,Smartphone
260314234810+0100,240,24,24024,240-24-7407,240-24-7407-71,4G,Smartphone
260302174352+0200,206,1,20601,206-01-9274,206-01-9274-14,4G,IoT Device
260308221054+0200,240,5,24005,240-05-7767,240-05-7767-73,5G,Smartphone
260321222539+0200,206,1,20601,206-01-4241,206-01-4241-84,3G,Smartphone
260309175821+0200,206,1,20601,206-01-1034,206-01-1034-24,3G,Tablet
260305145539+0200,240,5,24005,240-05-5733,240-05-5733-95,5G,Tablet
260309111503+0100,234,33,23433,234-33-9309,234-33-9309-61,5G,IoT Device
260301041946+0100,240,8,24008,240-08-8182,240-08-8182-53,4G,Tablet
260315144331-0800,310,480,310480,310-480-1074,310-480-1074-76,5G,Smartphone
260302171007+0100,206,10,20610,206-10-7176,206-10-7176-59,5G,Smartphone
260326040921-0800,310,120,310120,310-120-2240,310-120-2240-55,3G,IoT Device
260305130457+0100,206,5,20605,206-05-6825,206-05-6825-96,3G,Tablet
260318212838+0200,240,5,24005,240-05-3454,240-05-3454-88,4G,Smartphone
260225123343-0700,310,120,310120,310-120-1986,310-120-1986-17,5G,Tablet
260306101743+0000,234,15,23415,234-15-9711,234-15-9711-92,4G,Tablet
260310234847-0700,310,260,310260,310-260-3968,310-260-3968-97,3G,Tablet
260227114315+0200,206,10,20610,206-10-4681,206-10-4681-13,3G,Smartphone
260226181828+0200,206,5,20605,206-05-6035,206-05-6035-66,5G,Smartphone
260313090330+0200,240,16,24016,240-16-7805,240-16-7805-25,5G,Smartphone
260321142250+0100,234,30,23430,234-30-3309,234-30-3309-52,3G,Smartphone
260326074016+0200,240,2,24002,240-02-8284,240-02-8284-21,5G,IoT Device
260320051433+0100,240,2,24002,240-02-3629,240-02-3629-53,5G,Smartphone
260303012211+0100,234,30,23430,234-30-4161,234-30-4161-60,5G,Tablet
260312171049+0100,206,1,20601,206-01-2467,206-01-2467-88,5G,Smartphone
260308180743+0100,240,8,24008,240-08-1042,240-08-1042-95,5G,Smartphone
260301200937+0200,240,24,24024,240-24-5292,240-24-5292-35,4G,Tablet
260304162043+0200,240,7,24007,240-07-9880,240-07-9880-91,4G,Smartphone
260307212802+0100,240,8,24008,240-08-4218,240-08-4218-52,4G,Smartphone
260326064303+0000,234,20,23420,234-20-8380,234-20-8380-96,5G,Smartphone
260306193635+0000,234,33,23433,234-33-1229,234-33-1229-14,5G,Tablet
260314145631+0000,234,38,23438,234-38-2008,234-38-2008-68,3G,Tablet
260225082323+0200,206,1,20601,206-01-1137,206-01-1137-84,4G,Smartphone
260317173646-0500,310,120,310120,310-120-2576,310-120-2576-49,4G,Smartphone
260304130225+0100,234,38,23438,234-38-8613,234-38-8613-41,3G,Tablet
260325001017+0100,206,20,20620,206-20-9903,206-20-9903-39,4G,Smartphone
260226205954+0000,234,33,23433,234-33-7949,234-33-7949-42,3G,Smartphone
260228203321+0100,234,33,23433,234-33-2822,234-33-2822-41,3G,Smartphone
260321055618+0200,240,8,24008,240-08-3262,240-08-3262-27,5G,IoT Device
260225172003-0800,310,260,310260,310-260-8327,310-260-8327-61,3G,Tablet
260304142741+0100,206,10,20610,206-10-4805,206-10-4805-37,3G,IoT Device
260313202729-0500,310,410,310410,310-410-7044,310-410-7044-76,4G,Smartphone
260302183555+0100,234,10,23410,234-10-1990,234-10-1990-29,4G,IoT Device
260306190037-0600,310,410,310410,310-410-8297,310-410-8297-69,4G,Smartphone
260227033305-0800,310,120,310120,310-120-6058,310-120-6058-90,4G,Smartphone
260321155629+0000,234,30,23430,234-30-8686,234-30-8686-46,4G,Smartphone
260225022842+0100,240,7,24007,240-07-9413,240-07-9413-69,5G,Smartphone
260319021137+0100,234,38,23438,234-38-6754,234-38-6754-26,3G,Smartphone
260320084131+0200,206,1,20601,206-01-6526,206-01-6526-76,4G,Smartphone
260316195543-0500,310,120,310120,310-120-8965,310-120-8965-60,5G,IoT Device
260302183958-0600,310,260,310260,310-260-5324,310-260-5324-45,4G,Tablet
260315112054+0100,234,38,23438,234-38-7226,234-38-7226-19,3G,IoT Device
260228092940+0100,234,10,23410,234-10-5818,234-10-5818-78,4G,IoT Device
260226092847-0700,310,260,310260,310-260-3389,310-260-3389-26,5G,Tablet
260323065230+0000,234,33,23433,234-33-4293,234-33-4293-34,3G,Smartphone
260302195527-0500,310,410,310410,310-410-8706,310-410-8706-10,4G,Tablet
260316193948+0100,206,20,20620,206-20-9368,206-20-9368-37,3G,Smartphone
260226131806+0100,234,15,23415,234-15-4042,234-15-4042-71,3G,Smartphone
260225112256+0000,234,30,23430,234-30-1069,234-30-1069-79,3G,IoT Device
260324222439+0100,240,7,24007,240-07-7547,240-07-7547-52,5G,Tablet
260321024140+0000,234,20,23420,234-20-4841,234-20-4841-67,4G,Tablet
260321174909+0100,240,7,24007,240-07-8270,240-07-8270-36,4G,Smartphone
260321185859+0100,240,16,24016,240-16-4772,240-16-4772-35,5G,Smartphone
260319023923-0500,310,480,310480,310-480-2638,310-480-2638-82,4G,Tablet
260325100429+0100,234,15,23415,234-15-4711,234-15-4711-67,4G,Tablet
260228025032+0000,234,33,23433,234-33-8045,234-33-8045-31,4G,Smartphone
260302182218+0200,206,1,20601,206-01-4714,206-01-4714-87,5G,Smartphone
260314042248+0100,206,5,20605,206-05-3434,206-05-3434-89,5G,Smartphone
260319110929-0800,310,260,310260,310-260-9234,310-260-9234-73,3G,Smartphone
260317073541+0200,206,10,20610,206-10-5533,206-10-5533-25,4G,Smartphone
260323133536-0800,310,120,310120,310-120-4294,310-120-4294-57,4G,Smartphone
260313135607+0100,206,5,20605,206-05-6205,206-05-6205-21,5G,Smartphone
260313022207-0700,310,410,310410,310-410-7172,310-410-7172-79,4G,Smartphone
260324034458+0000,234,15,23415,234-15-6998,234-15-6998-91,4G,Smartphone
260322101518+0100,240,1,24001,240-01-9913,240-01-9913-17,4G,Tablet
260321204730-0600,310,410,310410,310-410-1272,310-410-1272-94,3G,Tablet
260313232528+0200,240,24,24024,240-24-4710,240-24-4710-38,4G,Smartphone
260307210959+0100,234,20,23420,234-20-6079,234-20-6079-72,4G,Smartphone
260225020604+0000,234,38,23438,234-38-1855,234-38-1855-39,4G,Smartphone
260314225434-0800,310,260,310260,310-260-2934,310-260-2934-31,4G,Smartphone
260225064123+0000,234,30,23430,234-30-8005,234-30-8005-35,4G,IoT Device
260322180444+0100,234,10,23410,234-10-2629,234-10-2629-57,4G,Smartphone
260324154315+0000,234,30,23430,234-30-3330,234-30-3330-69,3G,IoT Device
260227215049+0200,240,2,24002,240-02-3155,240-02-3155-96,5G,Smartphone
260301053651+0100,240,1,24001,240-01-1723,240-01-1723-18,5G,Smartphone
260304014257+0100,240,8,24008,240-08-9040,240-08-9040-56,5G,Smartphone
260314044239+0000,234,20,23420,234-20-2979,234-20-2979-87,3G,Smartphone
260319023754+0200,206,20,20620,206-20-2009,206-20-2009-98,4G,Tablet
260302062700-0500,310,410,310410,310-410-8689,310-410-8689-36,4G,Tablet
260314223136+0100,206,5,20605,206-05-2536,206-05-2536-44,4G,Smartphone
260227102750+0200,206,1,20601,206-01-9041,206-01-9041-75,5G,Tablet
260307122812+0100,240,24,24024,240-24-9064,240-24-9064-96,4G,Smartphone
260324234414+0100,234,15,23415,234-15-2332,234-15-2332-21,3G,Tablet
260319121720-0700,310,120,310120,310-120-3172,310-120-3172-82,3G,IoT Device
260316022132+0100,234,20,23420,234-20-2653,234-20-2653-46,3G,Smartphone
260306052415+0100,206,5,20605,206-05-8157,206-05-8157-99,5G,IoT Device
260306211644+0100,206,20,20620,206-20-3395,206-20-3395-15,4G,IoT Device
260226142004+0000,234,30,23430,234-30-4708,234-30-4708-30,5G,Tablet
260326050633+0200,206,10,20610,206-10-4081,206-10-4081-49,4G,Smartphone
260303175142-0600,310,410,310410,310-410-5169,310-410-5169-71,4G,IoT Device
260301123145-0500,310,410,310410,310-410-3348,310-410-3348-79,4G,Smartphone
260314052351+0100,234,20,23420,234-20-2509,234-20-2509-13,5G,Smartphone
260304230007-0600,310,480,310480,310-480-3197,310-480-3197-52,5G,Smartphone
260320070651-0800,310,260,310260,310-260-2259,310-260-2259-65,4G,Smartphone
260311121328+0100,234,15,23415,234-15-3339,234-15-3339-47,4G,Smartphone
260316153444+0200,240,16,24016,240-16-6623,240-16-6623-40,5G,Smartphone
260304082537+0200,206,10,20610,206-10-6254,206-10-6254-43,5G,Smartphone
260306184859-0800,310,480,310480,310-480-3970,310-480-3970-50,4G,IoT Device
260228105854+0100,240,4,24004,240-04-7031,240-04-7031-88,5G,Smartphone
260307124430+0200,206,20,20620,206-20-6375,206-20-6375-77,5G,Smartphone
260320040750-0600,310,120,310120,310-120-7818,310-120-7818-83,5G,Smartphone
260315133821+0100,240,8,24008,240-08-4992,240-08-4992-68,3G,Smartphone
260315183905-0800,310,120,310120,310-120-1649,310-120-1649-24,4G,Smartphone
260303014401+0100,234,10,23410,234-10-3573,234-10-3573-45,5G,Smartphone
260228105204-0500,310,260,310260,310-260-3517,310-260-3517-10,3G,Smartphone
260323032743-0800,310,480,310480,310-480-8358,310-480-8358-65,3G,Smartphone
260307090656+0000,234,30,23430,234-30-9224,234-30-9224-84,3G,IoT Device
260310140016-0800,310,410,310410,310-410-5815,310-410-5815-55,5G,Smartphone
260319064610+0100,206,20,20620,206-20-7499,206-20-7499-19,5G,Smartphone
260313130546+0000,234,33,23433,234-33-2051,234-33-2051-58,3G,Tablet
260317222441-0700,310,260,310260,310-260-8314,310-260-8314-92,4G,Smartphone
260314134325+0100,206,1,20601,206-01-7166,206-01-7166-95,5G,Smartphone
260304175319-0600,310,410,310410,310-410-6467,310-410-6467-87,4G,Tablet
260320181033+0100,234,38,23438,234-38-9952,234-38-9952-58,3G,Smartphone
260311004355-0500,310,120,310120,310-120-4618,310-120-4618-22,4G,Smartphone
260308174705+0200,206,5,20605,206-05-6710,206-05-6710-99,5G,Tablet
260323001436-0700,310,260,310260,310-260-8735,310-260-8735-71,4G,Smartphone
260304002406+0200,240,16,24016,240-16-9878,240-16-9878-50,4G,Smartphone
260324044453-0500,310,410,310410,310-410-9374,310-410-9374-47,4G,IoT Device
260302161050-0700,310,480,310480,310-480-9284,310-480-9284-58,4G,Smartphone
260313213919+0000,234,38,23438,234-38-5254,234-38-5254-18,3G,Smartphone
260304120457+0200,206,1,20601,206-01-2557,206-01-2557-74,5G,Tablet
260311184242+0000,234,20,23420,234-20-3108,234-20-3108-97,4G,Smartphone
260307113830+0000,234,10,23410,234-10-9497,234-10-9497-26,3G,IoT Device
260304040139-0700,310,480,310480,310-480-9274,310-480-9274-66,4G,Smartphone
260321103123+0100,240,7,24007,240-07-7213,240-07-7213-57,3G,Tablet
260323190259-0800,310,480,310480,310-480-7007,310-480-7007-63,5G,IoT Device
260325094419+0100,240,8,24008,240-08-9374,240-08-9374-33,5G,Smartphone
260301151124+0100,234,38,23438,234-38-8816,234-38-8816-20,3G,IoT Device
260227171021+0100,206,1,20601,206-01-4751,206-01-4751-33,5G,IoT Device
260309142625-0500,310,120,310120,310-120-9846,310-120-9846-44,5G,IoT Device
260326044449+0100,206,10,20610,206-10-4233,206-10-4233-95,5G,Tablet
260310132143+0100,206,1,20601,206-01-4351,206-01-4351-48,5G,Smartphone
260314121808+0200,240,8,24008,240-08-1324,240-08-1324-72,5G,Smartphone
260322230124+0100,206,20,20620,206-20-9380,206-20-9380-57,5G,Smartphone
260309233623+0000,234,10,23410,234-10-1174,234-10-1174-38,4G,Tablet
260316182649-0500,310,260,310260,310-260-8707,310-260-8707-56,4G,IoT Device
260306143327+0200,206,20,20620,206-20-6012,206-20-6012-40,5G,Smartphone
260302143215+0100,234,33,23433,234-33-9653,234-33-9653-96,4G,Smartphone
260318212727+0000,234,30,23430,234-30-4447,234-30-4447-81,5G,Tablet
260325220117+0100,206,10,20610,206-10-3891,206-10-3891-86,5G,Tablet
260301152209-0700,310,480,310480,310-480-9214,310-480-9214-83,5G,Smartphone
260302145839-0800,310,120,310120,310-120-4464,310-120-4464-28,4G,Smartphone
260315055943-0800,310,260,310260,310-260-5386,310-260-5386-92,5G,IoT Device
260304001301-0600,310,260,310260,310-260-3632,310-260-3632-28,4G,Smartphone
260317172519+0100,240,16,24016,240-16-9449,240-16-9449-19,4G,IoT Device
260318103650+0100,234,20,23420,234-20-2374,234-20-2374-34,4G,IoT Device
260311194803+0200,206,1,20601,206-01-2043,206-01-2043-27,5G,Smartphone
260303205236+0200,206,1,20601,206-01-6908,206-01-6908-28,3G,Smartphone
260324201624-0700,310,410,310410,310-410-8521,310-410-8521-18,4G,Smartphone
260319082751+0200,206,1,20601,206-01-7832,206-01-7832-60,5G,IoT Device
260227013442+0100,240,8,24008,240-08-3497,240-08-3497-20,5G,Tablet
260323021735+0100,240,5,24005,240-05-1121,240-05-1121-88,5G,Smartphone
260323020217+0100,240,1,24001,240-01-6903,240-01-6903-81,5G,Smartphone
260309052751+0200,240,7,24007,240-07-8007,240-07-8007-62,3G,Smartphone
260318163017+0100,240,5,24005,240-05-5514,240-05-5514-46,5G,Tablet
260312164939+0100,206,10,20610,206-10-2344,206-10-2344-90,4G,Tablet
260323095742-0600,310,260,310260,310-260-6672,310-260-6672-76,4G,IoT Device
260326141906-0500,310,260,310260,310-260-5737,310-260-5737-43,3G,Smartphone
260312133417+0100,234,20,23420,234-20-4479,234-20-4479-41,3G,IoT Device
260302183909+0100,240,1,24001,240-01-8978,240-01-8978-24,5G,Smartphone
260320070027+0100,206,20,20620,206-20-9861,206-20-9861-49,5G,IoT Device
260309180758+0100,206,1,20601,206-01-1467,206-01-1467-32,4G,Tablet
260317184335+0100,234,33,23433,234-33-4375,234-33-4375-16,5G,IoT Device
260321232900+0000,234,20,23420,234-20-4970,234-20-4970-24,5G,Smartphone
260302112344+0200,206,10,20610,206-10-7017,206-10-7017-81,5G,Smartphone
260308205805-0500,310,260,310260,310-260-2315,310-260-2315-10,3G,Smartphone
260302104510+0000,234,20,23420,234-20-5691,234-20-5691-37,3G,IoT Device
260323132342+0100,240,5,24005,240-05-1331,240-05-1331-30,4G,Smartphone
260317195948+0000,234,30,23430,234-30-2743,234-30-2743-53,4G,Smartphone
260318151124+0100,240,5,24005,240-05-7338,240-05-7338-82,5G,Smartphone
260318062636+0100,206,20,20620,206-20-9336,206-20-9336-87,5G,Smartphone
260312190631+0100,240,4,24004,240-04-5736,240-04-5736-21,4G,Smartphone
260308103632+0100,240,16,24016,240-16-6808,240-16-6808-20,4G,Smartphone
260324104656+0200,206,10,20610,206-10-4339,206-10-4339-42,5G,Smartphone
260301224122+0200,240,1,24001,240-01-6869,240-01-6869-17,5G,Smartphone
260309160332+0000,234,20,23420,234-20-1428,234-20-1428-78,5G,Tablet
260305175256-0500,310,260,310260,310-260-1131,310-260-1131-87,5G,Smartphone
260325212821-0800,310,410,310410,310-410-8549,310-410-8549-33,5G,Smartphone
260225104459+0200,206,10,20610,206-10-3586,206-10-3586-28,4G,Smartphone
260313091652+0100,234,15,23415,234-15-4010,234-15-4010-75,4G,Smartphone
260304051357+0000,234,30,23430,234-30-5725,234-30-5725-21,3G,IoT Device
260310163907+0000,234,30,23430,234-30-7502,234-30-7502-35,4G,Tablet
260304100913+0100,240,5,24005,240-05-4377,240-05-4377-38,4G,Smartphone
260226131054+0200,206,10,20610,206-10-3461,206-10-3461-60,3G,Smartphone
260226042357+0200,240,1,24001,240-01-4133,240-01-4133-17,5G,Tablet
260307002136+0000,234,15,23415,234-15-4675,234-15-4675-83,4G,Tablet
260309141009-0700,310,120,310120,310-120-5990,310-120-5990-42,4G,IoT Device
260315095641+0200,240,5,24005,240-05-4579,240-05-4579-84,4G,Smartphone
260326014129+0200,206,10,20610,206-10-2826,206-10-2826-62,3G,Smartphone
260325003732+0100,234,10,23410,234-10-6346,234-10-6346-26,3G,IoT Device
260306182331+0200,240,8,24008,240-08-2978,240-08-2978-22,5G,Smartphone
260319200218-0800,310,480,310480,310-480-1803,310-480-1803-28,4G,Smartphone
260305204759+0100,206,1,20601,206-01-4531,206-01-4531-24,5G,Tablet
260306225925+0100,206,10,20610,206-10-6893,206-10-6893-10,3G,Smartphone
260317225727+0100,240,16,24016,240-16-7442,240-16-7442-87,4G,Tablet
260314052040+0100,206,1,20601,206-01-2024,206-01-2024-66,3G,Tablet
260311141151+0200,240,8,24008,240-08-7472,240-08-7472-59,5G,Smartphone
260309212619+0200,240,1,24001,240-01-4893,240-01-4893-34,4G,Tablet
260312201431+0100,206,1,20601,206-01-1224,206-01-1224-45,3G,Smartphone
260324212834+0200,240,16,24016,240-16-4160,240-16-4160-60,5G,Smartphone
260312160854+0000,234,38,23438,234-38-7303,234-38-7303-89,3G,IoT Device
260321074222-0800,310,410,310410,310-410-1409,310-410-1409-22,4G,Tablet
260318080834+0200,206,20,20620,206-20-4030,206-20-4030-37,4G,Smartphone
260228150409+0100,206,20,20620,206-20-1048,206-20-1048-83,5G,Tablet
260319045615+0200,240,24,24024,240-24-6626,240-24-6626-57,3G,Tablet
260309120411+0000,234,30,23430,234-30-1479,234-30-1479-25,4G,Tablet
260225100539+0100,234,15,23415,234-15-7857,234-15-7857-93,5G,Tablet
260304170827+0000,234,30,23430,234-30-6666,234-30-6666-28,3G,Tablet
260312064636-0600,310,480,310480,310-480-8970,310-480-8970-82,5G,IoT Device
260228115521+0000,234,10,23410,234-10-3173,234-10-3173-18,3G,Smartphone
260318193133+0100,234,38,23438,234-38-3702,234-38-3702-33,3G,Smartphone
260322010151+0200,240,1,24001,240-01-1522,240-01-1522-78,4G,IoT Device
260324180006+0100,234,33,23433,234-33-9453,234-33-9453-73,3G,Tablet
260320235900+0100,234,33,23433,234-33-4251,234-33-4251-16,4G,Smartphone
260301175018+0100,240,2,24002,240-02-3346,240-02-3346-27,3G,IoT Device
260310225619+0100,240,4,24004,240-04-3595,240-04-3595-65,3G,Smartphone
260322031411+0000,234,10,23410,234-10-7927,234-10-7927-45,4G,Tablet
260313174116+0200,240,24,24024,240-24-1958,240-24-1958-68,5G,Smartphone
260321013732+0100,234,33,23433,234-33-5697,234-33-5697-57,4G,Tablet
260227013801-0600,310,120,310120,310-120-9005,310-120-9005-41,4G,Smartphone
260307060900+0100,240,1,24001,240-01-1656,240-01-1656-78,5G,Smartphone
260314050401+0100,234,20,23420,234-20-2632,234-20-2632-25,5G,Smartphone
260323002803-0500,310,410,310410,310-410-3531,310-410-3531-45,5G,IoT Device
260318090242+0100,234,38,23438,234-38-2599,234-38-2599-12,4G,Smartphone
260311235022+0100,240,1,24001,240-01-1311,240-01-1311-54,5G,Tablet
260321231010-0700,310,480,310480,310-480-6545,310-480-6545-68,4G,IoT Device
260302075810+0100,206,20,20620,206-20-5584,206-20-5584-51,4G,Smartphone
260320095809-0700,310,480,310480,310-480-1004,310-480-1004-65,4G,Smartphone
260312061635+0000,234,15,23415,234-15-7183,234-15-7183-35,3G,Smartphone
260302185445+0000,234,10,23410,234-10-1177,234-10-1177-35,4G,Smartphone
260320082039+0200,240,5,24005,240-05-3255,240-05-3255-74,3G,Smartphone
260321175400+0100,240,1,24001,240-01-1463,240-01-1463-11,5G,Smartphone
260303054141+0100,234,30,23430,234-30-2236,234-30-2236-76,4G,Tablet
260318114828+0200,206,10,20610,206-10-7915,206-10-7915-25,5G,Smartphone
260306095200-0700,310,480,310480,310-480-9035,310-480-9035-65,4G,IoT Device
260307015544+0200,206,10,20610,206-10-7596,206-10-7596-10,5G,Tablet
260312164634+0200,206,1,20601,206-01-8186,206-01-8186-86,5G,Tablet
260225180845+0100,234,15,23415,234-15-5195,234-15-5195-35,3G,IoT Device
260306165938+0200,240,2,24002,240-02-8614,240-02-8614-24,3G,Tablet
260313011155+0200,240,7,24007,240-07-2441,240-07-2441-45,5G,IoT Device
260305061616+0100,240,24,24024,240-24-5826,240-24-5826-43,4G,Smartphone
260225125642-0700,310,120,310120,310-120-6183,310-120-6183-37,4G,Smartphone
260303064145+0000,234,33,23433,234-33-5346,234-33-5346-70,4G,Tablet
260305050704+0000,234,15,23415,234-15-9369,234-15-9369-37,3G,Smartphone
260314071759+0100,206,10,20610,206-10-3013,206-10-3013-41,5G,Smartphone
260315113034+0200,206,10,20610,206-10-7326,206-10-7326-80,4G,IoT Device
260226142859+0100,234,10,23410,234-10-5810,234-10-5810-53,5G,IoT Device
260228061339+0100,206,5,20605,206-05-5392,206-05-5392-48,5G,Tablet
260308200825+0100,206,1,20601,206-01-5927,206-01-5927-34,5G,Smartphone
260315134226-0500,310,260,310260,310-260-3802,310-260-3802-14,4G,Smartphone
260318111450+0100,234,33,23433,234-33-9396,234-33-9396-77,3G,IoT Device
260326070040+0200,240,4,24004,240-04-1818,240-04-1818-79,4G,IoT Device
260314024606+0000,234,10,23410,234-10-3391,234-10-3391-50,4G,Tablet
260227235922+0100,240,5,24005,240-05-7004,240-05-7004-34,4G,Tablet
260311044511+0100,206,1,20601,206-01-9551,206-01-9551-74,5G,Smartphone
260322215658+0100,240,2,24002,240-02-1078,240-02-1078-62,4G,Smartphone
260308201520+0200,206,10,20610,206-10-5203,206-10-5203-78,5G,Smartphone
260320175251+0100,240,1,24001,240-01-8322,240-01-8322-54,3G,Smartphone
260311165754+0100,234,20,23420,234-20-6855,234-20-6855-78,3G,Smartphone
260307145951+0100,206,20,20620,206-20-9605,206-20-9605-25,4G,Smartphone
260305131108+0100,240,7,24007,240-07-3276,240-07-3276-54,5G,Tablet
260312074102+0100,234,15,23415,234-15-7129,234-15-7129-28,4G,Tablet
260306203511+0100,240,7,24007,240-07-7041,240-07-7041-17,5G,Smartphone
260313013213-0700,310,410,310410,310-410-9272,310-410-9272-18,5G,Smartphone
260304054404+0100,206,1,20601,206-01-2270,206-01-2270-53,4G,Tablet
260326070944-0600,310,260,310260,310-260-1772,310-260-1772-36,5G,Smartphone
260303075330+0100,234,38,23438,234-38-6601,234-38-6601-90,3G,Tablet
260320143958+0100,206,10,20610,206-10-3920,206-10-3920-26,4G,IoT Device
260313100110+0000,234,10,23410,234-10-2910,234-10-2910-21,3G,IoT Device
260319061816+0200,206,5,20605,206-05-3219,206-05-3219-68,5G,Tablet
260228121621+0200,240,16,24016,240-16-4867,240-16-4867-19,4G,Smartphone
260313173724+0100,234,38,23438,234-38-7472,234-38-7472-89,4G,Tablet
260306074445-0500,310,260,310260,310-260-4466,310-260-4466-86,4G,Smartphone
260317153135+0100,206,1,20601,206-01-4117,206-01-4117-80,5G,Smartphone
260306214139-0600,310,120,310120,310-120-8691,310-120-8691-60,5G,IoT Device
260227190838+0100,240,4,24004,240-04-3331,240-04-3331-27,3G,Smartphone
260319190322-0800,310,120,310120,310-120-7616,310-120-7616-77,4G,Tablet
260313002752+0100,206,1,20601,206-01-3650,206-01-3650-53,4G,Tablet
260302225024+0100,206,10,20610,206-10-7143,206-10-7143-50,5G,Smartphone
260306014610-0800,310,120,310120,310-120-2604,310-120-2604-13,4G,IoT Device
260324151653+0200,240,5,24005,240-05-8255,240-05-8255-70,5G,Smartphone
260326185806-0700,310,120,310120,310-120-6296,310-120-6296-99,5G,Tablet
260322121531+0000,234,30,23430,234-30-7226,234-30-7226-72,4G,Tablet
260308034802+0200,240,2,24002,240-02-8049,240-02-8049-76,5G,Smartphone
260225023402+0100,234,20,23420,234-20-2527,234-20-2527-50,4G,Tablet
260228085635-0700,310,260,310260,310-260-6407,310-260-6407-45,3G,Smartphone
260304032002+0100,234,20,23420,234-20-4777,234-20-4777-84,3G,Smartphone
260315200652+0100,234,33,23433,234-33-1904,234-33-1904-43,3G,Smartphone
260308124113+0000,234,10,23410,234-10-3415,234-10-3415-29,3G,Smartphone
260311075203+0200,240,7,24007,240-07-9879,240-07-9879-95,4G,Smartphone
260322090922+0100,234,20,23420,234-20-8317,234-20-8317-26,3G,Smartphone
260301170157+0200,240,1,24001,240-01-5039,240-01-5039-10,5G,Smartphone
260301023824+0200,240,16,24016,240-16-5742,240-16-5742-96,5G,Smartphone
260301093814+0100,206,1,20601,206-01-8797,206-01-8797-98,5G,Smartphone
260326075632+0100,240,1,24001,240-01-3714,240-01-3714-46,5G,Smartphone
260316082230+0100,206,5,20605,206-05-7048,206-05-7048-98,3G,Tablet
260323212022+0200,240,4,24004,240-04-1511,240-04-1511-45,5G,Tablet
260315184157+0100,240,8,24008,240-08-5304,240-08-5304-95,4G,Tablet
260313152610+0100,206,1,20601,206-01-2975,206-01-2975-99,4G,Smartphone
260303202937-0600,310,410,310410,310-410-9748,310-410-9748-65,5G,Tablet
260314100433+0200,206,5,20605,206-05-8808,206-05-8808-91,4G,Smartphone
260318104137+0200,206,10,20610,206-10-8175,206-10-8175-96,5G,Smartphone
260226020310+0100,206,20,20620,206-20-9483,206-20-9483-73,5G,Tablet
260318052832+0100,234,15,23415,234-15-8983,234-15-8983-96,3G,Tablet
260325222441+0100,206,20,20620,206-20-3776,206-20-3776-86,5G,Smartphone
260311004251-0700,310,260,310260,310-260-9402,310-260-9402-53,3G,Tablet
260304103136+0100,240,4,24004,240-04-8780,240-04-8780-31,4G,Tablet
260317142936+0100,206,20,20620,206-20-7983,206-20-7983-33,4G,Smartphone
260315112054-0700,310,120,310120,310-120-6323,310-120-6323-76,4G,Smartphone
260311033244-0500,310,480,310480,310-480-1097,310-480-1097-94,5G,IoT Device
260314071255+0100,234,33,23433,234-33-6243,234-33-6243-34,5G,Tablet
260325213443+0100,234,20,23420,234-20-8815,234-20-8815-97,3G,Smartphone
260302023358-0800,310,120,310120,310-120-9844,310-120-9844-17,5G,Smartphone
260318212247+0100,206,10,20610,206-10-5079,206-10-5079-93,4G,IoT Device
260315230322-0800,310,480,310480,310-480-2475,310-480-2475-69,4G,Tablet
260316183038+0000,234,30,23430,234-30-2196,234-30-2196-85,3G,Smartphone
260305162803-0700,310,120,310120,310-120-8467,310-120-8467-80,5G,IoT Device
260322150003+0200,206,5,20605,206-05-3140,206-05-3140-66,5G,Smartphone
260315132004+0100,234,33,23433,234-33-8995,234-33-8995-17,3G,IoT Device
260225121111+0100,234,33,23433,234-33-8948,234-33-8948-87,3G,Smartphone
260324091517+0100,206,5,20605,206-05-7741,206-05-7741-83,5G,Smartphone
260308041132+0200,206,5,20605,206-05-3786,206-05-3786-56,4G,Smartphone
260311150605+0200,240,7,24007,240-07-2394,240-07-2394-79,4G,Smartphone
260307084839+0100,234,20,23420,234-20-6363,234-20-6363-76,4G,Smartphone
260314224507+0000,234,15,23415,234-15-3835,234-15-3835-21,3G,Smartphone
260319155654+0200,206,5,20605,206-05-4752,206-05-4752-18,5G,Smartphone
260304051656+0100,240,24,24024,240-24-9359,240-24-9359-51,5G,IoT Device
260303094637+0200,240,16,24016,240-16-2710,240-16-2710-21,4G,Smartphone
260226170429-0800,310,120,310120,310-120-6624,310-120-6624-44,4G,IoT Device
260226154637+0000,234,20,23420,234-20-7712,234-20-7712-42,5G,Smartphone
260306025640+0100,240,2,24002,240-02-3435,240-02-3435-55,4G,Smartphone
260308112500+0200,206,1,20601,206-01-8676,206-01-8676-27,5G,Tablet
260304230301+0100,234,20,23420,234-20-6748,234-20-6748-25,4G,Tablet
260225103005+0200,206,20,20620,206-20-3057,206-20-3057-49,5G,Smartphone
260308130011-0700,310,260,310260,310-260-3664,310-260-3664-33,5G,IoT Device
260228000345-0800,310,410,310410,310-410-4092,310-410-4092-62,5G,Tablet
260325182445-0500,310,480,310480,310-480-7861,310-480-7861-61,4G,IoT Device
260307030812-0700,310,120,310120,310-120-3973,310-120-3973-64,4G,Tablet
260304174828+0200,240,24,24024,240-24-7571,240-24-7571-14,4G,Smartphone
260320063744+0200,206,5,20605,206-05-6551,206-05-6551-91,5G,Smartphone
260312161933+0200,206,20,20620,206-20-2345,206-20-2345-74,5G,Smartphone
260306113052+0200,206,10,20610,206-10-1466,206-10-1466-47,4G,IoT Device
260322004636+0200,206,10,20610,206-10-8496,206-10-8496-32,4G,IoT Device
260312200901+0100,234,30,23430,234-30-2289,234-30-2289-78,4G,Tablet
260303155624-0500,310,410,310410,310-410-8688,310-410-8688-23,5G,Smartphone
260226022813+0100,234,30,23430,234-30-8200,234-30-8200-77,4G,Smartphone
260325054103-0600,310,480,310480,310-480-9593,310-480-9593-11,4G,Smartphone
260325141844+0100,206,5,20605,206-05-3883,206-05-3883-36,5G,IoT Device
260227160930+0100,240,4,24004,240-04-3127,240-04-3127-85,5G,Smartphone
260316183351-0700,310,260,310260,310-260-9946,310-260-9946-28,5G,Tablet
260323230453+0100,240,1,24001,240-01-7520,240-01-7520-99,5G,Smartphone
260305220258+0100,234,33,23433,234-33-4883,234-33-4883-14,3G,IoT Device
260316055256+0100,206,1,20601,206-01-1905,206-01-1905-87,3G,Smartphone
260320035355+0000,234,33,23433,234-33-8676,234-33-8676-69,4G,IoT Device
260304191433+0000,234,15,23415,234-15-1775,234-15-1775-59,3G,Smartphone
260320092835+0100,206,10,20610,206-10-8853,206-10-8853-36,5G,IoT Device
260326230301+0100,206,10,20610,206-10-9891,206-10-9891-27,4G,Tablet
260302100410+0200,206,10,20610,206-10-6167,206-10-6167-67,5G,Tablet
260315092239+0200,206,5,20605,206-05-4902,206-05-4902-37,3G,Tablet
260228080148+0100,234,20,23420,234-20-2245,234-20-2245-79,3G,Smartphone
260303151154+0200,206,20,20620,206-20-4324,206-20-4324-32,3G,Smartphone
260318130254+0100,240,4,24004,240-04-8748,240-04-8748-44,3G,Smartphone
260227043925-0600,310,480,310480,310-480-7816,310-480-7816-88,5G,IoT Device
260225152815-0700,310,410,310410,310-410-4612,310-410-4612-40,4G,IoT Device
260325013837+0200,206,10,20610,206-10-5717,206-10-5717-39,5G,Smartphone
260301150703+0200,240,16,24016,240-16-4657,240-16-4657-54,4G,Smartphone
260314074204+0000,234,20,23420,234-20-7008,234-20-7008-81,5G,Smartphone
260311101314+0100,240,4,24004,240-04-5852,240-04-5852-14,5G,Tablet
260313065110+0200,240,7,24007,240-07-3212,240-07-3212-28,5G,Smartphone
260228171336+0100,206,20,20620,206-20-4777,206-20-4777-63,4G,Tablet
260307020212+0100,234,20,23420,234-20-8816,234-20-8816-43,4G,Tablet
260316011147+0000,234,33,23433,234-33-6504,234-33-6504-59,3G,Smartphone
260308010058-0800,310,410,310410,310-410-5537,310-410-5537-18,4G,Smartphone
260227115320+0100,206,1,20601,206-01-8764,206-01-8764-74,4G,Smartphone
260316122215+0000,234,10,23410,234-10-5819,234-10-5819-67,4G,Smartphone
260326023410+0200,206,5,20605,206-05-7603,206-05-7603-11,3G,Tablet
260317225943-0500,310,260,310260,310-260-7122,310-260-7122-63,4G,Smartphone
260311161434+0000,234,33,23433,234-33-9682,234-33-9682-35,3G,Tablet
260319032337-0500,310,410,310410,310-410-5914,310-410-5914-69,3G,IoT Device
260225201322-0800,310,120,310120,310-120-1858,310-120-1858-32,3G,Smartphone
260311181227+0000,234,10,23410,234-10-4099,234-10-4099-82,4G,Smartphone
260312014358+0100,206,10,20610,206-10-4219,206-10-4219-11,4G,Smartphone
260326015337+0100,240,5,24005,240-05-7917,240-05-7917-42,5G,IoT Device
260226181910-0500,310,260,310260,310-260-8578,310-260-8578-73,4G,IoT Device
260309055533+0100,240,7,24007,240-07-3739,240-07-3739-21,3G,Smartphone
260325064929+0200,240,7,24007,240-07-1794,240-07-1794-39,4G,Tablet
260319073102+0100,206,5,20605,206-05-1734,206-05-1734-85,4G,Smartphone
260226043043-0600,310,410,310410,310-410-6458,310-410-6458-79,4G,Tablet
260311051418+0100,206,20,20620,206-20-2800,206-20-2800-52,4G,Smartphone
260304084130+0000,234,33,23433,234-33-6300,234-33-6300-51,3G,Tablet
260302055846+0200,240,7,24007,240-07-1794,240-07-1794-54,5G,Smartphone
260321165333-0600,310,410,310410,310-410-4835,310-410-4835-79,4G,IoT Device
260322032449+0100,234,20,23420,234-20-9425,234-20-9425-54,3G,Tablet
260228121010+0100,206,10,20610,206-10-1148,206-10-1148-46,4G,Smartphone
260226232358+0100,234,20,23420,234-20-7543,234-20-7543-88,5G,IoT Device
260321101519+0200,206,5,20605,206-05-3120,206-05-3120-44,5G,Smartphone
260306192433+0100,206,1,20601,206-01-5046,206-01-5046-39,3G,IoT Device
260306173017+0100,240,8,24008,240-08-1770,240-08-1770-33,4G,Smartphone
260320001215-0600,310,410,310410,310-410-8586,310-410-8586-60,5G,IoT Device
260226232848+0200,206,20,20620,206-20-2736,206-20-2736-27,5G,Smartphone
260302025724-0800,310,260,310260,310-260-3346,310-260-3346-51,5G,IoT Device
260310054746-0700,310,480,310480,310-480-8921,310-480-8921-10,3G,IoT Device
260301015914+0200,240,8,24008,240-08-9928,240-08-9928-82,5G,Smartphone
260320095235+0200,240,5,24005,240-05-3671,240-05-3671-29,5G,Tablet
260227120449+0200,206,1,20601,206-01-2129,206-01-2129-50,4G,Smartphone
260318064850-0500,310,480,310480,310-480-6035,310-480-6035-95,3G,Smartphone
260309133825+0100,234,20,23420,234-20-3498,234-20-3498-23,3G,IoT Device
260317202729+0100,234,38,23438,234-38-8405,234-38-8405-83,5G,IoT Device
260312183458+0100,234,20,23420,234-20-9184,234-20-9184-23,4G,IoT Device
260315093251+0200,206,20,20620,206-20-7876,206-20-7876-71,4G,Tablet
260318142036-0500,310,410,310410,310-410-7913,310-410-7913-84,3G,Smartphone
260315213217+0100,234,20,23420,234-20-8691,234-20-8691-98,4G,IoT Device
260309152909-0600,310,120,310120,310-120-9185,310-120-9185-13,4G,IoT Device
260228143357-0800,310,410,310410,310-410-9942,310-410-9942-97,3G,Smartphone
260315153500-0500,310,260,310260,310-260-5260,310-260-5260-99,4G,Smartphone
260311001144-0500,310,120,310120,310-120-4183,310-120-4183-27,5G,Smartphone
260305085914+0200,240,4,24004,240-04-1542,240-04-1542-21,5G,Smartphone
260317152008+0000,234,15,23415,234-15-3970,234-15-3970-43,4G,Tablet
260312001015+0100,206,1,20601,206-01-8907,206-01-8907-31,4G,Smartphone
260226165136-0500,310,260,310260,310-260-8058,310-260-8058-56,4G,Smartphone
260310025525-0800,310,260,310260,310-260-9151,310-260-9151-16,3G,IoT Device
260226090855+0100,206,1,20601,206-01-8893,206-01-8893-39,3G,Smartphone
260301194511-0800,310,120,310120,310-120-8577,310-120-8577-77,5G,Smartphone
260227045844+0100,234,10,23410,234-10-1152,234-10-1152-77,4G,Smartphone
260314204232+0200,240,16,24016,240-16-9796,240-16-9796-38,4G,Smartphone
260319115145-0500,310,410,310410,310-410-5557,310-410-5557-53,3G,IoT Device
260320104920+0200,240,8,24008,240-08-4155,240-08-4155-53,5G,Smartphone
260304044107+0200,206,20,20620,206-20-8895,206-20-8895-30,5G,Smartphone
260308082036+0100,234,38,23438,234-38-5364,234-38-5364-49,3G,Smartphone
260314151336+0100,234,38,23438,234-38-6594,234-38-6594-67,5G,Smartphone
260301101904+0200,206,1,20601,206-01-4859,206-01-4859-25,5G,Smartphone
260302100950+0100,240,1,24001,240-01-6284,240-01-6284-19,3G,Smartphone
260318161353+0100,234,33,23433,234-33-3549,234-33-3549-88,3G,Tablet
260303033307+0100,240,8,24008,240-08-3198,240-08-3198-16,5G,Tablet
260305115942-0600,310,260,310260,310-260-3496,310-260-3496-97,4G,IoT Device
260310200813+0200,240,16,24016,240-16-6491,240-16-6491-65,3G,Smartphone
260303161517+0200,240,16,24016,240-16-3703,240-16-3703-85,5G,Smartphone
260320182602-0600,310,260,310260,310-260-1646,310-260-1646-99,4G,Smartphone
260314101227+0200,206,1,20601,206-01-5733,206-01-5733-40,5G,Smartphone
260227161318+0100,240,16,24016,240-16-4310,240-16-4310-83,4G,Smartphone
260322224436+0100,240,24,24024,240-24-6937,240-24-6937-56,4G,Smartphone
260322043532-0500,310,480,310480,310-480-6889,310-480-6889-34,5G,Tablet
260319040032+0100,240,2,24002,240-02-3548,240-02-3548-97,3G,Smartphone
260310023709+0200,240,8,24008,240-08-1532,240-08-1532-86,5G,Smartphone
260324115149+0200,206,5,20605,206-05-7021,206-05-7021-76,3G,Tablet
260326114134+0100,234,20,23420,234-20-1808,234-20-1808-54,3G,Tablet
260319020347-0700,310,410,310410,310-410-7628,310-410-7628-44,3G,Smartphone
260313002204+0100,240,4,24004,240-04-5108,240-04-5108-32,3G,Tablet
260310154305+0100,206,10,20610,206-10-1900,206-10-1900-94,5G,Smartphone
260317210207+0000,234,33,23433,234-33-8628,234-33-8628-40,5G,Smartphone
260301013046+0100,234,20,23420,234-20-2986,234-20-2986-41,3G,Smartphone
260225132547+0000,234,15,23415,234-15-6286,234-15-6286-43,4G,IoT Device
260318042022+0100,234,20,23420,234-20-3006,234-20-3006-66,4G,Smartphone
260326085859+0100,240,24,24024,240-24-2524,240-24-2524-48,5G,IoT Device
260323072300+0100,206,20,20620,206-20-7518,206-20-7518-98,3G,Tablet
260315211550+0100,234,30,23430,234-30-1804,234-30-1804-96,4G,IoT Device
260322212608+0000,234,10,23410,234-10-9900,234-10-9900-80,4G,Smartphone
260313001322+0200,206,5,20605,206-05-7268,206-05-7268-85,5G,Smartphone
260318003335-0500,310,410,310410,310-410-1042,310-410-1042-83,4G,IoT Device
260320170554+0200,240,24,24024,240-24-4504,240-24-4504-12,4G,Smartphone
260319034228+0200,240,5,24005,240-05-8405,240-05-8405-98,5G,Tablet
260323171815+0100,240,5,24005,240-05-3337,240-05-3337-22,3G,Smartphone
260311010051+0100,206,10,20610,206-10-6032,206-10-6032-54,3G,IoT Device
260302080910+0000,234,20,23420,234-20-7677,234-20-7677-45,5G,Smartphone
260313214222+0200,240,16,24016,240-16-3926,240-16-3926-22,3G,IoT Device
260326122741+0100,234,33,23433,234-33-7399,234-33-7399-46,3G,Tablet
260316131604+0200,240,24,24024,240-24-4276,240-24-4276-46,5G,Tablet
260319161442+0200,206,20,20620,206-20-1929,206-20-1929-63,5G,Smartphone
260307155445+0100,240,4,24004,240-04-1731,240-04-1731-59,4G,Smartphone
260305093017+0000,234,15,23415,234-15-3720,234-15-3720-48,4G,Smartphone
260310154145+0200,240,16,24016,240-16-1939,240-16-1939-51,5G,Smartphone
260311042841+0200,206,10,20610,206-10-1612,206-10-1612-26,5G,Tablet
260310152304+0000,234,30,23430,234-30-1754,234-30-1754-25,4G,Smartphone
260302173429+0100,234,33,23433,234-33-9169,234-33-9169-32,3G,Smartphone
260227114058-0800,310,480,310480,310-480-3099,310-480-3099-87,3G,Smartphone
260325195417+0100,240,24,24024,240-24-5853,240-24-5853-76,4G,Smartphone
260305083820+0100,240,5,24005,240-05-6576,240-05-6576-76,5G,Smartphone
260301141907-0700,310,410,310410,310-410-9018,310-410-9018-12,3G,Smartphone
260305210232+0100,234,30,23430,234-30-8615,234-30-8615-12,3G,Tablet
260311071018-0600,310,260,310260,310-260-4770,310-260-4770-89,3G,Smartphone
260305195108+0100,234,33,23433,234-33-3129,234-33-3129-68,3G,Tablet
260322030720+0200,240,2,24002,240-02-8729,240-02-8729-93,4G,Smartphone
260309102241-0700,310,120,310120,310-120-9252,310-120-9252-37,5G,Smartphone
260311155913+0200,206,10,20610,206-10-3454,206-10-3454-43,3G,Smartphone
260310194331+0000,234,15,23415,234-15-1623,234-15-1623-51,3G,IoT Device
260302053639-0600,310,260,310260,310-260-7130,310-260-7130-93,5G,Smartphone
260308054347+0100,234,10,23410,234-10-6466,234-10-6466-38,5G,Smartphone
260301124549+0100,240,8,24008,240-08-2453,240-08-2453-71,3G,Smartphone
260315152226-0600,310,120,310120,310-120-2860,310-120-2860-56,4G,Smartphone
260302131208-0500,310,120,310120,310-120-7292,310-120-7292-11,4G,IoT Device
260301220349+0200,206,20,20620,206-20-2788,206-20-2788-54,5G,Smartphone
260314073706+0100,234,10,23410,234-10-7705,234-10-7705-88,3G,IoT Device
260302144752+0100,234,30,23430,234-30-9228,234-30-9228-43,3G,Tablet
260317010931+0100,240,24,24024,240-24-9651,240-24-9651-17,4G,Smartphone
260308062732+0200,240,8,24008,240-08-6844,240-08-6844-21,4G,Smartphone
260313021059+0100,240,24,24024,240-24-4290,240-24-4290-28,5G,Tablet
260309051442+0200,240,7,24007,240-07-8071,240-07-8071-70,4G,Smartphone
260325122206-0600,310,260,310260,310-260-7115,310-260-7115-44,4G,Smartphone
260225050307+0000,234,30,23430,234-30-9882,234-30-9882-51,4G,Smartphone
260316115833+0100,234,20,23420,234-20-6735,234-20-6735-11,3G,Tablet
260326040434-0500,310,410,310410,310-410-9202,310-410-9202-13,4G,Tablet
260321013918-0800,310,260,310260,310-260-5569,310-260-5569-89,4G,IoT Device
260307054847-0500,310,480,310480,310-480-8705,310-480-8705-17,4G,Smartphone
260324020509-0600,310,410,310410,310-410-7405,310-410-7405-82,3G,Smartphone
260306074646+0200,206,10,20610,206-10-4161,206-10-4161-64,5G,Tablet
260310110338+0000,234,10,23410,234-10-3548,234-10-3548-20,4G,IoT Device
260315074944+0100,206,20,20620,206-20-3070,206-20-3070-53,5G,Smartphone
260320122903+0100,240,16,24016,240-16-4320,240-16-4320-28,4G,Smartphone
260225181143+0100,206,1,20601,206-01-2254,206-01-2254-23,5G,Smartphone
260317092645+0100,240,7,24007,240-07-4870,240-07-4870-36,5G,IoT Device
260302215751+0100,206,10,20610,206-10-9677,206-10-9677-91,5G,Smartphone
260324080231+0200,240,16,24016,240-16-6850,240-16-6850-75,4G,Smartphone
260318132715-0500,310,410,310410,310-410-6011,310-410-6011-94,4G,Smartphone
260308062355+0200,206,1,20601,206-01-5929,206-01-5929-46,4G,Smartphone
260306074654+0100,240,16,24016,240-16-6819,240-16-6819-88,5G,Tablet
260303131538+0100,206,10,20610,206-10-4840,206-10-4840-42,3G,Smartphone
260321043649+0200,240,16,24016,240-16-9367,240-16-9367-32,5G,Smartphone
260318223322-0600,310,410,310410,310-410-4439,310-410-4439-86,4G,Smartphone
260301092250+0100,206,5,20605,206-05-7946,206-05-7946-66,5G,Tablet
260227013349+0200,240,5,24005,240-05-3090,240-05-3090-74,5G,Smartphone
260227173834+0200,206,5,20605,206-05-7367,206-05-7367-91,5G,IoT Device
260309122437+0200,206,10,20610,206-10-7475,206-10-7475-71,4G,Smartphone
260303012532+0100,206,10,20610,206-10-4618,206-10-4618-94,4G,IoT Device
260313164440+0000,234,15,23415,234-15-3474,234-15-3474-11,3G,Smartphone
260322025141+0100,206,10,20610,206-10-6351,206-10-6351-56,3G,Tablet
260303193653-0700,310,120,310120,310-120-7137,310-120-7137-23,5G,Smartphone
260304230515+0000,234,15,23415,234-15-3252,234-15-3252-22,4G,IoT Device
260228192203+0200,240,2,24002,240-02-8954,240-02-8954-62,4G,Smartphone
260309141847-0600,310,480,310480,310-480-7030,310-480-7030-28,4G,IoT Device
260225222620+0000,234,15,23415,234-15-3704,234-15-3704-49,4G,Tablet
260326215248+0100,234,38,23438,234-38-1995,234-38-1995-22,3G,Tablet
260314121939+0100,206,5,20605,206-05-7557,206-05-7557-82,5G,Smartphone
260315220702+0100,234,33,23433,234-33-9578,234-33-9578-11,5G,Smartphone
260308063957+0100,206,1,20601,206-01-2603,206-01-2603-67,5G,Smartphone
260322103342-0700,310,120,310120,310-120-8115,310-120-8115-35,4G,IoT Device
260301111044+0100,206,10,20610,206-10-1664,206-10-1664-20,4G,Tablet
260307191640+0100,234,38,23438,234-38-7443,234-38-7443-50,5G,Tablet
260309160037+0000,234,30,23430,234-30-3820,234-30-3820-74,5G,Smartphone
260226130206+0200,206,1,20601,206-01-8015,206-01-8015-96,5G,Tablet
260312115638-0800,310,260,310260,310-260-3353,310-260-3353-73,3G,Tablet
260320003211-0700,310,480,310480,310-480-2936,310-480-2936-63,4G,IoT Device
260313092559+0100,240,5,24005,240-05-9509,240-05-9509-91,5G,Smartphone
260305052438-0500,310,120,310120,310-120-1703,310-120-1703-34,3G,Tablet
260227225737+0200,240,1,24001,240-01-9437,240-01-9437-81,5G,Smartphone
260225111447+0200,240,24,24024,240-24-4313,240-24-4313-93,3G,Smartphone
260320104206+0200,240,5,24005,240-05-4224,240-05-4224-35,5G,Smartphone
260228034204+0100,234,10,23410,234-10-3834,234-10-3834-12,5G,Smartphone
260322004135+0200,240,1,24001,240-01-1245,240-01-1245-96,5G,Smartphone
260309142658+0100,206,5,20605,206-05-7538,206-05-7538-73,4G,Smartphone
260321153142+0200,240,5,24005,240-05-3621,240-05-3621-19,5G,Tablet
260307124017-0700,310,260,310260,310-260-9316,310-260-9316-94,4G,Tablet
260321141341+0100,206,1,20601,206-01-9536,206-01-9536-64,5G,IoT Device
260302055657+0100,206,1,20601,206-01-7015,206-01-7015-37,5G,Smartphone
260303180328+0000,234,10,23410,234-10-9301,234-10-9301-83,3G,IoT Device
260317172115+0200,206,5,20605,206-05-5531,206-05-5531-64,4G,IoT Device
260228234302+0100,234,38,23438,234-38-2659,234-38-2659-79,4G,Smartphone
260227095546+0100,206,20,20620,206-20-4005,206-20-4005-26,4G,Tablet
260226083420-0600,310,480,310480,310-480-9379,310-480-9379-60,5G,Smartphone
260311034158+0100,206,10,20610,206-10-6937,206-10-6937-90,4G,Tablet
260227013930+0000,234,33,23433,234-33-2583,234-33-2583-86,4G,Smartphone
260320131602+0100,206,10,20610,206-10-3428,206-10-3428-96,5G,Smartphone
260314170204-0800,310,480,310480,310-480-1882,310-480-1882-34,4G,Smartphone
260225230136+0200,240,8,24008,240-08-9272,240-08-9272-21,4G,Smartphone
260325130524+0000,234,30,23430,234-30-6382,234-30-6382-65,4G,IoT Device
260322173934+0100,240,4,24004,240-04-7451,240-04-7451-97,3G,Smartphone
260312052941+0100,240,5,24005,240-05-2960,240-05-2960-85,4G,Smartphone
260312224327+0200,240,4,24004,240-04-4238,240-04-4238-26,5G,Smartphone
260302053813-0500,310,260,310260,310-260-5904,310-260-5904-84,4G,Smartphone
260326065616+0100,206,20,20620,206-20-6657,206-20-6657-35,4G,Smartphone
260324164213+0000,234,33,23433,234-33-8735,234-33-8735-12,5G,Tablet
260308014849+0100,234,33,23433,234-33-5669,234-33-5669-13,3G,IoT Device
260317065355+0200,240,24,24024,240-24-5294,240-24-5294-10,5G,Smartphone
260326122949-0600,310,480,310480,310-480-6776,310-480-6776-72,5G,Tablet
260309072459+0200,240,16,24016,240-16-8997,240-16-8997-32,5G,Smartphone
260228185748+0200,240,24,24024,240-24-3860,240-24-3860-84,5G,Smartphone
260311225652+0100,240,4,24004,240-04-3727,240-04-3727-21,4G,Smartphone
260313190543+0200,240,1,24001,240-01-5960,240-01-5960-23,4G,Smartphone
260311212600+0100,240,1,24001,240-01-5519,240-01-5519-57,4G,Smartphone
260315021426+0000,234,15,23415,234-15-4160,234-15-4160-94,4G,Tablet
260303203520-0800,310,480,310480,310-480-3159,310-480-3159-69,3G,IoT Device
260302175307+0100,240,8,24008,240-08-5020,240-08-5020-43,5G,Smartphone
260325060557+0100,234,10,23410,234-10-6224,234-10-6224-53,5G,Tablet
260327010227-0600,310,260,310260,310-260-1957,310-260-1957-83,3G,IoT Device
260308232047-0600,310,480,310480,310-480-5314,310-480-5314-13,4G,Smartphone
260228154749+0100,234,10,23410,234-10-5233,234-10-5233-77,3G,IoT Device
260319074729+0100,240,4,24004,240-04-1564,240-04-1564-28,5G,Tablet
260227003306-0700,310,260,310260,310-260-4449,310-260-4449-25,4G,Smartphone
260303020859+0200,240,2,24002,240-02-8383,240-02-8383-19,4G,Smartphone
260228182056+0100,240,24,24024,240-24-8414,240-24-8414-23,5G,Tablet
260305102936+0200,206,5,20605,206-05-3185,206-05-3185-43,5G,Smartphone
260319182954+0100,206,20,20620,206-20-2915,206-20-2915-98,3G,Smartphone
260307182101+0200,206,20,20620,206-20-8087,206-20-8087-91,5G,Smartphone
260326165837+0200,206,1,20601,206-01-4727,206-01-4727-34,4G,Smartphone
260320025511+0200,206,20,20620,206-20-1695,206-20-1695-43,3G,Tablet
260311181709+0100,234,30,23430,234-30-2890,234-30-2890-31,3G,Tablet
260225232140+0000,234,20,23420,234-20-9226,234-20-9226-77,3G,Smartphone
260312003702-0600,310,480,310480,310-480-1073,310-480-1073-97,4G,Smartphone
260308132721+0000,234,20,23420,234-20-4901,234-20-4901-51,3G,Smartphone
260306035631+0100,240,24,24024,240-24-5129,240-24-5129-38,5G,Smartphone
260316215617+0200,206,5,20605,206-05-3598,206-05-3598-90,4G,Tablet
260320204336+0200,206,5,20605,206-05-6836,206-05-6836-87,4G,Smartphone
260311185625+0100,234,20,23420,234-20-6012,234-20-6012-28,4G,Tablet
260321084713+0100,206,5,20605,206-05-7883,206-05-7883-42,4G,Smartphone
260325154905+0100,240,5,24005,240-05-5266,240-05-5266-20,3G,Smartphone
260323113902-0600,310,480,310480,310-480-6124,310-480-6124-64,4G,Smartphone
260306122634-0600,310,260,310260,310-260-1904,310-260-1904-99,5G,IoT Device
260226035200+0100,234,33,23433,234-33-3479,234-33-3479-65,4G,Smartphone
260323145639+0100,206,5,20605,206-05-1133,206-05-1133-49,5G,Tablet
260301024730+0100,234,38,23438,234-38-1428,234-38-1428-46,5G,Tablet
260320000253+0200,206,1,20601,206-01-8894,206-01-8894-58,5G,Smartphone
260316211300+0200,206,20,20620,206-20-7097,206-20-7097-79,4G,Smartphone
260311083658+0100,206,5,20605,206-05-5779,206-05-5779-26,3G,Smartphone
260308194526+0100,206,5,20605,206-05-2642,206-05-2642-65,5G,Smartphone
260315140924+0200,206,10,20610,206-10-1657,206-10-1657-33,5G,Smartphone
260306164228+0100,240,24,24024,240-24-3114,240-24-3114-96,4G,Tablet
260228221546-0500,310,120,310120,310-120-2508,310-120-2508-26,5G,IoT Device
260320005359-0800,310,480,310480,310-480-7248,310-480-7248-44,4G,Smartphone
260228000308+0100,240,1,24001,240-01-9678,240-01-9678-53,4G,Smartphone
260309103258-0600,310,480,310480,310-480-4888,310-480-4888-60,4G,Tablet
260304121432-0500,310,410,310410,310-410-1715,310-410-1715-33,5G,Smartphone
260324092625+0200,240,5,24005,240-05-3020,240-05-3020-41,5G,Tablet
260228122246+0200,240,2,24002,240-02-6925,240-02-6925-62,5G,Smartphone
260226045219+0200,240,24,24024,240-24-1842,240-24-1842-62,5G,Smartphone
260314025721+0000,234,15,23415,234-15-7089,234-15-7089-18,3G,IoT Device
260225163859-0600,310,410,310410,310-410-1639,310-410-1639-15,4G,Tablet
260326154239+0100,234,10,23410,234-10-8637,234-10-8637-75,3G,Tablet
260306180613+0100,206,5,20605,206-05-1283,206-05-1283-58,5G,Smartphone
260228020003+0000,234,30,23430,234-30-4553,234-30-4553-10,5G,Tablet
260311233624-0700,310,120,310120,310-120-8448,310-120-8448-72,3G,Tablet
260302015554+0000,234,38,23438,234-38-2533,234-38-2533-99,4G,Tablet
260303031335+0200,240,16,24016,240-16-3042,240-16-3042-24,5G,Smartphone
260322070203+0200,240,16,24016,240-16-9134,240-16-9134-96,5G,Smartphone
260305005219-0500,310,260,310260,310-260-2365,310-260-2365-22,3G,IoT Device
260321051628-0800,310,260,310260,310-260-4148,310-260-4148-96,3G,Smartphone
260318144233-0700,310,260,310260,310-260-2090,310-260-2090-17,5G,IoT Device
260305064658+0000,234,10,23410,234-10-6468,234-10-6468-80,4G,IoT Device
260309212835+0000,234,10,23410,234-10-1781,234-10-1781-29,4G,Tablet
260316150400-0800,310,120,310120,310-120-3902,310-120-3902-47,4G,Smartphone
260310013920-0500,310,120,310120,310-120-7625,310-120-7625-75,4G,IoT Device
260309121559+0100,234,15,23415,234-15-2964,234-15-2964-36,3G,Tablet
260317052901-0500,310,480,310480,310-480-1363,310-480-1363-79,5G,Tablet
260315220028-0500,310,120,310120,310-120-2344,310-120-2344-37,3G,Smartphone
260314091714-0500,310,120,310120,310-120-8293,310-120-8293-37,5G,IoT Device
260305025226-0500,310,480,310480,310-480-9195,310-480-9195-45,3G,Smartphone
260325025353+0000,234,15,23415,234-15-2256,234-15-2256-85,3G,Tablet
260312175939+0200,206,20,20620,206-20-8653,206-20-8653-39,5G,Smartphone
260304070146+0100,234,10,23410,234-10-6166,234-10-6166-59,3G,IoT Device
260322094341-0700,310,410,310410,310-410-1020,310-410-1020-36,4G,IoT Device
260316022317-0500,310,260,310260,310-260-4500,310-260-4500-12,4G,IoT Device
260321190155-0700,310,410,310410,310-410-7163,310-410-7163-90,4G,IoT Device
260317162944-0600,310,480,310480,310-480-7151,310-480-7151-27,4G,IoT Device
260228114320+0200,206,20,20620,206-20-8957,206-20-8957-11,5G,Smartphone
260320234957+0100,240,2,24002,240-02-3467,240-02-3467-52,5G,Smartphone
260313210203+0100,206,1,20601,206-01-6877,206-01-6877-14,4G,Smartphone
260303032336-0500,310,410,310410,310-410-2790,310-410-2790-74,5G,IoT Device
260304200021-0700,310,260,310260,310-260-7749,310-260-7749-54,5G,IoT Device
260316095106+0100,240,1,24001,240-01-4335,240-01-4335-73,4G,Smartphone
260320131006+0100,234,30,23430,234-30-9359,234-30-9359-57,4G,Tablet
260306115818+0100,240,5,24005,240-05-1012,240-05-1012-30,4G,Smartphone
260324022227+0100,234,10,23410,234-10-4320,234-10-4320-43,3G,Smartphone
260317053351+0200,206,5,20605,206-05-7157,206-05-7157-84,5G,IoT Device
260325090213+0200,206,5,20605,206-05-6554,206-05-6554-62,5G,IoT Device
260304035435+0200,206,5,20605,206-05-7878,206-05-7878-10,5G,Smartphone
260312174610+0000,234,30,23430,234-30-9019,234-30-9019-14,4G,Smartphone
260311232418+0000,234,20,23420,234-20-5175,234-20-5175-65,3G,Smartphone
260320063927+0100,206,20,20620,206-20-8108,206-20-8108-17,5G,Tablet
260321060958+0200,206,10,20610,206-10-4043,206-10-4043-38,4G,Smartphone
260303145534+0000,234,20,23420,234-20-2996,234-20-2996-46,3G,Smartphone
260326041818+0000,234,38,23438,234-38-2718,234-38-2718-25,4G,IoT Device
260322231453+0100,206,1,20601,206-01-1905,206-01-1905-66,4G,IoT Device
260318014106+0100,206,5,20605,206-05-4454,206-05-4454-59,4G,Smartphone
260311075118+0200,206,5,20605,206-05-6971,206-05-6971-33,4G,Smartphone
260323110908+0000,234,10,23410,234-10-9109,234-10-9109-75,5G,Tablet
260311080711+0100,234,38,23438,234-38-7048,234-38-7048-14,3G,Smartphone
260225170801-0800,310,410,310410,310-410-6550,310-410-6550-82,4G,Smartphone
260322074914+0100,240,8,24008,240-08-6268,240-08-6268-27,5G,Smartphone
260317191505+0100,234,30,23430,234-30-5446,234-30-5446-38,5G,Smartphone
260304160628+0200,240,4,24004,240-04-7658,240-04-7658-67,5G,Tablet
260324041400+0100,206,1,20601,206-01-7706,206-01-7706-28,4G,Smartphone
260322192758+0000,234,15,23415,234-15-1858,234-15-1858-72,3G,Smartphone
260324214556+0100,234,10,23410,234-10-3400,234-10-3400-90,5G,Tablet
260227185625+0200,240,1,24001,240-01-3630,240-01-3630-68,5G,Smartphone
260306000617+0100,234,10,23410,234-10-8827,234-10-8827-64,3G,Tablet
260324132405+0200,206,10,20610,206-10-6887,206-10-6887-25,4G,IoT Device
260320181607+0000,234,30,23430,234-30-1983,234-30-1983-25,3G,Tablet
260321183945+0100,206,5,20605,206-05-7308,206-05-7308-25,3G,Tablet
260319043330+0000,234,33,23433,234-33-6597,234-33-6597-66,3G,IoT Device
260318142841+0100,206,20,20620,206-20-4312,206-20-4312-42,4G,Smartphone
260321193144+0100,234,30,23430,234-30-4833,234-30-4833-88,3G,Smartphone
260307151748-0700,310,480,310480,310-480-1995,310-480-1995-21,5G,IoT Device
260310161831+0100,240,24,24024,240-24-9012,240-24-9012-62,5G,Smartphone
260316074455-0800,310,410,310410,310-410-6974,310-410-6974-11,4G,Smartphone
260320192939+0100,206,20,20620,206-20-3586,206-20-3586-94,4G,Smartphone
260303020052+0200,240,5,24005,240-05-9905,240-05-9905-37,5G,Tablet
260228094523+0100,206,5,20605,206-05-6352,206-05-6352-23,5G,Smartphone
260322114618+0000,234,20,23420,234-20-9478,234-20-9478-78,3G,IoT Device
260310150158+0000,234,33,23433,234-33-3308,234-33-3308-89,3G,Tablet
260304213859+0200,240,24,24024,240-24-8336,240-24-8336-37,3G,Smartphone
260321013715+0200,240,1,24001,240-01-6054,240-01-6054-20,5G,Smartphone
260308023755+0100,240,1,24001,240-01-8718,240-01-8718-89,5G,Tablet
260325101107-0500,310,410,310410,310-410-4047,310-410-4047-27,4G,Smartphone
260225165321+0200,206,10,20610,206-10-3915,206-10-3915-19,5G,IoT Device
260324065318-0700,310,480,310480,310-480-6750,310-480-6750-53,5G,Smartphone
260304222638+0200,206,20,20620,206-20-3257,206-20-3257-47,4G,Smartphone
260309024219-0700,310,260,310260,310-260-6880,310-260-6880-73,3G,IoT Device
260301132516-0700,310,120,310120,310-120-2561,310-120-2561-69,4G,Smartphone
260325115832+0200,240,24,24024,240-24-7650,240-24-7650-53,5G,Smartphone
260320064644-0600,310,410,310410,310-410-4613,310-410-4613-27,3G,Smartphone
260228151721+0000,234,30,23430,234-30-6643,234-30-6643-98,5G,Smartphone
260325110704+0100,240,16,24016,240-16-1497,240-16-1497-17,5G,Smartphone
260305171734-0600,310,260,310260,310-260-9434,310-260-9434-95,5G,IoT Device
260310003008+0200,206,1,20601,206-01-1395,206-01-1395-42,5G,IoT Device
260326223034-0500,310,480,310480,310-480-9645,310-480-9645-76,4G,Smartphone
260309150930-0600,310,260,310260,310-260-3335,310-260-3335-77,4G,Smartphone
260225224036-0600,310,410,310410,310-410-9804,310-410-9804-72,4G,Smartphone
260315144124+0200,206,20,20620,206-20-3770,206-20-3770-80,4G,Smartphone
260314133901-0700,310,260,310260,310-260-1755,310-260-1755-29,3G,Smartphone
260225092327+0100,234,33,23433,234-33-9087,234-33-9087-73,4G,Tablet
260326073139+0200,240,16,24016,240-16-8886,240-16-8886-70,5G,Smartphone
260318113343+0100,240,16,24016,240-16-9088,240-16-9088-72,4G,Smartphone
260227063337-0800,310,480,310480,310-480-8894,310-480-8894-76,4G,IoT Device
260307013716+0200,206,10,20610,206-10-2297,206-10-2297-44,5G,Smartphone
260326233645+0200,240,24,24024,240-24-6796,240-24-6796-97,5G,Smartphone
260225054912+0100,240,8,24008,240-08-7693,240-08-7693-14,5G,Smartphone
260306034556+0000,234,33,23433,234-33-4800,234-33-4800-34,3G,Smartphone
260301011018+0100,234,33,23433,234-33-9530,234-33-9530-14,4G,Tablet
260314115439+0100,206,10,20610,206-10-9756,206-10-9756-40,4G,Tablet
260324234744+0200,206,1,20601,206-01-2542,206-01-2542-89,5G,Smartphone
260227183024+0200,206,5,20605,206-05-3913,206-05-3913-24,4G,IoT Device
260301080311+0000,234,33,23433,234-33-7957,234-33-7957-58,4G,Tablet
260326102932+0200,206,1,20601,206-01-3621,206-01-3621-39,5G,Smartphone
260319122335+0200,206,1,20601,206-01-1264,206-01-1264-40,3G,Smartphone
260324035815+0200,206,10,20610,206-10-6464,206-10-6464-86,5G,Smartphone
260312141050+0200,240,24,24024,240-24-9128,240-24-9128-29,5G,Tablet
260306130904+0000,234,38,23438,234-38-1478,234-38-1478-52,3G,Tablet
260313180245+0000,234,10,23410,234-10-8689,234-10-8689-31,3G,IoT Device
260226161648+0100,234,20,23420,234-20-8021,234-20-8021-51,3G,Tablet
260302134919+0100,240,5,24005,240-05-2595,240-05-2595-49,4G,Smartphone
260318061512+0000,234,30,23430,234-30-2158,234-30-2158-59,3G,Smartphone
260226071949+0100,234,33,23433,234-33-7029,234-33-7029-68,4G,Tablet
260310193250+0100,234,10,23410,234-10-1183,234-10-1183-17,5G,Smartphone
260228185928+0100,240,16,24016,240-16-8086,240-16-8086-46,5G,Smartphone
260302120154-0500,310,480,310480,310-480-5141,310-480-5141-59,4G,IoT Device
260313232954+0100,240,16,24016,240-16-1201,240-16-1201-65,4G,Smartphone
260314140651-0500,310,120,310120,310-120-6110,310-120-6110-44,4G,Smartphone
260309134655+0200,206,5,20605,206-05-4621,206-05-4621-32,3G,Smartphone
260317092003-0500,310,120,310120,310-120-6804,310-120-6804-50,5G,IoT Device
260305143834+0200,206,5,20605,206-05-3011,206-05-3011-12,5G,Smartphone
260308214545+0200,206,10,20610,206-10-4101,206-10-4101-71,5G,Smartphone
260322043501-0700,310,260,310260,310-260-5430,310-260-5430-14,4G,Tablet
260310211941-0700,310,260,310260,310-260-4457,310-260-4457-59,4G,Tablet
260310165248+0100,234,30,23430,234-30-5034,234-30-5034-76,4G,IoT Device
260306230851+0200,240,16,24016,240-16-4791,240-16-4791-59,5G,Smartphone
260306195357+0000,234,15,23415,234-15-1102,234-15-1102-33,4G,Smartphone
260303100839+0100,240,16,24016,240-16-6542,240-16-6542-80,4G,Smartphone
260306183835+0100,206,10,20610,206-10-7752,206-10-7752-71,3G,Smartphone
260313115445-0500,310,260,310260,310-260-5483,310-260-5483-16,4G,Smartphone
260309010818-0500,310,120,310120,310-120-8452,310-120-8452-50,3G,IoT Device
260227181033+0200,206,1,20601,206-01-9963,206-01-9963-85,3G,Smartphone
260308174056-0800,310,480,310480,310-480-2436,310-480-2436-62,5G,Smartphone
260228164737-0800,310,260,310260,310-260-9818,310-260-9818-64,4G,Smartphone
260319034802+0200,206,1,20601,206-01-2685,206-01-2685-47,4G,Tablet
260307202819-0800,310,260,310260,310-260-5969,310-260-5969-12,4G,Tablet
260312110414+0100,206,20,20620,206-20-2964,206-20-2964-98,3G,Smartphone
260311085948+0100,234,20,23420,234-20-5873,234-20-5873-30,4G,IoT Device
260227185513+0000,234,30,23430,234-30-7839,234-30-7839-13,3G,IoT Device
260315115642-0500,310,120,310120,310-120-9807,310-120-9807-44,4G,IoT Device
260227205256+0200,240,8,24008,240-08-2496,240-08-2496-63,5G,Smartphone
260317085949+0200,240,4,24004,240-04-5317,240-04-5317-28,4G,Smartphone
260325000227+0100,234,38,23438,234-38-5319,234-38-5319-48,3G,Tablet
260305191559+0100,240,1,24001,240-01-4263,240-01-4263-35,5G,Smartphone
260306021436+0200,206,5,20605,206-05-8093,206-05-8093-10,4G,Tablet
260322075203+0200,240,8,24008,240-08-7848,240-08-7848-69,5G,Smartphone
260314031821+0100,240,1,24001,240-01-5740,240-01-5740-31,5G,Smartphone
260312113707+0100,206,1,20601,206-01-5352,206-01-5352-40,5G,Smartphone
260227215920+0000,234,15,23415,234-15-2550,234-15-2550-45,3G,Smartphone
260307175323+0200,206,1,20601,206-01-9795,206-01-9795-99,5G,Tablet
260228115937+0100,206,20,20620,206-20-1244,206-20-1244-40,5G,Tablet
260320160028-0600,310,480,310480,310-480-6465,310-480-6465-56,4G,Smartphone
260227135546+0200,240,7,24007,240-07-5762,240-07-5762-73,5G,Smartphone
260306120005+0100,240,2,24002,240-02-5663,240-02-5663-77,4G,Smartphone
260315190613+0100,206,20,20620,206-20-8913,206-20-8913-51,4G,Smartphone
260303095546-0700,310,480,310480,310-480-3502,310-480-3502-62,5G,Smartphone
260323053125+0100,240,4,24004,240-04-5582,240-04-5582-53,5G,Tablet
260225061012+0200,240,2,24002,240-02-1982,240-02-1982-34,4G,Tablet
260316180813+0200,240,1,24001,240-01-4842,240-01-4842-26,4G,Smartphone
260323032856+0000,234,15,23415,234-15-8287,234-15-8287-14,4G,Tablet
260306035834+0100,234,33,23433,234-33-7343,234-33-7343-10,4G,Tablet
260317191413+0200,240,7,24007,240-07-6243,240-07-6243-49,5G,Tablet
260321051805+0100,234,10,23410,234-10-4436,234-10-4436-13,4G,Smartphone
260225115703+0100,240,4,24004,240-04-6177,240-04-6177-79,5G,Tablet
260317230613+0000,234,30,23430,234-30-7600,234-30-7600-25,3G,Tablet
260303083619+0000,234,33,23433,234-33-9382,234-33-9382-87,3G,Tablet
260310034340-0600,310,480,310480,310-480-1608,310-480-1608-52,4G,IoT Device
260227155651+0100,240,16,24016,240-16-7965,240-16-7965-37,4G,Smartphone
260311071356+0100,240,8,24008,240-08-4350,240-08-4350-18,4G,IoT Device
260324034157+0100,234,38,23438,234-38-9380,234-38-9380-25,5G,Smartphone
260325235639+0000,234,38,23438,234-38-4054,234-38-4054-45,4G,Smartphone
260314151923+0000,234,10,23410,234-10-1703,234-10-1703-15,4G,Smartphone
260226143727+0200,206,10,20610,206-10-3756,206-10-3756-91,5G,Smartphone
260326111127+0200,206,5,20605,206-05-7371,206-05-7371-38,5G,Smartphone
260226043645+0200,206,10,20610,206-10-9452,206-10-9452-68,5G,Smartphone
260304005556+0100,206,20,20620,206-20-2131,206-20-2131-89,5G,Smartphone
260309174812-0700,310,120,310120,310-120-5898,310-120-5898-69,4G,Smartphone
260305024841-0800,310,120,310120,310-120-6878,310-120-6878-73,4G,IoT Device
260228140927+0100,240,24,24024,240-24-1237,240-24-1237-41,4G,Tablet
260310124516+0000,234,38,23438,234-38-9104,234-38-9104-88,3G,IoT Device
260305171940+0100,234,20,23420,234-20-3453,234-20-3453-38,3G,Smartphone
260310052359+0100,234,30,23430,234-30-1271,234-30-1271-70,3G,Smartphone
260324173635+0100,234,33,23433,234-33-3400,234-33-3400-87,3G,Smartphone
260301002340-0800,310,410,310410,310-410-4041,310-410-4041-24,5G,Smartphone
260325210107+0000,234,20,23420,234-20-9194,234-20-9194-12,3G,Smartphone
260320230338+0000,234,33,23433,234-33-5778,234-33-5778-34,3G,Tablet
260315174112+0100,234,30,23430,234-30-7759,234-30-7759-97,3G,Smartphone
260317021427+0100,234,33,23433,234-33-9521,234-33-9521-38,5G,Smartphone
260301183023-0800,310,480,310480,310-480-3013,310-480-3013-29,3G,Smartphone
260325085734+0100,234,20,23420,234-20-8330,234-20-8330-34,3G,Smartphone
260303084507+0200,206,10,20610,206-10-2625,206-10-2625-29,5G,Smartphone
260307201712+0200,240,7,24007,240-07-3969,240-07-3969-30,4G,Smartphone
260302074517-0600,310,120,310120,310-120-8844,310-120-8844-80,5G,Smartphone
260321065202-0500,310,120,310120,310-120-3260,310-120-3260-75,3G,IoT Device
260315143620+0200,240,4,24004,240-04-6169,240-04-6169-75,5G,IoT Device
260311160835-0700,310,410,310410,310-410-4639,310-410-4639-74,4G,IoT Device
260320035434+0100,234,33,23433,234-33-6585,234-33-6585-63,4G,Tablet
260323231832+0200,206,5,20605,206-05-6365,206-05-6365-78,5G,Smartphone
260318063418+0200,240,2,24002,240-02-2850,240-02-2850-92,5G,Tablet
260321011351+0000,234,30,23430,234-30-9556,234-30-9556-25,3G,Smartphone
260326074255+0000,234,33,23433,234-33-5441,234-33-5441-85,4G,Smartphone
260321185734-0500,310,410,310410,310-410-8373,310-410-8373-53,3G,IoT Device
260302021401-0700,310,260,310260,310-260-8173,310-260-8173-63,5G,IoT Device
260324095212+0200,240,7,24007,240-07-6580,240-07-6580-33,3G,Smartphone
260318075016-0800,310,410,310410,310-410-7258,310-410-7258-44,4G,IoT Device
260319012351+0100,234,33,23433,234-33-7863,234-33-7863-27,4G,Tablet
260307025239+0100,240,7,24007,240-07-7222,240-07-7222-80,5G,Smartphone
260310060706-0600,310,120,310120,310-120-9591,310-120-9591-10,4G,Smartphone
260304103516+0100,240,5,24005,240-05-5914,240-05-5914-81,5G,Smartphone
260305162534+0000,234,38,23438,234-38-1069,234-38-1069-89,3G,IoT Device
260308060652+0200,206,1,20601,206-01-9318,206-01-9318-31,4G,Tablet
260315230926+0200,206,20,20620,206-20-6023,206-20-6023-60,5G,Smartphone
260320164520+0100,206,20,20620,206-20-4607,206-20-4607-83,4G,Tablet
260309113654+0200,206,5,20605,206-05-4525,206-05-4525-51,5G,Tablet
260325151707+0100,206,1,20601,206-01-9655,206-01-9655-81,3G,Tablet
260325092711+0200,240,24,24024,240-24-6408,240-24-6408-59,5G,Smartphone
260318143902-0500,310,260,310260,310-260-2548,310-260-2548-63,4G,IoT Device
260227150002+0000,234,15,23415,234-15-2850,234-15-2850-26,3G,Smartphone
260310022932+0100,234,30,23430,234-30-7957,234-30-7957-35,3G,IoT Device
260316211713+0200,206,5,20605,206-05-9787,206-05-9787-44,5G,Smartphone
260326095540+0100,234,20,23420,234-20-5939,234-20-5939-27,5G,Smartphone
260309155136-0500,310,410,310410,310-410-8498,310-410-8498-85,4G,Smartphone
260318172837+0200,206,1,20601,206-01-8238,206-01-8238-76,5G,IoT Device
260225073859+0100,206,1,20601,206-01-2310,206-01-2310-27,4G,Smartphone
260318021021+0100,206,1,20601,206-01-3521,206-01-3521-25,4G,Smartphone
260323170103-0700,310,410,310410,310-410-3274,310-410-3274-21,4G,Smartphone
260318000821+0200,240,16,24016,240-16-1259,240-16-1259-10,5G,Tablet
260320081454+0100,234,15,23415,234-15-4257,234-15-4257-98,3G,IoT Device
260226043443+0000,234,33,23433,234-33-8006,234-33-8006-99,4G,Tablet
260312164154+0100,206,5,20605,206-05-4742,206-05-4742-93,4G,Smartphone
260227204725-0600,310,480,310480,310-480-9338,310-480-9338-11,3G,IoT Device
260319190201-0500,310,480,310480,310-480-9793,310-480-9793-33,5G,Smartphone
260323185924-0500,310,480,310480,310-480-2870,310-480-2870-35,5G,Smartphone
260304074329+0200,240,5,24005,240-05-6297,240-05-6297-42,5G,Smartphone
260326163403+0100,206,5,20605,206-05-6248,206-05-6248-92,5G,Smartphone
260322075401+0100,240,16,24016,240-16-7611,240-16-7611-99,4G,Smartphone
260228190620+0000,234,33,23433,234-33-6162,234-33-6162-93,5G,Smartphone
260310130303+0100,234,38,23438,234-38-7662,234-38-7662-71,4G,Tablet
260310161334+0100,234,38,23438,234-38-2462,234-38-2462-45,3G,Smartphone
260307141210+0000,234,38,23438,234-38-9892,234-38-9892-23,3G,IoT Device
260318121734+0100,234,20,23420,234-20-9172,234-20-9172-27,3G,Smartphone
260228054325-0700,310,260,310260,310-260-2698,310-260-2698-97,4G,Smartphone
260321182425-0700,310,120,310120,310-120-4549,310-120-4549-19,5G,IoT Device
260301112843-0600,310,410,310410,310-410-1802,310-410-1802-58,4G,Smartphone
260227125744-0600,310,410,310410,310-410-9011,310-410-9011-61,5G,Tablet
260311085144+0200,240,2,24002,240-02-8082,240-02-8082-11,3G,Smartphone
260317091620+0100,240,2,24002,240-02-5026,240-02-5026-35,5G,Smartphone
260323054839+0100,206,20,20620,206-20-3465,206-20-3465-47,5G,Smartphone
260326232655+0100,234,30,23430,234-30-8490,234-30-8490-29,3G,Smartphone
260319004747-0800,310,260,310260,310-260-1030,310-260-1030-64,5G,IoT Device
260301095322+0000,234,10,23410,234-10-9890,234-10-9890-33,4G,Tablet
260228230703+0200,240,24,24024,240-24-2075,240-24-2075-78,5G,Smartphone
260317215845+0100,206,10,20610,206-10-3147,206-10-3147-23,4G,Smartphone
260319112615+0100,234,15,23415,234-15-8333,234-15-8333-81,4G,Smartphone
260324173456-0800,310,410,310410,310-410-5265,310-410-5265-15,4G,IoT Device
260228092408+0100,206,1,20601,206-01-1960,206-01-1960-79,5G,Smartphone
260226065748+0200,240,2,24002,240-02-6437,240-02-6437-93,5G,Smartphone
260306053021+0100,234,20,23420,234-20-7146,234-20-7146-29,3G,IoT Device
260311154936-0700,310,120,310120,310-120-2693,310-120-2693-68,3G,Smartphone
260320141727+0100,234,33,23433,234-33-2359,234-33-2359-10,3G,IoT Device
260323180453-0800,310,410,310410,310-410-5050,310-410-5050-66,4G,IoT Device
260225032743+0100,240,2,24002,240-02-9950,240-02-9950-33,5G,Tablet
260323044002+0100,240,8,24008,240-08-1486,240-08-1486-80,5G,Smartphone
260314011837+0200,240,7,24007,240-07-1099,240-07-1099-88,4G,Smartphone
260311080726+0200,206,1,20601,206-01-9900,206-01-9900-24,4G,Smartphone
260319223354+0100,240,2,24002,240-02-3661,240-02-3661-44,5G,Smartphone
260319222208+0100,240,7,24007,240-07-6738,240-07-6738-26,5G,Tablet
260323014344+0200,240,1,24001,240-01-1775,240-01-1775-67,4G,Smartphone
260308164610+0200,206,5,20605,206-05-4257,206-05-4257-50,3G,Smartphone
260313072834+0100,234,20,23420,234-20-7458,234-20-7458-36,5G,Tablet
260319034902-0700,310,120,310120,310-120-1692,310-120-1692-95,5G,IoT Device
260318070901-0500,310,120,310120,310-120-7357,310-120-7357-85,3G,Tablet
260313215443+0100,234,30,23430,234-30-9343,234-30-9343-30,4G,Tablet
260302203027+0000,234,33,23433,234-33-6857,234-33-6857-46,5G,Tablet
260325191239+0200,240,5,24005,240-05-3593,240-05-3593-23,5G,Tablet
260312035136-0700,310,480,310480,310-480-7194,310-480-7194-95,5G,Smartphone
260325225217+0100,240,1,24001,240-01-9169,240-01-9169-93,5G,Smartphone
260304103400-0500,310,260,310260,310-260-4113,310-260-4113-16,5G,Smartphone
260227145424+0100,240,2,24002,240-02-9656,240-02-9656-93,4G,IoT Device
260309031517+0000,234,38,23438,234-38-8843,234-38-8843-85,4G,IoT Device
260307064344-0700,310,410,310410,310-410-2396,310-410-2396-91,4G,IoT Device
260322205425+0200,240,8,24008,240-08-8458,240-08-8458-11,3G,Smartphone
260227192954+0000,234,20,23420,234-20-5089,234-20-5089-51,4G,IoT Device
260305152448+0100,234,15,23415,234-15-1189,234-15-1189-74,3G,Tablet
260301170014-0500,310,480,310480,310-480-6556,310-480-6556-50,4G,Smartphone
260226202241+0200,240,2,24002,240-02-1743,240-02-1743-55,4G,Smartphone
260225213124+0100,234,30,23430,234-30-6915,234-30-6915-77,4G,Smartphone
260228010322-0700,310,120,310120,310-120-8598,310-120-8598-91,3G,Smartphone
260304194022+0200,206,5,20605,206-05-2856,206-05-2856-72,5G,Tablet
260226151845-0600,310,480,310480,310-480-5657,310-480-5657-37,4G,Tablet
260311205419+0000,234,33,23433,234-33-3943,234-33-3943-93,3G,IoT Device
260325132950+0100,206,20,20620,206-20-5589,206-20-5589-96,5G,Smartphone
260311003759+0000,234,10,23410,234-10-9324,234-10-9324-65,4G,IoT Device
260225224622+0000,234,20,23420,234-20-3095,234-20-3095-53,3G,Smartphone
260305034519+0100,240,24,24024,240-24-5741,240-24-5741-81,3G,Smartphone
260304111828+0200,206,1,20601,206-01-6803,206-01-6803-69,5G,Smartphone
260306051653+0100,240,4,24004,240-04-8937,240-04-8937-26,5G,Smartphone
260322111649-0800,310,480,310480,310-480-7525,310-480-7525-45,4G,Smartphone
260308064424-0600,310,410,310410,310-410-6655,310-410-6655-95,5G,Tablet
260313045909-0600,310,410,310410,310-410-6699,310-410-6699-64,3G,IoT Device
260226080302+0100,234,15,23415,234-15-6317,234-15-6317-49,3G,Tablet
260316160945+0100,234,20,23420,234-20-6777,234-20-6777-12,5G,Smartphone
260325020506+0000,234,30,23430,234-30-9316,234-30-9316-85,3G,Tablet
260322062329+0200,206,5,20605,206-05-4789,206-05-4789-76,4G,Smartphone
260322083058+0100,240,16,24016,240-16-2908,240-16-2908-77,5G,Smartphone
260226104233-0800,310,410,310410,310-410-9537,310-410-9537-29,4G,Tablet
260306022511+0100,240,4,24004,240-04-1960,240-04-1960-47,5G,Smartphone
260321235508+0100,240,4,24004,240-04-8261,240-04-8261-36,5G,Tablet
260323101916+0100,234,38,23438,234-38-4613,234-38-4613-12,3G,Smartphone
260323142327+0100,206,1,20601,206-01-9454,206-01-9454-83,5G,Smartphone
260326111804+0200,206,5,20605,206-05-2011,206-05-2011-27,5G,Smartphone
260304110143+0200,240,16,24016,240-16-9277,240-16-9277-99,3G,IoT Device
260303093634-0800,310,260,310260,310-260-5179,310-260-5179-37,5G,Tablet
260225132324+0000,234,10,23410,234-10-6403,234-10-6403-53,3G,IoT Device
260315081712+0200,206,1,20601,206-01-8553,206-01-8553-50,5G,Smartphone
260317061831+0100,206,20,20620,206-20-1407,206-20-1407-90,5G,IoT Device
260319225606-0600,310,260,310260,310-260-5432,310-260-5432-22,4G,Smartphone
260313054716+0100,240,16,24016,240-16-3169,240-16-3169-68,5G,Tablet
260317055838-0700,310,260,310260,310-260-2927,310-260-2927-28,5G,Tablet
260321214411-0600,310,260,310260,310-260-5289,310-260-5289-88,4G,Smartphone
260322060842+0100,240,4,24004,240-04-1143,240-04-1143-30,5G,Tablet
260228194724+0100,240,1,24001,240-01-3841,240-01-3841-81,5G,Smartphone
260310100322-0500,310,480,310480,310-480-2462,310-480-2462-50,4G,Smartphone
260319200124+0000,234,15,23415,234-15-1388,234-15-1388-88,3G,Smartphone
260302195055+0200,206,20,20620,206-20-5644,206-20-5644-19,4G,IoT Device
260321080107-0700,310,120,310120,310-120-9549,310-120-9549-23,4G,IoT Device
260326022449+0100,206,1,20601,206-01-3984,206-01-3984-66,3G,IoT Device
260324051220+0000,234,20,23420,234-20-9384,234-20-9384-17,3G,Tablet
260225070551+0100,240,16,24016,240-16-3111,240-16-3111-20,5G,IoT Device
260228095030+0200,206,10,20610,206-10-9940,206-10-9940-61,3G,IoT Device
260302044213+0000,234,38,23438,234-38-8470,234-38-8470-19,3G,Smartphone
260227010111-0700,310,120,310120,310-120-1501,310-120-1501-23,4G,Tablet
260228214237+0100,240,7,24007,240-07-7650,240-07-7650-35,5G,Smartphone
260323121657+0100,240,2,24002,240-02-6479,240-02-6479-49,4G,Smartphone
260302200536+0200,240,2,24002,240-02-3688,240-02-3688-41,5G,Smartphone
260317120300+0200,206,10,20610,206-10-6428,206-10-6428-63,5G,IoT Device
260325051428+0200,240,2,24002,240-02-2457,240-02-2457-20,4G,Smartphone
260322164421+0100,206,1,20601,206-01-4546,206-01-4546-44,4G,Smartphone
260305071557-0600,310,410,310410,310-410-5953,310-410-5953-28,3G,Smartphone
260311224626+0000,234,20,23420,234-20-5301,234-20-5301-98,4G,Tablet
260323141752+0000,234,20,23420,234-20-4700,234-20-4700-15,3G,IoT Device
260324151207+0100,206,1,20601,206-01-9532,206-01-9532-63,5G,Tablet
260225054029+0000,234,20,23420,234-20-2049,234-20-2049-88,3G,Smartphone
260323113752+0100,234,38,23438,234-38-9863,234-38-9863-68,5G,Tablet
260326101120+0100,206,10,20610,206-10-3109,206-10-3109-85,5G,Tablet
260324141148+0200,240,24,24024,240-24-4568,240-24-4568-37,4G,Smartphone
260306094425+0200,206,1,20601,206-01-8884,206-01-8884-65,3G,Smartphone
260225220143+0200,206,20,20620,206-20-5127,206-20-5127-17,5G,Smartphone
260314203456-0500,310,410,310410,310-410-4066,310-410-4066-15,4G,Tablet
260322070732+0100,206,20,20620,206-20-5237,206-20-5237-74,3G,Smartphone
260304053444+0200,240,24,24024,240-24-4858,240-24-4858-35,5G,IoT Device
260321173211-0500,310,410,310410,310-410-4621,310-410-4621-18,4G,Smartphone
260325091852-0500,310,120,310120,310-120-2927,310-120-2927-29,4G,Smartphone
260320000640-0500,310,480,310480,310-480-9471,310-480-9471-62,4G,Smartphone
260227153242+0000,234,30,23430,234-30-7119,234-30-7119-81,4G,Tablet
260308094105+0200,240,5,24005,240-05-8065,240-05-8065-67,5G,Tablet
260320132756+0000,234,15,23415,234-15-8577,234-15-8577-31,5G,IoT Device
260226172429+0100,234,30,23430,234-30-3761,234-30-3761-94,5G,Smartphone
260227011945+0100,206,10,20610,206-10-5999,206-10-5999-21,4G,IoT Device
260305221801+0100,206,1,20601,206-01-3240,206-01-3240-55,5G,IoT Device
260315142503+0000,234,10,23410,234-10-5987,234-10-5987-20,3G,Tablet
260310162458+0000,234,10,23410,234-10-4784,234-10-4784-63,5G,Smartphone
260323113056+0100,234,10,23410,234-10-3777,234-10-3777-32,4G,Tablet
260316143725+0200,240,4,24004,240-04-7202,240-04-7202-97,5G,Smartphone
260310165343+0100,240,2,24002,240-02-5001,240-02-5001-27,4G,Smartphone
260228074330+0200,240,16,24016,240-16-1905,240-16-1905-44,5G,Smartphone
260314205018+0100,240,7,24007,240-07-1323,240-07-1323-96,5G,Smartphone
260316045143+0100,206,5,20605,206-05-8266,206-05-8266-55,3G,Smartphone
260311123403+0100,240,1,24001,240-01-2636,240-01-2636-27,3G,Smartphone
260304090148-0800,310,480,310480,310-480-8880,310-480-8880-10,3G,IoT Device
260228215325+0200,206,20,20620,206-20-8506,206-20-8506-58,5G,Smartphone
260306100056+0100,240,24,24024,240-24-3862,240-24-3862-74,5G,Smartphone
260301120541+0100,206,20,20620,206-20-9319,206-20-9319-49,5G,Smartphone
260305193134+0100,234,15,23415,234-15-8649,234-15-8649-80,3G,IoT Device
260226191344+0100,234,33,23433,234-33-8467,234-33-8467-53,3G,Smartphone
260309175039+0100,206,5,20605,206-05-9741,206-05-9741-52,5G,Tablet
260316070935-0500,310,410,310410,310-410-3462,310-410-3462-14,4G,Smartphone
260307075239-0500,310,480,310480,310-480-7426,310-480-7426-63,3G,Smartphone
260315014720+0200,206,10,20610,206-10-7257,206-10-7257-79,4G,Tablet
260315133316+0000,234,10,23410,234-10-9882,234-10-9882-13,3G,Smartphone
260228052702-0500,310,260,310260,310-260-8407,310-260-8407-24,4G,Tablet
260311230149+0200,240,24,24024,240-24-1451,240-24-1451-14,3G,Smartphone
260317210444-0700,310,120,310120,310-120-7329,310-120-7329-13,4G,Smartphone
260304060314+0200,206,10,20610,206-10-4122,206-10-4122-21,3G,Smartphone
260321071144+0100,240,1,24001,240-01-9355,240-01-9355-92,5G,Smartphone
260302143658+0200,206,20,20620,206-20-8941,206-20-8941-63,5G,IoT Device
260225090457+0200,206,10,20610,206-10-7065,206-10-7065-93,5G,Smartphone
260301082922+0100,240,7,24007,240-07-6821,240-07-6821-37,4G,Smartphone
260226093418+0100,234,33,23433,234-33-6035,234-33-6035-81,3G,Smartphone
260305143046+0100,240,7,24007,240-07-5531,240-07-5531-59,5G,Smartphone
260318153121+0000,234,33,23433,234-33-5733,234-33-5733-98,3G,Tablet
260302103036+0100,234,30,23430,234-30-9436,234-30-9436-20,3G,Tablet
260324093739-0800,310,260,310260,310-260-3636,310-260-3636-42,4G,IoT Device
260308104704+0100,206,10,20610,206-10-4384,206-10-4384-14,3G,Smartphone
260307053546+0100,206,1,20601,206-01-9730,206-01-9730-77,5G,IoT Device
260304065205+0000,234,30,23430,234-30-1387,234-30-1387-28,4G,Smartphone
260325073548+0200,240,7,24007,240-07-1415,240-07-1415-57,5G,Tablet
260323102358+0100,240,8,24008,240-08-6505,240-08-6505-30,4G,Smartphone
260323133115+0000,234,20,23420,234-20-5274,234-20-5274-14,5G,Tablet
260302195814-0800,310,480,310480,310-480-4551,310-480-4551-33,4G,Smartphone
260306145307+0000,234,20,23420,234-20-1498,234-20-1498-54,5G,IoT Device
260324170524+0100,206,1,20601,206-01-6438,206-01-6438-77,5G,Smartphone
260322170913+0200,206,20,20620,206-20-9399,206-20-9399-53,4G,Smartphone
260306215325+0100,206,20,20620,206-20-9408,206-20-9408-34,4G,Smartphone
260323062448+0100,240,24,24024,240-24-3339,240-24-3339-69,4G,IoT Device
260303083640-0600,310,410,310410,310-410-3029,310-410-3029-65,3G,Smartphone
260320192841+0200,240,1,24001,240-01-3119,240-01-3119-73,5G,Smartphone
260312080943-0500,310,260,310260,310-260-3409,310-260-3409-37,4G,Smartphone
260312005636-0500,310,410,310410,310-410-1795,310-410-1795-15,5G,Smartphone
260318105702+0100,234,30,23430,234-30-7187,234-30-7187-87,3G,Tablet
260318131341+0200,240,24,24024,240-24-9677,240-24-9677-14,4G,Tablet
260314122452+0100,234,33,23433,234-33-5339,234-33-5339-87,3G,Tablet
260303070838-0500,310,260,310260,310-260-8694,310-260-8694-87,3G,Smartphone
260322232629-0500,310,120,310120,310-120-5510,310-120-5510-41,5G,IoT Device
260309195836-0800,310,480,310480,310-480-7419,310-480-7419-47,3G,Smartphone
260325033110+0200,206,20,20620,206-20-2429,206-20-2429-68,5G,Smartphone
260301024041+0200,240,7,24007,240-07-9283,240-07-9283-23,5G,IoT Device
260312153040-0500,310,120,310120,310-120-6414,310-120-6414-69,4G,Smartphone
260311005633+0100,240,4,24004,240-04-7864,240-04-7864-78,5G,Smartphone
260310144720+0000,234,33,23433,234-33-5626,234-33-5626-56,3G,Tablet
260321051212+0100,234,20,23420,234-20-7776,234-20-7776-56,4G,IoT Device
260225194526+0200,240,4,24004,240-04-3185,240-04-3185-99,5G,Tablet
260316103656+0100,206,1,20601,206-01-5344,206-01-5344-13,5G,Smartphone
260305220047+0200,206,10,20610,206-10-3244,206-10-3244-50,4G,IoT Device
260320154720-0600,310,410,310410,310-410-5815,310-410-5815-93,5G,IoT Device
260228152036-0500,310,260,310260,310-260-9085,310-260-9085-34,4G,IoT Device
260307021557-0800,310,410,310410,310-410-1983,310-410-1983-17,5G,Tablet
260306035455-0600,310,480,310480,310-480-5750,310-480-5750-14,4G,Smartphone
260302191322+0200,206,10,20610,206-10-8016,206-10-8016-10,5G,Smartphone
260327004843-0500,310,480,310480,310-480-1576,310-480-1576-75,4G,IoT Device
260225080616+0100,206,10,20610,206-10-5045,206-10-5045-91,5G,IoT Device
260320134845+0200,206,5,20605,206-05-5372,206-05-5372-49,5G,Tablet
260321174201+0100,234,10,23410,234-10-9551,234-10-9551-91,4G,Tablet
260311054811-0500,310,120,310120,310-120-3433,310-120-3433-77,4G,IoT Device
260323010545+0100,206,10,20610,206-10-2160,206-10-2160-26,5G,Smartphone
260311073320+0100,234,15,23415,234-15-3225,234-15-3225-20,4G,IoT Device
260318181003+0100,240,2,24002,240-02-6740,240-02-6740-29,4G,Smartphone
260306112226+0200,240,2,24002,240-02-5763,240-02-5763-84,5G,Smartphone
260303085140+0100,240,1,24001,240-01-6774,240-01-6774-13,5G,Smartphone
260308074439+0100,206,20,20620,206-20-7494,206-20-7494-35,3G,Smartphone
260306055819+0200,240,24,24024,240-24-3806,240-24-3806-60,5G,Smartphone
260321092657+0100,240,16,24016,240-16-8166,240-16-8166-48,3G,Smartphone
260303201848-0700,310,260,310260,310-260-3801,310-260-3801-41,5G,Smartphone
260319231222+0000,234,30,23430,234-30-7474,234-30-7474-94,4G,Tablet
260306204415-0800,310,480,310480,310-480-2797,310-480-2797-70,4G,Smartphone
260324175414+0200,240,1,24001,240-01-1615,240-01-1615-32,4G,Smartphone
260314030327+0100,206,10,20610,206-10-8612,206-10-8612-57,5G,Tablet
260326114103+0200,206,10,20610,206-10-7035,206-10-7035-50,4G,Tablet
260226234951+0200,240,1,24001,240-01-7406,240-01-7406-69,3G,Smartphone
260228081047+0200,206,5,20605,206-05-5582,206-05-5582-56,5G,IoT Device
260316060233+0100,234,38,23438,234-38-6670,234-38-6670-19,3G,IoT Device
260228050356+0200,240,8,24008,240-08-9152,240-08-9152-58,5G,Smartphone
260321210119+0100,206,5,20605,206-05-8081,206-05-8081-65,5G,IoT Device
260302162242+0200,240,2,24002,240-02-2134,240-02-2134-93,4G,Smartphone
260305141832-0700,310,480,310480,310-480-6138,310-480-6138-96,4G,IoT Device
260310171905+0100,234,33,23433,234-33-9789,234-33-9789-99,3G,Smartphone
260302054029-0700,310,410,310410,310-410-2048,310-410-2048-51,3G,IoT Device
260308193321+0100,234,38,23438,234-38-3334,234-38-3334-89,4G,IoT Device
260313041223+0100,234,20,23420,234-20-9660,234-20-9660-11,3G,Tablet
260308180206+0200,240,4,24004,240-04-7483,240-04-7483-91,4G,IoT Device
260228233041+0000,234,30,23430,234-30-4694,234-30-4694-20,3G,Tablet
260321145043+0100,206,1,20601,206-01-8494,206-01-8494-52,3G,Smartphone
260315043751+0200,240,16,24016,240-16-1832,240-16-1832-58,4G,Tablet
260312034432+0200,240,8,24008,240-08-8043,240-08-8043-29,5G,Smartphone
260303031110+0100,206,10,20610,206-10-9528,206-10-9528-88,5G,Smartphone
260227000107+0100,240,16,24016,240-16-9219,240-16-9219-63,4G,Smartphone
260312203437+0100,240,2,24002,240-02-1468,240-02-1468-38,5G,Tablet
260310211827+0100,206,1,20601,206-01-7721,206-01-7721-99,5G,IoT Device
260305171524+0000,234,33,23433,234-33-3676,234-33-3676-47,3G,Smartphone
260307113835-0700,310,480,310480,310-480-5820,310-480-5820-91,4G,Smartphone
260308193243+0200,206,1,20601,206-01-8393,206-01-8393-49,5G,Tablet
260309124753+0200,240,8,24008,240-08-9244,240-08-9244-79,5G,Smartphone
260310193547+0200,206,5,20605,206-05-5770,206-05-5770-68,4G,Tablet
260318005346+0200,240,16,24016,240-16-6022,240-16-6022-58,5G,Tablet
260304063227+0000,234,30,23430,234-30-8953,234-30-8953-25,4G,Tablet
260323132401-0600,310,120,310120,310-120-1388,310-120-1388-31,4G,IoT Device
260318003307+0200,206,5,20605,206-05-1873,206-05-1873-55,4G,Smartphone
260324081501+0200,240,8,24008,240-08-8567,240-08-8567-99,3G,Smartphone
260326223517+0100,240,7,24007,240-07-2736,240-07-2736-65,5G,Smartphone
260312050728+0200,206,1,20601,206-01-9965,206-01-9965-82,4G,Smartphone
260310143803+0200,240,1,24001,240-01-5113,240-01-5113-41,4G,Smartphone
260310224315-0700,310,480,310480,310-480-1395,310-480-1395-67,4G,IoT Device
260308122332-0600,310,120,310120,310-120-1014,310-120-1014-89,4G,Smartphone
260308233356-0700,310,480,310480,310-480-9646,310-480-9646-46,4G,IoT Device
260318083043+0100,240,1,24001,240-01-7396,240-01-7396-70,5G,Smartphone
260311145912+0000,234,15,23415,234-15-2544,234-15-2544-11,5G,IoT Device
260318114420+0100,240,1,24001,240-01-7663,240-01-7663-90,5G,Tablet
260321164002+0000,234,15,23415,234-15-7968,234-15-7968-13,3G,Smartphone
260322054038-0600,310,120,310120,310-120-7943,310-120-7943-86,5G,Smartphone
260305214439-0500,310,260,310260,310-260-3318,310-260-3318-62,3G,Smartphone
260302031448-0800,310,260,310260,310-260-1968,310-260-1968-53,5G,Smartphone
260317094034+0100,206,1,20601,206-01-4128,206-01-4128-20,5G,Tablet
260302100438+0200,206,1,20601,206-01-7836,206-01-7836-24,5G,Smartphone
260310081431+0200,206,20,20620,206-20-4688,206-20-4688-99,3G,Smartphone
260308191219+0200,206,5,20605,206-05-3792,206-05-3792-43,5G,IoT Device
260315004005-0500,310,120,310120,310-120-9919,310-120-9919-50,4G,IoT Device
260320021657+0100,240,16,24016,240-16-4350,240-16-4350-36,5G,Smartphone
260324081553+0200,240,1,24001,240-01-9996,240-01-9996-80,5G,IoT Device
260309173418-0700,310,120,310120,310-120-5964,310-120-5964-46,4G,Smartphone
260321164421+0100,234,15,23415,234-15-5499,234-15-5499-87,4G,Tablet
260303164608-0700,310,410,310410,310-410-4075,310-410-4075-44,5G,IoT Device
260318191454+0100,234,20,23420,234-20-4013,234-20-4013-73,4G,Smartphone
260321131235-0800,310,260,310260,310-260-1403,310-260-1403-42,5G,Smartphone
260315194330-0500,310,260,310260,310-260-8096,310-260-8096-87,3G,Tablet
260325055906+0100,234,20,23420,234-20-6835,234-20-6835-29,4G,Tablet
260228061151+0100,240,24,24024,240-24-4404,240-24-4404-22,4G,Smartphone
260309033002+0100,234,30,23430,234-30-8631,234-30-8631-46,4G,Smartphone
260303110911+0100,240,5,24005,240-05-3299,240-05-3299-69,5G,Smartphone
260316135514+0100,240,2,24002,240-02-1378,240-02-1378-66,4G,Smartphone
260323152929+0200,240,7,24007,240-07-8628,240-07-8628-62,4G,Smartphone
260326134738-0700,310,480,310480,310-480-2276,310-480-2276-68,4G,Smartphone
260304152125+0100,206,10,20610,206-10-1013,206-10-1013-45,5G,IoT Device
260326123446+0100,234,15,23415,234-15-5319,234-15-5319-77,4G,Smartphone
260307010201+0000,234,30,23430,234-30-3049,234-30-3049-49,4G,IoT Device
260326100808+0200,206,5,20605,206-05-1733,206-05-1733-68,4G,Smartphone
260307031409-0600,310,480,310480,310-480-1815,310-480-1815-19,3G,IoT Device
260308131603+0200,206,20,20620,206-20-7591,206-20-7591-38,4G,Smartphone
260312042521+0100,234,33,23433,234-33-2617,234-33-2617-63,3G,Smartphone
260304012611+0000,234,10,23410,234-10-3331,234-10-3331-94,3G,Smartphone
260306081952+0100,234,38,23438,234-38-6716,234-38-6716-70,3G,IoT Device
260315161131+0100,240,4,24004,240-04-2356,240-04-2356-13,5G,Smartphone
260312010236+0100,206,5,20605,206-05-9500,206-05-9500-77,3G,Tablet
260303050703+0200,240,1,24001,240-01-8485,240-01-8485-63,4G,Smartphone
260319061327+0200,206,20,20620,206-20-7842,206-20-7842-44,3G,Smartphone
260306143517-0700,310,260,310260,310-260-7296,310-260-7296-60,3G,IoT Device
260312165919+0000,234,38,23438,234-38-9645,234-38-9645-75,3G,IoT Device
260319142124+0200,240,4,24004,240-04-4897,240-04-4897-82,4G,Tablet
260307084329-0800,310,260,310260,310-260-3788,310-260-3788-65,4G,Smartphone
260324064407-0800,310,260,310260,310-260-8079,310-260-8079-47,5G,Tablet
260321030020+0100,234,30,23430,234-30-4437,234-30-4437-78,3G,Smartphone
260315074556-0500,310,480,310480,310-480-5687,310-480-5687-61,3G,IoT Device
260302140646+0000,234,33,23433,234-33-7308,234-33-7308-15,4G,IoT Device
260323041551+0100,206,5,20605,206-05-9127,206-05-9127-78,5G,Tablet
260226152837+0200,240,4,24004,240-04-6041,240-04-6041-98,5G,Smartphone
260228202151-0500,310,410,310410,310-410-1214,310-410-1214-23,5G,Tablet
260304040612+0100,234,33,23433,234-33-4459,234-33-4459-89,3G,Tablet
260306101249+0200,206,20,20620,206-20-6591,206-20-6591-80,4G,Smartphone
260309191508-0800,310,260,310260,310-260-8918,310-260-8918-38,4G,Smartphone
260305152451+0200,206,1,20601,206-01-2454,206-01-2454-87,5G,Smartphone
260305054200+0100,234,20,23420,234-20-9327,234-20-9327-60,3G,IoT Device
260325144123-0700,310,120,310120,310-120-8983,310-120-8983-56,3G,IoT Device
260302024506-0600,310,120,310120,310-120-2841,310-120-2841-13,4G,IoT Device
260319212338+0100,206,1,20601,206-01-9021,206-01-9021-25,5G,Smartphone
260225161327+0200,206,10,20610,206-10-7089,206-10-7089-68,5G,Smartphone
260319202017+0200,206,10,20610,206-10-4554,206-10-4554-75,5G,Tablet
260313160049+0200,240,24,24024,240-24-2250,240-24-2250-65,4G,Smartphone
260310234721+0100,234,20,23420,234-20-2600,234-20-2600-80,5G,Tablet
260313224209+0100,234,15,23415,234-15-3498,234-15-3498-26,3G,IoT Device
260301042110+0200,240,1,24001,240-01-3981,240-01-3981-95,4G,Tablet
260324133430+0100,206,10,20610,206-10-7944,206-10-7944-62,4G,Smartphone
260311194825-0500,310,260,310260,310-260-8873,310-260-8873-70,4G,Smartphone
260326044253+0100,240,4,24004,240-04-4109,240-04-4109-10,5G,IoT Device
260306073502+0100,206,20,20620,206-20-3943,206-20-3943-64,5G,IoT Device
260309081714+0100,206,10,20610,206-10-3539,206-10-3539-40,4G,Smartphone
260308150206+0100,240,7,24007,240-07-8619,240-07-8619-32,3G,Smartphone
260319231705+0000,234,20,23420,234-20-4997,234-20-4997-56,3G,Smartphone
260312085241+0200,240,2,24002,240-02-9507,240-02-9507-62,4G,Smartphone
260317232429-0500,310,410,310410,310-410-5503,310-410-5503-50,3G,IoT Device
260319033818+0200,206,5,20605,206-05-3575,206-05-3575-33,5G,Tablet
260324172503+0100,234,33,23433,234-33-9510,234-33-9510-49,3G,IoT Device
260318000822-0600,310,480,310480,310-480-4636,310-480-4636-65,4G,Smartphone
260315055226+0200,206,1,20601,206-01-2277,206-01-2277-80,3G,Smartphone
260304170251+0100,206,1,20601,206-01-9960,206-01-9960-50,5G,Smartphone
260225105035+0100,240,7,24007,240-07-3539,240-07-3539-71,4G,Smartphone
260309001649+0200,206,20,20620,206-20-8274,206-20-8274-35,3G,Smartphone
260312151825+0000,234,33,23433,234-33-3252,234-33-3252-48,3G,IoT Device
260302012111+0100,206,20,20620,206-20-4375,206-20-4375-56,4G,IoT Device
260312022533+0100,240,1,24001,240-01-6931,240-01-6931-92,4G,Smartphone
260314155615+0200,240,4,24004,240-04-3724,240-04-3724-81,4G,Tablet
260228083815-0800,310,480,310480,310-480-6634,310-480-6634-43,5G,IoT Device
260321121216+0100,234,15,23415,234-15-1166,234-15-1166-47,3G,Smartphone
260324233420+0100,240,7,24007,240-07-5392,240-07-5392-30,3G,Smartphone
260225063458+0100,240,8,24008,240-08-3290,240-08-3290-42,5G,Smartphone
260225030548+0200,206,1,20601,206-01-8729,206-01-8729-46,5G,Smartphone
260312195558+0100,240,8,24008,240-08-5090,240-08-5090-58,5G,Smartphone
260302044900+0000,234,38,23438,234-38-5126,234-38-5126-56,4G,IoT Device
260303003206+0200,206,5,20605,206-05-4179,206-05-4179-61,5G,Smartphone
260310142609-0800,310,480,310480,310-480-9568,310-480-9568-86,4G,Smartphone
260303023815+0200,206,1,20601,206-01-9082,206-01-9082-78,5G,Smartphone
260304204137-0800,310,260,310260,310-260-9297,310-260-9297-18,5G,Tablet
260310071710+0100,240,5,24005,240-05-1390,240-05-1390-97,4G,Smartphone
260323031051+0000,234,38,23438,234-38-9803,234-38-9803-64,3G,IoT Device
260227154009+0100,206,20,20620,206-20-9420,206-20-9420-59,4G,Smartphone
260307081834-0600,310,410,310410,310-410-5658,310-410-5658-42,4G,Smartphone
260311151800+0200,206,20,20620,206-20-8172,206-20-8172-64,3G,Smartphone
260226215515+0200,206,1,20601,206-01-3122,206-01-3122-42,5G,Tablet
260317005932+0100,240,24,24024,240-24-8645,240-24-8645-97,5G,Tablet
260227234111+0100,206,20,20620,206-20-6144,206-20-6144-82,4G,IoT Device
260308082622-0700,310,260,310260,310-260-7953,310-260-7953-71,4G,Smartphone
260325010533+0000,234,10,23410,234-10-5466,234-10-5466-80,4G,Smartphone
260315050628-0600,310,480,310480,310-480-4963,310-480-4963-16,4G,Smartphone
260327013338+0200,206,20,20620,206-20-7669,206-20-7669-35,5G,Smartphone
260317004859+0000,234,33,23433,234-33-9274,234-33-9274-98,4G,IoT Device
260326081047-0600,310,480,310480,310-480-1453,310-480-1453-56,3G,Smartphone
260225041052-0700,310,260,310260,310-260-8415,310-260-8415-37,5G,Smartphone
260318200707-0500,310,410,310410,310-410-6340,310-410-6340-99,3G,Smartphone
260225202700+0000,234,38,23438,234-38-9033,234-38-9033-96,3G,Tablet
260325144329+0100,240,1,24001,240-01-5248,240-01-5248-22,3G,Tablet
260308031347-0600,310,120,310120,310-120-5777,310-120-5777-53,5G,IoT Device
260312124154+0200,206,5,20605,206-05-7070,206-05-7070-90,5G,IoT Device
260326160039-0700,310,260,310260,310-260-5873,310-260-5873-85,4G,Smartphone
260225135602+0100,240,1,24001,240-01-9512,240-01-9512-30,3G,Tablet
260326040413-0800,310,410,310410,310-410-1087,310-410-1087-48,4G,IoT Device
260304020721+0100,206,10,20610,206-10-6561,206-10-6561-19,3G,Smartphone
260307124538+0000,234,38,23438,234-38-2663,234-38-2663-78,3G,Tablet
260326163027+0100,234,10,23410,234-10-1325,234-10-1325-11,3G,Tablet
260319023824+0100,206,10,20610,206-10-6900,206-10-6900-30,5G,Smartphone
260318103330-0800,310,120,310120,310-120-9593,310-120-9593-66,4G,IoT Device
260228220113+0200,240,2,24002,240-02-7710,240-02-7710-37,4G,Tablet
260322011518-0600,310,260,310260,310-260-2351,310-260-2351-20,4G,IoT Device
260302025729+0100,206,20,20620,206-20-7075,206-20-7075-15,4G,Smartphone
260311130717-0700,310,410,310410,310-410-5163,310-410-5163-35,4G,IoT Device
260303102030-0600,310,120,310120,310-120-9547,310-120-9547-55,4G,Tablet
260228055354+0100,240,16,24016,240-16-5428,240-16-5428-80,5G,Tablet
260301211946+0100,234,33,23433,234-33-8248,234-33-8248-32,4G,Smartphone
260320014209+0100,240,7,24007,240-07-5191,240-07-5191-62,5G,Tablet
260317012554+0200,206,20,20620,206-20-7564,206-20-7564-29,5G,Smartphone
260317010611+0200,240,4,24004,240-04-3043,240-04-3043-68,5G,Smartphone
260227190442+0100,234,10,23410,234-10-7038,234-10-7038-98,4G,Tablet
260325005030+0000,234,30,23430,234-30-8888,234-30-8888-76,4G,IoT Device
260316093750-0800,310,480,310480,310-480-8439,310-480-8439-46,4G,Smartphone
260316164656-0500,310,480,310480,310-480-3397,310-480-3397-82,4G,Tablet
260321080232+0000,234,38,23438,234-38-2328,234-38-2328-94,3G,Smartphone
260305192748+0100,234,20,23420,234-20-7021,234-20-7021-50,5G,Smartphone
260319071043+0200,240,1,24001,240-01-1204,240-01-1204-85,4G,Tablet
260314062415-0600,310,120,310120,310-120-9068,310-120-9068-58,4G,Smartphone
260325165322-0700,310,260,310260,310-260-2188,310-260-2188-67,3G,IoT Device
260306094407+0200,240,7,24007,240-07-1061,240-07-1061-87,5G,IoT Device
260322115308+0200,206,10,20610,206-10-3327,206-10-3327-56,4G,Tablet
260320051657+0100,234,15,23415,234-15-5701,234-15-5701-35,3G,Smartphone
260312161052+0100,234,33,23433,234-33-3708,234-33-3708-17,4G,Tablet
260228064207-0800,310,480,310480,310-480-9865,310-480-9865-87,4G,Tablet
260306132537-0700,310,410,310410,310-410-6174,310-410-6174-31,4G,Smartphone
260322044522+0100,234,33,23433,234-33-8367,234-33-8367-98,5G,IoT Device
260301120623+0100,240,8,24008,240-08-4853,240-08-4853-57,4G,IoT Device
260315010914+0200,206,20,20620,206-20-5345,206-20-5345-56,4G,Smartphone
260305065045-0700,310,480,310480,310-480-7440,310-480-7440-73,4G,IoT Device
260316002008+0100,234,33,23433,234-33-3263,234-33-3263-81,5G,Smartphone
260318045629+0000,234,20,23420,234-20-9292,234-20-9292-82,3G,IoT Device
260301155421+0100,206,5,20605,206-05-2554,206-05-2554-52,4G,IoT Device
260318021513+0100,234,15,23415,234-15-4579,234-15-4579-16,3G,Tablet
260322185027+0100,206,20,20620,206-20-5365,206-20-5365-28,4G,Smartphone
260326144314+0100,234,33,23433,234-33-3504,234-33-3504-23,4G,Tablet
260326193132+0000,234,10,23410,234-10-1397,234-10-1397-65,3G,Smartphone
260309180654+0200,240,16,24016,240-16-7324,240-16-7324-65,4G,Tablet
260319193052+0200,206,10,20610,206-10-5146,206-10-5146-55,5G,Smartphone
260305131544+0200,240,16,24016,240-16-4495,240-16-4495-87,3G,Smartphone
260228000149+0200,206,1,20601,206-01-8158,206-01-8158-12,5G,Smartphone
260322134923+0100,206,1,20601,206-01-5208,206-01-5208-22,5G,Smartphone
260316171748+0200,206,20,20620,206-20-6406,206-20-6406-61,4G,Smartphone
260317230253+0100,206,1,20601,206-01-8600,206-01-8600-41,5G,Smartphone
260303085931-0700,310,120,310120,310-120-6119,310-120-6119-51,5G,Tablet
260319032323+0100,240,24,24024,240-24-4479,240-24-4479-51,4G,Smartphone
260317102056+0100,240,8,24008,240-08-4077,240-08-4077-64,5G,Tablet
260308090449+0200,240,5,24005,240-05-4490,240-05-4490-58,5G,Tablet
260324204010+0200,240,7,24007,240-07-6890,240-07-6890-40,4G,Smartphone
260302111745+0100,234,38,23438,234-38-6106,234-38-6106-79,5G,IoT Device
260314211210-0700,310,260,310260,310-260-9590,310-260-9590-99,4G,IoT Device
260304102139+0000,234,30,23430,234-30-6450,234-30-6450-76,4G,Smartphone
260311174615+0200,206,10,20610,206-10-8313,206-10-8313-29,5G,Smartphone
260316155826+0100,206,20,20620,206-20-8731,206-20-8731-59,4G,Tablet
260320095535+0100,206,1,20601,206-01-6447,206-01-6447-81,5G,Smartphone
260305080656+0200,240,7,24007,240-07-5402,240-07-5402-77,5G,Smartphone
260225101850+0000,234,30,23430,234-30-4076,234-30-4076-76,4G,Tablet
260311181151+0100,234,33,23433,234-33-9094,234-33-9094-18,3G,Smartphone
260225183222+0200,206,10,20610,206-10-8368,206-10-8368-95,4G,Smartphone
260305070231-0700,310,260,310260,310-260-8300,310-260-8300-40,5G,Smartphone
260308142441+0200,206,10,20610,206-10-2825,206-10-2825-51,4G,Smartphone
260306004654+0100,234,30,23430,234-30-8635,234-30-8635-94,4G,Smartphone
260226234044-0500,310,120,310120,310-120-9290,310-120-9290-71,5G,Smartphone
260309054753+0200,206,10,20610,206-10-3525,206-10-3525-99,5G,Smartphone
260313181924-0700,310,260,310260,310-260-5144,310-260-5144-11,5G,IoT Device
260226235927+0100,234,10,23410,234-10-5834,234-10-5834-73,4G,Tablet
260319162910+0200,206,20,20620,206-20-7554,206-20-7554-37,3G,Smartphone
260302120218+0100,234,30,23430,234-30-5040,234-30-5040-89,3G,Tablet
260225054736+0100,234,10,23410,234-10-7584,234-10-7584-73,3G,Smartphone
260228183310+0200,240,8,24008,240-08-6227,240-08-6227-21,4G,Tablet
260316155141+0200,240,2,24002,240-02-3554,240-02-3554-43,5G,IoT Device
260322150015+0100,234,33,23433,234-33-1712,234-33-1712-56,4G,Smartphone
260312062313+0100,234,38,23438,234-38-6922,234-38-6922-12,3G,Tablet
260309183326+0000,234,10,23410,234-10-6362,234-10-6362-14,3G,Tablet
260304124546-0800,310,260,310260,310-260-3993,310-260-3993-71,4G,Tablet
260316203313+0200,206,1,20601,206-01-9286,206-01-9286-57,4G,Tablet
260317222600+0100,206,5,20605,206-05-9089,206-05-9089-28,5G,IoT Device
260315062415+0200,240,7,24007,240-07-2274,240-07-2274-27,5G,Smartphone
260316230240+0100,206,1,20601,206-01-1854,206-01-1854-25,4G,IoT Device
260302172223+0100,234,15,23415,234-15-7386,234-15-7386-99,4G,IoT Device
260325191817+0200,206,10,20610,206-10-6699,206-10-6699-81,5G,Tablet
260314200238-0800,310,480,310480,310-480-2463,310-480-2463-46,4G,IoT Device
260227072957+0100,234,33,23433,234-33-3052,234-33-3052-78,4G,Tablet
260316134738+0200,206,20,20620,206-20-4485,206-20-4485-17,5G,Smartphone
260227135411-0600,310,260,310260,310-260-7646,310-260-7646-89,4G,Smartphone
260325065413+0100,240,2,24002,240-02-9040,240-02-9040-64,4G,IoT Device
260227044543+0100,240,1,24001,240-01-2585,240-01-2585-21,4G,Smartphone
260318122138-0500,310,410,310410,310-410-2164,310-410-2164-86,4G,IoT Device
260309160804-0700,310,260,310260,310-260-1268,310-260-1268-27,4G,Smartphone
260308104754-0800,310,260,310260,310-260-3550,310-260-3550-45,4G,IoT Device
260227094640+0100,234,30,23430,234-30-5339,234-30-5339-12,4G,Smartphone
260317142531+0100,240,5,24005,240-05-7103,240-05-7103-92,5G,IoT Device
260316065317+0200,240,24,24024,240-24-9637,240-24-9637-16,5G,Smartphone
260320101016-0600,310,410,310410,310-410-5861,310-410-5861-18,5G,Tablet
260305065909+0100,206,5,20605,206-05-5222,206-05-5222-45,5G,Smartphone
260308103432-0700,310,120,310120,310-120-2346,310-120-2346-87,5G,Smartphone
260302082912-0700,310,260,310260,310-260-8089,310-260-8089-71,4G,IoT Device
260314175456+0200,240,5,24005,240-05-7153,240-05-7153-60,5G,Smartphone
260312224841+0000,234,38,23438,234-38-2514,234-38-2514-58,5G,Smartphone
260313150414+0100,206,10,20610,206-10-3126,206-10-3126-23,3G,Tablet
260302045354+0000,234,10,23410,234-10-2154,234-10-2154-84,3G,Tablet
260302120240+0100,240,7,24007,240-07-2390,240-07-2390-75,5G,Tablet
260311091802+0100,240,16,24016,240-16-1839,240-16-1839-10,4G,Tablet
260317162115+0200,240,1,24001,240-01-6814,240-01-6814-63,5G,Tablet
260301084058+0100,234,33,23433,234-33-8910,234-33-8910-90,3G,IoT Device
260226160122+0100,234,10,23410,234-10-4663,234-10-4663-31,3G,Tablet
260318072143-0800,310,260,310260,310-260-4267,310-260-4267-64,3G,IoT Device
260318065048-0600,310,410,310410,310-410-1087,310-410-1087-35,4G,Smartphone
260321005128+0100,240,16,24016,240-16-1419,240-16-1419-20,5G,Smartphone
260325155038-0600,310,410,310410,310-410-7092,310-410-7092-33,4G,Smartphone
260306054142+0100,240,16,24016,240-16-1650,240-16-1650-72,4G,Smartphone
260309063903+0100,240,7,24007,240-07-2477,240-07-2477-56,5G,Tablet
260316025538-0700,310,260,310260,310-260-9501,310-260-9501-81,4G,IoT Device
260325101552-0600,310,260,310260,310-260-7662,310-260-7662-93,5G,Tablet
260227145141+0000,234,20,23420,234-20-7111,234-20-7111-90,5G,Tablet
260321075812-0700,310,120,310120,310-120-5463,310-120-5463-74,5G,Smartphone
260317092526+0100,240,8,24008,240-08-4878,240-08-4878-75,3G,Smartphone
260311111845+0100,234,10,23410,234-10-9449,234-10-9449-88,4G,IoT Device
260309055359+0200,206,5,20605,206-05-1316,206-05-1316-11,5G,IoT Device
260318120919+0200,240,2,24002,240-02-4118,240-02-4118-51,4G,IoT Device
260304094811-0800,310,260,310260,310-260-7378,310-260-7378-30,5G,Smartphone
260315071609+0100,206,10,20610,206-10-1017,206-10-1017-96,5G,Smartphone
260302074935+0100,206,10,20610,206-10-1699,206-10-1699-17,5G,Smartphone
260312114847+0100,240,5,24005,240-05-3004,240-05-3004-15,5G,Tablet
260311224333+0000,234,30,23430,234-30-5675,234-30-5675-60,3G,Tablet
260307051725+0100,206,5,20605,206-05-3322,206-05-3322-89,5G,IoT Device
260305184824+0100,206,10,20610,206-10-7601,206-10-7601-61,4G,Tablet
260303112203-0500,310,120,310120,310-120-1980,310-120-1980-84,5G,Tablet
260303143201+0000,234,20,23420,234-20-2680,234-20-2680-57,3G,Tablet
260325032731+0000,234,33,23433,234-33-4467,234-33-4467-90,3G,Smartphone
260226192128+0200,240,16,24016,240-16-2938,240-16-2938-78,4G,Tablet
260306223103+0200,206,20,20620,206-20-6049,206-20-6049-93,4G,Smartphone
260307134535-0600,310,480,310480,310-480-3283,310-480-3283-24,5G,IoT Device
260307171324+0000,234,20,23420,234-20-9034,234-20-9034-14,3G,Tablet
260303001132-0800,310,120,310120,310-120-6176,310-120-6176-66,4G,Smartphone
260309094040+0200,240,4,24004,240-04-4834,240-04-4834-59,4G,Smartphone
260301180050+0100,206,20,20620,206-20-4139,206-20-4139-56,4G,Smartphone
260311045147+0100,206,1,20601,206-01-4514,206-01-4514-49,5G,Smartphone
260309222158+0000,234,20,23420,234-20-9074,234-20-9074-87,3G,IoT Device
260228081314+0200,240,5,24005,240-05-4567,240-05-4567-45,5G,Smartphone
260301222851+0100,206,20,20620,206-20-8086,206-20-8086-68,5G,Smartphone
260225060837+0000,234,33,23433,234-33-5201,234-33-5201-60,4G,Smartphone
260228093822+0100,206,1,20601,206-01-3184,206-01-3184-88,5G,IoT Device
260308220200+0100,234,15,23415,234-15-5408,234-15-5408-38,4G,Smartphone
260301212307+0200,240,16,24016,240-16-8436,240-16-8436-46,5G,IoT Device
260325205636-0600,310,260,310260,310-260-6944,310-260-6944-52,5G,Smartphone
260309170856+0100,234,33,23433,234-33-3089,234-33-3089-16,5G,Tablet
260306195245+0200,240,16,24016,240-16-6911,240-16-6911-25,4G,Tablet
260312031754+0100,206,5,20605,206-05-1957,206-05-1957-29,5G,Smartphone
260301003451+0100,206,20,20620,206-20-4609,206-20-4609-44,5G,Smartphone
260228204609-0700,310,410,310410,310-410-7202,310-410-7202-21,4G,IoT Device
260320022838+0100,240,16,24016,240-16-1005,240-16-1005-93,5G,Smartphone
260309231908+0100,234,15,23415,234-15-5524,234-15-5524-15,3G,Smartphone
260310024036+0200,240,7,24007,240-07-9799,240-07-9799-16,5G,Smartphone
260227132634+0100,234,38,23438,234-38-5145,234-38-5145-77,3G,Smartphone
260318230109+0200,240,4,24004,240-04-5785,240-04-5785-80,5G,Smartphone
260320020014+0200,240,5,24005,240-05-7027,240-05-7027-15,5G,Smartphone
260317014305+0100,240,5,24005,240-05-4985,240-05-4985-27,5G,Smartphone
260318063643+0000,234,15,23415,234-15-9915,234-15-9915-73,5G,Smartphone
260302174807+0100,240,8,24008,240-08-7022,240-08-7022-99,4G,Tablet
260303230700-0700,310,120,310120,310-120-9673,310-120-9673-56,4G,IoT Device
260305070826+0200,240,24,24024,240-24-5240,240-24-5240-69,5G,Smartphone
260309205354-0600,310,410,310410,310-410-8938,310-410-8938-76,4G,Smartphone
260323001732+0100,234,20,23420,234-20-3239,234-20-3239-18,3G,Tablet
260318020428+0100,234,33,23433,234-33-6034,234-33-6034-71,4G,Smartphone
260307040029+0100,240,5,24005,240-05-5387,240-05-5387-22,4G,Tablet
260316093256-0500,310,410,310410,310-410-6560,310-410-6560-87,4G,IoT Device
260307234406+0100,234,15,23415,234-15-6370,234-15-6370-98,4G,Smartphone
260304114639+0000,234,33,23433,234-33-1731,234-33-1731-42,4G,Smartphone
260226072401+0100,240,7,24007,240-07-8015,240-07-8015-80,5G,Tablet
260303103502-0500,310,260,310260,310-260-3001,310-260-3001-92,3G,Smartphone
260310001249+0000,234,38,23438,234-38-9097,234-38-9097-25,4G,Smartphone
260307234419+0100,234,38,23438,234-38-1184,234-38-1184-91,3G,Smartphone
260317033609+0100,206,1,20601,206-01-8878,206-01-8878-97,5G,Smartphone
260307002557+0100,234,10,23410,234-10-1070,234-10-1070-88,3G,Smartphone
260319085216+0100,206,1,20601,206-01-8038,206-01-8038-65,5G,Smartphone
260304053006+0200,206,1,20601,206-01-5740,206-01-5740-95,5G,Smartphone
260227164600+0200,206,5,20605,206-05-3111,206-05-3111-92,5G,Smartphone
260226073029-0700,310,260,310260,310-260-5892,310-260-5892-53,4G,Smartphone
260302205205+0000,234,33,23433,234-33-2645,234-33-2645-36,5G,Smartphone
260227075224+0200,240,5,24005,240-05-6760,240-05-6760-86,5G,Smartphone
260306030123+0100,240,4,24004,240-04-5453,240-04-5453-79,5G,Smartphone
260313020718-0500,310,120,310120,310-120-6753,310-120-6753-15,5G,IoT Device
260302195920+0100,234,10,23410,234-10-1827,234-10-1827-75,3G,IoT Device
260323195409+0200,206,20,20620,206-20-4423,206-20-4423-97,3G,Smartphone
260323221751+0100,240,16,24016,240-16-8303,240-16-8303-33,5G,Smartphone
260324094618+0100,206,1,20601,206-01-6376,206-01-6376-83,5G,Tablet
260312190410-0800,310,480,310480,310-480-7593,310-480-7593-14,4G,Smartphone
260302020912-0600,310,260,310260,310-260-7921,310-260-7921-74,5G,IoT Device
260305183046+0200,206,1,20601,206-01-3966,206-01-3966-64,5G,IoT Device
260320215516+0200,240,16,24016,240-16-6759,240-16-6759-68,4G,Smartphone
260311222244+0100,240,8,24008,240-08-6476,240-08-6476-41,4G,Smartphone
260302010800+0100,234,38,23438,234-38-6335,234-38-6335-77,5G,Smartphone
260313225733+0200,240,5,24005,240-05-8353,240-05-8353-60,4G,Smartphone
260303065645-0800,310,480,310480,310-480-1301,310-480-1301-66,4G,Smartphone
260314201653+0000,234,20,23420,234-20-8684,234-20-8684-82,4G,Tablet
260312044232+0100,234,10,23410,234-10-5813,234-10-5813-82,4G,IoT Device
260306042456+0000,234,10,23410,234-10-1330,234-10-1330-67,4G,IoT Device
260313153032-0800,310,480,310480,310-480-5511,310-480-5511-56,5G,IoT Device
260313020739-0800,310,480,310480,310-480-2948,310-480-2948-31,4G,IoT Device
260325081400+0000,234,15,23415,234-15-5873,234-15-5873-61,3G,IoT Device
260305044024-0500,310,480,310480,310-480-2116,310-480-2116-96,4G,Smartphone
260326182535-0700,310,410,310410,310-410-4557,310-410-4557-15,5G,IoT Device
260225025805+0200,240,16,24016,240-16-2172,240-16-2172-22,4G,Smartphone
260306193841+0200,206,20,20620,206-20-4715,206-20-4715-19,5G,IoT Device
260318175127+0100,234,10,23410,234-10-5135,234-10-5135-41,4G,Tablet
260306194151+0100,240,8,24008,240-08-6020,240-08-6020-12,4G,IoT Device
260321191128+0000,234,15,23415,234-15-6592,234-15-6592-73,4G,Tablet
260302091234-0700,310,260,310260,310-260-7188,310-260-7188-71,4G,Smartphone
260318181401+0200,206,10,20610,206-10-9864,206-10-9864-22,5G,Tablet
260323042243-0600,310,260,310260,310-260-1302,310-260-1302-24,5G,IoT Device
260321140524+0100,240,7,24007,240-07-8023,240-07-8023-61,5G,Tablet
260303044654+0100,206,10,20610,206-10-3347,206-10-3347-82,3G,Smartphone
260301180119+0100,234,30,23430,234-30-3088,234-30-3088-85,4G,IoT Device
260308032251+0200,206,5,20605,206-05-6262,206-05-6262-81,4G,Smartphone
260311230308-0800,310,480,310480,310-480-5017,310-480-5017-44,3G,IoT Device
260302175621-0700,310,480,310480,310-480-1204,310-480-1204-68,4G,Smartphone
260316121223-0600,310,120,310120,310-120-9569,310-120-9569-84,4G,Tablet
260323152032+0100,240,1,24001,240-01-1902,240-01-1902-13,5G,Smartphone
260227035802-0800,310,480,310480,310-480-4376,310-480-4376-12,4G,Smartphone
260310173439+0000,234,15,23415,234-15-2975,234-15-2975-76,5G,Smartphone
260228020743+0100,206,5,20605,206-05-1878,206-05-1878-34,3G,Smartphone
260315041953-0500,310,260,310260,310-260-6035,310-260-6035-45,4G,Tablet
260228091109-0800,310,480,310480,310-480-7243,310-480-7243-57,4G,Smartphone
260301010745+0200,206,5,20605,206-05-9654,206-05-9654-51,3G,Tablet
260301083928-0500,310,480,310480,310-480-5715,310-480-5715-83,4G,IoT Device
260320202918+0000,234,38,23438,234-38-8787,234-38-8787-74,4G,Tablet
260313082800-0600,310,260,310260,310-260-2011,310-260-2011-18,5G,Smartphone
260303033754+0200,206,1,20601,206-01-7599,206-01-7599-52,3G,Smartphone
260321130542-0700,310,410,310410,310-410-4718,310-410-4718-70,4G,Smartphone
260301171235+0100,234,15,23415,234-15-1400,234-15-1400-62,3G,IoT Device
260315214500+0100,240,4,24004,240-04-4072,240-04-4072-90,5G,Smartphone
260228035914+0100,206,10,20610,206-10-1447,206-10-1447-69,4G,Smartphone
260301080453-0500,310,410,310410,310-410-1788,310-410-1788-35,4G,Smartphone
260303210958-0600,310,120,310120,310-120-1238,310-120-1238-20,5G,IoT Device
260316174922+0100,234,33,23433,234-33-9318,234-33-9318-73,4G,IoT Device
260317162555+0100,234,38,23438,234-38-3532,234-38-3532-76,4G,Smartphone
260311200415+0200,240,4,24004,240-04-5399,240-04-5399-80,5G,Tablet
260228031237+0100,206,5,20605,206-05-3629,206-05-3629-56,5G,Smartphone
260227085320+0100,234,15,23415,234-15-2160,234-15-2160-76,4G,Tablet
260324184501+0100,234,33,23433,234-33-6305,234-33-6305-80,5G,Smartphone
260315051217+0000,234,33,23433,234-33-3700,234-33-3700-59,3G,Tablet
260315014049+0100,240,1,24001,240-01-5622,240-01-5622-58,4G,Smartphone
260323210017+0100,240,5,24005,240-05-5479,240-05-5479-35,4G,Smartphone
260307124752+0100,206,5,20605,206-05-2774,206-05-2774-14,4G,Tablet
260316222425+0200,240,2,24002,240-02-8927,240-02-8927-68,5G,Smartphone
260320175612+0200,206,5,20605,206-05-8759,206-05-8759-10,5G,Smartphone
260320095753+0200,206,10,20610,206-10-3767,206-10-3767-63,4G,Smartphone
260308191131-0600,310,260,310260,310-260-6243,310-260-6243-29,4G,Smartphone
260321123029-0600,310,260,310260,310-260-4448,310-260-4448-47,3G,Tablet
260325205142+0100,234,38,23438,234-38-7762,234-38-7762-20,3G,Smartphone
260306183331-0600,310,480,310480,310-480-4915,310-480-4915-79,4G,Tablet
260307155018+0200,206,5,20605,206-05-4400,206-05-4400-46,5G,Smartphone
260317211323+0000,234,20,23420,234-20-7429,234-20-7429-87,4G,IoT Device
260301052846-0800,310,260,310260,310-260-8549,310-260-8549-21,3G,Smartphone
260308135113+0100,206,5,20605,206-05-4621,206-05-4621-12,5G,IoT Device
260313012030+0100,206,20,20620,206-20-5803,206-20-5803-10,4G,Tablet
260227140954+0200,206,1,20601,206-01-5552,206-01-5552-35,5G,Smartphone
260318041114+0100,206,20,20620,206-20-3368,206-20-3368-88,3G,Smartphone
260303041917+0100,234,33,23433,234-33-1636,234-33-1636-19,3G,Smartphone
260313195923+0100,240,1,24001,240-01-4726,240-01-4726-20,5G,Smartphone
260226205121-0600,310,260,310260,310-260-6668,310-260-6668-20,3G,IoT Device
260305220832+0200,206,10,20610,206-10-8379,206-10-8379-87,3G,Tablet
260304083330-0800,310,410,310410,310-410-8172,310-410-8172-18,4G,Smartphone
260319114748+0000,234,33,23433,234-33-6964,234-33-6964-13,4G,Smartphone
260308094355+0100,206,20,20620,206-20-8440,206-20-8440-87,4G,Tablet
260308053422-0600,310,260,310260,310-260-5036,310-260-5036-45,3G,IoT Device
260311091631+0100,206,20,20620,206-20-3502,206-20-3502-56,5G,Tablet
260225234138+0100,234,38,23438,234-38-7401,234-38-7401-86,3G,Tablet
260304102335-0600,310,480,310480,310-480-5760,310-480-5760-39,5G,IoT Device
260301134524+0100,234,15,23415,234-15-2429,234-15-2429-77,3G,Smartphone
260319123550+0100,206,10,20610,206-10-2345,206-10-2345-51,5G,Smartphone
260311042935+0000,234,20,23420,234-20-2849,234-20-2849-21,4G,Tablet
260320123357+0100,240,16,24016,240-16-7217,240-16-7217-62,5G,Tablet
260228100420-0700,310,480,310480,310-480-3646,310-480-3646-58,4G,Smartphone
260315045754+0000,234,38,23438,234-38-2913,234-38-2913-79,5G,Smartphone
260225094705+0200,240,24,24024,240-24-7622,240-24-7622-11,5G,Smartphone
260313165709+0100,206,10,20610,206-10-8765,206-10-8765-35,3G,Smartphone
260318084139+0200,240,24,24024,240-24-3144,240-24-3144-95,5G,Smartphone
260305054034+0200,240,2,24002,240-02-1110,240-02-1110-33,5G,Smartphone
260326100401+0100,240,4,24004,240-04-7398,240-04-7398-14,5G,Smartphone
260309021500+0100,234,20,23420,234-20-8629,234-20-8629-45,4G,Smartphone
260302141311+0100,240,5,24005,240-05-6745,240-05-6745-96,5G,Smartphone
260321135257+0100,234,38,23438,234-38-8257,234-38-8257-54,3G,IoT Device
260316155415+0100,240,24,24024,240-24-1000,240-24-1000-44,5G,Smartphone
260302003801+0200,206,1,20601,206-01-3459,206-01-3459-54,5G,IoT Device
260302220958+0100,206,5,20605,206-05-3223,206-05-3223-71,3G,Smartphone
260307230619-0800,310,410,310410,310-410-8395,310-410-8395-51,3G,IoT Device
260225220919-0600,310,480,310480,310-480-6767,310-480-6767-98,4G,IoT Device
260227005924+0200,206,5,20605,206-05-3093,206-05-3093-24,3G,Tablet
260302170808+0200,206,5,20605,206-05-4403,206-05-4403-46,5G,Smartphone
260304070005+0200,206,10,20610,206-10-1815,206-10-1815-40,5G,Smartphone
260313235109+0000,234,30,23430,234-30-3062,234-30-3062-30,4G,Tablet
260226123319+0200,240,4,24004,240-04-3509,240-04-3509-39,5G,Smartphone
260225080353+0200,240,2,24002,240-02-3720,240-02-3720-15,5G,Tablet
260325201508+0200,240,1,24001,240-01-7739,240-01-7739-57,4G,Smartphone
260319151712+0200,240,1,24001,240-01-6565,240-01-6565-32,5G,Smartphone
260318035223+0000,234,33,23433,234-33-9809,234-33-9809-19,4G,Smartphone
260323232653+0000,234,15,23415,234-15-3737,234-15-3737-85,3G,Tablet
260225190049-0500,310,480,310480,310-480-7135,310-480-7135-83,4G,IoT Device
260314160817+0200,240,5,24005,240-05-5315,240-05-5315-76,5G,Smartphone
260301220227+0100,234,33,23433,234-33-3464,234-33-3464-84,4G,IoT Device
260323151825+0100,240,2,24002,240-02-9118,240-02-9118-94,4G,Tablet
260323144347+0100,234,33,23433,234-33-9286,234-33-9286-99,3G,IoT Device
260320033053+0200,206,20,20620,206-20-1448,206-20-1448-42,4G,Tablet
260310120845+0000,234,20,23420,234-20-8315,234-20-8315-64,4G,IoT Device
260307212316+0100,206,1,20601,206-01-5761,206-01-5761-40,4G,Smartphone
260226064610+0100,206,5,20605,206-05-8785,206-05-8785-12,5G,Tablet
