Region,Country,Postal Code,Latitude,Longitude,Timezone,ISP,Organization,Autonomous System
En*****,Un************,SW*,51*****,-0*****,Eu***********,Tr***********************,Tr***************************,AS***********************************
Te*******,In***,50****,17*****,79*****,As**********,BS***********,,AS*******************************
So***********,Th*************,25**,52*****,4.****,Eu**************,GE****,Ge*********,
Gu*******,Ch***,,23*****,11*****,As***********,CE****,,AS************************************************
We***************,Au*******,61**,-3******,11******,Au*************,Au**************************************,Mu**********,AS******************************************************
Mi******,Un***********,64***,39*****,-9******,Am*************,AT*****************,Pr***************************************,AS************************
Fl*****,Un***********,33***,25*****,-8******,Am**************,Co*******************************,Co*******************************,AS***************************************
Co******,Me****,27***,25*****,-1******,Am***************,Un*****************,UN****,AS***********
Ca********,Un***********,94***,37****,-1******,Am*****************,HP*****,HP****,
To***,Ja***,28******,35*****,13*****,As********,JR*********************************,JR***************************************,AS******************************************
,,,,,,,,
Oh**,Un***********,43***,39*****,-8******,Am**************,Do****************************,Do****************************,AS**********************************
Wa********,Un***********,98***,47*****,-1******,Am*****************,Am********,Am*************,
Ch***************,So*********,32*,36*****,12******,As********,CM*,CM**************************,AS*********
To***,Ja***,10******,35*****,13****,As********,DI*********************,KD**,AS*********************
Ta********,In***,60****,13*****,80*****,As**********,Di**********************,Ai************,
Îl***********,Fr****,75***,48*****,2.*****,Eu**********,So******************************************,SF***********,AS**************************************************
Ab*******,Un******************,,24*****,54*****,As********,Em*************************************,,AS********************************************************************
Sc******,Un************,EH**,55****,-2*****,Eu***********,Bo**************************,,AS*******************************
Ri**********,In*******,,1.***,10*****,As************,PT*****************,,AS************************
,,,,,,,,
Ne******,Un***********,10***,40*****,-7******,Am**************,Ca***********************,Pu**************,AS******************
Me*********,Me****,11***,19*****,-9******,Am*****************,Me**************************************************,Me*************************************************,AS**********************************************************
Vi******,Un***********,20***,38*****,-7******,Am**************,Sp****,Sp****,
Ta****,Ta****,,25*****,12*****,As*********,Fa**************************************,Fa*************************************,AS*********************************************
,,,,,,,,
Co******,Un***********,80***,40*****,-1******,Am************,US**,US***********************,AS*********
Ka******,Ja***,22******,35*****,13******,As********,UC********,br*******,AS**********************************
Ōs***,Ja***,54******,34*****,13******,As********,So***************,SO***********,AS********************
,,,,,,,,
He***,Ch***,45****,34*****,11*****,As***********,CN***************************************,,AS***********************************
Il******,Un***********,60***,41*****,-8******,Am*************,T-****************,T-****************,AS************************
An*******,Sp***,21***,37*****,-7*****,Eu***********,Or**********,Ja**************************,AS***********************
,,,,,,,,
Mi**********,Br****,36***,-2*****,-4*****,Am***************,V ***,V ***,AS**********
Ar*****,Un***********,85***,31*****,-1*****,Am*************,CO*******,US****,AS**********************************
,,,,,,,,
Co******,Un***********,81***,38*****,-1*******,Am************,Ce*****************************,Ce*****************************,AS*************************************
Oh**,Un***********,43***,39*****,-8******,Am**************,Do****************************,Do****************************,AS**********************************
Wa********,Un***********,98***,47*****,-1******,Am*****************,Am**********************,Am*********************,
Îl***********,Fr****,75***,48*****,2.****,Eu**********,Or****,,AS****************
Wi*******,Un***********,54***,44*****,-8******,Am*************,Ch********************,Sp******,AS********************************
En*****,Un************,BS**,51*****,-2******,Eu***********,EE********,,
,,,,,,,,
Au******************,Fr****,38***,45*****,5.*****,Eu**********,ES***********,Th******,AS************
Ri************,Br****,,-2******,-4******,Am***************,TI*****,Ti**************,AS*************
Gu*******,Ch***,,22*****,11*****,As***********,Ch**********,Ch*************************************,AS************************************************
,,,,,,,,
Be*****,Ch***,,39*****,11*****,As***********,No************************************,No************************************,
Ma****,Sp***,28***,40*****,-3******,Eu***********,VO**************,,AS****************************
Ca*******,Sp***,80**,41*****,2.*****,Eu***********,VO***************,On*,AS***********************
Gu*******,Ch***,,22*****,11******,As***********,Ha*****************************,Al***********************,AS*******************************************
No***********,Th*************,11**,52****,4.*****,Eu**************,Li*****************,Li****************,AS************************
Ka******,Ja***,23******,35*****,13******,As********,Yo**********************,Yo**********************,AS****************************************************************************************
Bu***,So*********,48*,35*****,12******,As********,Ko***********,Ko****,AS******************
Ar*****,Un***********,85***,31*****,-1*****,Am*************,Do****************************,US****,AS**********************************
Wi*******,Un***********,53***,43*****,-8*****,Am*************,Wi*****************,,
Fu****,Ch***,,24*****,11******,As***********,Ch******,Ch*********,AS**********************
Da******************,Sy***,,33*****,36*****,As***********,SY*************,,AS*****************************************************************
Al****,Un***********,99***,61*****,-1******,Am***************,AT*****************,Al*****,AS************************
Fl*****,Un***********,32***,28*****,-8******,Am**************,Sp*******************,Sp****************,AS***********
Mi**********,Br****,37***,-2******,-4******,Am***************,Vi************************,Vi************************,AS********************************
Mi*****,Ve*******,,10*****,-6******,Am*************,CA************************,CA************************,AS*******************************
Lo******,It***,20***,45*****,9.***,Eu*********,H3*,Wi************,
Br****,Ge*****,28***,53*****,8.*****,Eu***********,De*****************,De*****************,AS************************
Vi******,Un***********,23***,36*******,-7*******,Am**************,Mi*******************,Mi*****************************,AS**************************
,,,,,,,,
Ea*******,In*******,,-7******,11*****,As**********,BE**,,AS************************************
Oh**,Un***********,43***,39*****,-8******,Am**************,Do****************************,Do****************************,AS**********************************
He***,Ge*****,60***,50*****,8.****,Eu***********,Hi************,Ip**********,AS********************
Be*****,Ch***,,39****,11*****,As***********,Ch***********************************,,AS******************************************
Te***,Un***********,78***,30*****,-9******,Am*************,Go***************,Go**************,AS***********************
On*****,Ca****,K9*,44*****,-7*****,Am*************,Ne**********,Ne**********,AS******************
En*****,Un************,W1*,51*****,-0*******,Eu***********,Ta******,Ta*****************************,
Il******,Un***********,60***,41*****,-8******,Am*************,Mi***************,Mi***************,
Ke******,Un***********,40***,38*****,-8******,Am*************************,Ve**************,Lu*********,AS********************
To***,Ja***,10******,35****,13*****,As********,Ry***********,Ry*****************,
Ne******,Un***********,10***,40*****,-7******,Am**************,JP******************,JP******************,
Vä*****************,Sw****,93****,64*****,20*****,Eu**************,Te**************,Re***********************,AS*********************
Ge*****,Un***********,30***,33****,-8*****,Am**************,AT***************,Se**************************,AS***********************
Ca********,Un***********,94***,37****,-1******,Am*****************,Ba*************,Ba***********************************,
Ne******,Un***********,10***,40*****,-7*****,Am**************,AT*****************,AT*******,AS************************
Vi*****,Li*******,20**,54*****,25*****,Eu************,Ka*******************************,Vi********************,AS**************************************
Ne********,Un***********,85**,40*****,-7******,Am**************,Ve********************,Pr****************************,AS********************
Oh**,Un***********,43***,39*****,-8******,Am**************,Do****************************,Do****************************,AS**********************************
Vi******,Un***********,20***,39*****,-7******,Am**************,Af*************,Cl******************,AS**********************
,,,,,,,,
Ar*****,Un***********,85***,33***,-1*******,Am*************,Ak***********************,Ak***********************,AS*******************************
Au******,Ne*********,62*,-3******,17******,Pa**************,Sk************************,Tw************************,AS*********************************
Se***,So*********,10***,37*****,12******,As********,Ko***********,Ko****,AS******************
Oh**,Un***********,43***,39*****,-8******,Am**************,Do****************************,Do****************************,AS**********************************
Te***,Un***********,75***,32*****,-9******,Am*************,Ha**********************,Ha**********************,AS******************************
Ch*******************,Mo*****,MD*****,47*****,28*****,Eu*************,SC************,St*****************,AS*************************
Gu*******,Ch***,,23****,11*****,As***********,CH*********,Ch*********,
Ma*********,In***,40****,19*****,72*****,As**********,Bh*******************,Bh*******************,AS********************************************
,,,,,,,,
Ma******,To**,,6.****,1.***,Af*********,GV*******************,GV******,AS***************************
,,,,,,,,
Ma******,Un***********,20***,39****,-7******,Am**************,Ve**************,Se**************************,AS*********************
,,,,,,,,
Ha****,Ch***,,19*****,11*****,As***********,Ch******,Ha************,AS**********************
Oh**,Un***********,43***,39*****,-8******,Am**************,Do****************************,Do****************************,AS**********************************
He***,Ch***,45****,34*****,11*****,As***********,CE****,,AS************************************************
To***,Ja***,10******,35****,13*****,As********,To***************************,To***************************,
,,,,,,,,
Oh**,Un***********,43***,39*****,-8******,Am**************,Do****************************,Do****************************,AS**********************************
,,,,,,,,
No************,Un***********,28***,34*****,-7******,Am**************,Ch********************,Sp******,AS****************************
Sc******,Un************,EH**,55*****,-3*****,Eu***********,BT************************,,AS***********************************
Ta****,Ta****,,25*****,12*****,As*********,Ta******************,Ta************************************************,AS**************************************************************
Pi*******,Fi*****,33***,61*****,23*****,Eu*************,Te***************,Te***************,AS**********************
Le******,Ir*****,D0*,53*****,-6******,Eu***********,Am**************,AW*****************,AS**********************
Ne******,Un***********,10***,40*****,-7*****,Am**************,AT*****************,AT*******************************,AS************************
So***********,Th*************,22**,52*****,4.****,Eu**************,T-******************,,AS****************************
Ca********,Un***********,94***,37****,-1******,Am*****************,Fa****,Fa**********,
Oh**,Un***********,45***,39*****,-8******,Am**************,Th****************************,Th****************************,AS************************************
Sa*******************,Ch***,85*****,-3******,-7******,Am**************,Cl**************,Cl*************,AS**********************
Ar*****,Un***********,85***,31*****,-1*****,Am*************,Do****************************,US****,AS**********************************
Br**************,Ca****,V8*,48*****,-1*****,Am***************,Pr**************************,Pr**************************,AS*********************************
On*****,Ca****,L4*,43*****,-7*****,Am*************,Ro*******************************,Ro********************,AS*************************************
Ar*****,Un***********,85***,32*****,-1*******,Am*************,Ci************,Ci************,AS********************
Mi******,Un***********,48***,42*****,-8******,Am*************,Fo****************,Fo****************,
Do*****,Uk*****,75**,48*****,37*****,Eu*********,EA**********,EA***********,AS******************
Al*****,Un***********,36***,31*****,-8******,Am*************,Me*********************,ME******,AS**********************************
Sã*******,Br****,01*******,-2******,-4******,Am***************,Vi**,TE*******************,AS***************************
Ma***********,Un***********,11**,42*****,-7******,Am**************,Ma*************************************,Ma************************************,
Oh**,Un***********,43***,39*****,-8******,Am**************,Do****************************,Do****************************,AS**********************************
Di******************,Un***********,20***,38*****,-7******,Am**************,AT*****************,AT********************,AS************************
En*****,Un************,W1*,51*****,-0*******,Eu***********,Mi***************,Mi***************,
,,,,,,,,
Vi****,Au*****,10**,48*****,16*****,Eu***********,T-**************,T-*******************,AS**************************
Ti*****,Ch***,,39*****,11******,As***********,Ch*****************************************,Ch**********************************,AS************************************************
En*****,Un************,W1*,51*****,-0*******,Eu***********,UK********************,UK********************,
Be*****,Ch***,,39****,11*****,As***********,CH************,Ch*****************,
Be*****,Ch***,10****,39*****,11*****,As***********,HW*****,Hu*************************,
Al*****,Ca****,T2*,51*****,-1******,Am**************,Am*********************,Am*********************,
Vi******,Un***********,20***,38*****,-7******,Am**************,Am********************************,Am********************************,
,,,,,,,,
Ca***************,Eg***,,30*****,31*****,Af**********,Et***********,Mo****,AS*******************
Te***,Un***********,77***,29*****,-9*****,Am*************,Ap****************,Ap****************,
,,,,,,,,
Ne******,Un***********,14***,43*****,-7******,Am**************,IC*,IC*******,
,,,,,,,,
Vi******,Au*******,30**,-3******,14****,Au*****************,Er***********,Er**,AS*****************
Be*****,Ch***,10****,39*****,11*****,As***********,CH****************************,Jn********,AS***********************************
Ne********,Un***********,79**,40*****,-7******,Am**************,Av********,Av********,AS****************
Ta********,In***,60****,13*******,80******,As**********,Mi*******************,Mi********************************,AS**************************
Wa********,Un***********,98***,46*****,-1*******,Am*****************,Pi***********,Pi***********,AS*******************
Si*****,Po****,42****,50*****,19*****,Eu***********,In****************************,In****************************,AS************************************
,,,,,,,,
Me********************,Ge*****,19***,53*****,10*****,Eu***********,Vo**************,AR******,AS******************
Be*****,Ch***,,39*****,11*****,As***********,CT****,Ch******************************************,
Ca********,Un***********,94***,37****,-1******,Am*****************,Ba*************,Ba***********************************,
No************,Un***********,,35*****,-8******,Am**************,Ap********,Ap*******,AS**************
,,,,,,,,
Be*****,Ch***,10****,39*****,11*****,As***********,Ch**************************,He******************,AS**********************************
En*****,Un************,W1*,51*****,-0*******,Eu***********,Be*********,Be*********,
Vi******,Un***********,22***,38*****,-7******,Am**************,In****************************,In****************************,AS*************************************
Mi******,Un***********,48***,42*****,-8******,Am*************,Fo****************,Fo****************,
Îl***********,Fr****,75***,48*****,2.*****,Eu**********,TV*****,Fr*********************,
Ha*************,Fr****,62***,50*****,1.*****,Eu**********,Pr***********************,Pr***************,AS**************
Be*****,Ch***,,39*****,11*****,As***********,CT****,Ch******************************************,
He***,Ge*****,65***,50*****,8.*****,Eu***********,AR******,Ar***********,AS******************
Sa*****,Ja***,33******,35*****,13******,As********,So*****************************,So******************************,AS*************************************
Ne******,Un***********,10***,40*****,-7*****,Am**************,AT*****************,AT*******,AS************************
Sã*******,Br****,01*******,-2******,-4******,Am***************,TI*****,TI*****,AS*************
Oc*******,Fr****,34***,43*****,3.****,Eu**********,So******************************************,,AS**************************************************
No********************,Ge*****,48***,52*****,7.*****,Eu***********,UN***,BE********************************,AS*****************
No************,Un***********,27***,35****,-7******,Am**************,Un***************************,Un**************************,
Mo****,Ru****,12****,55*****,37*****,Eu***********,Te**********************,Te***********************,AS*******************************
Ca********,Un***********,94***,37*****,-1******,Am*****************,He********************************,He********************************,
,,,,,,,,
Wa********,Un***********,98***,47*****,-1******,Am*****************,Ho************,Ho***********,AS********************
Co******,Un***********,80***,39*****,-1******,Am************,Sp******,Ch************************,
He***,Ge*****,60***,50*****,8.*****,Eu***********,Am**********************,AW********************,AS**********************
Me**********,Sa**********,,21*****,39****,As*********,In****************,Mo*****************,AS********************************************
Îl***********,Fr****,75***,48*****,2.*****,Eu**********,BO**************,,AS************************
Kh***********,Na*****,,-2******,17*****,Af*************,Te*************,Te*************,AS*********************
,,,,,,,,
No************,Un***********,27***,35****,-7******,Am**************,Un***************************,Un**************************,
Vi******,Au*******,30**,-3*****,14******,Au*****************,Au**************************************,Ro*******************************************************,AS******************************************************
Ka****,Un***********,66***,38*****,-9******,Am*************,Sp***********************,Sp***********************,
To***,Ja***,10******,35*****,13*****,As********,AR**************************,AR********************,AS**********************************
Wa********,Un***********,98***,47*****,-1******,Am*****************,Am********,Am*************,
To***,Ja***,15******,35*****,13******,As********,In****************************,Ho******,AS***********************************
Oh**,Un***********,43***,39*****,-8******,Am**************,Do****************************,Do****************************,AS**********************************
Oh**,Un***********,43***,39*****,-8******,Am**************,Do****************************,Do****************************,AS**********************************
,,,,,,,,
Ri************,Br****,,-2******,-4******,Am***************,Cl*****************************,Cl*****************************,AS*************************************
Be*****,Ch***,,39*****,11*****,As***********,No************************************,No************************************,
Vi******,Un***********,20***,39****,-7******,Am**************,Ve**************,Ve**************,
Wi*******,Un***********,54***,43*****,-9******,Am*************,Ce*********,Ce**************,AS*****************
,,,,,,,,
Uu*****,Fi*****,24*,60****,24*****,Eu*************,Ci******,Ci******,AS**************
Ba***************,Ge*****,70***,48*****,9.*****,Eu***********,Me********************,Da********,AS****************************
Mi******,Un***********,48***,42*****,-8******,Am*************,Fo****************,Fo****************,
No************,Un***********,27***,35****,-7******,Am**************,IB*,IB*,
Sã*******,Br****,10**,-2******,-4******,Am***************,Vi**,TE*******************,AS***************************
No************,Un***********,28***,35****,-8******,Am**************,Un***************************************,Un***************************************,AS***********************************************
Oh**,Un***********,43***,39*****,-8******,Am**************,Do****************************,Do****************************,AS**********************************
Be*****,Ch***,,39*****,11*****,As***********,No************************************,No************************************,
Oh**,Un***********,43***,39*****,-8******,Am**************,Do****************************,Do****************************,AS**********************************
Sã*******,Br****,01*******,-2******,-4******,Am***************,V ***,V ***,AS**********
He***,Ge*****,60***,50*****,8.****,Eu***********,CO************************************,CO**********,AS*******************************************
,,,,,,,,
,,,,,,,,
Fr********************************,Ge*****,20***,53*****,9.*****,Eu***********,TN****************,Ft***************,AS************************
Io**,Un***********,50***,41*****,-9******,Am*************,Mi*******************,Mi*******************************,AS**************************
,,,,,,,,
An*******,Sp***,29***,36*****,-4*****,Eu***********,Te**********************,RI************************,AS********************************
Ce**********,In*******,,-7*****,11******,As**********,PT*************,IO*****,AS**************************************
Gy*********,So*********,13***,37*****,12*****,As********,Ko***********,Ko****,AS******************
Oh**,Un***********,43***,40*****,-8******,Am**************,Am**************,AW*****************,AS**********************
Ne*************,Au*******,10**,-3******,15*****,Au**************,Te**************,,AS****************************
Al*****,Un***********,36***,32*****,-8******,Am*************,Do****************************,Ai**************************,AS**********************************
En*****,Un************,CR*,51*****,-0*****,Eu***********,BT************************,,AS***********************************
Fr********************************,Ge*****,22***,53*****,10*****,Eu***********,Te*************************,Te*************************,AS*************************************
En*****,Un************,W1*,51*****,-0*******,Eu***********,Am**********************,Am*********************,
Il******,Un***********,60***,41*****,-8******,Am*************,Ar*************************,Ar*************************,AS*******************************
Wa********,Un***********,98***,47****,-1******,Am*****************,Am********,Am*************,
Ne********,Un***********,70**,40*****,-7******,Am**************,St****************,Da**************,AS******************************
Ne******,Un***********,10***,40*****,-7*****,Am**************,Ce*********,Ce**************,AS***********************************
Oh**,Un***********,43***,39*****,-8******,Am**************,Do****************************,Do****************************,AS**********************************
To***,Ja***,10******,35*****,13*****,As********,So***************,Ja*******************************************,AS********************
Ky***,Ja***,61******,34****,13******,As********,Ki******************************,Ki*************************,AS**************************************
,,,,,,,,
En*****,Un************,HP**,51****,-0*****,Eu***********,BT************************,,AS***********************************
,,,,,,,,
To***,Ja***,10******,35*****,13****,As********,D-******,To************************,AS***************************************
Ca********,Un***********,94***,37*****,-1******,Am*****************,BA***,BA***,
Gu*****,Ch***,,23*****,10*****,As***********,Ch******,Ch*********,AS**********************
Il******,Un***********,60***,41*****,-8******,Am*************,Go***************,Go**************,AS***********************
,,,,,,,,
Wa********,Un***********,98***,47*****,-1******,Am*****************,Wa**********,Wa***********,AS****************
Mi******,Un***********,65***,38*****,-9******,Am*************,Un**********************************************************************,Li****************,AS***************************************************************************************
Or****,Un***********,97***,45*****,-1******,Am*****************,Am**************,AW*****************,AS**********************
Me*********,Me****,11**,19**,-9******,Am*****************,UN****,Ge********************************,AS***********
,,,,,,,,
Vi******,Au*******,30**,-3******,14*****,Au*****************,Un******************************,Un******************************,AS**************************************
Te*******,Un***********,37***,35*****,-8******,Am**************,Pe**********************,Pe**********************,AS*****************************
Gu*******,Ch***,,23****,11*****,As***********,Ch******,Ch*********,AS**********************
Be*****,Ch***,,39*****,11*****,As***********,CN**************,,
No***************,So*********,28***,36*****,12******,As********,Ko***********,Ko****,AS******************
Zh******,Ch***,,29*****,12*****,As***********,Ch******,,AS**********************
,,,,,,,,
To***,Ja***,13******,35****,13******,As********,In***********************,In****************************,AS*********************************
Sa************,Br****,88***,-2******,-4******,Am***************,Vi**,TE*******************,AS***************************
Pr****,Cz*****,12****,50*****,14*****,Eu***********,Ne*********************,Ig**********,AS**********************
Ti*****,Ch***,,39*****,11*****,As***********,CN*****************************************,,AS***********************************
Mi*****,Ve*******,,10****,-6******,Am*************,TE*************************,TE************************,AS********************************
Ri************,Br****,,-2******,-4******,Am***************,TI*****,Ti**************,AS*************
Ge*****,Un***********,30***,33*****,-8******,Am**************,AT***************,AT***************,
Gi**,Eg***,,30*****,31*****,Af**********,Et***********,,AS*******************
To***,Ja***,10******,35****,13*****,As********,Am*********************,Am*********************,
,,,,,,,,
,,,,,,,,
Bu******,Hu*****,10**,47*****,19*****,Eu*************,Te*****************,Te******************,AS**************************
Bo*******,Al*****,35***,36*****,3.****,Af************,Al*************,,AS*********************
Or****,Un***********,97***,45*****,-1******,Am*****************,Am**************,AW*****************,AS**********************
Ne********,Un***********,79**,40*****,-7******,Am**************,AT***********,AT********************,
Oh**,Un***********,43***,39*****,-8******,Am**************,Do****************************,Do****************************,AS**********************************
,,,,,,,,
On*****,Ca****,M5*,43****,-7******,Am*************,ER*,,
Gu*******,Ch***,,23*****,11******,As***********,Ch******,Ch*********,AS**********************
In*****,Un***********,46***,39*****,-8******,Am*************,El*******************,El*******************,AS**************************
Is******,Tü*****,34***,41*****,28*****,Eu*************,Ak*****************,,AS*******************************
Ch***,Ja***,27******,35*****,13******,As********,Op*******************,Op*******************,AS***********************************
Al*****,Un***********,36***,32*****,-8******,Am*************,Do****************************,Ai**************************,AS**********************************
Fl*****,Un***********,33***,28*****,-8******,Am**************,Ve***********************,Ve***********************,
He**********,Ch***,15****,45*****,12*****,As***********,CN**********************************************,,AS***********************************
Se***,So*********,45**,37*****,12******,As********,SK*****************,br*******,AS************************
,,,,,,,,
Ne******,Un***********,12***,42*****,-7******,Am**************,Ch********************,Sp******,AS********************************
Ne******,Un***********,10***,40*****,-7*****,Am**************,MC*,Ve**************,AS********
,,,,,,,,
Ca********,Un***********,92***,33*****,-1*******,Am*****************,AT*****************,AT*******,AS************************
Ky***,Ja***,60******,35*****,13******,As********,NT****************************,Op*******************,AS***********************************
Te***,Un***********,75***,32*****,-9******,Am*************,Co*************,Co*************,AS*********************
Te***,Un***********,75***,32*****,-9******,Am*************,AT*****************,PP***********************,AS************************
On*****,Ca****,N4*,43*****,-8******,Am*************,Ro*******************************,Ro********************,AS*************************************
Ne******,Un***********,12***,42*****,-7******,Am**************,Kn***************************,Kn***************************,
Qu****,Ca****,J0*,45*****,-7******,Am*************,Co******************,Co******************,AS**************************
Oh**,Un***********,43***,39*****,-8******,Am**************,Do****************************,Do****************************,AS**********************************
Me*********,Me****,98**,19*****,-9*****,Am*****************,Un*****************,UN****,AS***********
Oh**,Un***********,43***,39*****,-8******,Am**************,Do****************************,Do****************************,AS**********************************
La***,Ni*****,,6.*****,3.*****,Af**********,MT*******************************,MT*********,AS***************************************
Fe**************,Br****,70***,-1******,-4******,Am***************,TE*******************,Gl********************,AS***************************
Ca********,Un***********,94***,37*****,-1******,Am*****************,AT*****************,Li*************,AS************************
Ca********,Un***********,94***,37*****,-1******,Am*****************,Or****************,Or****************,
,,,,,,,,
Oh**,Un***********,43***,39*****,-8******,Am**************,Do****************************,Do****************************,AS**********************************
En*****,Un************,RM*,51*****,0.****,Eu***********,EE********,EE******,AS****************
Gu*******,Ch***,,22*****,11******,As***********,Ch******,Ch*********,AS**********************
Ar*****,Un***********,85***,32****,-1******,Am*************,Co*******************************,Co*******************************,AS***************************************
Sã*******,Br****,13***,-2******,-4******,Am***************,Cl*****************************,Cl*****************************,AS*************************************
To***,Ja***,28******,35*****,13*****,As********,NT****************************,NT****************************,AS************************************
Ne******,Un***********,12***,42*****,-7*****,Am**************,Ch********************,Sp******,AS********************************
,,,,,,,,
Lu*************,Za****,,-1******,28****,Af***********,Ai***********,,AS*********************
Ge*****,Un***********,30***,33*****,-8******,Am**************,Ge**************************,Ge**************************,AS*********************************
Am*************,Ye***,,15*****,44*****,As*******,Fi************,Fi********,AS********************
Ca********,Un***********,95***,37*****,-1*****,Am*****************,Ap********,Ap*******,AS**************
Wy*****,Un***********,82***,41******,-1*********,Am************,Mi*******************,Mi***********************************,AS**************************
Ve****,It***,35***,45*****,12*****,Eu*********,Te****************,IN***********,AS**************************
Mi*******,Un***********,55***,44*****,-9******,Am*************,Ma********************************************,Ma********************************************,AS*******************************************************
Oh**,Un***********,43***,40*****,-8******,Am**************,Am********,Am**********************************,
Sã*******,Br****,10**,-2******,-4******,Am***************,Vi**,TE*******************,AS***************************
,,,,,,,,
Fl*****,Un***********,33***,27*****,-8******,Am**************,Ch********************,Sp******,AS*********************************
,,,,,,,,
Gy*********,So*********,16*,37****,12******,As********,SK*****************,SK*****************,AS************************
Ne********,Un***********,71**,40*****,-7******,Am**************,Ve**************,Ve**************,AS**********************
Lo******,It***,24***,45*****,9.****,Eu*********,IN***********,,AS**************************
Lo*******,Un***********,71***,32*****,-9******,Am*************,Le**************************,Le**********,AS************************
Ne******,Un***********,10***,40*****,-7*****,Am**************,Un***************************,Un**************************,
Ta****,Ta****,,25****,12*****,As*********,Ch************************,Ch***********************,AS**************************************
No********,Si*******,85****,1.***,10******,As************,Hu***************************,,AS********************
Is******,Tü*****,34***,41*****,28*****,Eu*************,Vo************************,Vo****************************,AS************************************
An****,Tü*****,60**,39*****,32*****,Eu*************,Do************,Do**********************************************,AS******************************************************
No************,Un***********,28***,35*****,-8******,Am**************,Fl***********************,Fl**********************,AS*******************************
Te***,Un***********,77***,29*****,-9******,Am*************,AT*****************,St****************************,AS************************
Wa******,Ja***,64******,34*****,13*****,As********,OP*********,OP*********,AS*****************
To***,Ja***,10******,35*****,13*****,As********,SO***********,SO***********,
Il******,Un***********,60***,41*****,-8******,Am*************,AT*****************,PP**********************,AS************************
Sh******,Ch***,,31*****,12*****,As***********,CH******,Ch******,
To***,Ja***,15******,35*****,13*****,As********,Am**********************,AW**********************,AS**********************
Ca********,Un***********,94***,37*****,-1******,Am*****************,He*********************,He*********************,
Ji*****,Ch***,,28*****,11****,As***********,Ch******,Ch*********,AS**********************
Uu*****,Fi*****,12**,60*****,25*****,Eu*************,El*******,El*******,AS*************
Se******,Ma******,63***,2.****,10******,As***************,TM****************************,Ad***********,AS*************************************
Bu**********,Ar*******,17**,-3***,-5******,Am****************************,Un**********************************,Un**********************************,AS*****************************************
Ba***************,Ge*****,76***,49*****,8.***,Eu***********,De*****************,De*****************,AS************************
We***************,Au*******,60**,-3******,11******,Au*************,Te**************,,AS****************************
Ba*******,Az********,,40*****,49*****,As*******,AZ**********,,AS**************************
Ta*********,Ta****,,25*****,12******,As*********,As********************************,AP**,AS**************************************
En*****,Un************,EC**,51*****,-0*****,Eu***********,Am********,Am*************,
,,,,,,,,
Si*****,Ch***,,30*****,10*****,As***********,Ch******,Ch*********,AS**********************
,,,,,,,,
Ca********,Un***********,94***,37*****,-1******,Am*****************,Ch*****************,Ch*****************,
Mi******,Un***********,48***,42****,-8******,Am*************,Wi**********************,Wi************,AS******************************
Ta*********,Ta****,,25*****,12******,As*********,Fa*************************************,FE****,AS*********************************************
Mi******,Un***********,49***,41****,-8******,Am*************,Ch********************,Sp******,AS****************************
Ky*******,Uk*****,,50*****,30*****,Eu*********,CJ**********************************,CJ**********************************,
Ka****,Un***********,66***,38*****,-9******,Am*************,Ka***********************************,Ka***********************************,AS******************************************
No************,Un***********,27***,35****,-7******,Am**************,IB*,IB*,
Mi******,Un***********,48***,42*****,-8******,Am*************,Fo****************,Fo****************,
,,,,,,,,
Ut*****,Th*************,35**,52*****,5.*****,Eu**************,SU********,SU********,
,,,,,,,,
Oh**,Un***********,43***,39*****,-8******,Am**************,Do****************************,Do****************************,AS**********************************
Kr************,Ru****,35****,43*****,39*****,Eu***********,Dm*****************,Dm*****************,AS********************
,,,,,,,,
On*****,Ca****,M4*,43*****,-7******,Am*************,Ro*******************************,Ro********************,AS*************************************
,,,,,,,,
Au**************************,Au*******,26**,-3******,14*****,Au**************,DO*******,,AS***********************
Ba*****,Th******,10***,13*****,10****,As**********,Ad***************************************,Ad***************************************,AS*******************************
To***,Ja***,10******,35*****,13*****,As********,JP***,,
Pl**********************,Ma*******,,-2******,57*****,In**************,Af***************************************************,,
No************,Un***********,27***,35****,-7******,Am**************,IB*,IB*,
Co******,Un***********,80***,39*****,-1******,Am************,Co**************************,Co*************************,AS**************************************
Sa*******************,Ch***,85*****,-3******,-7******,Am**************,Cl*************,Cl*************,
Te***,Un***********,77***,29*****,-9******,Am*************,AT*****************,AT**********,AS************************
Be*****,Ch***,,39*****,11*****,As***********,ID***************************************,Ch********************************,AS***********************************************
To***,Ja***,10******,35*****,13******,As********,Kd**************,Kd**************,AS*********************
Oi**,Ja***,87******,33*****,13******,As********,Re*****************************************************************************,Oi*************,AS****************************************************************************************
Ma******,Ca****,R2*,49*****,-9******,Am**************,Wi************************,Tr************,AS*********************************
,,,,,,,,
Ce************,Se****,,44*****,20*****,Eu*************,Be*****************,Be*****************,AS************************
,,,,,,,,
En*****,Un************,TW**,51*****,-0*****,Eu***********,Vi**********,,AS*************************
Oh**,Un***********,43***,39*****,-8******,Am**************,Do****************************,Do****************************,AS**********************************
Ri************,Br****,20*******,-2******,-4******,Am***************,Am**********************,AW*********************,AS**********************
Sã*******,Br****,01*******,-2******,-4******,Am***************,Cl********,Cl*******,AS***************
Ma************,In***,,23*****,77*****,As**********,BH*********************************,Bh*******************,
,,,,,,,,
Qu****,Ca****,H4*,45*****,-7******,Am*************,Mc***************,Mc***************,AS***********************
,,,,,,,,
,,,,,,,,
Ga*****,So**********,18*,-2******,28*****,Af*****************,Te************,Te***************,AS*******************
Ba***************,Ge*****,70***,48*****,9.*****,Eu***********,Me********************,Da********,AS****************************
Ty***,Au*****,65**,47*****,10*****,Eu***********,MY***,my**********************,AS****************
Ca********,Un***********,95***,38*****,-1******,Am*****************,Co*******************************,Co*************************,AS***************************************
En*****,Un************,W1*,51*****,-0*******,Eu***********,Am**********************,Am*********************,
Ba***************,Ge*****,70***,48*****,9.*****,Eu***********,Me********************,Da********,AS****************************
Oh**,Un***********,43***,39*****,-8******,Am**************,Do****************************,Do****************************,AS**********************************
Oh**,Un***********,43***,39*****,-8******,Am**************,Do****************************,Do****************************,AS**********************************
Ka****,Un***********,66***,39*****,-9******,Am*************,Co*********************,Co*********************,AS*****************************
Gy*********,So*********,13***,37*****,12*****,As********,Ko***********,Ko***********,AS******************
Al*****,Ca****,T5*,53*****,-1*******,Am**************,TE**********************,TE******************,AS*****************************
Bu***************,Ar*******,18**,-3******,-5******,Am****************************,Te********************,Te*****************,AS***************************
Ca********,Un***********,90***,33*****,-1******,Am*****************,Ya**********************,YA*****************************,
Ce************,Ug****,,0.*****,32*****,Af************,Af*******,Pl**************************,AS****************************************
,,,,,,,,
En*****,Un************,W1*,51*****,-0*******,Eu***********,UK********************,UK********************,
Te***,Un***********,77***,29*****,-9*****,Am*************,Ho******************************,Ho******************************,AS**************************************
Or****,Un***********,97***,45*****,-1******,Am*****************,Be****************,Am**********************************,
,,,,,,,,
,,,,,,,,
Zu****,Sw*********,80**,47*****,8.*****,Eu***********,Cr*****************,Cr*****************,
Gy*********,So*********,14*,37*****,12******,As********,CJ**********,HV*******,AS**************************
,,,,,,,,
Ne***********,Ca****,E7*,46*****,-6*****,Am*************,Ne*******************************************************************,Ne***********************************,AS***************************************************************************
Rī**,La****,LV*****,56*****,24*****,Eu*********,Te**************,Te**********,AS*********************
Mé****,Me****,52***,19*****,-9******,Am*****************,Un*****************,UN****,AS***********
Vi******,Un***********,23***,36*******,-7*******,Am**************,Mi*******************,Mi*********************************,AS**************************
Hy***,Ja***,65******,34*****,13******,As********,Re*****************************************************************************,Ko**************,AS****************************************************************************************
Si*****,Ch***,,30*****,10*****,As***********,Ch******,Ch*********,AS**********************
Oh**,Un***********,44***,41****,-8******,Am**************,Ch********************,Sp******,AS********************************
Li*****,Th*************,61**,51*****,5.*****,Eu**************,DS*,Ro**********,
Il******,Un***********,60***,41****,-8******,Am*************,Ch********************,Ch********************,
In*****,Un***********,46***,39*****,-8******,Am*************,El*******************,El*******************,AS**************************
He***,Ge*****,60***,50*****,8.*****,Eu***********,Te**********************,Te**********************,AS************************
Ar*****,Un***********,85***,31*****,-1*****,Am*************,CO*******,Dr**,AS**********************************
,,,,,,,,
Pi*******,Ec*****,,-0*****,-7******,Am***************,Te**********,Ec**********************************************,AS******************
Fl*****,Un***********,33***,26*****,-8****,Am**************,Co**************************,Co*************************,AS***************************************
Gä**************,Sw****,80****,60*******,17*****,Eu**************,Mi*******************,Mi***********************************,AS**************************
Ta****,Ta****,,25****,12*****,As*********,Te***************************,Na*************************************,AS*******************
Sh******,Ch***,26****,36*****,11*****,As***********,Ch************************************,,AS***********************************
,,,,,,,,
La***************,Bo*****,,-1******,-6******,Am************,Te*******************************,Te*******************************,
Oh**,Un***********,43***,39*****,-8******,Am**************,Do****************************,Do****************************,AS**********************************
Sh******,Ch***,,31*****,12*****,As***********,Ch*******************,Ch*********,AS**************************
,,,,,,,,
Sa****,Ge*****,82**,50****,12****,Eu***********,He*****************,He*****,AS*************************
Qu****,Ca****,H4*,45*****,-7******,Am*************,IB*,IB*,
En*****,Un************,W1*,51*****,-0*******,Eu***********,Am**********************,Am*********************,
En*****,Un************,W1*,51*****,-0*******,Eu***********,MI*******,Mi***************,AS**************************
Gu*******,Ch***,,23****,11******,As***********,Hu******************************,Hu******************,AS**************************************
,,,,,,,,
Mi******,Un***********,64***,38*****,-9******,Am*************,In************************,In************************,AS*************************
Lu****,Po****,20****,51*****,22*****,Eu***********,ac*************************,,AS***************************************
Ku****************,Po****,86****,53*****,18*****,Eu***********,Ne******,IN********,AS**************
Te***,Un***********,75***,33*****,-9******,Am*************,Su***********************,Su***********************,AS*************
Oh**,Un***********,43***,39*****,-8******,Am**************,Do****************************,Do****************************,AS**********************************
To***,Ja***,10******,35*****,13****,As********,Kd**************,Kd**************,AS*********************
Ha************,Sw****,43****,57*****,12*****,Eu**************,Te**************,Te********************,AS*********************
So********,Si*******,,1.*****,10*****,As************,Qo**********,Qo**********,AS*******************
En*****,Un************,W1*,51*****,-0*******,Eu***********,UB****,UB****,AS************
Ca************,De*****,26**,55*****,12*****,Eu***************,Te*************,Cy***********,AS****************
Ne****,Un***********,89***,36****,-1*******,Am*****************,Ce*****************************,Ce*****************************,AS***********************************
Le******,Ir*****,D0*,53*****,-6******,Eu***********,Be****************,AW*****************,AS**********************
Co************,Gu****,,9.*****,-1******,Af************,Ar**************,2n****,AS**********************
Ar*****,Un***********,85***,31*****,-1*****,Am*************,Do****************************,US****,AS**********************************
Sh******,Ch***,26****,36*****,11*****,As***********,CN******************************************,,AS***********************************
Mo*****,Un***********,59***,45*****,-1*******,Am************,Mo**********************,Mo**********************,AS******************************
Ke******,Un***********,40***,38*****,-8******,Am**************,Le*****,Pl*******************,AS************************
Kw********,Ho*******,,22*****,11*****,As************,HG*******************************,HG*******************************,AS**************************************
Ce***************,Si*******,14****,1.*****,10*****,As************,Si**********************************************,Si*************,AS****************************
Te***,Un***********,75***,32*****,-9******,Am*************,Co*************,Co*************,AS*********************
He**********,Ch***,15****,45*****,12*****,As***********,Ch*************************************,Ch**********,AS********************************************************
Ne******,Un***********,10***,40*****,-7*****,Am**************,Ve**************,Ve**************,AS**********************
Ba*****,Th******,10***,13*****,10*****,As**********,Ad***************************************,Ad******************************************,AS*****************************************
Mi*****,Ve*******,,10*****,-6******,Am*************,CA*************,CA************************,
In*****,Un***********,47***,40*****,-8******,Am*************,Pu***************,Pu***************,AS************************
Ma***********,Un***********,24**,42*****,-7******,Am**************,Co*******************************,Co*******************************,AS**************************************
En*****,Un************,W1*,51*****,-0*******,Eu***********,So********************************************************,So********************************************************,
To***,Ja***,15******,35*****,13******,As********,NT****************************,OC*,AS***********************************
,,,,,,,,
Zu****,Sw*********,80**,47*****,8.****,Eu***********,Am********,Am******************************,AS**********************
Al********,Ru****,65****,53*****,83*****,As**********,TO*************,CJ**********************************,AS******************************
Ce**************,Is****,,32*****,34*****,As************,Ce**********************************,01*******************,AS*****************************************
,,,,,,,,
,,,,,,,,
Na************,Ke***,98**,-1*****,36*****,Af************,Ai*******************************,,AS************************
Pa*************,Cz*****,57****,49*****,16*****,Eu***********,Fo***********,,AS************************************
Ca********,Un***********,93***,36*****,-1******,Am*****************,Un*********************************,Am**********************************,AS****************************************
To***,Ja***,15******,35*****,13******,As********,AR**************************,GM****************,AS*********************************
To***,Ja***,10******,35*****,13****,As********,NT*********,Ni*********************************************,AS***********************
Gy*********,So*********,56**,37*****,12*****,As********,SA********,Sa********,
Vi******,Un***********,22***,38*****,-7******,Am**************,Bo**********************,Ad***********************,AS*****************************
Em************,It***,42***,44*****,10*****,Eu*********,Fa*********,FA******************,AS*****************
Ch*******,Ch***,,29*****,10******,As***********,Ch***********,,AS**********************
Na*********************************,In***,11****,28*****,77****,As**********,Ba*************,Ba******************,
Kh******,Su***,,15*****,32*****,Af*************,MT****,,
En*****,Un************,DL*,54*****,-1*****,Eu***********,Vo******,Vo**************,AS*********************
Is******,Tu****,34***,40*****,29****,Eu*************,Er*********************************************,Er***********,AS******************************************************
Ne******,Un***********,13***,43*****,-7******,Am**************,Ch********************,Sp******,AS********************************
Lo*******,Un***********,70***,29*****,-9******,Am*************,Ve**************,Be***********,AS********************
Da**************************************,In***,36****,20*****,70*****,As**********,Bh*******************,Bh*******************,
Me**********,Ph*********,15**,14*****,12******,As*********,Ph************************************,Ph****************************************,AS***********************************************
Be**,Sw*********,30**,46*****,7.*****,Eu***********,Sw***********************************,Sw***********************************,AS*******************************************
Te*******,Un***********,38***,36*****,-8******,Am*************,AT********,Te************************,AS****************
Oh**,Un***********,45***,39*****,-8******,Am**************,Do****************************,Ai**************************,AS*********************************
,,,,,,,,
Sh******,Ch***,,31*****,12*****,As***********,Or***********************,Or******************************,AS*************************************
,,,,,,,,
No************,Un***********,27***,35*****,-7****,Am**************,Ch********************,Sp******,AS********************************
Io**,Un***********,,41*****,-9******,Am*************,Go********,Go************************,AS*****************
Ca***************,Mo*****,,33*****,-7*****,Af***************,CA******************,,AS********************************************************************************
Mi******,Un***********,64***,39*****,-9****,Am*************,Ha*****************,Ha*****************,AS*************************
Ha****,Un***********,96***,21*****,-1******,Pa**************,Sy***********************,En**********,AS*******************************
Gu*****,Ch***,55****,26*****,10****,As***********,Ch******,Ch*********,AS**********************
,,,,,,,,
En*****,Un************,W1*,51*****,-0*******,Eu***********,Am**********************,Am*********************,
Ne********,Un***********,71**,40*****,-7*****,Am**************,Th*****************************************,Th*****************************************,
Ba***************,Ge*****,70***,48*****,9.*****,Eu***********,Ro***************,Ro*************************************************,AS********************************************************
Gu*******,Ch***,,22*****,11******,As***********,Ch******,Ch*********,AS**********************
En*****,Un************,W1*,51*****,-0*******,Eu***********,Am**********************,AW*****************,AS**********************
Oh**,Un***********,43***,39*****,-8******,Am**************,Do****************************,Do****************************,AS**********************************
Oh**,Un***********,43***,39*****,-8******,Am**************,Do****************************,Do****************************,AS**********************************
,,,,,,,,
Ca********,Un***********,94***,37*****,-1******,Am*****************,Am********,DX******************************,
Vä********************,Sw****,41****,57*****,11****,Eu**************,Te**************,Te********************,AS*********************
Ne***********************,Ca****,A1*,47*****,-5******,Am**************,Xp**************************,Xp**************************,
Ca********,Un***********,94***,37*****,-1******,Am*****************,He********************************,He********************************,
Wa******,Be*****,62**,50*****,4.****,Eu*************,UO******,Un*****************,AS***********
Be*****,Ch***,,39*****,11*****,As***********,CD*****,Cd*****,
Ok******,Un***********,73***,36*****,-9******,Am*************,Ra***************,Ra***************,AS***********************
Or****,Un***********,97***,45*****,-1*******,Am*****************,Co*******************,Co***************************,AS*************************
Sa************,Br****,89***,-2******,-4******,Am***************,TE*******************,Gl********************,AS***************************
Ma****,Sp***,28***,40*****,-3******,Eu***********,GT*********************,Ep****,AS****************************
Ku**********,Ma******,50***,3.****,10******,As***************,TM****************************,Ad***********,AS*************************************
Co******,Un***********,80***,40*****,-1******,Am************,US**,US***********************,AS*********
Oh**,Un***********,43***,39*****,-8******,Am**************,Do****************************,Do****************************,AS**********************************
Oh**,Un***********,43***,39*****,-8******,Am**************,Do****************************,Do****************************,AS**********************************
Qu********,Au*******,41**,-2******,15******,Au****************,Te*************************,Te*****************,AS****************************
Ku**********,Ma******,50***,3.*****,10*****,As***************,Gl***************************,Gl***************************,AS**********************************************
Ca********,Un***********,94***,37*****,-1******,Am*****************,He*********************,He*********************,
Da*****,So*********,30****,36*****,12*****,As********,Da*****************************,Kr**,AS*************************************
He***,Ch***,45****,34*****,11*****,As***********,CN***************************************,,AS***********************************
Gy*********,So*********,,37*****,12*****,As********,Ko***********,Ko****,AS******************
Fl*****,Un***********,32***,30*****,-8******,Am**************,Ar**************,Hi*******************************,AS*********************
Oh**,Un***********,43***,39*****,-8******,Am**************,Do****************************,Do****************************,AS**********************************
Vi******,Un***********,20***,39*****,-7******,Am**************,Am**********************,AW*****************,AS**********************
Bu******,No****,33**,59*****,9.****,Eu*********,Te***********,,AS*********************
In*****,So*********,21*,37*****,12*****,As********,IT**,,AS********************
Ba************,Sp***,48***,43****,-2*****,Eu***********,Un********************************************************,Un********************************************************,AS****************************************************************
To***,Ja***,17******,35*****,13******,As********,JC************,JC***********,AS*******************
,,,,,,,,
Ca********,Un***********,94***,37*****,-1******,Am*****************,Or****************,Or****************,
En*****,Un************,W1*,51*****,-0*******,Eu***********,Mo***********************,Mo**********************,
Fl*****,Un***********,33***,25*****,-8******,Am**************,Ak***********************,Ak***********************,AS*******************************
Ce**************************,Ho*******,0****,22****,11*****,As************,Mi*******************,Mi******************************,AS**************************
No********************,Ge*****,33***,52*****,8.*****,Eu***********,T-**************************,T-**************************,
,,,,,,,,
No********************,Ge*****,40***,51*****,6.*****,Eu***********,Te*******************************,Te***************************,AS*************************************
,,,,,,,,
Ce************,Ug****,,0.***,32*****,Af************,Na**********************************************,Na**********************************************,AS*******************************************************
Lo******,It***,20***,45*****,9.*****,Eu*********,Hi************,At******,AS********************
To***,Ja***,10******,35*****,13*****,As********,Hi***********************************************,Hi*******************,AS******************************************************
Te***,Un***********,77***,29*****,-9*****,Am*************,Sc******************,Sc******************,AS***********************
,,,,,,,,
,,,,,,,,
Rh**********,Un***********,28**,41*****,-7******,Am**************,i3**********,i3**********,AS******************
En*****,Un************,W1*,51*****,-0*******,Eu***********,Mi*******************,Mi*******************,
To***,Ja***,10******,35*****,13*****,As********,So***************,Ja*****************************************,AS********************
Ke******,Un***********,40***,37*****,-8******,Am**************,Sp******,Ro*********,AS********************************
So************,Un***********,,32*****,-8*****,Am**************,Go********,Go*********************,AS*****************
Il******,Un***********,60***,41*****,-8******,Am*************,AT*****************,HY********************,AS************************
He***,Ge*****,60***,50*****,8.*****,Eu***********,Do****************************,Ai**************************,AS**********************************
St**************,Sw****,10****,59*****,18*****,Eu**************,PR*******,,
Na******,Do****************,10***,18*****,-6******,Am*******************,Ba************************,Ba************************,AS*********************************
,,,,,,,,
Co*********,Un***********,68**,41*****,-7******,Am**************,Fa**********************,Fa***************************,
No****************,Fr****,33***,44*****,-0*****,Eu**********,Pr***********************,Pr***************,AS**************
Be*****,Ch***,,39*****,11*****,As***********,Al**********************************************,Al******************,
Lo******,It***,20***,45*****,9.*****,Eu*********,Te*******************,Te*******************,AS***************************
Pr****,Cz*****,11****,50*****,14*****,Eu***********,T-*********************,PC****************,AS**********************************
Be*****,Ch***,10****,39*****,11*****,As***********,Ch***********,Be****************************************,AS********************************************
Ne******,Un***********,12***,42*****,-7******,Am**************,Sp******,Ro***************************,AS********************************
Ar*****,Un***********,85***,33*******,-1*********,Am*************,Mi*******************,Mi*****************************,AS**************************
,,,,,,,,
Vi******,Un***********,23***,36*****,-7******,Am**************,Do****************************,Na*****************************,AS**********************************
Ca********,Un***********,94***,37****,-1******,Am*****************,Go********,Go********,AS*****************
,,,,,,,,
,,,,,,,,
Îl***********,Fr****,75***,48*****,2.*****,Eu**********,So******************************************,SF***********,AS**************************************************
Mi*****,Ve*******,,10*****,-6******,Am*************,TE*************************,TE************************,AS********************************
No************,Un***********,27***,35****,-7******,Am**************,Un***************************,Un**************************,
Ku**********,Ma******,59***,3.****,10******,As***************,TM****************************,Ad***********,AS*************************************
Se***,So*********,45***,37*****,12******,As********,Ko***************,Ko*******,AS**********************
We***********,Un***********,25***,39*****,-7******,Am**************,Co**************************,Co****************************************,AS***************************************
Fr********************************,Ge*****,22***,53*****,9.****,Eu***********,De*****************,De*****************,AS************************
On*****,Ca****,M5*,43****,-7******,Am*************,Co*******************,Di*****************************,AS*************************
Ai***,Ja***,46******,35****,13******,As********,KA****************,KA***,AS************************
Ar*****,Un***********,85***,33*****,-1******,Am*************,Go**************,Go**************,AS**********************
Gy*********,So*********,13***,37*****,12*****,As********,Ko***********,Ko****,AS******************
,,,,,,,,
,,,,,,,,
Xi******,Ch***,,42*****,87*****,As*********,CH**************************************,Ch*********,AS***********************************************
,,,,,,,,
Br*********,Ge*****,16***,53*****,14*****,Eu***********,St****************,St*********************,AS*****************************
,,,,,,,,
Te***,Un***********,78***,30*****,-9******,Am*************,AT*****************,AT*******,AS************************
,,,,,,,,
Ca********,Un***********,94***,37*****,-1******,Am*****************,He********************************,He********************************,
Ne******,Un***********,10***,40*****,-7*****,Am**************,Ch********************,Sp******,AS****************************
Sã*******,Br****,01*******,-2******,-4******,Am***************,Am**********************,AW*****************,AS**********************
He***,Ch***,,37*****,11*****,As***********,Ch***************************,,AS***********************************
Dr*****,Th*************,79**,52*****,6.****,Eu**************,VO******,,AS****************************
Gy*********,So*********,13***,37*****,12*****,As********,Ko***********,Ko****,AS******************
Oh**,Un***********,43***,39*****,-8******,Am**************,Do****************************,Do****************************,AS**********************************
Id***,Un***********,83***,44*****,-1*******,Am***********,Wh********************,Zi*********,AS****************************
Vi****,Au*****,10**,48*****,16*****,Eu***********,KY***,,
Al*****,Ca****,T2*,50*****,-1******,Am**************,Im******************,Im******************,
Vi******,Un***********,23***,36*******,-7*******,Am**************,Mi*******************,Mi****************************,AS**************************
Sh****,Ch***,,37*****,11******,As***********,Ch******,Sx****,AS**********************
Qu********,Au*******,43**,-2******,15******,Au****************,Si*******************,Op********************,AS**********************
Is******,Tu****,34***,40*****,29*****,Eu*************,Su**********************************,Su*****************************,AS******************************************
Be*****,Ch***,10****,39*****,11*****,As***********,BS****,Be**********************************,
Sa*******************,Ch***,34***,-3******,-7******,Am**************,In******************************,In******************************,AS**************************************
Wa********,Un***********,98***,47*****,-1******,Am*****************,Am********,Am**************,
,,,,,,,,
Al*****,Un***********,36***,32*****,-8******,Am*************,Do****************************,Ai**************************,AS**********************************
Ca********,Un***********,90***,33*****,-1*******,Am*****************,No**************,TR**************************,AS*********************
,,,,,,,,
Fl******,Be*****,20**,51*****,4.****,Eu*************,Mo************,Mo**************************,AS***********************
To***,Ja***,10******,35*****,13*****,As********,So***************,Ja*****************************************,AS********************
,,,,,,,,
Le******,Ir*****,R9*,52*****,-6******,Eu***********,RT********,In****************************,AS***************
Il******,Un***********,60***,41*****,-8******,Am*************,Co*******************************,Co********************************,AS***************************************
Nu********,Me****,64***,25*****,-1******,Am***************,Ax********************,Ax********************,
Sh******,Ch***,,31*****,12*****,As***********,Ch*******************,Ch*********,AS**************************
Vi******,Un***********,24***,37*****,-8******,Am**************,Vi********************************************,Vi********************************************,AS***************************************************
Oh**,Un***********,43***,39*****,-8******,Am**************,Do****************************,Do****************************,AS**********************************
,,,,,,,,
,,,,,,,,
Pe*******,Ru****,61****,58*****,56*****,As****************,OJ******************,Dy*********************************************,AS*********************
Qu****,Ca****,H9*,45*****,-7******,Am*************,Be*************************,Be************************,AS*********************************
He**************,Co********,40***,9.****,-8******,Am****************,In************************************************,Sa*******,AS********************************************************
Ma*************,Ke***,,-1*****,37*****,Af************,Ai*******************************,,AS************************
,,,,,,,,
Au******************,Fr****,69***,45*****,4.****,Eu**********,So******************************************,SF***********,AS**************************************************
Ca********,Un***********,94***,37****,-1******,Am*****************,Go********,Go********,AS*****************
In*****,Un***********,46***,39*****,-8******,Am*************,AT*****************,AT*****************,AS************************
Ky*******,Uk*****,10**,50*****,30*****,Eu*********,Li*********,Tu**********,AS******************************************
Oh**,Un***********,43***,39*****,-8******,Am**************,Do****************************,Do****************************,AS**********************************
Wa********,Un***********,98***,47*****,-1******,Am*****************,Am********,Am*************,
Ba*****,Ge*****,80***,48*****,11*****,Eu***********,A1**********,A1**********,
Ju***,Ar*******,46**,-2******,-6*****,Am*********************,TV******************,TV******************,AS**************************
,,,,,,,,
Ma***********,Un***********,17**,42*****,-7******,Am**************,Ak***********************,Th*************************************,AS*******************************
Co******,Un***********,80***,39*****,-1******,Am************,Lo*************************,Lo*************************,
,,,,,,,,
Ca********,Un***********,94***,37*****,-1******,Am*****************,Or****************,Or****************,
Ne***********,Un***********,32**,43*****,-7******,Am**************,Da********************************,Da********************************,AS****************************************
So***********,Bu******,10**,42*****,23****,Eu**********,Vi******************,Bu***************************************,AS*************************
,,,,,,,,
Gu*******,Ch***,,23****,11*****,As***********,Ch******,Ch*********,AS**********************
Be*****,Ch***,10****,39*****,11*****,As***********,CT****,Ch******************************************,
Pe**********,Un***********,17***,40*****,-7******,Am**************,Co**************************,Co*************************,AS**************************************
Oh**,Un***********,43***,39*****,-8******,Am**************,Do****************************,Do****************************,AS**********************************
Mi******,Un***********,48***,42*****,-8*****,Am*************,Me****************,Me***************,AS**********************
Oh**,Un***********,43***,39*****,-8******,Am**************,Do****************************,Do****************************,AS**********************************
Ne******,Un***********,10***,40*****,-7*****,Am**************,Ce*****************************,Ce*****************************,AS************************************
Te****,Ir**,,35*****,51*****,As*********,In****************************,,AS****************************************
,,,,,,,,
,,,,,,,,
Co******,Un***********,80***,39*****,-1*******,Am************,Co*******************************,Co*************************,AS***************************************
,,,,,,,,
Sh******,Ch***,,31*****,12*****,As***********,Or***********************,Or******************************,AS*************************************
Pi******,It***,10***,45*****,7.****,Eu*********,Vo******,,AS****************************
St**************,Sw****,16****,59*****,17*****,Eu**************,Er***********,Er*********,AS*****************
,,,,,,,,
We**********,So**********,74**,-3****,18*****,Af*****************,Vo**********************************************,,AS*************
In*****,Un***********,46***,39*****,-8******,Am*************,AT***********,AT*****************,
,,,,,,,,
Ne********,Ta****,,25*****,12******,As*********,T-***********,Na*************************,AS*******************************************************
,,,,,,,,
Te*******,In***,50****,17*****,78*****,As**********,Re***************************,Re***************************,AS***********************************
To***,Ja***,15******,35*****,13******,As********,NT*,NT*************,AS********************************
Ce***,Br****,60***,-3*****,-3******,Am***************,Se************************************************,Se************************************************,AS*********************************************************
Ne******,Un***********,10***,40*****,-7*****,Am**************,Ve**************,Ve**************,AS**********************
Oh**,Un***********,43***,39*****,-8******,Am**************,Do****************************,Do****************************,AS**********************************
,,,,,,,,
To***,Ja***,10******,35*****,13*****,As********,NT****************************,Mi********************,AS***********************************
To***,Ja***,15******,35*****,13******,As********,Ke*************,KE**,AS*********************
Sh****,Bu******,97**,43*****,26*****,Eu**********,A1*************,Bl****************************,AS*********************
Ge*****,Un***********,30***,33****,-8*****,Am**************,Wa**********,Wa**********,AS****************
Ar*****,Un***********,85***,31*****,-1*****,Am*************,Do****************************,US****,AS**********************************
,,,,,,,,
En*****,Un************,NE**,55*****,-1*****,Eu***********,BT************************,,AS***********************************
Ar*****,Un***********,85***,31*****,-1*****,Am*************,He******************,US****,AS*************************
Ha******,Es*****,,59*****,24*****,Eu************,Te************,El********************,AS*******************
Os*********,No****,1****,59*****,10*****,Eu*********,No****************,NR****,AS************************
On*****,Ca****,,43*****,-7******,Am*************,He********************************,Am*************************************,
Zh******,Ch***,,29*****,12******,As***********,Ch******,,AS**********************
En*****,Un************,W1*,51*****,-0*******,Eu***********,DW*,,
Ce**************************,Ho*******,,22*****,11******,As************,Sh***********************************************,Te*********************,AS*******************************************
Ta********,In***,60****,12*****,80*****,As**********,Ha***********************************,Ha*******************************,AS************************************
Ca********,Un***********,95***,37*****,-1******,Am*****************,Ak***********************,Ak***********************,AS*******************************
Lo**********,Ge*****,26***,53*****,7.***,Eu***********,EW**********,EW**********,AS*****************
Vi****,Au*****,10**,48*****,16*****,Eu***********,A1*******************,A1*******************,AS**************************
No************,Un***********,28***,35*****,-8******,Am**************,At********************************,Ar****************,AS****************************************
Ne********,Un***********,85**,40*****,-7******,Am**************,S&*************,S&************,
Wa********,Un***********,98***,47*****,-1******,Am*****************,Am********,Am*************,
,,,,,,,,
,,,,,,,,
Ve****,It***,44***,44*****,12*****,Eu*********,De***********,,AS****************
Lo*******,Un***********,71***,31*****,-9******,Am*************,St**********************************************,Lo******************************************,AS*****************************************************
Te***,Un***********,75***,32****,-9******,Am*************,NE************************,NE***********,AS********************************
,,,,,,,,
Ka*****,Ru****,18****,62**,34*****,Eu***********,TR***********,,AS**************************************
Sh******,Ch***,,31*****,12******,As***********,Ch******,,AS**********************
Ca***************,Eg***,,30*****,31*****,Af**********,TE*****,TE*****,AS**********
In*****,Un***********,47***,38*****,-8******,Am**************************,In***********************,Wa*******************,AS*************************
Lo*******,Un***********,71***,32*****,-9******,Am*************,Le**************************,Le**********,AS************************
Ca********,Ph*********,41**,14*****,12******,As*********,Ph************************************,,AS***********************************************
Ca***************,Eg***,,30*****,31*****,Af**********,TE*****,,AS**********
,,,,,,,,
Zu****,Sw*********,80**,47****,8.*****,Eu***********,UB*************,UB****,
Co******,Un***********,80***,39*****,-1******,Am************,Sp******,Ch********************,
,,,,,,,,
Ca********,Un***********,95***,37*****,-1*****,Am*****************,Ap********,Ap*******,AS**************
He***,Ge*****,60***,50*****,8.*****,Eu***********,Eq***************,Eq********************,AS*************************************************
Ta****,Ta****,,25****,12*****,As*********,Ch************************,Ch***********************,AS**************************************
Is******,Tü*****,34***,41*****,28*****,Eu*************,Si****,,AS****************************************
Gu*******,Ch***,51****,22*****,11*****,As***********,Ch***************************************,Te*****************************************,AS*******************************************************
Sa*****,Ja***,33******,35*****,13******,As********,So***************,SO***********,AS********************
,,,,,,,,
He***,Ch***,,36*****,11******,As***********,Ch*********************************,,AS***********************************
,,,,,,,,
An************,In***,53****,17*****,83*****,As**********,Bh*******************,BC*******,AS********************************************
To***,Ja***,20******,35*****,13*****,As********,NT*************************,NT*************************,AS********************************
,,,,,,,,
,,,,,,,,
Ca********,Un***********,95***,38*****,-1******,Am*****************,Ca*********************************,Ca********************************,AS****************************************
,,,,,,,,
,,,,,,,,
Pe**********,Un***********,18***,40****,-7******,Am**************,Se**************************,Se**************************,
On*****,Ca****,K2*,45*****,-7******,Am*************,Pu*****************************************,Pu*****************************************,
Me**********,Ph*********,16**,14****,12******,As*********,Ph************************************,Ph***********************************,AS***********************************************
To***,Ja***,10******,35*****,13*****,As********,So***************,Ja*******************************************,AS********************
Ge*****,Un***********,30***,33*****,-8******,Am**************,Ve**************,Ve**************,AS**********************
Se***,So*********,51***,37****,12******,As********,DA**************,Pu********,AS*********************
En*****,Un************,W1*,51*****,-0*******,Eu***********,Mi***************,Mi***************,
No************,Un***********,27***,35****,-7******,Am**************,Un***************************,Un**************************,
Ma*********,In***,40****,19****,72*****,As**********,Am**********************,AW******************,AS**********************
En*****,Un************,W1*****,51*****,-0*******,Eu***********,Ba***********,Ba***********,
Ca********,Un***********,94***,37*****,-1******,Am*****************,Tu*******,Tu******,
,,,,,,,,
Wa********,Un***********,98***,47*****,-1******,Am*****************,Am**********************,Am*********************,
,,,,,,,,
So*************,Au*******,51**,-3******,13******,Au****************,Te**************,,AS****************************
No********,Si*******,85****,1.*****,10****,As************,Al*******************************,Al*************,AS***************************************
Ge*****,Un***********,30***,33*****,-8******,Am**************,NC*************,NC*************,AS*********************
,,,,,,,,
Ta****,Ta****,,25*****,12*****,As*********,Fa**************************************,Fa*************************************,AS*********************************************
,,,,,,,,
Te***,Un***********,77***,30*****,-9******,Am*************,An****************************,An****************************,
,,,,,,,,
,,,,,,,,
Oh**,Un***********,44***,41*****,-8******,Am**************,Ve**************,Ce*************************************,AS*********************
Oh**,Un***********,43***,39*****,-8******,Am**************,Do****************************,Do****************************,AS**********************************
Ar*****,Un***********,85***,31*****,-1*****,Am*************,Do****************************,US****,AS**********************************
Ne********,Un***********,71**,40*****,-7******,Am**************,RA**************,RA*******************,
Vä*****************,Sw****,90****,63*****,20*****,Eu**************,UM********************,UM********************,AS****************************
Me**********,Ph*********,11**,14*****,12******,As*********,Ph************************************,,AS***********************************************
,,,,,,,,
,,,,,,,,
Ch***,Ja***,26******,35*****,14******,As********,NT****************************,Op*******************,AS***********************************
Ja*****,In*******,,-6*****,10******,As**********,PT*********************************,PT********************,AS********************************
Wy*****,Un***********,82***,41*****,-1*******,Am************,T-**********,Sp*****************,
Io**,Un***********,,41*****,-9******,Am*************,Go********,Go************************,AS*****************
We*********,In***,70****,22*****,88*****,As**********,AI****,Ai************,
On*****,Ca****,P1*,46*****,-7******,Am*************,Co************************,Co**********************,AS**************************
Mo*****,Un***********,59***,45*****,-1******,Am************,Ch********************,Sp******,AS****************************
Zu****,Sw*********,83**,47*****,8.****,Eu***********,Pr***********************,Bu******************************************,AS**********
Zh******,Ch***,31****,30*****,11*****,As***********,Ch******,ZJ*******************,AS**********************
Ri***************,Br****,,-3******,-5******,Am***************,Un***************************************,Un***************************************,AS***********************************************
Ge*****,Un***********,30***,33****,-8*****,Am**************,Sp******,Ro*********,AS********************************
Ar*****,Un***********,85***,31*****,-1*****,Am*************,CT****,US****,AS**********************************
Il******,Un***********,60***,41*****,-8******,Am*************,T-****************,T-****************,AS************************
Au**************************,Au*******,26**,-3******,14*****,Au**************,AU****,Au****,
,,,,,,,,
To***,Ja***,16******,35****,13******,As********,Na***********************************************,,AS********************************************************
Qu****,Ca****,H3*,45*****,-7******,Am*************,Re*******************************************************,Un********************,AS*************************************************************
,,,,,,,,
Ne******,Un***********,10***,40*****,-7******,Am**************,Me************,Me************,
,,,,,,,,
Al*****,Ca****,T5*,53*****,-1******,Am**************,Re*********,Ed************,AS***************
Te****,Ir**,,35*****,51*****,As*********,Se****************************************,Se***************************************,AS***********************************************
Ma****,Sp***,28***,40*****,-3*****,Eu***********,En********************************,UP*,AS**************************************
Sh******,Ch***,,31*****,12******,As***********,Ch*********************************************,,AS***********************************
Ka******,Ja***,22******,35*****,13******,As********,UC********,UC**************,AS**********************************
Ta********,In***,60****,13*****,80*****,As**********,So*******,So*************************,AS*********************************
Br**************,Ca****,V7*,49*****,-1*******,Am***************,Un****************************,Un****************************,AS*************************************
Lu********,Lu********,L-****,49*****,6.****,Eu***************,PO*************,EP*,AS********************
Ar*****,Un***********,85***,31*****,-1*****,Am*************,Do****************************,US****,AS**********************************
Be*****,Ch***,,39*****,11*****,As***********,Sh***********************************************,Te****************************************,AS*******************************************************
To***,Ja***,10******,35*****,13****,As********,IT*********************************,IT*********************************,AS****************************************
Oh**,Un***********,43***,40*****,-8******,Am**************,Am**************,AW*****************,AS**********************
Me****,Tü*****,33***,36****,34*****,Eu*************,Br***********,,AS***********************************
Ce****,Bu**********,,12*****,-1*****,Af****************,Vi**************************,Vi******************************,AS**************************************
Me*********,Me****,45**,19*****,-9******,Am*****************,UN****,UN****,
Ke******,Un***********,41***,38*****,-8******,Am**************,Fu******************,FU**********************,AS******************************************
En*****,Un************,W1*,51*****,-0*******,Eu***********,UK********************,UK********************,
Sh*****,Ch***,,35****,10*****,As***********,Ch******,Ch*********,AS**********************
Wa********,Un***********,98***,47*****,-1******,Am*****************,T-****************,T-****************,AS************************
,,,,,,,,
Mi******,Un***********,48***,42*****,-8******,Am*************,Fo****************,Fo****************,
Be******,Se****,,44*****,20*****,Eu*************,Te**************************************,,AS************************
Îl***********,Fr****,92***,48*****,2.*****,Eu**********,El**********************,El**********************,
Ca************,De*****,25**,55*****,12*****,Eu***************,DX********************,DX********************,
Wa********,Un***********,98***,47*****,-1******,Am*****************,Mi*******************,Mi*******************,AS**************************
We************,Gr****,,40*****,21*****,Eu***********,OT****,Ot****,AS******************************************************
En*****,Un************,W1*,51*****,-0*******,Eu***********,Mi*******************,Mi*******************,
Il******,Un***********,60***,41*****,-8******,Am*************,A1**********,A1**********,
Ne******,Un***********,10***,40*****,-7*****,Am**************,Ce*****************************,Ce*****************************,AS***********************************
Ga***,Ch***,,35*****,10*****,As***********,Ch******,Ch*********,AS**********************
Sa***********,Ge*****,63**,51*****,11*****,Eu***********,De*****************,De*****************,AS************************
Ja*****,In*******,,-6***,10*****,As**********,PT*************,,AS**************************************
Sh******,Ch***,,36*****,11******,As***********,Ch*************************************,Ch**********,AS***************************************************
Du***,Un******************,17****,25*******,55*******,As********,Mi*******************,Mi******************************,AS**************************
No***************,So*********,28*,36*****,12******,As********,Ko***********,Ko***********,AS******************
Is******,Tü*****,34***,41*****,28*****,Eu*************,Tu*********,Tu***********************,AS****************
Wa********,Un***********,99***,46*****,-1******,Am*****************,ES***,Ba**********************************,AS*********
Be*****,Ch***,10****,39*****,11*****,As***********,Ha************************************,Al******************,AS*******************************************
Ha***,Tü*****,31***,36*****,36*****,Eu*************,Av**********************,Av**************************,AS**************************************
,,,,,,,,
Ne********,Un***********,71**,40*****,-7*****,Am**************,Th*****************************************,Th*****************************************,
An*******,Co******,50***,6.****,-7******,Am************,Te******************,Te******************,AS**************************
Fl*****,Un***********,33***,25*****,-8******,Am**************,Br********,At*****************************,AS****************
Le******,Ir*****,D0*,53*****,-6******,Eu***********,Am**************,Tr***********,AS**********************
Îl***********,Fr****,75***,48*****,2.****,Eu**********,So******************************************,SF****,AS**************************************************
We***********,Un***********,25***,37****,-8******,Am**************,Fr*******************************,AD***************************************,AS*********************************************
,,,,,,,,
St******,Fa***********,18*,62****,-6******,At************,Fa*************,,AS***********************
Em************,It***,40***,44****,11*****,Eu*********,Te*******************,Te*******************,AS***************************
,,,,,,,,
,,,,,,,,
En*****,Un************,LE*****,52*****,-1******,Eu***********,Ji*******************,De********************,AS*************************
Oh**,Un***********,43***,39*****,-8******,Am**************,Do****************************,Do****************************,AS**********************************
Be*****,Ch***,,39****,11*****,As***********,Ch***********************************,,AS******************************************
He***,Ge*****,36***,50*****,9.*****,Eu***********,NE***********,NE***********,AS******************
La***,It***,18*,41*****,12*****,Eu*********,Te*********************************,IN***********,AS**************************
Ce**************************,Ho*******,,22*****,11******,As************,AD********************,Wa******************************,AS*************************
Co*********,Un***********,68**,41*****,-7******,Am**************,Xe***************,Xe***************,
Ge*****,Un***********,30***,33*****,-8******,Am**************,Be****************,GS***********,AS**************************
Oh**,Un***********,43***,39*****,-8******,Am**************,Do****************************,Do****************************,AS**********************************
En*****,Un************,W1*,51*****,-0*******,Eu***********,Mi*******************,Mi***************,AS**************************
Ca********,Un***********,94***,37*****,-1******,Am*****************,He********************************,He********************************,
Tu*****,It***,50***,43*****,11*****,Eu*********,Co*************,Un********************************,AS*******************
Ar*****,Un***********,85***,31*****,-1*****,Am*************,Do****************************,US****,AS**********************************
Mi******,Un***********,48***,42*****,-8*****,Am*************,Me****************,Me***************,
Ne********,Un***********,71**,40*****,-7*****,Am**************,Th*****************************************,Th*****************************************,
Wa********,Un***********,98***,47*****,-1******,Am*****************,Am********,Am**************,
Sv***************,Ru****,62****,56*****,60*****,As****************,JS*******************************************,CJ***********************************,AS******************************
Br**************,Ca****,V1*,49*****,-1*******,Am***************,Sh**********************,Sh*********************,AS*****************************
Oh**,Un***********,43***,39*****,-8******,Am**************,Do****************************,Do****************************,AS**********************************
Ca********,Un***********,92***,32****,-1******,Am*****************,Un*********************************,Am**********************************,AS****************************************
Ge*****,Un***********,31***,31*****,-8******,Am**************,Me**************************,Me**************************,AS**********************************
,,,,,,,,
Ar*****,Un***********,85***,31*****,-1*****,Am*************,Do****************************,US****,AS**********************************
Fl*****,Un***********,32***,30*****,-8*****,Am*************,Me*********************,de*********,AS**********************************
Ca********,Un***********,94***,37*****,-1******,Am*****************,He*********************,He*********************,
No********************,Ge*****,40***,51*****,6.*****,Eu***********,Vo***********,Vo***********,
Al*****,Un***********,36***,32*****,-8******,Am*************,Do****************************,Ai**************************,AS**********************************
Ga*****,So**********,21**,-2******,28*****,Af*****************,Di************,Di************,AS*******************
Sã*******,Br****,01*******,-2******,-4******,Am***************,Vi**,TE*******************,AS***************************
,,,,,,,,
Be*****,Ch***,,39*****,11*****,As***********,Ch******************************************,Ch******************************************,AS*************************************************
Wa********,Un***********,98***,47*****,-1******,Am*****************,Am********,Am*************,
No***********,Ne*********,10**,52*****,4.*,Eu**************,Mi*******************,Mi********************************,AS**************************
Ma****,Sp***,28***,40*****,-3****,Eu***********,UN**,,AS***********************
Io**,Un***********,,41*****,-9******,Am*************,Go********,Go************************,AS*****************
No***********,Th*************,47**,51*****,4.****,Eu**************,Su*******,Av***,AS**************
Sa*****,Ja***,33******,35*****,13******,As********,JC************,JC***********,AS*******************
Oh**,Un***********,43***,39*****,-8******,Am**************,Do****************************,Do****************************,AS**********************************
Fl*****,Un***********,32***,28*****,-8******,Am**************,Ch********************,Sp******,AS*********************************
Vi******,Un***********,20***,39*****,-7******,Am**************,DX******************************,DX******************************,
,,,,,,,,
No************,Un***********,28***,34****,-7******,Am**************,Ch********************,Sp******,AS****************************
,,,,,,,,
In*****,Un***********,46***,39*****,-8******,Am*************,AT***********,AT*****************,
,,,,,,,,
Pe**********,Un***********,19***,39*****,-7******,Am**************,AT*****************,AT*****************,AS************************
Na************,Ke***,98**,-1*****,36*****,Af************,Ai*******************************,,AS************************
Tr***,No****,90**,69*****,18*****,Eu*********,Si******************************************,De**************************************************,AS************************************************
Il******,Un***********,60***,41*****,-8******,Am*************,T-****************,T-****************,AS************************
Ji*****,Ch***,,31*****,12******,As***********,Ch******,Ch*********,AS**********************
Ne********,Ta****,,24*****,12*****,As*********,Ch************************,Ch***********************,AS**************************************
,,,,,,,,
Si*****,Ch***,,30*****,10*****,As***********,Ch******,Ch*********,AS**********************
Rh*************,Ge*****,67***,49*****,8.****,Eu***********,Te*******************,Te***************************,AS*************************************
Pl**********************,Ma*******,,-2******,57*****,In**************,Af***************************************************,,
Pe**********,Un***********,19***,40*****,-7******,Am**************,Ho********************,Ho************************,AS************************
Sa*****,Ja***,33******,35*****,13******,As********,NT****************,Xe*****,AS***********************
Ca********,Un***********,94***,37*****,-1******,Am*****************,Ch*****************,Ch*****************,
Ar*****,Un***********,85***,32*****,-1*******,Am*************,Co*******************************,Co*******************************,AS***************************************
Te***,Un***********,78***,30*****,-9******,Am*************,SW*********,SW*********,AS*****************
Te***,Un***********,78***,29*****,-9******,Am*************,Ap****************,Co***********,AS************************
Oh**,Un***********,43***,39*****,-8******,Am**************,Do****************************,Do****************************,AS**********************************
Oh**,Un***********,43***,39*****,-8******,Am**************,Do****************************,Do****************************,AS**********************************
Ca********,Un***********,95***,37*****,-1*******,Am*****************,8x*******,8x******,AS***************
Th*******,Ge*****,99***,50*****,10*****,Eu***********,De*****************,De*****************,AS************************
Di******************,Un***********,20***,38*****,-7******,Am**************,Ve**************,Ce*************************,AS*********************
In*****,Un***********,46***,41*****,-8*****,Am*************,Pu***************,Pu*************************,AS********************
Lo*******,Un***********,71***,32*****,-9******,Am*************,Le**************************,Le**********,AS************************
No***********,Th*************,56**,51*****,5.*****,Eu**************,Ko**********************,Ko**********************,
Îl***********,Fr****,75***,48*****,2.****,Eu**********,Am**************,Pa*********************,AS**********************
Zh******,Ch***,,28*****,11*****,As***********,Ch******,,AS**********************
En*****,Un************,S1***,53*****,-1*****,Eu***********,AS**********,As**********,AS******************
Gu*******,Ch***,,23*****,11******,As***********,Ch*************************************,,AS*********************************************************
En*****,Un************,AL******,51*****,-0*******,Eu***********,EE********,Or**********************,AS****************
,,,,,,,,
Co******,Un***********,80***,39****,-1*******,Am************,Co**************************,Co****************************************,AS***************************************
To***,Ja***,10******,35*****,13****,As********,Kd**************,KD**,AS*********************
Wi*******,Un***********,53***,43*****,-8****,Am*************,AT*****************,Su******************,AS************************
,,,,,,,,
,,,,,,,,
Or****,Un***********,97***,45*****,-1******,Am*****************,Ni**,Ni********,
He***,Ge*****,60***,50*****,8.*****,Eu***********,AX***********************************,Cu*****************,AS*******************************************
Co******,Un***********,80***,39*****,-1*******,Am************,VE**********************************,Ve**********,AS******************************************
En*****,Un************,LE*,52*****,-1*****,Eu***********,Ta******,Ta*****************************,AS*************************************
Ne******,Un***********,10***,40*****,-7*****,Am**************,Ce*****************************,Ce*****************************,AS************************************
Ce************,Ug****,,0.******,32*****,Af************,Ai*******,Mo********************,AS***************************
Ra*******,In***,30****,26*****,75*****,As**********,Bh***********,Bh***************,AS********************************************
Au******************,Fr****,63***,45*****,3.*****,Eu**********,BE*********************,Al*****,AS******************************
Be*****,Ch***,10****,39*****,11*****,As***********,Ha************************************,Al******************,AS*******************************************
,,,,,,,,
Gu*******,Ch***,,23****,11*****,As***********,Ch******,Ch*********,AS**********************
Ti*****,Ch***,,39*****,11******,As***********,CN*****************************************,,AS***********************************
Kw********,Ho*******,,22*****,11*****,As************,HG*******************************,HG*******************************,AS**************************************
Ar*****,Un***********,85***,33*****,-1*******,Am*************,Co*********************,Co****************,AS*****************************
Sa****************,Ja*****,,18****,-7******,Am*************,FL**,Co*******************,AS**********
Ne****,Un***********,89***,36*****,-1*******,Am*****************,St*************,St*************,AS*********************
Ji************,Cz*****,37****,49*****,14*****,Eu***********,T-*********************,,AS**********************************
,,,,,,,,
St**************,Sw****,10****,59*****,18*****,Eu**************,Br**********,Br*******,AS******************
Gi**,Eg***,,30*****,31*****,Af**********,Vo***********,,AS*******************
St**************,Sw****,10****,59*****,18*****,Eu**************,Te****************,Br**************,AS*********************
No****************,Fr****,86***,46*****,0.****,Eu**********,So******************************************,SF*******,AS**************************************************
Na*********************************,In***,11****,28*****,77*****,As**********,AN*******************,,AS**************************
En*****,Un************,W1*,51*****,-0*******,Eu***********,UK********************,UK********************,
Ba*****,Ge*****,83***,48*****,12*****,Eu***********,De*****************,De*****************,AS************************
En*****,Un************,CT*,51*****,1.****,Eu***********,BT************************,,AS***********************************
Wa********,Un***********,98***,47*****,-1******,Am*****************,Mi*******************,Mi*******************,AS**************************
En*****,Un************,NW*,51*****,-0*****,Eu***********,Ta******,Ca***********************************,AS*************************************
Ar*****,Un***********,85***,31*****,-1*****,Am*************,CO*******,US****,AS**********************************
Mi******,Un***********,48***,42*****,-8******,Am*************,Fr***********************************,Fr***********************************,
Te***,Un***********,78***,29*****,-9******,Am*************,Ci*****************,Ci*****************,AS************************
,,,,,,,,
Ma***************,Ru****,42****,56*****,47****,Eu***********,JS**********************,JS*****************************************,AS******************************
Ca********,Un***********,94***,37*****,-1******,Am*****************,Ce************************,So*********************************************************,AS************************************
Oh**,Un***********,43***,39*****,-8******,Am**************,Do****************************,Do****************************,AS**********************************
Ca********,Un***********,92***,35*****,-1******,Am*****************,Go*************************************,Go*************************************,AS*************************************************
Sã*******,Br****,10**,-2******,-4******,Am***************,Cl*****************************,Cl*****************************,AS*************************************
Sh******,Ch***,,31*****,12*****,As***********,Or***********************,,AS*************************************
Pr****,Cz*****,46****,50*****,14*****,Eu***********,Qu************,Di**********,AS********************
Mi*,Ja***,51******,35*****,13******,As********,Ch************************************,Ch********************************,AS********************************************
Be*****,Ch***,10****,39*****,11*****,As***********,HW*****,Hu*************************,
,,,,,,,,
Ar*****,Un***********,85***,33*****,-1******,Am*************,Di************,Di************,
Ce**************************,Ho*******,,22*****,11******,As************,Go********,Go***********************,AS****************
Au**************************,Au*******,26**,-3*****,14*****,Au**************,Au*************************,Au*************************,
Al*****,Un***********,36***,32*****,-8******,Am*************,Do****************************,Ai**************************,AS**********************************
Is******,Tü*****,34***,41*****,28*****,Eu*************,de****************************,Av**************************,AS**************************************
Oh**,Un***********,43***,39*****,-8******,Am**************,Do****************************,Do****************************,AS**********************************
Gy*********,So*********,10*,37*****,12******,As********,SK*****************,br*******,AS************************
No********,Si*******,85****,1.*****,10****,As************,CH***********************************************,Wo************************************,AS********************************************************
Ba***************,Ge*****,79***,48*****,7.***,Eu***********,De*****************,De*****************,AS************************
Vi******,Un***********,20***,38****,-7******,Am**************,Sp****,Sp****,
Sã*******,Br****,01*******,-2******,-4******,Am***************,V ***,V ***,AS**********
He***,Ge*****,60***,50*****,8.*****,Eu***********,Am**********************,AW********************,AS**********************
Oi**,Ja***,87******,33*****,13****,As********,Re*****************************************************************************,Ja******,AS****************************************************************************************
,,,,,,,,
Ne*************,Au*******,20**,-3******,15******,Au**************,Si*******************,Op********************,AS**********************
Co******,Un***********,80***,40*****,-1******,Am************,US**,US***********************,AS*********
Ne********,Un***********,79**,40*****,-7******,Am**************,Av********,Av*******,AS****************
So************,Cz*****,60****,49*****,16*****,Eu***********,MA********,Di**********,AS********************
Gu*******,Ch***,,23****,11*****,As***********,Ch******,Ch*********,AS**********************
Be*********,Eg***,,28*****,30*****,Af**********,Et*********************,,AS*******************
Mi*****,Ve*******,,10*****,-6******,Am*************,CA************************,CA************************,AS*******************************
Ne******,Un***********,10***,40*****,-7*****,Am**************,Ve**************,IB************************************,AS********************
FC*,Ni*****,,9.*****,7.*****,Af**********,Ai*********************,Ai*********************,AS*****************************
Je**********,So*********,58*,35*****,12******,As********,Ko***********,Je**************,AS******************
So***********,Th*************,30**,51*****,4.****,Eu**************,Un************************,Uv*****,AS*******************************
Ke******,Un***********,40***,37*****,-8******,Am**************,Wi***************************,Wi***************************,AS**********************************
To***,Ja***,10******,35*****,13*****,As********,So***************,Ja********************************************,AS********************
,,,,,,,,
Zu****,Sw*********,83**,47*****,8.****,Eu***********,Pr***********************,Bu******************************************,AS**********
Oh**,Un***********,44***,41*****,-8******,Am**************,Co*******************,Co***************************,AS*************************
He***,Ch***,,34*****,11******,As***********,Ch*************************************,Ch**********,AS*****************************************
Mi*********,Un***********,39***,32*****,-9******,Am*************,AT*****************,AT*******,AS************************
Fl*****,Un***********,32***,30*****,-8******,Am**************,Ba*************,Ba*************,
Og********,Ni*****,,6.****,3.****,Af**********,Li***************************,Li***************************,AS************************************
To***,Ja***,15******,35*****,13*****,As********,Am**********************,AW**********************,AS**********************
Oh**,Un***********,43***,39*****,-8******,Am**************,Do****************************,Do****************************,AS**********************************
Gu*******,Ch***,,23*****,11******,As***********,Ch******,Ch*********,AS**********************
Br**************,Ca****,V0*,50*****,-1*******,Am***************,Sh**********************,Sh**********************,AS*****************************
So**************,In*******,,-3******,11*****,As***********,AN**********,PT**********************,
Te***,Un***********,77***,29****,-9******,Am*************,Wi***************************,Wi***************************,AS**********************************
,,,,,,,,
,,,,,,,,
Te***,Un***********,77***,29*****,-9******,Am*************,PR*************************,Pr*************************,AS*********************************
We***********,Un***********,25***,37****,-8******,Am**************,Su***********************,Su***********************,AS*************
Ch****************,Ru****,45****,53*****,59*****,As****************,In**************,,AS*********************
Ne******,Un***********,10***,40*****,-7*****,Am**************,AT*****************,AT*******,AS************************
To***,Ja***,10******,35*****,13*****,As********,So***************,Ja********************************************,AS********************
Di******************,Un***********,20***,38****,-7******,Am**************,Co*******************,Co***************************,AS*************************
He***,Ge*****,60***,50*****,8.*****,Eu***********,De**************,De**************,AS**********************
,,,,,,,,
Hu***,Ch***,,28*****,11******,As***********,Ch*********************************,,AS***********************************
Pe**********,Un***********,19***,40*****,-7******,Am**************,Un*********************************,Am**********************************,AS****************************************
Il******,Un***********,60***,41*****,-8******,Am*************,Sa***********************,Sa***********************,AS*******************************
To***,Ja***,14******,35*****,13******,As********,AR**************************,Ve*****,AS*********************************
Is******,Tu****,34***,41*****,29*****,Eu*************,Ba*****************************,,AS***********************************
Sh****,Ch***,30***,37*****,11*****,As***********,Ch**********************************,,AS***********************************
Ce***************,Si*******,48***,1.*****,10*****,As************,Am**********************,AW**********************,AS**********************
Vi******,Un***********,20***,39*****,-7******,Am**************,Am**************,AW*****************,AS**********************
La***,Ni*****,,6.*****,3.*****,Af**********,MT*******************************,MT*********,AS***************************************
Oh**,Un***********,43***,39*****,-8******,Am**************,Do****************************,Do****************************,AS**********************************
Ce*************,De*****,89**,56*****,9.***,Eu***************,St*******,En******************************************,AS***********************
Gu*******,Ch***,,22*****,11******,As***********,Ha*****************************,Al***********************,AS*******************************************
Fu****,Ch***,36****,26*****,11*****,As***********,Ch**********************************,,AS***********************************
Ba***************,Ge*****,70***,48*****,9.*****,Eu***********,Me********************,Da********,AS****************************
Te***,Un***********,75***,32*****,-9*****,Am*************,So*******,So************************,AS*********************************
Mo*******************,Ur*****,11***,-3******,-5******,Am****************,Ad*******************************************,Ad*******************************************,AS**************************************************
,,,,,,,,
He***,Ge*****,60***,50*****,8.*****,Eu***********,De*****************,De*****************,AS************************
,,,,,,,,
Ne******,Un***********,10***,40*****,-7*****,Am**************,Ce*****************************,Ce*****************************,AS*************************************
Vi******,Un***********,24***,37*****,-8******,Am**************,Co**************************,Co*************************,AS***************************************
Oh**,Un***********,43***,39*****,-8******,Am**************,Do****************************,Do****************************,AS**********************************
Te***,Un***********,75***,32*****,-9******,Am*************,AT*****************,AT*******,AS************************
Ar*****,Un***********,85***,31*****,-1*****,Am*************,Do****************************,US****,AS**********************************
Wa********,Un***********,98***,47*****,-1******,Am*****************,Am********,Am**************,
,,,,,,,,
,,,,,,,,
Ea**************,Sa**********,,27*****,49*****,As*********,Et*************,Et************************************,AS********************************************
Sã*******,Br****,01*******,-2******,-4******,Am***************,Cl********,Cl*******,AS***************
He***,Ch***,,36*****,11******,As***********,Ch***************************,,AS***********************************
No***********,Ne*********,10**,52*****,4.*,Eu**************,Mi*******************,Mi********************************,AS**************************
Te***,Un***********,78***,27*****,-9******,Am*************,AT*****************,AT*******,AS************************
Be*****,Ch***,10****,39*****,11*****,As***********,NY***,,AS************************************************
Il******,Un***********,60***,41*****,-8******,Am*************,Ve**************,Se**************************,AS*********************
Ut*****,Th*************,35**,52*****,5.*****,Eu**************,MI***,SU********,
St************,Ru****,19****,59*****,30*****,Eu***********,PJ*************,PJ*******************************,AS*********************
Ri***************,Br****,90***,-3******,-5******,Am***************,TE*******************,Gl********************,AS***************************
Ve*****,Un***********,54**,44*****,-7******,Am**************,Co**************************,Co*************************,AS**************************************
Se***,So*********,65***,37*****,12******,As********,Ko***********,,AS******************
Ar*****,Un***********,,34*****,-1******,Am*************,Un*********************************,Am**********************************,AS****************************************
Ha***,Is****,,32****,34*****,As************,EC*************,EC*,AS*********************
La******,Sp***,26***,42****,-1*****,Eu***********,BA***,An******************,AS********************************
Ar*****,Un***********,85***,31*****,-1*****,Am*************,Do****************************,US****,AS**********************************
İz************,Tü*****,35***,38***,27***,Eu*************,Tu**********************,,AS******************************************
To***,Ja***,15******,35*****,13*****,As********,Am**************,AW**********************,AS**********************
,,,,,,,,
Oh**,Un***********,44***,41*****,-8******,Am**************,Co*******************,Co***************************,AS*************************
Fr********************************,Ge*****,22***,53*****,9.*****,Eu***********,Ch*********************,Ch*********************,
Sa**********,Ca****,S4*,50****,-1*******,Am************,Sa*****************************,Sa******************************************,AS***********************************
Co*********,Un***********,68**,41*****,-7******,Am**************,St****************,59****************,AS******************************
,,,,,,,,
Wa********,Un***********,98***,47*****,-1******,Am*****************,Am********,Am*************,
Il******,Un***********,60***,41*****,-8******,Am*************,A1**********,A1**********,
Au******************,Fr****,69***,45****,4.**,Eu**********,Or****,,AS****************
Gu*******,Ch***,,23*****,11******,As***********,Ch******,Ch*********,AS**********************
Ma*****,Po****,00****,52*****,21*****,Eu***********,Po*****************,Po*****************,
En*****,Un************,W1*,51*****,-0*******,Eu***********,Am**********************,Am*********************,
To***,Ja***,10******,35*****,13******,As********,So*******,So*************************,AS*********************************
Je*****,So*********,63***,33*****,12*****,As********,Ko***********,,AS******************
Au******************,Fr****,38***,45*****,5.****,Eu**********,So******************************************,SF****,AS**************************************************
,,,,,,,,
Qu****,Ca****,H4*,45*****,-7******,Am*************,IB*,IB*,
Be******,Se****,,44*****,20*****,Eu*************,Ak**************************************,Ac************************,AS**********************************************
Ne********,Un***********,79**,40*****,-7******,Am**************,Av********,Av*******,AS****************
Ma*********,In***,41****,18*****,73*******,As**********,Mi*******************,Mi**********************************,AS**************************
Oh**,Un***********,43***,39*****,-8******,Am**************,Do****************************,Do****************************,AS**********************************
Oh**,Un***********,43***,40*****,-8******,Am**************,Am**************,AW*****************,AS**********************
Te***,Un***********,75***,32*****,-9******,Am*************,So*******,So*************************,
Wa***,Un************,SY**,52*****,-3*****,Eu***********,BT************************,,AS***********************************
Ky*******,Uk*****,,50*****,30*****,Eu*********,Vo******,Ky************************************,
Îl***********,Fr****,75***,48*****,2.****,Eu**********,Bo******************,,AS************************
Ca********,Un***********,93***,36*****,-1*******,Am*****************,Ch********************,Sp******,AS****************************
Ut**,Un***********,84***,40*****,-1*******,Am************,Of***************************,Of***************************,AS***********************************
,,,,,,,,
Rh**********,Un***********,28**,41*****,-7******,Am**************,Co*********************,Co********************,AS*****************************
,,,,,,,,
Ta****,Ta****,,24*****,12*****,As*********,TA***,,AS*******************************************************
Li******,Ch***,,42*****,12*****,As***********,Ch******,Ch*********,AS**********************
Ca********,Un***********,93***,36*****,-1*******,Am*****************,Ca*************************,Mo**********,AS**********************************************************
Ne********,Ta****,,24*****,12*****,As*********,Ex*****************************,cg***,AS*************************************
Ca********,Un***********,92***,32****,-1******,Am*****************,Un*********************************,Am**********************************,AS****************************************
Ne******,Un***********,10***,40*****,-7******,Am**************,JP******************,JP******************,
Di******************,Un***********,20***,38*****,-7******,Am**************,AT*****************,AT***************,AS************************
Ba***************,Ge*****,69***,49*****,8.****,Eu***********,De*****************,De*****************,AS************************
Il******,Un***********,60***,41*****,-8******,Am*************,Ne*****************************,Ne****************************,AS************************************
Ji*****,Ch***,,31*****,12*****,As***********,Ch******,Ch*********,AS**********************
Oh**,Un***********,43***,39*****,-8******,Am**************,Do****************************,Do****************************,AS**********************************
Lo*******,Un***********,71***,32*****,-9******,Am*************,Le**************************,Le**********,AS************************
Al*****,Un***********,35***,33*****,-8******,Am*************,Te************,Te***********,AS********************
To***,Ja***,15******,35*****,13******,As********,UC********,br*******,AS**********************************
Be*****,Ch***,,39*****,11*****,As***********,CH******,,AS**************************
Be*****,Ch***,10****,39*****,11*****,As***********,HW*****,Hu*************************,
Fu****,Ch***,,26*****,11*****,As***********,CH*********,Ch*********,
Ge****,Sw*********,12**,46*****,6.*****,Eu***********,SI*******************,SI*******************,
On*****,Ca****,K1*,45*****,-7******,Am*************,Sh********************,Sh********************,
Sh******,Ch***,,31*****,12*****,As***********,Or***********************,Or******************************,AS*************************************
Mi*******,Un***********,55***,44*****,-9******,Am*************,Mc*******,RS*****************,AS***************
Oh**,Un***********,43***,39*****,-8******,Am**************,Do****************************,Do****************************,AS**********************************
Ca************,Ic*****,10*,64*****,-2******,At****************,No*****,No******,AS*************
Lo******,It***,20***,45*****,9.*****,Eu*********,Te******************,IN***********,AS**************************
Ar*****,Un***********,85***,31*****,-1*****,Am*************,CO*******,US****,AS**********************************
Al*****,Un***********,36***,32*****,-8******,Am*************,Do****************************,Ai**************************,AS**********************************
To***,Ja***,15******,35*****,13******,As********,So***************,SO***********,AS********************
Ne******,Un***********,10***,40****,-7******,Am**************,Na*******************,Na*******************,AS***************************
Na****,Ta****,,23*****,12******,As*********,Ch************************,Ch***********************,AS**************************************
Fl*****,Un***********,33***,28*****,-8******,Am**************,Ch********************,Sp******,AS*********************************
Ji*****,Ch***,,32*****,11******,As***********,Ch*************************************,Ch**********,AS*********************************************
Pr************************,Fr****,13***,43*******,5.******,Eu**********,Mi*******************,Mi*********************************,AS**************************
Ji*****,Ch***,21****,32*****,11*****,As***********,Ch******,Ch*********,AS**********************
,,,,,,,,
Mi******,Un***********,48***,42*****,-8******,Am*************,Fo****************,Fo****************,
En*****,Un************,EC**,51*****,-0*****,Eu***********,Le**************************,CG**,
Ne******,Un***********,68***,41*****,-9******,Am*************,Un****************************,Un****************************,AS************************************
Br****,Ge*****,27***,53*****,8.*****,Eu***********,Ve*********************************************************,Po*******,AS***************************************************************
,,,,,,,,
,,,,,,,,
Gu*******,Ch***,,22*****,11****,As***********,SH*************************,Sh**********************************************,AS**************************
Ar*****,Un***********,85***,31*****,-1*****,Am*************,CO*******,US****,AS**********************************
Al*****,Ca****,T5*,53*****,-1******,Am**************,TE**********************,TE****************,AS*****************************
Ji*****,Ch***,,32*****,11*****,As***********,Ch******,Ch*********,AS**********************
Gu*******,Ch***,,22*****,11*****,As***********,Ch*************************************,Ch*************************************,AS************************************************
Ne******,Un***********,10***,40****,-7******,Am**************,Sp******,Go**************,AS********************************
Ho******,Ja***,09******,44****,14******,As********,Kd**************,KD**,AS*********************
Lo*******,Un***********,71***,31*****,-9******,Am*************,AT***************,AT***************,AS***********************
Lo******,It***,20***,45*****,9.*****,Eu*********,Em*************,Em*************,
Vi***,No****,13**,59*****,10*****,Eu*********,GL***********,,AS*********************
Ma***********,Un***********,21**,42*****,-7******,Am**************,Ve**************,Ve**************,AS**********************
Ga*****,So**********,16**,-2******,28*****,Af*****************,Th*********************,Th*********************,
Fl*****,Un***********,32***,30*****,-8******,Am**************,Br***************************,Br***************************,
Sã*******,Br****,14***,-2******,-4******,Am***************,Cl*****************************,Cl*****************************,AS*************************************
No************,Un***********,28***,35*****,-8******,Am**************,Ba*************,Ba***********************************,
En*****,Un************,W1*,51*****,-0*******,Eu***********,So********************************************************,So********************************************************,
,,,,,,,,
Gu*******,Ch***,,23****,11*****,As***********,Ch*************************************,,AS****************************************
In*****,Un***********,46***,39*****,-8******,Am*************,El*******************,El*******************,AS**************************
,,,,,,,,
,,,,,,,,
Bo*******,Al*****,35***,36*****,3.****,Af************,Al*************,,AS*********************
,,,,,,,,
Va******,Sp***,46***,39*****,-0*****,Eu***********,Vo****************,In****************,AS****************************
Ne******,Un***********,10***,40*****,-7*****,Am**************,Ve**************,Ce*************************************,AS**********************
An*******,Co******,54***,6.****,-7******,Am************,Co************,Co************,AS********************
,,,,,,,,
En*****,Un************,LS*****,53****,-1******,Eu***********,En********,,
Vi******,Un***********,20***,39*****,-7******,Am**************,NT***************,NT***************************************,AS**********************
Ar******,Un***********,72***,34*****,-9******,Am*************,Wi***************************,Wi***************************,AS**********************************
Ch***,Ja***,27******,35*****,13*****,As********,Op*******************,Op*******************,AS***********************************
Wa********,Un***********,98***,47*****,-1******,Am*****************,Am**********************,Am*********************,
,,,,,,,,
Ba*****,Ge*****,91***,49*****,10*****,Eu***********,Sc*********************************,Sc********************************,AS*****************************************
Vi******,Un***********,23***,36*******,-7*******,Am**************,Mi*******************,Mi****************************,AS**************************
Ōs***,Ja***,54******,34*****,13*****,As********,Kd**************,De***************,AS*********************
Lo******,It***,20***,45*****,9.*****,Eu*********,Te*******************,IN***********,AS**************************
Vi******,Un***********,20***,39****,-7******,Am**************,MC*,MC********************,AS********
,,,,,,,,
Oh**,Un***********,43***,39*****,-8******,Am**************,Do****************************,Do****************************,AS**********************************
En*****,Un************,W1*,51*****,-0*******,Eu***********,Ta******,Ta*****************************,AS********************************
,,,,,,,,
To***,Ja***,10******,35*****,13*****,As********,So***************,SO***********,AS********************
Ca********,Un***********,94***,37****,-1******,Am*****************,Go********,Go********,AS*****************
,,,,,,,,
No********************,Ge*****,44***,51*****,7.****,Eu***********,De*****************,De*****************,AS************************
St**************,Sw****,16****,59*****,17*****,Eu**************,SU*****,,AS****************************
Bu**********,Ar*******,17**,-3***,-5******,Am****************************,Te********************,Te*****************,AS***************************
Îl***********,Fr****,,48*****,2.****,Eu**********,Go********,Go*************************,AS****************
Qa******,Eg***,,30*****,31****,Af**********,TE*****,,AS**********
Ge*****,Un***********,30***,33*****,-8******,Am**************,Th****************,,AS*************************
Ca****************,Sp***,45***,39*****,-4*****,Eu***********,Te**********************,RI************************,AS********************************
Si*****,Ch***,,30*****,10*****,As***********,CE****,,AS************************************************
Fr**************************,Ho******,,14*****,-8******,Am*****************,Ne************,Mi*********************************,AS********************
Ne********,Un***********,71**,40*****,-7*****,Am**************,Th*****************************************,Th*****************************************,
Lo******,It***,20***,45*****,9.****,Eu*********,IN***********,,AS**************************
Ca********,Un***********,92***,33****,-1*******,Am*****************,Sp*******************,Sp********************,AS***********
Mi*******,Un***********,55***,45*****,-9******,Am*************,Be***************,Au**************,AS***********************
Ca********,Un***********,94***,37*****,-1******,Am*****************,Un**********************************,Un**********************************,AS***************************************
Il******,Un***********,60***,41*****,-8******,Am*************,Un**************************************,Se**************************,AS***********************************************************************
Sã*******,Br****,10**,-2******,-4******,Am***************,TE*******************,Vi**,AS***************************
Me*********,Me****,74**,19*****,-9******,Am*****************,UN****,Ge********************************,AS***********
Gu*******,Ch***,,23****,11******,As***********,Hu******************************,Hu******************,AS**************************************
En*****,Un************,LA**,54*****,-3*****,Eu***********,Sk************,Sk***********,AS*******************
,,,,,,,,
Si*****,Me****,81***,25*****,-1*******,Am**************,Un*****************,UN****,AS***********
Ma******,Un***********,21***,39*****,-7******,Am**************,Sp*******************,Sp**************,AS***********
Le******,Ir*****,D0*,53*****,-6******,Eu***********,Am**************,AW*****************,AS**********************
Qu****,Ca****,G1*,46*****,-7******,Am*************,Be*********,Sy***********,AS***************
En*****,Un************,W1*,51*****,-0*******,Eu***********,Te*****************,Te*****************,
Ke******,Un***********,41***,37*****,-8******,Am**************,Ea*******************,Ap******************,AS*********************************
Vi******,Un***********,23***,36*******,-7*******,Am**************,Mi*******************,Mi*****************************,AS**************************
Ok******,Un***********,74***,34*****,-9******,Am*************,Ok*******************************************,Ea*********************,AS**************************************************
Be*****,Ch***,10****,39*****,11*****,As***********,Ch******************************,,
Pl**********************,Ma*******,,-2******,57*****,In**************,Af***************************************************,,
Mi******,Un***********,48***,42*****,-8******,Am*************,Fo****************,Fo****************,
Ta*****,Ta****,,24*****,12******,As*********,Ch************************,Ch***********************,AS**************************************
,,,,,,,,
Se***,So*********,69***,37*****,12******,As********,Ko***********,Ko****,AS******************
Ba***************,Ge*****,70***,48*****,9.*****,Eu***********,Me********************,Da********,AS****************************
On*****,Ca****,K1*,45*****,-7*****,Am*************,Be*********,Sy***********,AS***************
Ri***************,Br****,92***,-2******,-5******,Am***************,Vi**,Un***************************************,AS***************************
Ba*****,Th******,10***,13*****,10*****,As**********,KS******************************,CO****,AS*************************************
Oh**,Un***********,43***,39*****,-8******,Am**************,Do****************************,Do****************************,AS**********************************
,,,,,,,,
Ji*****,Ch***,,31*****,11******,As***********,Ch******,Ch*********,AS**********************
Lo******,It***,24***,45*****,9.*****,Eu*********,Un*********************************,Am**********************************,AS****************************************
Te*******,Un***********,37***,35*****,-8******,Am*************,AT*****************,Mc*********************,AS************************
Br******,Fr****,22***,48*****,-2****,Eu**********,Or****,,AS****************
Qu****,Ca****,G0*,47*****,-7******,Am*************,Le**********************,Vi************,AS*******************
Gu*******,Ch***,,23****,11*****,As***********,Ch******,Ch*********,AS**********************
Ha****,Un***********,96***,21*****,-1******,Pa**************,Do****************************,Na*****************************,AS**********************************
Ca***************,Eg***,,30*****,31*****,Af**********,TE*****,TE*****,AS**********
,,,,,,,,
,,,,,,,,
Il******,Un***********,62***,38****,-8******,Am*************,Ch********************,Sp******,AS****************************
Ar*****,Un***********,85***,31*****,-1*****,Am*************,CO*******,US****,AS**********************************
Me*********,Me****,13***,19*****,-9******,Am*****************,Ce************************************************,Ce************************************************,
,,,,,,,,
,,,,,,,,
Al*****,Un***********,36***,32*****,-8******,Am*************,Do****************************,Ai**************************,AS*********************************
In*****,So*********,21*,37*****,12******,As********,Ko***********,Ko***********,AS******************
Ca***************,Mo*****,,33*****,-7******,Af***************,ME*********,ME*********,AS*****************
Ce**************************,Ho*******,,22*****,11******,As************,Go********,Go***********************,AS****************
To***,Ja***,15******,35*****,13******,As********,US******,UC********,AS**********************************
Qu****,Ca****,H4*,45*****,-7******,Am*************,IB*,IB*,
Av****,Po******,45******,40*****,-8*****,Eu***********,PT*****************,PT******************,AS*****************************************************
Ca********,Un***********,94***,37*****,-1******,Am*****************,Sa******************,Sa******************,AS**************************
Oh**,Un***********,43***,39*****,-8******,Am**************,Do****************************,Do****************************,AS**********************************
So***********,De*****,67**,55*****,8.****,Eu***************,TD*************,TD*****,AS********************
To***,Ja***,10******,35*****,13*****,As********,AI***,Ai*******************,
Sã*******,Br****,01*******,-2******,-4******,Am***************,Am**********************,AW*****************,AS**********************
Ne***********,Ca****,E2*,45*****,-6******,Am*************,Ro*******************************,Ro******************************,AS*************************************
Al*****,Ca****,T8*,53*****,-1******,Am**************,El*********************************************,El*****************************************,AS********************************************************
Br**************,Ca****,V5*,49*****,-1*******,Am***************,Br**************************************,Br**************************************,AS*********************************************
Sa*****,Ja***,33******,35*****,13*****,As********,AS******,AS******,AS**************
Po***,Po******,40******,41*****,-8*****,Eu***********,NO******************,NO*******************,AS***************************
En*****,Un************,W1*,51*****,-0*******,Eu***********,UK********************,UK********************,
Ne******,Un***********,10***,40*****,-7*****,Am**************,Ve**************,Ve**************,AS********************
Ga*****,So**********,81***,-2******,28*****,Af*****************,Ce**************,CE*************,AS**********************
Gu*******,Ch***,,22*****,11*****,As***********,AS******,As******,
Ar*****,Un***********,85***,31*****,-1*****,Am*************,CO*******,US****,AS**********************************
,,,,,,,,
En*****,Un************,W1*,51*****,-0*******,Eu***********,Am**********************,Am*********************,
Mu****,Om**,,23*****,58*****,As*********,Na***************,Na***********,AS*************************************************
,,,,,,,,
Ga********,So*********,25*,37*****,12******,As********,Ko***********,Ko****,AS******************
,,,,,,,,
Bu***,So*********,48*,35*****,12******,As********,Do****************,Do******,AS***********************
,,,,,,,,
Ji*****,Ch***,,32*****,11******,As***********,Ch******,Ch*********,AS**********************
Ne******,Un***********,10***,40*****,-7*****,Am**************,So*******,So*************************,AS*********************************
To***,Ja***,10******,35*****,13*****,As********,NE********,Jp**************,
Su**********,Po****,35****,50*****,22*****,Eu***********,Sk****************,Sk***************,AS************************
Ne********,Un***********,71**,40*****,-7*****,Am**************,Th*****************************************,Th*****************************************,
Ba*****,Ge*****,93***,48*****,11*****,Eu***********,De*****************,De*****************,AS************************
,,,,,,,,
Oh**,Un***********,43***,39*****,-8******,Am**************,Do****************************,Do****************************,AS**********************************
Br***************,Sl******,84****,48*****,17*****,Eu***************,Zd*********************************************************,Sl************************,AS****************************************************************
Ne*************,Au*******,10**,-3******,15*****,Au**************,AT*******************************,Ma**********************,AS***************
,,,,,,,,
Th*********,It***,61***,43*****,13*****,Eu*********,IN***********,NA****************,AS**************************
Il******,Un***********,60***,41*****,-8******,Am*************,Tr*************,Tr******************,
Je**********,So*********,,35*****,12*****,As********,NH******,Nh******,AS**************
Ri************,Br****,,-2******,-4******,Am***************,TI*****,Ti**************,AS*************
,,,,,,,,
Ri************,Br****,,-2******,-4******,Am***************,Cl*******,Cl*******,AS***************
Ar*****,Un***********,85***,31*****,-1*****,Am*************,CO*******,US****,AS**********************************
Or****,Un***********,97***,44*****,-1*******,Am*****************,Co*******************************,Co**************************,AS***************************************
Fl*****,Un***********,32***,28*****,-8******,Am**************,Om*************,1.******************,AS*********************
Qu****,Ca****,H4*,45*****,-7******,Am*************,IB*,IB*,
,,,,,,,,
Au******,Ne*********,10**,-3******,17*****,Pa**************,FX*************,Ca***********************,AS*********************************
Ma***********,Un***********,21**,42*****,-7******,Am**************,Co*******************************,Co********************************,AS**************************************
Gy*********,So*********,14*,37*****,12******,As********,DA**************,Pu********,AS*********************
Lo*******,Un***********,71***,32*****,-9******,Am*************,Le**************************,Le**********,AS************************
Vi******,Un***********,23***,36*****,-7******,Am**************,Do****************************,Na*****************************,AS**********************************
Wa********,Un***********,98***,47*****,-1******,Am*****************,NT***************,NT**************,AS**********************
Bo*********,Co******,11****,4.*****,-7******,Am************,ET************,ET************,AS********************
Il******,Un***********,60***,41*****,-8*****,Am*************,No****************************,No****************************,AS************************************
Ca********,Un***********,90***,34*****,-1*******,Am*****************,Ak***********************,Ak***********************,AS*******************************
Pr****,Cz*****,10****,50*****,14*****,Eu***********,CV******************,Ce**********************************,AS********************
Io**,Un***********,52***,41*****,-9*****,Am*************,Sp****,CI*******************,AS***********
,,,,,,,,
Ha***,Vi*****,,21*****,10*****,As**********,VN**,Vi****************************************,AS***************
,,,,,,,,
Fl******,Be*****,20**,51*****,4.****,Eu*************,Pr******,Pr*********,AS****************
,,,,,,,,
To***,Ja***,10******,35*****,13*****,As********,So***************,Ja********************************************,AS********************
Te***,Un***********,75***,32*****,-9*****,Am*************,Co*******************************,Co*******************************,AS**************************************
Ha*************,Fr****,80***,49*****,2.****,Eu**********,TE*****,,AS*************
Ne******,Un***********,10***,40*****,-7******,Am**************,Wi***************************,Ca************,AS**********************************
Be*****,Ch***,,39*****,11*****,As***********,Te**********************************,Te****************************************,
Ch***,Ja***,26******,35*****,14******,As********,DI*********************,KD**,AS*********************
Oh**,Un***********,43***,40*****,-8******,Am**************,Am**************,AW*****************,AS**********************
,,,,,,,,
So***********,Th*************,23**,52*****,4.****,Eu**************,KP******,,AS*************
Il******,Un***********,60***,41*****,-8******,Am*************,AT*****************,AT*******,AS************************
Ōs***,Ja***,53******,34*****,13******,As********,KC*,Ju**********************************,AS*******************
Th*********,It***,60***,43*****,13*****,Eu*********,IN***********,NA******************,AS**************************
Pe**********,Un***********,19***,40*****,-7******,Am**************,Co*******************************,Co*******************************,AS**************************************
Oh**,Un***********,43***,39*****,-8******,Am**************,Do****************************,Do****************************,AS**********************************
Be*****,Ch***,,39*****,11*****,As***********,XY***,Be********************************************,AS**********************************************************
Ne********,Un***********,88**,40*****,-7******,Am**************,Ca***********************,Op**********************************,AS******************************
To***,Ja***,10******,35*****,13*****,As********,SO***********,SO***********,
Pe**********,Un***********,15***,40*****,-7******,Am**************,Co**************************,Co*************************,AS**************************************
To***,Ja***,10******,35****,13*****,As********,Am*********************,Am*********************,
Te*******,In***,50****,17*****,78*****,As**********,VA*****************************************************,Va********************,AS*************************************************************
Co*********,Un***********,68**,41*****,-7******,Am**************,Ca****************,Ca****************,
So***************,Is****,,31*****,34*****,As************,Ce************,01***************,AS*****************************************
Se***,So*********,66***,37*****,12******,As********,LG**********,Xp***,AS******************
De****,Gu**,,13*****,14****,Pa**********,Ku**************************,Ku*****,AS***************************
Sh******,Ja***,41******,35*****,13******,As********,NT****************************,Op*******************,AS***********************************
St************,Ru****,19****,59*****,30*****,Eu***********,Sk********,Sk*************,AS*****************
,,,,,,,,
Sh******,Ch***,,31*****,12*****,As***********,XI*****,Sh*************************,
Ne******,Un***********,10***,40*****,-7******,Am**************,JP******************,JP******************,
,,,,,,,,
Sh******,Ch***,20****,31*****,12*****,As***********,Ch*******************,Ch*********,AS**************************
Vi******,Un***********,20***,38*****,-7*****,Am**************,Na*******************************************,Na*******************************************,AS*************************************************
Oh**,Un***********,43***,39*****,-8******,Am**************,Do****************************,Do****************************,AS**********************************
Il******,Un***********,60***,41*****,-8******,Am*************,AT*****************,AT*****************,AS************************
Ar*****,Un***********,85***,31*****,-1*****,Am*************,CO*******,US****,AS**********************************
Oh**,Un***********,43***,39*****,-8******,Am**************,Do****************************,Do****************************,AS**********************************
On*****,Ca****,K1*,45*****,-7******,Am*************,Un******************,Un******************,AS**************************
Ma*********,In***,40****,19*****,72*****,As**********,Bh*******************,Bh****************,AS********************************************
Oh**,Un***********,43***,39*****,-8******,Am**************,Do****************************,Do****************************,AS**********************************
To***,Ja***,13******,35*****,13******,As********,DI*********************,KD**,AS*********************
Ba****,Ce**********************,,4.****,18*****,Af***********,Or********************,OC******,AS**************************
Ce***************,Si*******,40****,1.*****,10*****,As************,St**********************,St**********************,AS****************
No************,Un***********,27***,35*****,-7******,Am**************,Gr********,Gr********,AS****************
Ba*****,Th******,10***,13*****,10******,As**********,TR******,,AS**********************************
Ut***********,In***,11****,28*****,77*****,As**********,Ta*************************,Ta*************************,AS*****************************************************
,,,,,,,,
Be*****,Ch***,,39*****,11*****,As***********,Al**********************************************,Al******************,
Ba***************,Ge*****,70***,48*****,9.*****,Eu***********,Me********************,Da********,AS****************************
In*****,Un***********,46***,39*****,-8******,Am*************,AT***********,AT*****************,
Zu****,Sw*********,80**,47*****,8.*****,Eu***********,Cr*****************,Cr*****************,
Ce***************,Si*******,,1.*****,10****,As************,ST************,,AS******************
To***,Ja***,10******,35*****,13*****,As********,So***************,Ja********************************************,AS********************
,,,,,,,,
Vi******,Un***********,23***,36*******,-7*******,Am**************,Mi*******************,Mi****************************,AS**************************
Od****,In***,75****,20*****,85*****,As**********,Bh*******************,Bh*******************,AS********************************************
Pe**********,Un***********,19***,39*****,-7******,Am**************,Co*******************************,Co*******************************,AS***************************************
Vi******,Un***********,20***,39*****,-7******,Am**************,Am**********************,AW*****************,AS**********************
Gy*********,So*********,18*,37*****,12******,As********,LG**********,LG**********,AS******************
,,,,,,,,
Br******,Fr****,35***,48***,-1*****,Eu**********,Fr************,,AS****************
We**********,So**********,78**,-3******,18*****,Af*****************,We*************************************,,
Be*****,Ch***,,39****,11*****,As***********,Ch******,Ch*********,AS**********************
Pe**********,Un***********,15***,40*****,-7******,Am**************,In***********************,Me****************,AS********************************
Se***,So*********,45**,37*****,12******,As********,LG**********,Xp***,AS******************
Co******,Un***********,80***,39*****,-1******,Am************,Sp******,Ch********************,
Te*******,In***,50****,17*****,78*****,As**********,Am*********************,Am***********************************,
La***,It***,18*,41*****,12*****,Eu*********,Te******************,DA*****,AS**************************
So***********,Th*************,25**,52*****,4.*****,Eu**************,ba***********************,ba***********************,
Ke******,Un***********,41***,38*****,-8******,Am**************,Wi***************************,Li****************************,AS**********************************
No********************,Ge*****,50***,50*****,6.****,Eu***********,DO***********,do****************,AS**********************
,,,,,,,,
Ma***********,Un***********,24**,42****,-7*****,Am**************,Co**************************,Co****************************************,AS**************************************
Sv***************,Ru****,62****,56*****,60*****,As****************,UG******************,,AS**********************
La***,Ni*****,,6.*****,3.*****,Af**********,Ai*********************,Ai*********************,
Ar******,Un***********,72***,36*****,-9******,Am*************,Wa*******************,Wa*******************,AS***************************
No****************,Au*******,81*,-1*****,13******,Au**************,No*****************************,No***************************,AS**************************************
,,,,,,,,
,,,,,,,,
,,,,,,,,
Ha*************,Fr****,62***,50*****,1.****,Eu**********,So******************************************,,AS**************************************************
Ba*****,Ir**,,33*****,44****,As**********,Cl**************,Cl*************,AS**********************
Tr***********,Sl******,91****,48*****,17*****,Eu***************,Sl*******************,Sl******************,AS*************************
Hu***,Ch***,41****,27*****,11*****,As***********,Ch******,Ch*********,AS**********************
Pa*************,Cz*****,57****,49*****,16*****,Eu***********,PO*******,,AS***************
On*****,Ca****,L5*,43*****,-7******,Am*************,Be*********,Sy***********,AS***************
Lo******,It***,20***,45*****,9.****,Eu*********,IP****,,AS****************************
En*****,Un************,SE**,51*****,-0*****,Eu***********,Sk************,Sk***********,AS*******************
,,,,,,,,
,,,,,,,,
Ne******,Un***********,10***,40*****,-7*****,Am**************,Ve**************,Ce*************************************,AS**********************
Ce*************,Fi*****,40***,62*****,25*****,Eu*************,On*******************************,On*****************,
Ni********************,Ru****,60****,56*****,44*****,Eu***********,MT******,MT*********************************,AS*************
En*****,Un************,EC******,51*****,-0*******,Eu***********,Le**************************,UK**********************,AS************************
Ca********,Un***********,95***,37*****,-1******,Am*****************,Ad****************,Ad***************,
Bu*******,Ro*****,61***,44*****,26*****,Eu**************,Ag*****************************************************************************,Po*********************************,AS********************************************************************************************
Ca********,Un***********,94***,37*****,-1******,Am*****************,Ho*****************************,Ho************,AS**************************************
Ba*****,Ge*****,80***,48*****,11*****,Eu***********,A1**********,A1**********,
Fr********************************,Ge*****,22***,53*****,10****,Eu***********,De*****************,De*****************,AS************************
He***,Ge*****,60***,50*****,8.*****,Eu***********,Te**********************,Te**********************,AS************************
,,,,,,,,
Ne******,Un***********,10***,40*****,-7*****,Am**************,Ch********************,Sp******,AS********************************
We**********,So**********,74**,-3******,18*****,Af*****************,1 **************,Gr**,AS**********************
Ta*********,Ta****,,25*****,12******,As*********,Ta*****************************,Vi***************,AS************************************************************************
Ta****,Ta****,,24*****,12*****,As*********,TA***,,AS*******************************************************
Oh**,Un***********,43***,39*****,-8******,Am**************,Do****************************,Do****************************,AS**********************************
Ma***********,Un***********,24**,42****,-7******,Am**************,AT*****************,Pa****************************,AS************************
Ne********,Un***********,71**,40*****,-7*****,Am**************,Th*****************************************,Th*****************************************,
In*****,Un***********,46***,39*****,-8******,Am*************,El*******************,El*******************,AS**************************
Ka*******,In***,56****,13*****,77*****,As**********,BS***********,Qu*******************************************,AS*******************************
Fr********************************,Ge*****,22***,53*****,9.*****,Eu***********,fr******************************,fr******************************,AS*************************************
Au******,Ne*********,10**,-3******,17*****,Pa**************,On***************************,Vf******,AS**********************************
En*****,Un************,BN*****,50*****,-0******,Eu***********,MI**********,AD***********************,
Zh******,Ch***,,29*****,11*****,As***********,Ch******,Ch*********,AS**********************
Qu****,Ca****,J6*,45*****,-7******,Am*************,TE**********************,TE**********************,
Be*****,Ch***,,39*****,11*****,As***********,Ch***************************,Be***************************************************,AS**********************************
Ne********,Un***********,70**,40*****,-7****,Am**************,Ak***********************,Ak***********************,AS*******************************
,,,,,,,,
Ca********,Un***********,95***,37*****,-1******,Am*****************,Zo****************************,Zo****************************,AS************************************
Ky*********,Uk*****,81**,50****,30*****,Eu*********,Ma*************,Ma*************,AS*********************
La***,It***,13*,41*****,12*****,Eu*********,Te*******************,IN***********,AS**************************
He***,Ge*****,60***,50*******,8.******,Eu***********,Mi*******************,Mi****************************************,AS**************************
,,,,,,,,
On*****,Ca****,K1*,45*****,-7******,Am*************,Sh********************,Sh********************,
,,,,,,,,
Qu****,Ca****,H4*,45*****,-7******,Am*************,Am*********************,Am*********************,
,,,,,,,,
Mi******,Un***********,48***,42*****,-8*****,Am*************,Me****************,Me***************,AS**********************
Le******,Ir*****,D0*,53*****,-6*****,Eu***********,Mi*******************,Mi*********************************,AS**************************
Te****,Ir**,,35*****,51*****,As*********,Se***************************************,Se*****,AS***********************************************
Gy*********,So*********,13***,37*****,12*****,As********,Ko***********,Ko****,AS******************
Lo*******,Un***********,71***,32*****,-9******,Am*************,Le**************************,Le**********,AS************************
Mi******,Un***********,48***,42*****,-8******,Am*************,Fo****************,Fo****************,
Vi******,Un***********,20***,39*****,-7******,Am**************,Am********,AW*****************,AS**********************
St************,Ru****,35****,44*****,42*****,Eu***********,OO************,OO************,AS********************
Ba***************,Ge*****,71***,48*****,9.***,Eu***********,De*****************,De*****************,AS************************
Sh******,Ch***,,31*****,12******,As***********,Ch******,Ch*********,AS**********************
An*******,Co******,50***,6.*****,-7******,Am************,Ed***************,Ed***************,AS***********************
,,,,,,,,
Ca********,Un***********,94***,37****,-1******,Am*****************,HP*****,HP****,
Co*********,Un***********,64**,41*****,-7******,Am**************,Fr*******************************,LD*********************************************,AS*******************************************************************
,,,,,,,,
Oh**,Un***********,43***,39*****,-8******,Am**************,Do****************************,Do****************************,AS**********************************
Oh**,Un***********,43***,39*****,-8******,Am**************,Do****************************,Do****************************,AS**********************************
,,,,,,,,
To***,Ja***,10******,35*****,13****,As********,Kd**************,WI***,AS*********************
En*****,Un************,W1*,51*****,-0*******,Eu***********,Am**********************,Am*********************,
Da******,Eg***,,31*****,31*****,Af**********,TE*****,,AS**********
Te***,Un***********,75***,33*****,-9******,Am*************,AT*****************,AT*******,AS************************
Sã*******,Br****,13*******,-2******,-4******,Am***************,Ne***************************,Ne**************************,AS***********************************
Sc******,Un************,EH*,55*****,-3*****,Eu***********,Ta******,Ta*****************************,AS*************************************
Ar*****,Un***********,85***,33*****,-1*******,Am*************,In********************,In********************,AS****************************
Te***,Un***********,78***,30*****,-9******,Am*************,AT*****************,AT*******,AS************************
,,,,,,,,
Ca***************,Eg***,,30*****,31*****,Af**********,Th**************************************,Or**********,AS********************************************************
Si*****,Ch***,,30*****,10*****,As***********,Ch******,Ch*********,AS**********************
Ne******,Un***********,10***,40*****,-7*****,Am**************,Ve**************,Ce*************************************,AS**********************
,,,,,,,,
Si*****,Po****,40****,50*****,19*****,Eu***********,NE***,,AS**************
Oh**,Un***********,43***,39*****,-8******,Am**************,Do****************************,Do****************************,AS**********************************
Uu*****,Fi*****,21**,60*****,24*****,Eu*************,NE***,,
,,,,,,,,
Oh**,Un***********,43***,39*****,-8******,Am**************,Do****************************,Do****************************,AS**********************************
Gi**,Eg***,,30*****,31*****,Af**********,Et**********,,AS*******************
Ko*****,Ho*******,96***,22*****,11*****,As************,Al*******************************,Al***************,AS***************************************
Oh**,Un***********,43***,39*****,-8******,Am**************,Do****************************,Do****************************,AS**********************************
Ma*********,In***,40****,19*****,72*****,As**********,Ta*************************,Ta*************************,AS*****************************************************
On*****,Ca****,M5*,43*****,-7******,Am*************,Go********,Go********,AS****************
Ca***************,Mo*****,,33*****,-7******,Af***************,Or************,,AS*****************
Ta********,In***,60****,13*****,80*****,As**********,Ta*************************,Ta*************************,AS*****************************************************
La***,It***,18*,41*****,12*****,Eu*********,Te******************,IN***********,AS**************************
,,,,,,,,
Ga*****,So**********,20**,-2******,27*****,Af*****************,MT****,MT****,AS************
,,,,,,,,
Ce***************,Si*******,,1.*****,10****,As************,Ca***********************************,Ca***********************************,
Sh******,Ch***,26****,36*****,11*****,As***********,Ch*********************************************,,AS***********************************
Al*****,Ca****,T6*,53*****,-1*******,Am**************,Un*******************,Un*******************,AS**************************
Oh**,Un***********,43***,39*****,-8******,Am**************,Do****************************,Do****************************,AS**********************************
Pl**********************,Ma*******,,-2******,57*****,In**************,Af***************************************************,,
An***,Ch***,,31****,11*****,As***********,Ch******,Ch*********,AS**********************
To***,Ja***,20******,35*****,13*****,As********,NT*************************,NT*************************,AS********************************
Ca********,Un***********,94***,37*****,-1******,Am*****************,He********************************,He********************************,
Br***************,Sl******,81****,48****,17*****,Eu***************,Li*****************,UP**********,AS************************
Vi******,Un***********,20***,38*****,-7*****,Am**************,OV*****,OV********,AS*************
La***,Ni*****,,6.*****,3.*****,Af**********,Ai*********************,Ai*********************,
Gu***,Ja***,37******,36*****,13*****,As********,SU****************,RY********************************,AS********************************
Co******,Un***********,80***,39*****,-1******,Am************,Lo*************************,Lo*************************,
Ne********,Un***********,88**,40*****,-7******,Am**************,Ve**************,Ve****************,AS********************
Oh**,Un***********,43***,39*****,-8******,Am**************,Do****************************,Do****************************,AS**********************************
La***,Ni*****,,6.*****,3.*****,Af**********,Ai*********************,Ai*********************,
Gu*******,Ch***,,22*****,11******,As***********,Ch******,Ch*********,AS**********************
Fl*****,Un***********,32***,28*****,-8******,Am**************,AT**************************,AT*******************************,
Ma***********,Un***********,24**,42*****,-7******,Am**************,Ve**************,Ve**************,AS**********************
,,,,,,,,
Mi******,Un***********,65***,37*****,-9*****,Am*************,Wi***************************,Wi***************************,AS**********************************
Ma***********,Un***********,21**,42*****,-7******,Am**************,Ma***********************************,Ma***********************************,AS***************************************
Ut**,Un***********,84***,40*****,-1*******,Am************,Co*******************************,Co*******************************,AS***************************************
,,,,,,,,
Ta****,Ta****,,24*****,12*****,As*********,TA***,,AS*******************************************************
Ar******,Un***********,72***,34*****,-9******,Am*************,AT*****************,AT*******,AS************************
Ca********,Un***********,94***,37*****,-1******,Am*****************,He********************************,He********************************,
Sh*****,Ch***,,35****,10*****,As***********,Ch******,Ch*********,AS**********************
Ar******,Un***********,72***,34*****,-9******,Am*************,Wi***************************,Wi***************************,
Be*****,Ch***,,39*****,11*****,As***********,No************************************,No************************************,
Ne******,Un***********,10***,40*****,-7*****,Am**************,Le**************************,Le**********,AS************************
En*****,Un************,W1*,51*****,-0*******,Eu***********,Bl************************,Bl************************,
Bu***************,Ar*******,18**,-3******,-5******,Am****************************,Te********************,Te*****************,AS***************************
,,,,,,,,
Ne*************,Au*******,20**,-3******,15*****,Au**************,VO******,Vo************************,
Br**************,Be*****,10**,50*****,4.*****,Eu*************,Or***********************************************,Or***********************************************,
Sh******,Ch***,,31*****,12******,As***********,Ch*******************,Ch*********,AS**************************
Oh**,Un***********,43***,39*****,-8******,Am**************,Do****************************,Do****************************,AS**********************************
Ōs***,Ja***,53******,34*****,13******,As********,JC**,Ju**********************************,AS*******************
En*****,Un************,W1*,51*****,-0*******,Eu***********,Mi*******************,Mi***************,AS**************************
Vi******************,La**,,17*****,10*****,As************,La**************************,La**************************,AS***********************************
Ca********,Un***********,93***,36*****,-1*******,Am*****************,Ca*************************,Mo****************************,AS**********************************************************
Ke****,In***,69****,8.*****,76*****,As**********,In****************************************************************,In****************************************************************,AS******************************************************************************************
Be*****,Ch***,10****,39*****,11*****,As***********,Ch******************************************,Ch******************************************,AS*************************************************
Co******,Un***********,80***,39*****,-1******,Am************,Co*******************************,Co*************************,AS**************************************
Ca********,Un***********,94***,37*****,-1******,Am*****************,HC*************,HC*************,AS*********************
Mo******************,Cz*****,70****,49*****,18*****,Eu***********,Ka************,UP***********************,AS**********************************
En*****,Un************,W1*,51*****,-0*******,Eu***********,Am**********************,Am*********************,
,,,,,,,,
Ve****,It***,30***,45*****,12*****,Eu*********,IN***********,NA*******************,AS**************************
At****,Gr****,,37*****,23*****,Eu***********,Vo*****************************************************,As********************************,AS************************************************************
Ki****,Rw****,,-1*****,30*****,Af***********,MT************,Pp************,AS********************
Bu*******,Ro*****,23***,44*****,26****,Eu**************,Eu*************,SC***************,AS***************************
Mi******,Un***********,,39*****,-9******,Am*************,Go********,Go**********,AS*****************
Se***,So*********,60***,37*****,12******,As********,SK*****************,SK*****************,AS************************
Pa**************,Fr****,49***,47*****,-0*****,Eu**********,So******************************************,Nc***********,AS**************************************************
No****************,Fr****,16***,45*****,0.******,Eu**********,Ce*********,Oc***************,AS*****************
Vi******,Un***********,24***,36*****,-7******,Am**************,Wi*******************,WI***,AS*********************************
In*****,So*********,22*,37****,12*****,As********,Ko***********,KO****,AS******************
Ne********,Un***********,79**,40*****,-7******,Am**************,No**************************,No**************************,AS*********************************
Ut*****,Th*************,36**,52*****,5.****,Eu**************,Co***************,Co***********************,AS*************
Oh**,Un***********,43***,39*****,-8******,Am**************,Do****************************,Do****************************,AS**********************************
No***********,Th*************,11**,52*****,5.****,Eu**************,KP******,KP*****,AS*************
Oh**,Un***********,43***,39*****,-8******,Am**************,Do****************************,Do****************************,AS**********************************
Lo*******,Un***********,71***,32*****,-9******,Am*************,Le**************************,Le**********,AS************************
To***,Ja***,10******,35*****,13*****,As********,So***************,SO***********,AS********************
In*****,So*********,22*,37*****,12******,As********,SK********,,AS***************
En*****,Un************,W1*,51*****,-0*******,Eu***********,Mi***************,Mi***************,
No********,Si*******,85****,1.*****,10****,As************,Al*******************************,Al*************,AS***************************************
En*****,Un************,W1*,51*****,-0*******,Eu***********,Mi*******************,Mi***************,AS**************************
Ka*******,Ta****,,22*****,12******,As*********,Ch************************,Ch***********************,AS**************************************
,,,,,,,,
Fl*****,Un***********,33***,25*****,-8******,Am**************,co******,AY***************,
He***,Ch***,45****,34*****,11*****,As***********,CN***************************************,,AS***********************************
,,,,,,,,
Tb*****,Ge*****,,41*****,44****,As**********,JS***********,Si*********,AS*******************
Br**************,Ca****,V2*,53*****,-1******,Am***************,AB***********************************,AB***********************************,AS*******************************************
To***,Ja***,10******,35****,13*****,As********,Ex**********************,Pf********,AS******************************
La*********,Ge*****,14***,52*****,13*****,Eu***********,Ve*********************************************************,Fr***********************,AS***************************************************************
Mo****,Ru****,10****,55*****,37*****,Eu***********,CO***************,,AS*********************
Wa********,Un***********,98***,47*****,-1******,Am*****************,Am********,Am*************,
Oh**,Un***********,43***,39*****,-8******,Am**************,Do****************************,Do****************************,AS**********************************
Vi******,Un***********,22***,38*****,-7******,Am**************,GT*********************,GT*,AS****************************
Di******************,Un***********,56***,38****,-7******,Am**************,Co*******************,Co***************************,AS*************************
En*****,Un************,W1*,51*****,-0*******,Eu***********,MI*******,Mi***************,AS**************************
In*****,Un***********,46***,39*****,-8******,Am*************,AT***********,AT*****************,
Mi******,Un***********,48***,42*****,-8*****,Am*************,Me****************,Me***************,
To***,Ja***,10******,35*****,13*****,As********,So***************,Ja*******************************************,AS********************
Se***,So*********,13****,37*****,12*****,As********,Ko**********************,Ha*****************,AS*************************
We**************,Sr*******,50*,6.****,79*****,As**********,Di***************,Di***************,AS************************
Mi******,Un***********,48***,42*****,-8******,Am*************,Fo****************,Fo****************,
Pe**********,Un***********,18***,40*****,-7******,Am**************,RC*,RC*************,AS********
Oh**,Un***********,44***,41*****,-8******,Am**************,Co*******************,Co***************************,AS*************************
Gu*******,Ch***,51****,22*****,11*****,As***********,Ch*************************************,Ch********************************************************,AS************************************************
En*****,Un************,CR*****,51****,-0*******,Eu***********,ED*****,RI******************************,
Oh**,Un***********,43***,39*****,-8******,Am**************,Do****************************,Do****************************,AS**********************************
In*****,Un***********,46***,39*****,-8******,Am**************************,AT*****************,AT*******,AS************************
To***,Ja***,10******,35*****,13*****,As********,JA***,Ja******,
Be*****,Ch***,,39*****,11*****,As***********,Ch***************************,Th********************************,AS**********************************
Ca********,Un***********,94***,37*****,-1*******,Am*****************,Ak***********************,Li****,AS****************************
Ge*****,Un***********,30***,33*****,-8******,Am**************,AT*****************,AT***************,AS************************
He***,Ge*****,60***,50*****,8.*****,Eu***********,De*****************,De*****************,AS************************
Oh**,Un***********,43***,39*****,-8******,Am**************,Do****************************,Do****************************,AS**********************************
,,,,,,,,
Ar*****,Un***********,85***,31*****,-1*****,Am*************,CO*******,US****,AS**********************************
Si***,Pa******,12***,24*****,67*****,As**********,Wa**************,Wa**************,
,,,,,,,,
,,,,,,,,
Be*****,Ch***,,39*****,11*****,As***********,Al**********************************************,Al******************,
No***********,Ne*********,10**,52*****,4.*,Eu**************,Mi*******************,Mi********************************,AS**************************
Vi******,Un***********,20***,39****,-7******,Am**************,Ve**************,Ve**************,AS*********************
Ca********,Un***********,94***,37*****,-1*******,Am*****************,AT*****************,AT********************,AS************************
Tu*****,It***,56***,43*****,10*****,Eu*********,PI**,Un*****************************,AS*******************
Oh**,Un***********,43***,39*****,-8******,Am**************,Do****************************,Do****************************,AS**********************************
He***,Ge*****,60***,50*****,8.*****,Eu***********,Am**********************,AW********************,AS**********************
Ca********,Un***********,95***,38*****,-1*******,Am*****************,Co*******************************,Co*******************************,AS***************************************
Ne********,Ta****,,24*****,12*****,As*********,Ta************************************************,Ta*********,AS*******************************************************
Ne******,Un***********,10***,40*****,-7*****,Am**************,AT*****************,AT*******************************,AS************************
Vi******,Un***********,20***,39****,-7******,Am**************,Ve****************,Ve****************,
Du***,Un******************,,25****,55*****,As********,Am********************************,Am********************************,
Gi**,Eg***,,30*****,31*****,Af**********,TE*****,,AS**********
Yo********,In*******,,-7*****,11******,As**********,PT******************,,AS********************************
Or*************,Ru****,46****,51*****,57*****,As****************,Or********************************************,OJ***************,AS*********************
,,,,,,,,
Oh**,Un***********,43***,39*****,-8******,Am**************,Do****************************,Do****************************,AS**********************************
Gu*******,Ch***,,23*****,11******,As***********,Ch******,Ch*********,AS**********************
Le******,Ir*****,D2*,53*****,-6******,Eu***********,Or***********************************************,Or***********************************************,
Wa********,Un***********,98***,47*****,-1******,Am*****************,Am********,Am*************,
Wa********,Un***********,98***,47*****,-1*******,Am*****************,At************************,At************************,AS********************************
Po*******,Po****,84****,54*****,17*****,Eu***********,Ne******,Sc*****************************,AS**************
En*****,Un************,DN**,53*****,-0*****,Eu***********,Vi******************,Vm*****,AS*************************
En*****,Un************,W1*,51*****,-0*******,Eu***********,Am**********************,Am*********************,
Se***,So*********,43**,37****,12*****,As********,LG**********,LG**********,AS******************
,,,,,,,,
,,,,,,,,
,,,,,,,,
,,,,,,,,
Vi******,Un***********,20***,39*****,-7******,Am**************,Am**************,AW*****************,AS**********************
,,,,,,,,
Kw***********,So**********,40**,-2******,30*****,Af*****************,Vo********************************************,,AS*************
Gu*******,Ch***,,23****,11*****,As***********,CH*********,Ch*********,
Or****,Un***********,97***,45*****,-1******,Am*****************,Am**************,AW*****************,AS**********************
Kw********,Ho*******,,22*****,11*****,As************,HG*******************************,HG*******************************,AS**************************************
En*****,Un************,W1*,51*****,-0*******,Eu***********,Or***************,Or****************,AS***********************
Ne********,Un***********,73**,40*****,-7******,Am**************,Co*******************************,Co*************************,AS***************************************
No************,Un***********,28***,35*****,-8******,Am**************,Lo**************,Lo********************,
Oh**,Un***********,43***,39*****,-8******,Am**************,Do****************************,Do****************************,AS***********************************
,,,,,,,,
Qu****,Ca****,H4*,45*****,-7******,Am*************,IB*,IB*,
Lu****,Po****,65****,51*****,15*****,Eu***********,Ne******,NE***,AS**************
Ne******,Un***********,10***,40*****,-7******,Am**************,Wi***************************,Ha***************,AS**********************************
Co******,Un***********,80***,39*****,-1******,Am************,Co*******************************,Co*******************************,AS**************************************
No***********,Th*************,10**,52*****,4.*****,Eu**************,Ve*******************,NL***,AS********************
Oh**,Un***********,43***,39*****,-8******,Am**************,Do****************************,Do****************************,AS**********************************
An****,Tü*****,60**,39*****,32*****,Eu*************,Vo**************,,AS****************************************
,,,,,,,,
,,,,,,,,
Fl*****,Un***********,32***,28*****,-8******,Am**************,Un***************************,Un***************************,AS**********************************
We*********,In***,70****,22****,88*****,As**********,Ha***********************************,Ha*******************************,
,,,,,,,,
Il******,Un***********,60***,41*****,-8******,Am*************,AT***************,AT***************,AS***********************
Pa**************,Fr****,44***,47*****,-1*****,Eu**********,Fr************,,AS****************
Qu****,Ca****,J8*,45*****,-7******,Am*************,Le**********************,Vi************,AS*******************
Ar*****,Un***********,85***,31*****,-1*****,Am*************,Do****************************,US****,AS**********************************
,,,,,,,,
Mi******,Un***********,48***,42*****,-8******,Am*************,Fo****************,Fo****************,
Oh**,Un***********,44***,41*****,-8*****,Am**************,Th********************************,Th********************************,
Il******,Un***********,60***,41*****,-8******,Am*************,T-****************,T-****************,AS************************
Ma***********,Un***********,21**,42*****,-7******,Am**************,Co*******************************,Co*******************************,AS***************************************
Os*********,No****,35*,59*****,10*****,Eu*********,Ne****************,,AS*******************
Ke******,Un***********,40***,37*****,-8******,Am**************,Ea*************************,Ea*************************,AS*********************************
Oh**,Un***********,43***,39*****,-8******,Am**************,Do****************************,Do****************************,AS**********************************
To***,Ja***,15******,35*****,13*****,As********,GM*****,GM*********************,
En*****,Un************,W1*,51*****,-0*******,Eu***********,Am**********************,Am*********************,
Oh**,Un***********,43***,39*****,-8******,Am**************,Do****************************,Do****************************,AS**********************************
,,,,,,,,
Se***,So*********,83***,37*****,12******,As********,SK*****************,Se***************,AS************************
In*****,Un***********,46***,39*****,-8******,Am*************,El*******************,El*******************,AS**************************
Mi******,Un***********,49***,43*****,-8******,Am*************,Gr*********************************,Gr********************************,AS******************************************
En*****,Un************,W1*,51*****,-0*******,Eu***********,MI*******,Mi***************,AS**************************
,,,,,,,,
Be*****,Ch***,,39*****,11*****,As***********,Te**********************************,Te****************************************,
Ma***,Un***********,40**,43*****,-7******,Am**************,Ch********************,Sp******,AS********************************
Ne****,Un***********,,36*****,-1*******,Am*****************,Go********,Go*********************,AS****************
,,,,,,,,
Wa********,Un***********,98***,47*****,-1******,Am*****************,Am**********************,Am*********************,
,,,,,,,,
Ji*****,Ch***,,32*****,11*****,As***********,Ch******,Ch*********,AS**********************
Oh**,Un***********,43***,39*****,-8******,Am**************,Do****************************,Do****************************,AS**********************************
Mi******,Un***********,48***,42*****,-8******,Am*************,Co*******************************,Co****************************************,AS***************************************
Oh**,Un***********,44***,41****,-8******,Am**************,Ch********************,Sp******,AS********************************
Ge*****,Un***********,31***,32*****,-8*****,Am**************,Ge**************************,Ge**************************,AS*********************************
Vi******,Un***********,20***,39*****,-7******,Am**************,He********************************,Am**************************************,
Ar*****,Un***********,85***,31*****,-1*****,Am*************,CO*******,US****,AS**********************************
,,,,,,,,
Ca********,Un***********,94***,37****,-1******,Am*****************,HP*****,HP****,
No****************,Fr****,17***,46*****,-1*****,Eu**********,So******************************************,N9**********,AS**************************************************
Se***,So*********,10***,37*****,12******,As********,LG**********,Xp***,AS******************
Si****,It***,91***,37*****,12*****,Eu*********,Te*******************,Te*******************,AS***************************
Ca********,Un***********,90***,34*****,-1*******,Am*****************,Th*************************,Th******************************,
Pl**********************,Ma*******,,-2******,57*****,In**************,Af***************************************************,,
Oh**,Un***********,43***,39*****,-8******,Am**************,Do****************************,Do****************************,AS***********************************
Al*****,Un***********,36***,31*****,-8******,Am*************,Sp****,Al****,AS***********
Oh**,Un***********,43***,39*****,-8******,Am**************,Do****************************,Do****************************,AS**********************************
Kw********,Ho*******,,22*****,11*****,As************,HG*******************************,HG*******************************,AS**************************************
Ge*****,Un***********,30***,33*****,-8******,Am**************,Bo**************************************************,Bo**************************************************,AS*********************************************************
,,,,,,,,
Lo***********,Po****,59****,51*****,15*****,Eu***********,Or**************************,Or****************,AS*********************************
Vi******,Un***********,22***,38*****,-7******,Am**************,Ge*********************,Ge*********************,AS*****************************
Ca***************,Eg***,,30*****,31*****,Af**********,TE*****,TE*****,AS**********
No************,Un***********,28***,35****,-8******,Am**************,Ce************************,NA**,AS************************************
Ca********,Un***********,94***,37*****,-1******,Am*****************,He*********************,He*********************,
No************,Un***********,27***,35****,-7******,Am**************,IB*,IB*,
Se***,So*********,45**,37*****,12******,As********,SK*****************,SK*****************,AS************************
,,,,,,,,
Ne********,Un***********,70**,40*****,-7*****,Am**************,Ve**************,Ve**************,AS********************
Mi******,Un***********,48***,42*****,-8******,Am*************,Fo****************,Fo****************,
En*****,Un************,CA*,54*****,-2****,Eu***********,BT************************,,AS***********************************
,,,,,,,,
Îl***********,Fr****,75***,48*****,2.*****,Eu**********,GL*************,Gl*************,
Fl*****,Un***********,33***,27*****,-8******,Am**************,Ch********************,Sp******,AS*********************************
,,,,,,,,
Gy*********,So*********,13***,37*****,12*****,As********,Ko***********,Ko****,AS******************
No************,Un***********,27***,35****,-7******,Am**************,Un***************************,Un**************************,
Be*****,Ch***,,39*****,11*****,As***********,Ch***************************,Ch*****************************************************,
Ca********,Un***********,95***,38*****,-1*******,Am*****************,Co*******************************,Co***************************************,AS***************************************
,,,,,,,,
Ak******,No****,14**,59*****,10*****,Eu*********,Te***********,,AS*********************
Ch*******,Ch***,,29*****,10******,As***********,Ch******,Ch*********,AS**********************
Oh**,Un***********,43***,39*****,-8******,Am**************,Do****************************,Do****************************,AS**********************************
En*****,Un************,W1*,51*****,-0*******,Eu***********,UK********************,UK********************,
He***,Ge*****,60***,50*****,8.*****,Eu***********,Te********************************,Te********************************,
Il******,Un***********,60***,41****,-8******,Am*************,We**********,We**********,AS******************
Gi**************,Vi*****,,13*****,10***,As**************,FP*****************,FP**********,AS*************************
,,,,,,,,
Ne********,Ta****,,24*****,12*****,As*********,Fa**************************************,Fa*************************************,AS*********************************************
Mo******************,Cz*****,74****,49*****,17*****,Eu***********,CZ******,Cz****************,AS****************************
,,,,,,,,
Mo****,Ru****,14****,55*****,37*****,Eu***********,MT******,MT******,AS*************
Be*****,Ch***,10****,39*****,11*****,As***********,Ch***************************,Bj****,AS**********************************
Li******,Ch***,,38*****,12******,As***********,CN******************************************,,AS***********************************
Ce*****************,Fr****,37***,47*****,0.******,Eu**********,Pr***************,Pr*******************,AS**************
,,,,,,,,
Lo*******,Un***********,71***,32*****,-9******,Am*************,Le**************************,Le**********,AS************************
Be*****,Ch***,,39*****,11*****,As***********,Ch******************************************,No************************************,AS*************************************************
Ca********,Un***********,94***,37*****,-1******,Am*****************,He********************************,He********************************,
Mo****,Ru****,14****,55*****,37*****,Eu***********,VL***,,
Ca********,Un***********,95***,37*****,-1*****,Am*****************,Ap********,Ap*******,AS**************
Me*********,Me****,51**,19*****,-9******,Am*****************,Un*****************,UN****,AS***********
Mo***********,Ru****,14****,56*****,37*****,Eu***********,Ok*********,Ok**********,AS*****************
Ta****,Ta****,,25*****,12*****,As*********,Ch******************************,Ch****************************************,
Il******,Un***********,60***,41*****,-8******,Am*************,No**************************,No**************************,AS**********************************
Ne******,Un***********,10***,40*****,-7*****,Am**************,Ve**************,Ve**************,AS**********************
,,,,,,,,
Ma****,Sp***,28***,40*****,-3*****,Eu***********,IT*****,SI***********************,AS*************
Oh**,Un***********,45***,39*****,-8******,Am**************,Th****************************,Th****************************,AS************************************
No********,Si*******,85****,1.*****,10****,As************,As*************************************,As***********************************************,
Xi******,Ch***,,42*****,87*****,As*********,Ch***********,Ch*********,AS********************************************************
Ne******,Un***********,13***,44***,-7******,Am**************,Ch************************,Sp******,AS********************************
,,,,,,,,
Mi******,Un***********,48***,42*****,-8******,Am*************,Ge****************,Ge****************,
Si****,It***,90***,38*****,13****,Eu*********,Te*******************,IN***********,AS**************************
Sã*******,Br****,68***,-2******,-4******,Am***************,Cl*****************************,NE******************************,AS*************************************
Li******,Ch***,,41*****,12*****,As***********,CN******************************************,,AS***********************************
Al*****,Un***********,35***,33*****,-8******,Am*************,AT********,Ch*****************,AS***************
En*****,Un************,W1*,51*****,-0*******,Eu***********,Am**********************,Am*********************,
Oh**,Un***********,43***,39*****,-8******,Am**************,Do****************************,Do****************************,AS**********************************
,,,,,,,,
Qu****,Ca****,H4*,45*****,-7******,Am*************,Mi*******************,Mi*******************,
Kw***********,So**********,36**,-2******,30*****,Af*****************,Te***********,Te***************************,AS********************
Vi*****,Li*******,81**,54*****,25*****,Eu************,Te***********,Te***************,AS**********************
Oh**,Un***********,43***,39*****,-8******,Am**************,Do****************************,Do****************************,AS**********************************
Ne********,Un***********,71**,40*****,-7*****,Am**************,Th*****************************************,Th*****************************************,
Qu****,Ca****,J4*,45*****,-7******,Am*************,Be*********,Go*******************************************,AS*****************
Mi******,Un***********,48***,42*****,-8******,Am*************,Me****************,Wa********************,AS**********************
Ma******,Ca****,R5*,49*****,-9******,Am**************,Be*********,Be*********,AS****************
Sa**********,Ca****,S4*,50****,-1*******,Am************,Un******************,Un******************,AS**************************
To***,Ja***,10******,35****,13*****,As********,An********************,,AS*****************************
Mi******,Un***********,64***,39*****,-9******,Am*************,Ce****************,Ce****************,
Sã*******,Br****,10**,-2******,-4******,Am***************,Vi**,TE*******************,AS***************************
To***,Ja***,10******,35*****,13*****,As********,So***************,Ja*****************************************,AS********************
,,,,,,,,
En*****,Un************,W1*,51*****,-0*******,Eu***********,Am**********************,Am*********************,
To***,Ja***,10******,35*****,13*****,As********,In****************************************************************,,AS***********************************************************************
An***,Ch***,,31*****,11******,As***********,Ch******,Ch*********,AS**********************
Sv***************,Ru****,62****,56*****,60*****,As****************,JS**********************,CJ***********,AS*****************************
No************,Un***********,27***,35****,-7******,Am**************,Un***************************,Un**************************,
,,,,,,,,
,,,,,,,,
,,,,,,,,
Ar*****,Un***********,85***,31*****,-1*****,Am*************,CO*******,US****,AS**********************************
Ma*****,Po****,00****,52*****,21*****,Eu***********,Or**************************,Te*************************,AS*********************************
Mi******,Un***********,63***,38****,-9******,Am*************,Em******************,Em*****************,
Il******,Un***********,60***,41*****,-8******,Am*************,Th****************,Th****************,
En*****,Un************,SS*,51*****,0.****,Eu***********,Vi*******************,Vi******************,AS*************************
En*****,Un************,W1*,51*****,-0*******,Eu***********,Mi*******,Mi***************,AS**************************
Ar*****,Un***********,85***,31*****,-1*****,Am*************,Do****************************,US****,AS**********************************
,,,,,,,,
En*****,Un************,W1*,51*****,-0*******,Eu***********,Xe***************,Xe***************,AS***********************
Be*****,Ch***,,39*****,11*****,As***********,No************************************,No************************************,
Ne********,Un***********,71**,40*****,-7*****,Am**************,Th*****************************************,Th*****************************************,
,,,,,,,,
,,,,,,,,
Il******,Un***********,60***,41*****,-8******,Am*************,In***************,In**************,AS**********************
Ri************,Br****,24***,-2******,-4******,Am***************,V ***,Te**********************,AS**********
Te***,Un***********,76***,32*****,-9******,Am*************,T-**********,Sp*******************,
,,,,,,,,
Fe**************,Br****,71***,-1******,-4****,Am***************,TE*******************,Gl********************,AS***************************
Lo******,It***,20***,45*****,9.***,Eu*********,H3*,Wi************,
Ca********,Un***********,94***,37*****,-1******,Am*****************,Lo***********************************,,
En*****,Un************,ST**,52*****,-2*****,Eu***********,Br****************************,BT****,AS************
,,,,,,,,
La***,It***,18*,41*****,12*****,Eu*********,Te******************,DA*****,AS**************************
,,,,,,,,
Oh**,Un***********,43***,39*****,-8******,Am**************,Do****************************,Do****************************,AS**********************************
Be*****,Ch***,,39*****,11*****,As***********,Te**********************************,Te****************************************,
Be*****,Ch***,,39****,11*****,As***********,Ha*****************************,Al***********************,AS*******************************************
To***,Ja***,15******,35*****,13******,As********,Kd**************,KD**,AS*********************
An***,Ch***,23****,31*****,11*****,As***********,US**,Th***********************************************,AS*****************************************************************
To***,Ja***,10******,35*****,13*****,As********,NE********,Jp**************,
,,,,,,,,
Ge*****,Un***********,30***,33*****,-8******,Am**************,AT*****************,AT*******,AS************************
Be*****,Ch***,,39****,11*****,As***********,Ha*****************************,Al***********************,AS*******************************************
Ne********,Un***********,71**,40*****,-7*****,Am**************,Th*****************************************,Th*****************************************,
Ma***********,Un***********,17**,42*****,-7******,Am**************,Co*******************,To*****************,AS************************
Be*****,Ch***,,39*****,11*****,As***********,dg*****,Do**************************************,
,,,,,,,,
Oh**,Un***********,43***,39*****,-8******,Am**************,Do****************************,Do****************************,AS**********************************
,,,,,,,,
Da*****,So*********,35*,36*****,12******,As********,LG**********,LG**********,AS******************
Oh**,Un***********,43***,39*****,-8******,Am**************,Do****************************,Do****************************,AS***********************************
,,,,,,,,
Gu*******,Ch***,,23*****,11******,As***********,Ch******,Ch*********,AS**********************
Ca***************,Eg***,,30*****,31*****,Af**********,Ne****************,,AS*******************
Il******,Un***********,60***,41*****,-8******,Am*************,Ve**************,Ve**************,AS********************
Ma***********,Un***********,21**,42****,-7******,Am**************,Gl*********************,Gl*********************,
Ca********,Un***********,90***,34*****,-1*******,Am*****************,Ho******,Ra**********,AS**************
Si*****,Ch***,,30*****,10*****,As***********,Ch******,Ch*********,AS**********************
Vi******,Un***********,20***,39****,-7******,Am**************,Ve****************,Ve****************,
To***,Ja***,10******,35*****,13****,As********,NT****************************,Op*******************,AS***********************************
Co******,Un***********,80***,39*****,-1******,Am************,Le**************************,Le**************************,AS************************
En*****,Un************,W1*,51*****,-0*******,Eu***********,Ve********************,ne**************,AS********************
Hu***,Ch***,41****,27*****,11*****,As***********,CH*********,Ch*********,
Ko*****,Ho*******,96***,22*****,11*****,As************,CT***,,
Am******,Br****,69***,-3*****,-6******,Am************,Cl*****************************,Cl*****************************,AS*************************************
Na************,Ke***,98**,-1*****,36*****,Af************,Sa***************,Sa***********,AS***********************
Go***,Br****,74***,-1*****,-4******,Am***************,V ***,V ***,AS**********
Lu*************,Za****,,-1*****,28*****,Af***********,Za**********************************************,An******************,AS******************************************************
,,,,,,,,
Oh**,Un***********,43***,39*****,-8******,Am**************,Do****************************,Do****************************,AS**********************************
Ca********,Un***********,95***,38*****,-1*****,Am*****************,Ca*********************************,Ca*********************************,
Se***,So*********,46**,37****,12*****,As********,SK*****************,br*******,AS************************
En*****,Un************,W1*,51*****,-0*******,Eu***********,DW*,,
On*****,Ca****,M5*,43****,-7******,Am*************,Ro*******************************,Ro******************************,AS*************************************
Co******,Un***********,80***,39*****,-1******,Am************,Co*******************************,Co*******************************,AS**************************************
En*****,Un************,SL*,51****,-0*******,Eu***********,Te*******************,Cu****************,AS***************************
Be*****,Ch***,,39*****,11*****,As***********,CT****,Ch******************************************,
Wa********,Un***********,98***,47*****,-1******,Am*****************,Am********,Am*************,
Ve****,It***,30***,45*****,12*****,Eu*********,IN********,WI**************************,AS********************
Gi**,Ja***,50******,35*****,13*****,As********,NT****************************,Op*******************,AS***********************************
,,,,,,,,
So*************,Au*******,51**,-3******,13*****,Au****************,OS****,Os************,
Sh******,Ja***,42******,34*****,13*****,As********,Ne**********,Ne**********,
An***,Ch***,,30*****,11*****,As***********,Ch******,Ch*********,AS**********************
Ta***********,Ta****,,24****,12******,As*********,TB*,,AS**********
Sh******,Ch***,,31*****,12*****,As***********,Sh**************************,Sh************************************,
Il******,Un***********,60***,41*****,-8******,Am*************,T-****************,T-****************,AS************************
Lo**********,Ge*****,26***,53*****,7.****,Eu***********,EW**********,EW**********,AS*****************
Gu*******,Ch***,51****,22*****,11*****,As***********,Ch***************************************,Te*****************************************,AS*******************************************************
En*****,Un************,W1*,51*****,-0*******,Eu***********,UK********************,UK********************,
Oh**,Un***********,43***,39*****,-8******,Am**************,Do****************************,Do****************************,AS**********************************
Oh**,Un***********,43***,39*****,-8******,Am**************,Do****************************,Do****************************,AS**********************************
Te***,Un***********,76***,31*****,-9******,Am*************,Wi*********************,Wi*********************,
We**********,So**********,79**,-3******,18*****,Af*****************,Te***********,Te***************************,AS********************
Ba********************,Sl******,97****,48*****,19*****,Eu***************,Da*********,Fi******************************************,AS*****************
En*****,Un************,S7***,53*****,-1*****,Eu***********,Po**********,Po**********,AS*****************
Wa********,Un***********,98***,47*****,-1******,Am*****************,Am********,Am**************,
Br**************,Be*****,10**,50*****,4.*****,Eu*************,Or***********************************************,Or***********************************************,
No***********,Th*************,10**,52*****,4.*****,Eu**************,Ci*************,Ci*************,AS*********************
Se***,So*********,46**,37*****,12*****,As********,SK********,,AS***************
Îl***********,Fr****,75***,48*****,2.*****,Eu**********,BO**************,,AS************************
Ge****,Sw*********,12**,46*****,6.*****,Eu***********,SI*******************,SI*******************,
Ar*****,Un***********,85***,31*****,-1*****,Am*************,CO*******,US****,AS**********************************
Bu***,So*********,48***,35*****,12******,As********,BU**********************************************,Pe*****,AS*****************************************************
Oh**,Un***********,43***,39*****,-8******,Am**************,Do****************************,Do****************************,AS**********************************
No***********,Th*************,10**,52*****,4.****,Eu**************,Ga**********************,Ga**********************,AS****************************
Ka****,Un***********,67***,37*****,-9******,Am*************,Ha****,Am**********************************,AS************
Ge*****,Un***********,30***,33*****,-8*****,Am**************,He*********************,El**********************,
Ne******,Un***********,10***,40*****,-7******,Am**************,Co*******************,,AS*************************
Pa**************,Fr****,44***,47*****,-1*****,Eu**********,So******************************************,SF****,AS**************************************************
,,,,,,,,
Wa********,Un***********,98***,47****,-1******,Am*****************,Mi*******************,Mi*****************************,AS**************************
Oh**,Un***********,43***,39*****,-8******,Am**************,Do****************************,Do****************************,AS**********************************
En*****,Un************,W1*,51*****,-0*******,Eu***********,UK********************,UK********************,
,,,,,,,,
,,,,,,,,
Ma*****,In***,79****,24*****,93****,As**********,BH****,AB************,AS********************************************
Sa*****,Ja***,33******,35*****,13******,As********,So***************,Ja*****************************************,AS********************
Ba***,Br****,40***,-1******,-3******,Am***********,TI*****,TI*****,AS*************
No********************,Ge*****,51***,50*****,7.***,Eu***********,NE***********,Gl**********************,AS******************
No************,Un***********,28***,35*****,-8******,Am**************,Wi***************************,Pr**********************************,AS**********************************
Wi*******,Un***********,53***,42*****,-8******,Am*************,Ch********************,Sp******,AS****************************
Go***,Br****,74***,-1******,-4******,Am***************,V ***,V ***,AS**********
Oh**,Un***********,43***,39*****,-8******,Am**************,Do****************************,Do****************************,AS**********************************
Ma*****,Po****,02****,52*****,20*****,Eu***********,PT******************************,PT***********,AS*********************************
Ge*****,Un***********,30***,33*****,-8******,Am**************,NC*************,NC*************,AS*********************
Il******,Un***********,62***,38*****,-8******,Am*************,Ea****************,Ea****************,AS*************************
,,,,,,,,
,,,,,,,,
Gr******************,Gh***,,5.*****,-0******,Af**********,Sc**********,Sc*************,AS*********************
Ra*******,In***,30****,26*****,75*****,As**********,Bh***********,Bh*******************,AS********************************************
Be*****,Ch***,,39*****,11*****,As***********,ID***************************************,Be*****************************************,AS***********************************************
Sa*******,Br****,13**,-2******,-4******,Am***************,Or****************,Or*****************************************,AS************************
Hs************,Ta****,,24*****,12******,As*********,Ch************************,Ch***********************,AS**************************************
Il******,Un***********,60***,41*****,-8******,Am*************,Sp****,Sp****,AS***********
En*****,Un************,W1*,51*****,-0*******,Eu***********,UK********************,UK********************,
No************,Un***********,27***,36*****,-7******,Am**************,Ma*************,Ma*************,
Kw********,Ho*******,,22*****,11*****,As************,PO**************************,Po**************************,AS****************************
Ne******,Un***********,10***,40*****,-7*****,Am**************,Ve********************,AN*********************,AS********************
En*****,Un************,AL******,51*****,-0*******,Eu***********,EE********,MB*******,AS****************
Ut*****,Th*************,35**,52*****,5.*****,Eu**************,SU***********,SU********,AS**************
Ca********,Un***********,94***,37*****,-1******,Am*****************,Tr*****,Tr***********,
Pr****,Cz*****,11****,50*****,14*****,Eu***********,T-**************************,T *****************,AS**********************************
,,,,,,,,
Fu****,Ch***,36****,24*****,11*****,As***********,Ch******,Ch*********,AS**********************
Ba*****,Th******,10***,13*****,10******,As**********,NT******************************,NT********************,AS**************
Sa**********,Ca****,S9*,52*****,-1******,Am************,Sa*****************************,Sa******************************************,AS***********************************
,,,,,,,,
Ko**********,Ho*******,96***,22*****,11******,As************,Pc******,PC**********,AS****************
Ne*************,Au*******,20**,-3******,15******,Au**************,Te**************,,AS****************************
Ar*****,Un***********,85***,33*****,-1*******,Am*************,Co*********************,Co********************,AS*****************************
Ji*****,Ch***,,31*****,12******,As***********,Ch*************************************,Ch*************************************,AS*********************************************
Be*****,Ch***,10****,39*****,11*****,As***********,CM***,Ch*****************************************,
Br******,Fr****,29***,48*****,-3*****,Eu**********,So******************************************,,AS**************************************************
Au******************,Fr****,69***,45*****,5.****,Eu**********,So******************************************,,AS**************************************************
Ar*****,Un***********,85***,31*****,-1*****,Am*************,CO*******,US****,AS**********************************
,,,,,,,,
At****,Gr****,,38****,23*****,Eu***********,OT*,OT*********,AS******************************************************
Oh**,Un***********,43***,39*****,-8******,Am**************,Do****************************,Do****************************,AS**********************************
Sh******,Ch***,,31*****,12******,As***********,Ch******,Ch*********,AS**********************
Be*****,Ch***,10****,39*****,11*****,As***********,Ch******,Ch*********,AS**********************
,,,,,,,,
Ba*****,Pu*********,95*,18*****,-6*****,Am*****************,T-**********,Sp****************,
Ji*****,Ch***,21****,32*****,11*****,As***********,Ch***********,Ch*********,AS******************************************************
,,,,,,,,
Ne******,Un***********,10***,40*****,-7*****,Am**************,AT*****************,AT*******,AS************************
Ca***************,Mo*****,,33*****,-7*****,Af***************,RA*******************,,AS********************************************************************************
Ba*****,Ge*****,90***,49*****,11*****,Eu***********,VF********,Ar******,AS******************
Ge*****,Un***********,30***,33*****,-8******,Am**************,Se****************************************,Se****************************************,
,,,,,,,,
Wa********,Un***********,98***,47*****,-1******,Am*****************,Am********,Am*************,
Se******,Ma******,63***,2.****,10******,As***************,TM****************************,Ad***********,AS*************************************
Oh**,Un***********,44***,41*****,-8******,Am**************,Ce*************************************,Al*****************************************,
In*****,So*********,21*,37*****,12*****,As********,DA**************,Pu********,AS******************
Sh******,Ch***,,35****,11*****,As***********,Ch******,Ch*********,AS**********************
Di******************,Un***********,20***,38****,-7******,Am**************,Co*******************,Co***************************,AS*************************
Sh*****,Ch***,,35****,10*****,As***********,CH******************************************,Ch*********,AS***************************************************
,,,,,,,,
An****,Tü*****,60**,39*****,32*****,Eu*************,Tu*********,Tu***********************,AS****************
Ne******,Un***********,10***,40*****,-7*****,Am**************,AT*****************,AT*******************************,AS************************
Se***,So*********,43**,37*****,12*****,As********,SK******,SK*******************,AS**************
Sh******,Ch***,,36*****,11*****,As***********,CN******************************************,,AS***********************************
Gy*********,So*********,13***,37*****,12*****,As********,Ko***********,Ko***********,AS******************
Te***,Un***********,,29*****,-9******,Am*************,Mi*******************,Mi*******************,AS**************************
Be*****,Ch***,,39*****,11*****,As***********,CH****************************,Un****,AS***********************************
Ar*****,Un***********,85***,31*****,-1*****,Am*************,Do****************************,US****,AS**********************************
,,,,,,,,
Mi******,Un***********,48***,42*****,-8******,Am*************,He**********************,He**********************,
Ca********,Un***********,95***,37*****,-1******,Am*****************,Be**********************************************,Be**********************************************,AS*******************************************************
Di******************,Un***********,20***,38****,-7******,Am**************,Co*******************,Co***************************,AS*************************
En*****,Un************,EC**,51*****,-0*******,Eu***********,IB*********,Pr*********************************,AS************************
En*****,Un************,W1*,51*****,-0*******,Eu***********,Tr************************,Tr*****************************,
Ne********,Un***********,79**,40*****,-7******,Am**************,Av********,Av********,AS****************
Fl*****,Un***********,34***,27*****,-8******,Am**************,Ch********************,Sp******,AS*********************************
Ch********,Th******,50***,18*****,99*****,As**********,CA********************************,Da******************************************************,AS************************************************
Sã*******,Br****,13***,-2******,-4******,Am***************,Se************************,Se************************,AS********************************
In*****,Un***********,46***,39*****,-8******,Am*************,AT***********,AT*****************,
,,,,,,,,
To***,Ja***,10******,35*****,13*****,As********,So***************,Ja*****************************************,AS********************
Ta********,In***,60****,12*****,80*****,As**********,So*******,So*************************,AS*********************************
Ne*************,Au*******,21**,-3******,15******,Au**************,Te*************************,Te*****************,AS****************************
Wa********,Un***********,98***,47*****,-1******,Am*****************,Am********,Am*************,
Oh**,Un***********,43***,39*****,-8******,Am**************,Do****************************,Do****************************,AS**********************************
Ne******,Un***********,11***,40*****,-7******,Am**************,Ci*************************,PS*,AS*********************************
Mi******,Un***********,48***,42*****,-8******,Am*************,Ge****************,Ge****************,
La********************,El*********,,13*****,-8******,Am*****************,Mi*************************************,Mi************************************,AS*********************************************
Te***,Un***********,76***,32*****,-9******,Am*************,Ch********************,Sp******,AS********************************
Vi******,Un***********,20***,39*****,-7******,Am**************,Co*******************,In**********************************,AS*************************
,,,,,,,,
Ca********,Un***********,95***,37*****,-1****,Am*****************,Av*************************,Av*************************,
Ra****************,Mo*****,,33*****,-6******,Af***************,Ra*******************,,AS********************************************************************************
Ge*****,Un***********,30***,33*****,-8******,Am**************,AT********,MI**********,
Be*****,Ch***,,39*****,11*****,As***********,Ch***************************,Xc********,AS**********************************
No************,Un***********,27***,35****,-7******,Am**************,IB*,IB*,
Lo******,It***,20***,45*****,9.****,Eu*********,Co*************,Un*******************************,AS*******************
Oh**,Un***********,43***,39*****,-8******,Am**************,Do****************************,Do****************************,AS**********************************
Oh**,Un***********,45***,39*****,-8******,Am**************,Co************************,Co************************,
Ce***************,Si*******,69***,1.*****,10*****,As************,OV*****,OV********************,AS*************
Ar*****,Un***********,85***,31*****,-1*****,Am*************,Do****************************,US****,AS**********************************
Ca********,Un***********,94***,37****,-1******,Am*****************,Ba*************,Ba***********************************,
Vi******,Un***********,23***,36*******,-7*******,Am**************,Mi*******************,Mi****************************,AS**************************
Ne***********************,Ca****,A1*,47***,-5*****,Am**************,Be*********,Be********************************,AS***************
,,,,,,,,
Te***,Un***********,75***,32*****,-9******,Am*************,So*******,So**************************,
Îl***********,Fr****,75***,48*****,2.*****,Eu**********,Fr*******************,,AS****************
To***,Ja***,10******,35*****,13*****,As********,JA***,Ja******,
Oh**,Un***********,43***,40*****,-8*****,Am**************,AT*****************,AT*******,AS************************
Îl***********,Fr****,91***,48*****,2.****,Eu**********,Pr***************,Pr*******************,AS**************
Re*************,Se*****,,14*****,-1******,Af**********,FA*,,AS*********************************
Bo*********************,Fr****,39***,47*****,5.****,Eu**********,Or****,,AS****************
,,,,,,,,
He***,Ge*****,60***,50*****,8.*****,Eu***********,1&***************************,Ve******************,AS**********************************
Kw********,Ho*******,,22*****,11****,As************,Ho*****************************,Ho*****************************,AS*************************************
Mi******,Un***********,63***,38*****,-9******,Am*************,Ch********************,Sp******,AS****************************
Be*****,Ch***,,39*****,11*****,As***********,ZL**,Ch**************************************,
Mo****,Ru****,12****,55*****,37*****,Eu***********,MT******,Cu***********************,AS*************
Mo****,Ru****,14****,55*****,37*****,Eu***********,PJ*************,Ru*****,AS*********************
Oh**,Un***********,43***,39*****,-8******,Am**************,Do****************************,Do****************************,AS**********************************
To*******,Br****,77***,-9*****,-4******,Am***************,SK*****************************,SK*****************************,AS**************************************
Ha*****,In***,12****,28*****,76*****,As**********,Tt**********,Ta***********************,AS******************************
,,,,,,,,
Be*****,Ch***,,39*****,11*****,As***********,No************************************,No************************************,
Oh**,Un***********,43***,39*****,-8******,Am**************,Do****************************,Do****************************,AS**********************************
Oh**,Un***********,43***,39*****,-8******,Am**************,Do****************************,Do****************************,AS**********************************
Ta****,Ta****,,24*****,12*****,As*********,CC*****,Ch***********************************,AS**************************************
Îl***********,Fr****,95***,49*****,2.****,Eu**********,Pr***************,Pr*******************,AS**************
Gw*****,So*********,61***,35*****,12******,As********,SK*****************,br*******,AS************************
We**********,So**********,79**,-3******,18*****,Af*****************,Di************,Di************,AS*******************
Vi******,Un***********,20***,39*****,-7*****,Am**************,M3***************,M3********************,
Li*********,Pe**,15***,-1******,-7******,Am**********,Am***********************,Am**********************,AS*******************************
Te****,Ir**,,35*****,51****,As*********,TI*,Te*********************************,AS****************************************
As******,Pa******,,-2******,-5******,Am**************,CO*******,CO*****************************************************,AS*************************************************************
Fl*****,Un***********,32***,28*****,-8******,Am**************,Ch********************,Sp******,AS*********************************
Ne******,Un***********,10***,40*****,-7*****,Am**************,Ve**************,Ve**************,AS********************
Ma***********,Un***********,21**,42*****,-7******,Am**************,Ha****************,Ha****************,AS***********************
Bu******,No****,35**,60****,8.*****,Eu*********,Un*********************************,Am**********************************,AS****************************************
Mi******,Un***********,48***,43*****,-8******,Am*************,Th**********************,Th**********************,
Ca*******,Sp***,80**,41*****,2.****,Eu***********,RI************************,,AS********************************
Ca********,Un***********,95***,37*****,-1*******,Am*****************,AT*****************,Ac***************************,AS************************
Be*****,Ch***,10****,39*****,11*****,As***********,HW*****,Hu*************************,
Hi*******,Ja***,73******,34*****,13******,As********,En**************************,Ya*************************************,AS****************
Il******,Un***********,60***,41*****,-8******,Am*************,Th***********************,Un*******************,AS*****************************
Lo******,It***,20***,45*****,9.*****,Eu*********,Fa**************,,AS*****************
Sa******,Pu*********,90*,18*****,-6******,Am*****************,Li***************************************,Li***************************************,AS***********************************************
,,,,,,,,
On*****,Ca****,K0*,45****,-7******,Am*************,St****************************,It************,AS************************************
Te***,Un***********,78***,29*****,-9******,Am*************,AT*****************,PP************************,AS************************
,,,,,,,,
Pa*****,Br****,58***,-7*****,-3******,Am***************,Vi**,TE*******************,AS***************************
Ba****,In*******,,-6****,10******,As**********,PT******************,,AS*************************
,,,,,,,,
He***,Ge*****,60***,50*****,8.*****,Eu***********,De*****************,ma*******,AS************************
Al********,Eg***,,30*****,29*****,Af**********,Th**************************************,Or**********,AS********************************************************
Ka******,Ja***,25******,35*****,13******,As********,Sh******************,Sh******************,AS***************************
Ka****,Un***********,67***,37*****,-9******,Am*************,Ha****,Am**********************************,AS************
Si*****,Ch***,,30*****,10*****,As***********,Ch******,Ch*********,AS**********************
La*********,Pe**,,-8*****,-7******,Am**********,Te*****************,PE****************,AS*******************************
Se***,So*********,60***,37*****,12******,As********,HY******************************,HY********************************,AS***********************************
Al*****,Un***********,36***,32*****,-8******,Am*************,Do****************************,Ai**************************,AS**********************************
Mi******,Un***********,64***,39*****,-9******,Am*************,Sp*******************,Sp********************,
Dj****,Al*****,17***,34*****,3.*****,Af************,3 ******************,,AS*********************
,,,,,,,,
In*****,Un***********,46***,39*****,-8******,Am*************,AT***********,AT*****************,
Ca********,Un***********,94***,37*****,-1******,Am*****************,He*********************,He*********************,
Mi*****,Ve*******,,10*****,-6******,Am*************,CA************************,CA************************,AS*******************************
On*****,Ca****,L4*,43*****,-7******,Am*************,Or****************,Or****************************************,AS************************
Ta****,Ta****,,25*****,12*****,As*********,Fa**************************************,Fa*************************************,AS*********************************************
La***,It***,18*,41*****,12*****,Eu*********,Mi********************,Mi********************,AS*****************************
,,,,,,,,
En*****,Un************,BN*,50*****,-0****,Eu***********,Vi**********,,AS*************************
Sã*******,Br****,01*******,-2******,-4******,Am***************,Cl********,Cl*******,AS***************
Ku**********,Ma******,50***,3.****,10******,As***************,TM****************************,St********************,AS*************************************
Rh**********,Un***********,28**,41****,-7******,Am**************,Un************************,Un************************,AS********************************
,,,,,,,,
Ch***,Ja***,27******,35*****,13******,As********,JC************,JC***********,AS*******************
Bu**********,Ar*******,16**,-3******,-5******,Am****************************,Te*********************,Te*********************,AS*****************************
,,,,,,,,
,,,,,,,,
De******,Un***********,19***,39*****,-7******,Am**************,Co*******************************,Co********************************,AS***************************************
,,,,,,,,
Ja*****,Me****,45***,20*****,-1*******,Am*****************,Un************************,Un************************,AS*******************************
Sã*******,Br****,,-2****,-4*****,Am***************,Cl*****************************,Cl*****************************,AS*************************************
No********************,Ge*****,44***,51*****,7.*****,Eu***********,Ve**********************,VE*****,AS********************
Ga*****,So**********,21**,-2******,28*****,Af*****************,Cl*****************,Cl*****************,
Ok*****,Ja***,70******,34****,13******,As********,RE****************,RE****************,AS************************
Oh**,Un***********,43***,39*****,-8******,Am**************,Do****************************,Do****************************,AS**********************************
Gu*******,Ch***,,22*****,11*****,As***********,Ch**********,Ch**********,AS************************************************
Uu*****,Fi*****,12*,60*****,24*****,Eu*************,Eq*****************************************,Eq*****************************,AS*************************************************
Mi******,Un***********,48***,42*****,-8******,Am*************,Ja*********************************,Le**********,AS*****************************************
Gu*******,Ch***,,22*****,11*****,As***********,Ch**********,Ch*************************************,AS************************************************
He***,Ge*****,60***,50*****,8.*****,Eu***********,U.*******************************************,U.*******************************************,AS**************************************************
En*****,Un************,RM*,51*****,0.****,Eu***********,EE********,EE******,AS****************
Ma****,Sp***,28***,40*****,-3******,Eu***********,RI************************,,AS********************************
Gu*******,Ch***,51****,22*****,11*****,As***********,Ch**********,Ch*************************************,AS************************************************
On*****,Ca****,M5*,43***,-7******,Am*************,Ro*******************************,Ro******************,AS*************************************
Te***,Un***********,77***,29*****,-9******,Am*************,Co*******************************,Co********************************,AS***************************************
St************,Ru****,,59*****,30*****,Eu***********,br**********,,AS***********************************
Ma*********,In***,41****,18*****,73*****,As**********,Id*******************,,AS***************************
Sa******************,Co******,68****,6.****,-7****,Am************,EP********************************,EP*******************************,AS****************************************
,,,,,,,,
Ul***,So*********,44*,35*****,12******,As********,Ul*********************************,JC*,AS*****************************************
,,,,,,,,
Oh**,Un***********,44***,41*****,-8******,Am**************,Ch********************,Sp******,AS********************************
Ke******,Un***********,40***,38*****,-8******,Am**************,AT*****************,Pr***************************************,AS************************
On*****,Ca****,M6*,43*****,-7******,Am*************,St******************,St******************,AS**************************
Gu*******,Ch***,,23****,11*****,As***********,Ch******,Ch*********,AS**********************
Sa*****,Ja***,33******,35*****,13******,As********,So***************,SO***********,AS********************
An***,Ch***,,30*****,11*****,As***********,Ch******,Ch*********,AS**********************
Ca********,Un***********,92***,34*****,-1*******,Am*****************,Ve**************,Ce*************************************,AS*********************
In*****,So*********,22*,37****,12*****,As********,SK*****************,NQ*********,AS************************
Wa********,Un***********,98***,47*****,-1******,Am*****************,Am********,Am*************,
Wa********,Un***********,98***,47*****,-1******,Am*****************,Am********,Am*************,
Mo******************,Cz*****,70****,49*****,18*****,Eu***********,FI*****,,AS************************************
Ca********,Un***********,92***,32*****,-1*******,Am*****************,Co*********************,Co********************,AS*****************************
Qu********,Au*******,47**,-2******,14*****,Au****************,Si*******************,Op********************,AS**********************
,,,,,,,,
Is******,Tü*****,34***,41*****,28*****,Eu*************,Tu***************,,AS***************************************
No********,So**********,20*,-2******,27*****,Af*****************,Vo********************************************************,,AS*************
Ke******,Un***********,41***,37*****,-8******,Am**************,Mi************************,Mi************************,AS*******************************
In************,Ch***,,43*****,11*****,As***********,Ne*****************************,,AS**********************
En*****,Un************,W1*,51*****,-0*******,Eu***********,UK********************,UK********************,
Be*****,Ch***,10****,39*****,11*****,As***********,Ch******************************************,Ch******************************************,AS*************************************************
Ho*********,Vi*****,,10****,10******,As**************,VI********,xD***********,AS******************
Ne******,Un***********,11***,40*****,-7******,Am**************,Ca***********************,Op**********************************,AS******************************
Sã*******,Br****,13***,-2******,-4******,Am***************,Cl*****************************,Cl*****************************,AS*************************************
En*****,Un************,OX**,51*****,-1******,Eu***********,HI***,RM**************,
So***********,Bu******,10**,42*****,23****,Eu**********,ME*****,Me******************,AS*********************
,,,,,,,,
Mo*******************,Ur*****,11***,-3******,-5******,Am****************,Ad*******************************************,Ad*******************************************,AS**************************************************
Gu*******,Ch***,,22*****,11******,As***********,Ha*****************************,Al***********************,AS*******************************************
Wa********,Un***********,98***,46****,-1*******,Am*****************,Wa**********************************************,Wa**************************************************,AS******************************************************
,,,,,,,,
,,,,,,,,
Wi*******,Un***********,54***,45*****,-9******,Am*************,Be*****,In*********,AS*************
,,,,,,,,
Oh**,Un***********,43***,39*****,-8******,Am**************,Do****************************,Do****************************,AS**********************************
,,,,,,,,
Ta****,Ta****,,24*****,12******,As*********,Ap********,Ap*******,AS**************
Lo*******,Un***********,71***,32*****,-9******,Am*************,Le**************************,Le**********,AS************************
Gu*******,Ch***,,22*****,11******,As***********,Ch******,Ch*********,AS**********************
Mi*****,Ve*******,,10*****,-6******,Am*************,Co**********************,Co*********************,AS******************************
Ga*****,So**********,21**,-2******,28*****,Af*****************,MT***,,AS************
,,,,,,,,
En*****,Un************,BS*,51*****,-2*****,Eu***********,Ta******,Ca***********************************,AS*************************************
,,,,,,,,
Me*********,Me****,67**,19*****,-9******,Am*****************,Un*****************,UN****,AS***********
Ce***************,Si*******,48***,1.*****,10*****,As************,Am**********************,AW**********************,AS**********************
Ca********,Un***********,94***,37****,-1******,Am*****************,HP*****,HP****,
Fu****,Ch***,,25*****,11******,As***********,CN***************************************,,AS***********************************
Qu********,Au*******,40**,-2******,15*****,Au****************,Re************************,Re************************,
Il******,Un***********,60***,41*****,-8******,Am*************,No**************************,No**************************,AS**********************************
Be*****,Ch***,,39*****,11*****,As***********,Ch*************************************,BE******************************,AS*********************************************
Wa********,Un***********,98***,47*****,-1*******,Am*****************,Ce*********,Ce**************,AS***********************************
,,,,,,,,
Gu*******,Ch***,,23****,11*****,As***********,Ch******,Ch*********,AS**********************
La*********,Ge*****,10***,52*****,13*****,Eu***********,D2********,Vo***********,AS******************
Ta****,Ta****,,25*****,12*****,As*********,Ne**********************************,SE*****,AS******************************************
Mi*******,Un***********,55***,44*****,-9****,Am*************,T-**********,T-****************,
Zu****,Sw*********,80**,47*****,8.*****,Eu***********,CR*****************,CR*****************,
Fl*****,Un***********,34***,28*****,-8******,Am**************,Ch********************,Sp******,AS*********************************
,,,,,,,,
En*****,Un************,CV******,52*****,-1******,Eu***********,Sa*******************************,Sa******************************,AS***************************************
,,,,,,,,
Ca********,Un***********,91***,34*****,-1******,Am*****************,Te********************************,Te********************************,
Le******,Ir*****,D0*,53*****,-6****,Eu***********,HE****,HE****,AS***************
Mi*******,Un***********,55***,44*****,-9******,Am*************,Ge***********,Ge*****************,AS*************************
So***********,Th*************,27**,52*****,4.****,Eu**************,Vo************,,AS****************************
On*****,Ca****,M2*,43*****,-7******,Am*************,Ro*******************************,On************************,AS*************************************
Il******,Un***********,60***,41*****,-8******,Am*************,Th****************,Th****************,
Ro******,No****,40**,58*****,5.****,Eu*********,RO**********,,AS************************************************
,,,,,,,,
Se***,So*********,43**,37****,12*****,As********,LG******************,Bo*****,AS*************************
Qu****,Ca****,H4*,45****,-7****,Am*************,Hy**********,Hy**********,
Ar*****,Un***********,85***,33*****,-1******,Am*************,Sa**********************************************************,Sa************************************************************,AS*****************************************************************
Gy*********,So*********,13***,37*****,12*****,As********,Je****************************************************,Ko***********,AS************************************************************
Vi******,Un***********,23***,36*****,-7******,Am**************,Co*********************,Co****************,AS*****************************
Kw***********,So**********,44**,-2******,31*****,Af*****************,Te************,Te***************,AS********************
Ma***********,Un***********,22**,42*****,-7*****,Am**************,Fi******************,Fi******************,
To***,Ja***,10******,35*****,13*****,As********,So***************,SO***********,AS********************
Sh*****,Ch***,,35****,10*****,As***********,Ch******,Ch*********,AS**********************
Ut*****,Th*************,35**,52*****,5.*****,Eu**************,SU***********,SU********,AS**************
Mi******,Un***********,48***,42*****,-8******,Am*************,Fr********,Am**********************************,AS****************
Sa*******************,Ch***,,-3*****,-7******,Am**************,Te*********************************,Te********************************,AS****************************************
Îl***********,Fr****,75***,48*****,2.*****,Eu**********,BO***************************,,AS************************
,,,,,,,,
,,,,,,,,
,,,,,,,,
Il******,Un***********,60***,41*****,-8******,Am*************,Ra***************,Ra***************,AS***********************
Ca***************,Eg***,,30*****,31*****,Af**********,TE*****,,AS**********
,,,,,,,,
Qu****,Ca****,G1*,46*****,-7******,Am*************,Le**********************,Vi************,AS*******************
Oh**,Un***********,43***,39*****,-8******,Am**************,Do****************************,Do****************************,AS**********************************
Ko*****,Ho*******,96***,22*****,11*****,As************,Gr*************,Ma******,AS**********************
Vi******,Un***********,22***,38*****,-7******,Am**************,Di**************************************************************,Di*****************************************************,
Oh**,Un***********,43***,39*****,-8******,Am**************,Do****************************,Do****************************,AS**********************************
Le******,Ir*****,R5*,53*****,-6*****,Eu***********,HE****,,AS***************
Al*****,Un***********,35***,33*****,-8******,Am*************,Na*******************************************,Na*******************************************,
Ta********,In***,60****,13*****,80*****,As**********,Di**********************,,
Zh******,Ch***,,29*****,11*****,As***********,Ch***********,,AS**********************************************************
In*****,So*********,21***,37*****,12******,As********,Ko***********,Ko***********,AS******************
Te***,Un***********,77***,29*****,-9******,Am*************,Ve**************,CA*************,AS********************
Au******,Ne*********,10**,-3******,17*****,Pa**************,BB*******,Sp***************************,
Lo******,It***,25***,45*****,10*****,Eu*********,Im***************,UB***************************,
To***,Ja***,10******,35*****,13****,As********,Kd**************,KD**,AS*********************
,,,,,,,,
Na************,Ke***,,-1******,36*****,Af************,Ai*******************************,,AS************************
Ma****,Sp***,28***,40*****,-3******,Eu***********,Te*************************,Mu************************,AS********************************
Vi******,Un***********,20***,38*****,-7******,Am**************,Am********************************,Am********************************,
Ne********,Un***********,70**,40*****,-7*****,Am**************,Me**********,Me****************,
,,,,,,,,
Lo*******,Un***********,71***,32*****,-9******,Am*************,Le**************************,Le**********,AS************************
St**************,Sw****,10****,59*****,18*****,Eu**************,Te***********,Mo*************,AS*********************
No***********,Th*************,10**,52*****,4.*****,Eu**************,Sc******************,Sc******************,AS***********************
So******,Ho*******,96***,22****,11*****,As************,Jo****************************************,Jo****************************************,AS*************************************************
Ta****,Ta****,,25****,12*****,As*********,Ta******************,Ta*************************************************,AS**************************************************************
Li***********,Pe**,,-1******,-7******,Am**********,Op*************************,Co*************************,AS*************************
Sh******,Ch***,,31*****,12******,As***********,Ch*******************,Ch*********,AS**************************
Le******,Ir*****,D0*,53*****,-6******,Eu***********,Am**********************,AW*****************,AS**********************
,,,,,,,,
Lo******,It***,20***,45*****,9.*****,Eu*********,No***********************,,
Ut*****,Th*************,37**,52*****,5.****,Eu**************,SU**********,Gr*****************************************************,AS**************
Ne********,Un***********,87***,35*****,-1*******,Am************,Ce*********,Ce**************,AS***********************************
,,,,,,,,
No********,Fi*****,70***,62****,27*****,Eu*************,En******,EN**,AS*************
Ia*********,Ro*****,70****,47*****,27*****,Eu**************,Or********************,Or****************,AS************************
,,,,,,,,
Ca********,Un***********,90***,34*****,-1******,Am*****************,In*********************************,Cl******************,AS**************************
Gu*****,In***,36****,22*****,70*****,As**********,BU***************,Bu***************,
Vi******,Au*******,39**,-3******,14******,Au*****************,Si*******************,Op********************,AS**********************
Qu****,Ca****,H8*,45*****,-7******,Am*************,Al************,Al**********************,AS********************
En*****,Un************,W1*,51*****,-0*******,Eu***********,Am**********************,AW*********************,
To***,Ja***,10******,35*****,13*****,As********,So***************,Ja********************************************,AS********************
Ma****,Sp***,28***,40*****,-3*****,Eu***********,RI************************,,AS********************************
Ri************,Br****,20*******,-2******,-4******,Am***************,Oi*******************************,Oi*******************************,AS***************************************
Ku**********,Ma******,50***,3.****,10******,As***************,TM****************************,Ad***********,AS*************************************
Wa********,Un***********,98***,47*****,-1******,Am*****************,Am********,Am*************,
Gy**************,So*********,51*,35*****,12******,As********,Ko***********,Ko****,AS******************
Di******************,Un***********,20***,38*****,-7******,Am**************,U.***********************************,U.***********************************,
Le******,Ir*****,D0*,53*****,-6*****,Eu***********,NT*********,,AS************************
Ca****************,Sp***,45***,39*****,-4*****,Eu***********,Te**********************,RI************************,AS********************************
,,,,,,,,
,,,,,,,,
Ca********,Un***********,94***,37****,-1******,Am*****************,Mi*******************,Mi****************************,AS**************************
Ky*******,Uk*****,10**,50*****,30*****,Eu*********,SE*****,,AS************************************************************
Wa********,Un***********,98***,47*****,-1******,Am*****************,AT***************,AT***************,
Ba*************,Me****,22***,32*****,-1*******,Am*************,Un*****************,Te*********************************,AS***********
Gu*****,Ch***,,26***,10******,As***********,Cl*************************,Ch*********,AS*********************************
Ne********,Un***********,71**,40*****,-7*****,Am**************,Th*****************************************,Th*****************************************,
,,,,,,,,
Ut*****,Th*************,35**,52*****,5.*****,Eu**************,SU***********,SU********,AS**************
Pr*******************,Co********,10***,9.****,-8******,Am****************,In************************************************,LI***,AS********************************************************
So***********,Th*************,30**,51*****,4.****,Eu**************,KP*****,En*********,AS*************
Ma****,Sp***,28***,40*****,-3*****,Eu***********,Un****,,AS***********************
Ar*****,Un***********,85***,31*****,-1*****,Am*************,Do****************************,US****,AS**********************************
Gu*******,Ch***,,23****,11*****,As***********,CH*********,Ch*********,
Fe**************,Br****,70***,-1******,-4******,Am***************,Se************************************************,Se************************************************,AS********************************************************
,,,,,,,,
Ne********,Un***********,71**,40*****,-7******,Am**************,Ve**************,Ce*************************************,AS**********************
Mo****,Ru****,,55*****,37*****,Eu***********,Te*****************,FO*******,AS*************************
Be*****,Ch***,,39*****,11*****,As***********,Et*****,Be***********************************,
On*****,Ca****,M1*,43*****,-7****,Am*************,NS********************,To***********************,AS*****************************
Vi******,Un***********,20***,39*****,-7******,Am**************,DX******************************,DX******************************,AS**************************************
Îl***********,Fr****,78***,48*****,1.*****,Eu**********,RE*****,Re*****,
,,,,,,,,
Ba*****,Ge*****,90***,49****,11*****,Eu***********,Co**********,Co**********,AS******************
To***,Ja***,10******,35*****,13*****,As********,CS***********,Ky********************************,
Ne********,Un***********,71**,40*****,-7*****,Am**************,Th*****************************************,Th*****************************************,
Il******,Un***********,60***,41*****,-8******,Am*************,T-****************,T-****************,AS************************
Ca********,Un***********,91***,34*****,-1*******,Am*****************,AT*****************,AT*******,AS************************
En*****,Un************,IP*,52*****,1.****,Eu***********,BT***,,AS***********************************
,,,,,,,,
Vi******,Un***********,23***,36*******,-7*******,Am**************,Mi*******************,Mi***********************************,AS**************************
En*****,Un************,W1*,51*****,-0*******,Eu***********,UK********************,UK********************,
,,,,,,,,
,,,,,,,,
En*****,Un************,NG**,52*****,-1******,Eu***********,Vi******************,Se*****************,AS*************************
Oh**,Un***********,43***,39*****,-8******,Am**************,Do****************************,Do****************************,AS**********************************
To***,Ja***,17******,35*****,13******,As********,So***************,SO***********,AS********************
Br***********,Ro*****,50****,45*****,25*****,Eu**************,RC*******,RC*******************,AS**************
Lo*******,Un***********,71***,32*****,-9******,Am*************,Le**************************,Le**********,AS************************
Mi******,Un***********,48***,42*****,-8******,Am*************,Fo****************,Fo****************,
Ma******,Un***********,21***,39****,-7******,Am**************,Co*******************************,Co********************************,AS***************************************
Ne******,Un***********,10***,40*****,-7*****,Am**************,AT*****************,AT********************,AS************************
,,,,,,,,
Te***,Un***********,77***,30*****,-9******,Am*************,Sa**************************,Sa**************************,AS**********************************
Oh**,Un***********,43***,39*****,-8******,Am**************,Do****************************,Do****************************,AS**********************************
Fe**************,Br****,72***,-1******,-4******,Am***************,V ***,V ***,AS**********
Oh**,Un***********,43***,39*****,-8******,Am**************,Do****************************,Do****************************,AS**********************************
,,,,,,,,
Fl*****,Un***********,32***,28*****,-8******,Am**************,Ch********************,Sp******,AS*********************************
,,,,,,,,
Ma************,In***,46****,23*****,77*****,As**********,RC**************,Re************************,
,,,,,,,,
Zh******,Ch***,,30*****,12*****,As***********,Ch******,Yt**,AS*********************
,,,,,,,,
Vi******,Un***********,20***,39*****,-7******,Am**************,Am********,DX******************************,
Te***,Un***********,76***,31*****,-9******,Am*************,Te***********************************,Te***********************************,AS*******************************************
Ba***************,Ge*****,74***,49*****,9.****,Eu***********,De*****************,De*****************,AS************************
,,,,,,,,
Be*****,Ch***,,39****,11*****,As***********,Ha*****************************,Al***********************,AS*******************************************
Se******,Ma******,46***,3.****,10*****,As***************,P1********,,
,,,,,,,,
Gu*******,Ch***,51****,22*****,11*****,As***********,Ch***************************************,Te*****************************************,AS*******************************************************
Be*****,Ch***,10****,39*****,11*****,As***********,Ch***************************,Bj****,AS**********************************
Il******,Un***********,60***,42*****,-8******,Am*************,Ve**************,Ve**************,AS*********************
Ca*******,Sp***,81**,41*****,2.*****,Eu***********,RI************************,,AS********************************
En*****,Un************,W1*,51*****,-0*******,Eu***********,Ve**************,Ve********************,AS********************
En*****,Un************,W1*,51*****,-0*******,Eu***********,Se*********************,Se*************,
He***,Ge*****,65***,50*****,8.*****,Eu***********,Vo*****************************,Vo**************,AS******************
Ma****,Sp***,28***,40*****,-3******,Eu***********,Te**********************,RI************************,AS********************************
Ge*****,Un***********,30***,33*****,-8******,Am**************,Ak***********************,Li****,AS****************************
No************,Un***********,27***,35****,-7******,Am**************,IB*,IB*,
Ar*****,Un***********,85***,31*****,-1*****,Am*************,Do****************************,US****,AS**********************************
Ne***********,Un***********,30**,43****,-7******,Am**************,Co**************************,Co*************************,AS**************************************
En*****,Un************,W1*,51*****,-0*******,Eu***********,So********************************************************,So********************************************************,
,,,,,,,,
En*****,Un************,W1*,51*****,-0*******,Eu***********,Am********,Am**************,
Or****,Un***********,97***,45*****,-1******,Am*****************,Am**************,AW*****************,AS**********************
Gu*******,Ch***,,22*****,11*****,As***********,Te*********************,Te*****************************************,AS*******************************************************
En*****,Un************,W1*,51*****,-0*******,Eu***********,Mo***********************,Mo***********************,
Ky*******,Uk*****,31**,50****,30*****,Eu*********,Bi********,Bi****,AS****************
Pa**************,Fr****,85***,46*****,-1*****,Eu**********,Or****,,AS****************
Pe**********,Un***********,15***,40*****,-7******,Am**************,Co**************************,Co*************************,AS**************************************
,,,,,,,,
Or****,Un***********,97***,45*****,-1******,Am*****************,Am**************,AW*****************,AS**********************
Mi******,Un***********,65***,37****,-9******,Am*************,AT*****************,AT*******,AS************************
Ja*****,In*******,,-6******,10*****,As**********,PT*******************,Gr****,AS****************************
Ji************,Cz*****,37****,48*****,14*****,Eu***********,Vo**************************,Vo*********************,AS**********************************
Îl***********,Fr****,75***,48*****,2.*****,Eu**********,Or********,Fr*******************,AS****************
,,,,,,,,
Vi******,Au*******,31**,-3******,14******,Au*****************,Ca*********************************,Ca*********************************,AS*****************************
Oh**,Un***********,43***,39*****,-8******,Am**************,Do****************************,Do****************************,AS**********************************
Îl***********,Fr****,75***,48*****,2.*****,Eu**********,TV*****,Fr*********************,
,,,,,,,,
Ca*******,Sp***,80**,41*****,2.****,Eu***********,Vo********************,Vo*******************,AS****************************
Sa************,Br****,88***,-2******,-4******,Am***************,Te****************************,Te****************************,AS************************************
Ca***************,Eg***,,30*****,31*****,Af**********,Et*********************,,AS*******************
Ar*****,Un***********,85***,31*****,-1*****,Am*************,RC***,US****,AS**********************************
Ca********,Un***********,94***,37****,-1******,Am*****************,Mi*******************,Mi****************************,AS**************************
Lu****,Po****,67****,51*****,15*****,Eu***********,Or**************************,Or****************,AS*********************************
Ka******,Ja***,23******,35*****,13******,As********,So***************,SO***********,AS********************
En*****,Un************,TW**,51*****,-0*******,Eu***********,BP******************,BP******************,
Te***,Un***********,77***,29*****,-9******,Am*************,AT*****************,AT*******,AS************************
Se*******,So*********,30*,36*****,12******,As********,LG******************,Bo*****,AS*************************
Be**,Sw*********,47**,47*****,7.****,Eu***********,Qu**********,,AS******************
Oh**,Un***********,43***,39*****,-8******,Am**************,Do****************************,Do****************************,AS**********************************
Sh******,Ch***,,31*****,12*****,As***********,Ch*******************,Ch*********,AS**************************
On*****,Ca****,L6*,43*****,-7******,Am*************,Ro******************,Ro******************,
Ji*****,Ch***,21****,31****,12*****,As***********,Ch*************************************,Ch**********,AS*********************************************
No***********,Th*************,11**,52*****,4.*****,Eu**************,So**********************,,
Mi******,Un***********,48***,42*****,-8******,Am*************,Fo****************,Fo****************,
,,,,,,,,
,,,,,,,,
Oh**,Un***********,43***,40*****,-8******,Am**************,Ch********************,Sp******,AS********************************
Ka******,Ja***,24******,35*****,13******,As********,Re*****************************************************************************,,AS****************************************************************************************
St**************,Sw****,10****,59*****,18*****,Eu**************,Te**************,Te********************,AS*********************
Mi*********,Un***********,39***,30*****,-8******,Am*************,AT********,AT*******,AS***************
Au**************************,Au*******,26**,-3******,14****,Au**************,AC*************************,AC*************************,AS**********************************
Ut*****,Th*************,35**,52*****,5.*****,Eu**************,SU***********,SU********,AS**************
Si*****,Ch***,,30*****,10******,As***********,Ch******,Ch*********,AS**********************
,,,,,,,,
Ne***********,Ca****,E3*,45*****,-6******,Am*************,Be*********,Be*******************,AS***************
Gy*********,So*********,14***,37*****,12*****,As********,LG******************,Bo*****,AS*************************
Vi******,Un***********,23***,36*******,-7*******,Am**************,Mi*******************,Mi****************************,AS**************************
Ri***********,Sa**********,98**,24*****,46*****,As*********,Sa***********************,Sa******,AS*******************************
Gy*********,So*********,12*,37*****,12******,As********,Ko***********,Ko****,AS******************
Br****,Ge*****,28***,53*****,8.*****,Eu***********,De*****************,De*****************,AS************************
,,,,,,,,
,,,,,,,,
Vi******,Un***********,20***,38*****,-7******,Am**************,Ve**************,Ve**************,AS********************
Ja*****,Me****,44***,20*****,-1*******,Am*****************,Me**********************,Me*********************,AS******************************
,,,,,,,,
Oh**,Un***********,43***,39*****,-8******,Am**************,Do****************************,Do****************************,AS**********************************
,,,,,,,,
Ca********,Un***********,95***,37*****,-1******,Am*****************,Ak***********************,Ak***********************,AS*******************************
Ut**,Un***********,84***,40*****,-1*******,Am************,Ve**************,Ve**************,AS**********************
On*****,Ca****,M5*,43*****,-7******,Am*************,Cl**************,Cl**************,AS**********************
Wa********,Un***********,98***,47*****,-1*******,Am*****************,Ed***************,Ed********************,
Fl*****,Un***********,32***,28*****,-8******,Am**************,L3*************************,L3*************************,AS*******************************
Be*****,Ch***,,39*****,11*****,As***********,HY**,,AS************************************************
Th*******,Ge*****,99***,50*****,10*****,Eu***********,Pl**********,To******************************,AS******************
Ka****,Un***********,66***,38*****,-9******,Am*************,Ch********************,Sp******,AS********************************
Sã*******,Br****,10**,-2******,-4******,Am***************,TI*****,Ti**************,AS*************
Te*******,Un***********,38***,35*****,-9******,Am*************,Th**********************************,Un*********************,AS******************************************
Al*****,Un***********,35***,34*****,-8******,Am*************,Wi**********************,Wi**********************,AS******************************
,,,,,,,,
,,,,,,,,
Ne******,Un***********,10***,40*****,-7******,Am**************,De*************************************,De*************************************,
Ne********,Un***********,70**,40*****,-7*****,Am**************,Me**********,Me****************,
En*****,Un************,W1*,51*****,-0*******,Eu***********,Am**********************,Am*********************,
Ri***************,Br****,90***,-3******,-5******,Am***************,Vi**,TE*******************,AS***************************
Vi******,Un***********,20***,39***,-7****,Am**************,Gr*************,Gr*************,
No***********,Th*************,10**,52*****,4.*****,Eu**************,in********,Ve*************,AS****************
Ca********,Un***********,95***,37*****,-1******,Am*****************,In***************,In***************,
No***********,Ne*********,10**,52****,4.****,Eu**************,Or****************,Or******************************************,AS************************
Ca********,Un***********,95***,38*****,-1*******,Am*****************,Co*******************************,Co********************************,AS***************************************
Îl***********,Fr****,75***,48*****,2.****,Eu**********,CH*****,Ch*****************,
Be*****,Ch***,,39*****,11*****,As***********,Te**********************************,Te****************************************,
Mi******,Un***********,48***,42*****,-8******,Am*************,Ge****************,Ge****************,
,,,,,,,,
Pa****,Br****,,-2******,-5******,Am***************,Rp*************************,Rp*************************,AS**********************************
,,,,,,,,
Il******,Un***********,62***,39*****,-8******,Am*************,Il**********************,Il**********************,AS*****************************
Be*****,Ch***,,39*****,11*****,As***********,Al***********,Al******************,
Fl*****,Un***********,33***,25*****,-8******,Am**************,Wi***************************,Wi***************************,AS**********************************
Vi******,Un***********,23***,36*****,-7******,Am**************,Do****************************,Na*****************************,AS**********************************
Ne******,Un***********,10***,40*****,-7*****,Am**************,MO******************,Fa*****************,AS*******************************
,,,,,,,,
,,,,,,,,
,,,,,,,,
Na*********************************,In***,11****,28*****,77*****,As**********,TA***************************************,PT**,AS**************************
Te*******,Un***********,38***,35****,-8******,Am*************,Fe*************************************,Fe***,AS********************************************
En*****,Un************,W1*,51*****,-0*******,Eu***********,So*******,So*************************,
Ne******,Un***********,10***,40*****,-7*****,Am**************,Ve**************,Ve**************,AS********************
Ne*************,Au*******,10**,-3******,15*****,Au**************,Te*************************,Te*****************,AS****************************
Il******,Un***********,60***,42*****,-8*****,Am*************,Mo************,Mo***********,AS********************
Ne********,Un***********,71**,40*****,-7*****,Am**************,Th*****************************************,Th*****************************************,
En*****,Un************,W1*,51*****,-0*******,Eu***********,Mi***************,Mi***************,
No********************,Ge*****,48***,52*****,7.*****,Eu***********,Co*******************,Wi****************,AS*************************
Ge*****,Un***********,31***,32*****,-8******,Am**************,FT*******,US****,AS**********************************
,,,,,,,,
Ne********,Un***********,71**,40*****,-7*****,Am**************,Th*****************************************,Th*****************************************,
Ar*****,Un***********,85***,31*****,-1*****,Am*************,AR*****,US****,AS**********************************
,,,,,,,,
Me**********,Ph*********,16**,14*****,12*****,As*********,Co**********,,AS*********************************
,,,,,,,,
Be*****,Ch***,,39*****,11****,As***********,Ch*******************,21******,AS***********************************************
Be*****,Ch***,,39*****,11*****,As***********,CS****,Cs****,
Pr****,Cz*****,14****,50*****,14*****,Eu***********,CZ******,,AS****************************
Ri************,Br****,28*******,-2******,-4******,Am***************,ML********,Me**********************************************,AS****************
Oh**,Un***********,43***,39*****,-8******,Am**************,Do****************************,Do****************************,AS**********************************
Ca***************,Eg***,,30*****,31*****,Af**********,TE*****,,AS**********
,,,,,,,,
Oh**,Un***********,43***,39*****,-8******,Am**************,Do****************************,Do****************************,AS**********************************
Oh**,Un***********,43***,39*****,-8******,Am**************,Do****************************,Do****************************,AS**********************************
Gy*********,So*********,13*,37****,12******,As********,SK*****************,br*******,AS************************
Tu***************,Tu*****,,36*****,10*****,Af**********,TO****,AT******************************,AS************
Al*****,Ca****,T5*,53****,-1******,Am**************,TE***********************,TE***********************,AS*****************************
Iw***,Ja***,02******,39*****,14******,As********,NT****************************,Op*******************,AS***********************************
Za*******,Me****,98***,22*****,-1*******,Am*****************,Me**********************,Me*********************,AS******************************
,,,,,,,,
,,,,,,,,
,,,,,,,,
Be*****,Ch***,,39****,11*****,As***********,DX****,Be********************************************,AS******************************************
Oh**,Un***********,43***,39*****,-8******,Am**************,Do****************************,Do****************************,AS**********************************
En*****,Un************,EC******,51*****,-0*******,Eu***********,Mi*******************,Mi*****************************,AS**************************
Du**********************,Cr*****,20***,42*****,17*****,Eu***********,CA****,,AS*******************************************
Co******,Un***********,80***,39*****,-1******,Am************,Le**************************,Le**************************,AS************************
Ca********,Un***********,95***,37*****,-1******,Am*****************,In***************,In***************,
St**************,Sw****,10****,59*****,18*****,Eu**************,Te******,,AS******************
Fl*****,Un***********,33***,28*****,-8******,Am**************,Ch********************,Sp******,AS*********************************
Br**************,Be*****,10**,50*****,4.*****,Eu*************,Or***************,,AS***********************
Ca********,Un***********,95***,37*****,-1******,Am*****************,Th******************,Vu*****************,AS*******************************
Te*******,Un***********,37***,36*****,-8*****,Am*************,AT*****************,AT*****************,AS************************
Ga***,Ch***,,35*****,10*****,As***********,Ch******,Ch*********,AS**********************
Pr************************,Fr****,63**,43*****,7.****,Eu**********,Or****,,AS****************
We*********,In***,70****,22****,88*****,As**********,BH****,BC*******,AS********************************************
Ka******,Ja***,23******,35*****,13******,As********,Kd**************,KD**,AS*********************
Co******,Un***********,80***,39*****,-1******,Am************,JA**********,JA****************,
,,,,,,,,
Mi******,Un***********,48***,42*****,-8******,Am*************,Fo****************,Fo****************,
,,,,,,,,
No***********,Th*************,10**,52*****,4.*****,Eu**************,Vo********************,Zi******,AS****************************
Ky***,Ja***,60******,35*****,13******,As********,OP*********,OP*********,AS*****************
Oh**,Un***********,43***,39*****,-8******,Am**************,Do****************************,Do****************************,AS**********************************
,,,,,,,,
Co******,Un***********,80***,39*****,-1******,Am************,Ch************************,Sp******,AS********************************
Ca********,Un***********,94***,37*****,-1******,Am*****************,Am**********************,DX******************************,
Ca********,Un***********,90***,34*****,-1******,Am*****************,Wa**********,Wa***********,AS****************
Ma******,Un***********,20***,39*****,-7******,Am**************,Hu********************,Hu*************************,AS********************************
Ji*****,Ch***,21****,32*****,11*****,As***********,CE****,,AS*************************************************
,,,,,,,,
,,,,,,,,
Ji*****,Ch***,,32*****,11******,As***********,Ch******,Ch*********,AS**********************
,,,,,,,,
He**********,Ch***,15****,45*****,12*****,As***********,Ch******,Co***********************,AS**********************
Fl*****,Un***********,33***,26*****,-8******,Am**************,Co**************************,Co*************************,AS***************************************
Se******,Ma******,47***,3.*****,10*****,As***************,Di******************************************************,Di*****************************,AS**************************************
Na****,Ja***,39******,35****,13******,As********,Re*****************************************************************************,Sh****************,AS****************************************************************************************
Zh******,Ch***,31****,29*****,12*****,As***********,Ch******,,AS**********************
,,,,,,,,
,,,,,,,,
Gu*****,In***,39****,22*****,73*****,As**********,BS***********,NI*,AS*******************************
,,,,,,,,
Ka******,Ja***,24******,35*****,13******,As********,NT****************************,Op*******************,AS***********************************
Îl***********,Fr****,75***,48*****,2.*****,Eu**********,So********************************************************,So********************************************************,
Hy***,Ja***,66******,34*****,13******,As********,OP*********,OP*********,AS*****************
Co******,Un***********,80***,39*****,-1******,Am************,Le**************************,Le*****,AS************************
Zh******,Ch***,,30*****,12*****,As***********,Ch*************************************,Ch**********,AS*********************************************
He***,Ge*****,60***,50*****,8.*****,Eu***********,Am********,AW********************,AS**********************
Sã*******,Br****,13***,-2******,-4******,Am***************,Un***********************,Un***********************,AS*******************************
Hư***************,Vi*****,,20*****,10*****,As**********,VN********,Vi**********************************,AS***************
Lo******,It***,20***,45*****,9.***,Eu*********,Te*********************************,IN***********,AS**************************
,,,,,,,,
,,,,,,,,
Or****,Un***********,97***,45*****,-1******,Am*****************,Am**************,AW*****************,AS**********************
Ar******,Un***********,72***,34*****,-9******,Am*************,Wi***************************,Wi***************************,
Ca***************,Mo*****,,33*****,-7******,Af***************,ME*********,Or************,AS*****************
Ja*****,Me****,45***,20*****,-1*******,Am*****************,Un*****************,UN****,AS***********
Ar*****,Un***********,85***,31*****,-1*****,Am*************,Do****************************,US****,AS**********************************
Co*********,Un***********,69**,41*****,-7*****,Am**************,Ca***********************,Op**********************************,AS******************************
Oh**,Un***********,44***,40*****,-8******,Am**************,De***********************************,De***********************************,AS*******************************************
Or****,Un***********,97***,45*****,-1******,Am*****************,Am**************,AW*****************,AS**********************
Il******,Un***********,60***,41*****,-8******,Am*************,A1**********,A1**********,
Ch***,Ja***,28******,35*****,14******,As********,29*******************,CA*********,AS***************************
Sa************,Br****,89***,-2******,-4******,Am***************,UN***************************,UN***************************,AS***********************************
Ca********,Un***********,90***,34*****,-1******,Am*****************,Ch********************,Sp******,AS********************************
Ca***************,Eg***,,30*****,31*****,Af**********,Th**************************************,Or**********,AS********************************************************
Sh******,Ch***,,36****,12******,As***********,Ha*****************************,Al***********************,AS*******************************************
,,,,,,,,
Ca********,Un***********,94***,37*****,-1******,Am*****************,We*******************,We*******************,
,,,,,,,,
To*****,Ja***,32******,36*****,13******,As********,NT****************************,Op*******************,AS***********************************
Po***,Po******,44******,41*****,-8*****,Eu***********,NO*******************,TV*************,AS***************************
Si*****,Ch***,,30*****,10*****,As***********,Ch******,Ch*********,AS**********************
Gy*********,So*********,56**,37*****,12*****,As********,Sa*************,Sa********,AS********************
Ca********,Un***********,94***,37****,-1******,Am*****************,HP*****,HP****,
Mi*,Ja***,51******,34*****,13******,As********,Ch************************************,Ch********************************,AS********************************************
Gu*******,Ch***,51****,22*****,11*****,As***********,Ch*************************************,Ch**********,AS************************************************
Ba***************,Ge*****,70***,48****,9.****,Eu***********,De*****************,De*****************,AS************************
Oh**,Un***********,43***,39*****,-8******,Am**************,Do****************************,Do****************************,AS**********************************
Pa****,Br****,80***,-2******,-4******,Am***************,V ***,V ***,AS**********
Oh**,Un***********,43***,39*****,-8******,Am**************,Do****************************,Do****************************,AS**********************************
Mi*******,Un***********,55***,44*****,-9******,Am*************,Al************************,Al************************,AS*******************************
,,,,,,,,
Ta*************,Ne*********,71**,-4******,17******,Pa**************,IN********,,AS*********************
,,,,,,,,
No************,Un***********,27***,35*****,-7******,Am**************,Un*****************************************,Un*****************************************,AS*************************************************
Gy*********,So*********,13***,37*****,12*****,As********,Ni******************,Ko****,AS**************************
Ab*******,Un******************,,24*****,54****,As********,Em*************************************,Et******,AS********************************************************************
Qu****,Ca****,H4*,45*****,-7******,Am*************,IB*,IB*,
Ji*****,Ch***,21****,32*****,11*****,As***********,Ch******,Ch*********,AS**********************
Ge*****,Un***********,30***,33*****,-8******,Am**************,In********************,In**************************,
Wa********,Un***********,98***,47*****,-1******,Am*****************,Am********,Am*************,
So***********,Th*************,26**,52*****,4.*****,Eu**************,DE*******************,CA***************,
Ne******,Un***********,10***,40*****,-7*****,Am**************,Ve**************,Ve**************,AS**********************
Ba***************,Ge*****,71***,48*****,9.****,Eu***********,De*****************,De*****************,AS************************
,,,,,,,,
Sã*******,Br****,10**,-2******,-4******,Am***************,Vi**,TE*******************,AS***************************
To***,Ja***,10******,35*****,13*****,As********,So***************,Ja*******************************************,AS********************
Bu***,So*********,48***,35*****,12*****,As********,SM****,Sm****,
Ne******,Un***********,10***,40*****,-7*****,Am**************,Vi**********,Vi**********,AS****************
Ta*********,Ta****,,25*****,12******,As*********,Ch************************,Ch***********************,AS**************************************
Zh******,Ch***,,30*****,12******,As***********,Ha*****************************,Al***********************,AS*******************************************
,,,,,,,,
Da**************************************,In***,39****,20*****,72*****,As**********,te************************,te************************,AS*********************************
Be**,Sw*********,32**,46*****,7.****,Eu***********,Sw*****************************,Sw*******************,AS**************************
,,,,,,,,
Ar******,Un***********,72***,36*****,-9******,Am*************,Wa*******************,Wa*******************,AS***************************
Il******,Un***********,60***,41*****,-8******,Am*************,Un**************************************,Se**************************,AS***********************************************************************
La*****,In*******,,-5******,10*****,As**********,Gi****************,,AS***************************
Gy*********,So*********,17*,36*****,12******,As********,LG**********,DA**************,AS******************
Ca********,Un***********,92***,32*****,-1*****,Am*****************,Ve**************,Ce*************************************,AS*********************
Ha*************,Fr****,59***,50*****,3.***,Eu**********,Fr*************,Fr*********,AS*********************
Zu****,Sw*********,80**,47*****,8.****,Eu***********,Sw**********************************,Sw*******************,AS**************************
Qi*****,Ch***,,35*****,96*****,As***********,Ch***********,Ch*********,AS**********************
Ju***,Ar*******,45**,-2******,-6******,Am*********************,Te********************,Te*******************,AS***************************
Ne******,Un***********,10***,40*****,-7******,Am**************,JP******************,JP******************,
Ky***,Ja***,60******,35*****,13******,As********,So***************,SO***********,AS********************
Ge*****,Un***********,30***,33*****,-8******,Am**************,GT*,Fr**************,AS****************************
Oh**,Un***********,43***,39*****,-8******,Am**************,Do****************************,Do****************************,AS**********************************
No****************,Ru****,63****,54*****,83*****,As**************,Ro*****************,JS************************************,AS*********************
Ch********************************,Ir**,,32*****,50*****,As*********,Ir********************************,Te***************************************************,AS****************************************
İz************,Tü*****,35***,38****,27*****,Eu*************,Na**********************************************,Do********************,AS*****************************************************
,,,,,,,,
Ga***************,Tu*****,,33*****,10*****,Af**********,EO***********,AT******************************,AS********************
Ca********,Un***********,92***,32****,-1******,Am*****************,Un*********************************,Am**********************************,AS****************************************
,,,,,,,,
Io**,Un***********,52***,41*****,-9******,Am*************,Ce*********,Ce**************,AS***********************************
Ca********,Un***********,92***,32****,-1******,Am*****************,Un*********************************,Am**********************************,AS****************************************
Sã*******,Br****,15***,-2******,-4******,Am***************,PR*********************************************,PR*********************************************,AS*****************************************************
Mi******,Un***********,64***,39****,-9******,Am*************,Sp****,Sp******************,AS***********************************
Ne******,Un***********,10***,40*****,-7*****,Am**************,Ve**************,Ce*************************************,AS**********************
Te****,Ir**,,35*****,51*****,As*********,Ir********************************,TC*****,AS****************************************
Ca********,Un***********,94***,37****,-1******,Am*****************,Ba*************,Ba***********************************,
Sh******,Ch***,,31*****,12*****,As***********,Ch*******************,Sh************************************,AS**************************
Sh****,Ch***,,37*****,11*****,As***********,Ch**********************************,,AS***********************************
,,,,,,,,
Ib*****,Ja***,30******,35*****,14******,As********,So***************,SO***********,AS********************
Ji*****,Ch***,21****,32*****,11*****,As***********,Ch******,Ch*********,AS**********************
Wa********,Un***********,98***,47*****,-1******,Am*****************,T-**********,T-****************,
Îl***********,Fr****,75***,48*****,2.****,Eu**********,So******************************************,N9**********,AS**************************************************
Ne******,Un***********,10***,40*****,-7*****,Am**************,Ve**************,Ve**************,AS**********************
Il******,Un***********,60***,41*****,-8******,Am*************,A1**********,A1**********,
Ne******,Un***********,10***,40*****,-7******,Am**************,JP******************,JP******************,
Co******,Un***********,80***,39*****,-1******,Am************,Co*******************************,Co*************************,AS**************************************
Ca********,Un***********,92***,32****,-1******,Am*****************,Un*********************************,Am**********************************,AS****************************************
Lu**************,Ne***,,27*****,83*****,As************,Wo**********************,,AS**************************************
Ve****,It***,35***,45*****,11*****,Eu*********,Fa*********,Fa******************,AS*****************
Vi******,Un***********,20***,38*****,-7******,Am**************,OV*****,OV********,AS*************
Vi******,Au*******,30**,-3******,14******,Au*****************,Si*******************,Op********************,AS**********************
,,,,,,,,
Pe**********,Un***********,19***,39*****,-7******,Am**************,Dr***************,Dr***************,AS***********************
Ca*******,Au*****,90**,46*****,14*****,Eu***********,Un*********************,Un*********************,AS****************************
Oh**,Un***********,43***,39*****,-8******,Am**************,Do****************************,Do****************************,AS**********************************
Wa********,Un***********,98***,47*****,-1******,Am*****************,Am********,Am*************,
Mi*********,Un***********,39***,32*****,-9******,Am*************,AT*****************,AT*******,AS************************
Îl***********,Fr****,75***,48*****,2.*****,Eu**********,So*******,So*************************,AS*********************************
La***,It***,18*,41*****,12*****,Eu*********,Te*******************,Te****************,AS**************************
Te****,Ir**,,35*****,51*****,As*********,Mo**************************************,Mc******,AS***********************************************
Al*****,Un***********,35***,34*****,-8******,Am*************,Go***************,Go**************,AS***********************
,,,,,,,,
En*****,Un************,W1*,51*****,-0*******,Eu***********,MI*******,Mi***************,AS**************************
Ne******,Un***********,10***,40*****,-7*****,Am**************,Ce*****************************,Ce*****************************,AS***********************************
Lo*******,Un***********,71***,32*****,-9******,Am*************,Ce*****************************,Ce*****************************,AS***********************************
Ca********,Un***********,94***,37*****,-1******,Am*****************,He********************************,He********************************,
Hà*************,Vi*****,,20*****,10******,As**********,VN**,,AS***************
Gu*******,Ch***,,22*****,11******,As***********,Ch******,Ch*********,AS**********************
Vi******,Un***********,20***,38*****,-7*****,Am**************,Do****************************,Na*****************************,AS**********************************
,,,,,,,,
Ne*************,Au*******,20**,-3******,15******,Au**************,Te**************,,AS****************************
Ok******,Un***********,74***,34*****,-9******,Am*************,Vy************,Vy*****************************,AS********************
Go***********,Ky********,,42*****,74*****,As**********,Me************,,AS********************
Bu******,Hu*****,10**,47*****,19*****,Eu*************,EL*****,Eo**********************************,AS************
Ca********,Un***********,95***,37*****,-1******,Am*****************,Am**************,AW*****************,AS**********************
Oh**,Un***********,43***,39*****,-8******,Am**************,Do****************************,Do****************************,AS**********************************
,,,,,,,,
Ni*****,Ja***,95******,37*****,13******,As********,BI**********,NE**************,AS*****************
To***,Ja***,10******,35*****,13*****,As********,So***********,So************,
En*****,Un************,BN*****,50*****,-0******,Eu***********,MI*****,,
He***,Ch***,,38*****,11******,As***********,Ch**********,Ch*************************************,AS************************************************
Co******,Un***********,80***,39*****,-1*******,Am************,Ma**************,Ma**************,AS**********************
Il******,Un***********,60***,41*****,-8******,Am*************,Ve**************,Ve**************,AS********************
En*****,Un************,W1*,51*****,-0*******,Eu***********,UK********************,UK********************,
Sh******,Ch***,,31*****,12*****,As***********,DM****,Sh*****************************************,
Îl***********,Fr****,75***,48*****,2.*****,Eu**********,Or****,,AS****************
,,,,,,,,
Lo***********,Au*****,36**,48*****,15*****,Eu***********,A1*******************,A1******,AS**************************
Me********************,Ge*****,17***,53****,12*****,Eu***********,De*****************,De*****************,AS************************
Ce***************,Si*******,16****,1.***,10*****,As************,Mi*******************,Mi**********************************************,AS**************************
Zh******,Ch***,,29*****,12******,As***********,Ch*************************************,Ch*************************************,AS*********************************************
Ca***************,Sp***,37***,40**,-6******,Eu***********,RI************************,Te**********************,
,,,,,,,,
Sã*******,Br****,10**,-2******,-4******,Am***************,TI*****,TI*****,AS*************
Bu******,Hu*****,10**,47****,19*****,Eu*************,IS****************,IS**********************************************************************,AS*********************************************
Wa********,Un***********,98***,47*****,-1******,Am*****************,AT***************,Se**************************,AS***********************
Oh**,Un***********,45***,39*****,-8******,Am**************,Mi**********,Mi**********,
,,,,,,,,
Mo****,Ru****,14****,55*****,37*****,Eu***********,CT************,,AS**************
Il******,Un***********,60***,41*****,-8******,Am*************,T-****************,T-****************,AS************************
,,,,,,,,
Wa********,Un***********,98***,47*****,-1******,Am*****************,Am********,Am*************,
Le******,Ir*****,D6*,53*****,-6*****,Eu***********,NT*********,,AS************************
,,,,,,,,
Te***,Un***********,76***,32*****,-9******,Am*************,AT*****************,AT*****************,AS************************
So***************,Fi*****,20***,60****,22*****,Eu*************,Ak****************,,AS*************
,,,,,,,,
Ne******,Un***********,10***,40*****,-7*****,Am**************,Ve**************,Ve**************,AS*********************
Vi******,Un***********,20***,39****,-7******,Am**************,Ve********************,MC******************************************************,AS********************
Ca********,Un***********,94***,37****,-1******,Am*****************,HP*****,HP****,
Ma****,Sp***,28***,40*****,-3*****,Eu***********,El*******************,El*******************,AS**************************
,,,,,,,,
Al********,Ru****,65****,53*****,84*****,As**********,JS**************************************,Si**************,AS*********************
Ca***************,Eg***,,30*****,31*****,Af**********,Vo***********,,AS*******************
Vi******,Un***********,20***,39****,-7******,Am**************,Ve********************,MC******************************************************,
,,,,,,,,
Tr*****,Li***,,32*****,13*****,Af************,Al************************,,AS************************************
Oh**,Un***********,43***,39*****,-8******,Am**************,Do****************************,Do****************************,AS**********************************
Sã*******,Br****,10**,-2******,-4******,Am***************,Vi**,TE*******************,AS***************************
He***,Ch***,45****,34*****,11*****,As***********,Ch*************************************,Ch*************************************,AS*****************************************
,,,,,,,,
Sa*******************,Ch***,34***,-3******,-7******,Am**************,TE*******************,TE******************,AS**************************
Si*****,Ch***,,31*****,10*****,As***********,Ch******,Ch*********,AS**********************
Fl*****,Un***********,32***,28*****,-8******,Am**************,L3*************************,L3************************,AS*******************************
Gr*******,Ne*********,,53*****,6.****,Eu**************,Go********,Go*************************,AS****************
,,,,,,,,
He***,Ge*****,60***,50*****,8.****,Eu***********,ma*********,Ma**********,AS******************
,,,,,,,,
Kw***********,So**********,40**,-2******,31*****,Af*****************,Di************,Di************,AS********************
Or****,Un***********,97***,45*****,-1*******,Am*****************,Go********,Go*********************,AS*****************
Ha***,Vi*****,,21*****,10*****,As**********,Vi**********************************,Vi****************************************,AS***************
Ar*****,Un***********,85***,31*****,-1*****,Am*************,US****,US****,AS**********************************
Mi******,Un***********,48***,42*****,-8******,Am*************,Un********************,Me****************,AS****************************
Ta****,Ta****,,25****,12*****,As*********,Ch************************,Ch***********************,AS**************************************
Du***,Un******************,,25*****,55*****,As********,Or****************,Or**************************************,AS************************
,,,,,,,,
Ba***************,Ge*****,70***,48*****,9.*****,Eu***********,Me********************,Da********,AS****************************
Sh******,Ch***,,31*****,12******,As***********,Ch*******************,Ch*********,AS**************************
,,,,,,,,
Ca***************,Co******,17****,5.***,-7*****,Am************,Te******************,Te*****************,AS**************************
Is******,Tü*****,34***,41*****,28*****,Eu*************,Tu*************************,Tu******************************,
Ma******,Ca****,R2*,49****,-9******,Am**************,Be*********,Be*********,AS****************
Ba***************,Ge*****,70***,48*****,9.*****,Eu***********,Me********************,Da********,AS****************************
Ba***,Ir**,,30*****,47*****,As**********,Al**********************************************************************,ZA****,AS******************************************************************************
Oh**,Un***********,43***,39*****,-8******,Am**************,Do****************************,Do****************************,AS**********************************
Ab*******,Un******************,,24*****,54****,As********,Em*************************************,Em*************************************,AS********************************************************************
Lo******,It***,20***,45*****,9.*****,Eu*********,Te*******************,Ab**********,AS**************************
Mo****,Ru****,14****,55*****,37*****,Eu***********,KU******,,AS*************
Wa******,Be*****,40**,50*****,5.****,Eu*************,UC*******,Un******************************,AS***********
,,,,,,,,
Sh******,Ch***,,31*****,12******,As***********,Sh***********************************************,Te****************************************,AS*******************************************************
Al*****,Ca****,T2*,51*****,-1******,Am**************,Un***************************,Un**************************,
Ne******,Un***********,12***,42*****,-7******,Am**************,Ve**************,Ve**************,AS********************
Ba*****,Hu*****,76**,46*****,18*****,Eu*************,Ma*****************,,AS************************
Il******,Un***********,60***,41*****,-8******,Am*************,Or***********************************************,Or***********************************************,
Ne********,Un***********,71**,40*****,-7*****,Am**************,Th*****************************************,Th*****************************************,
Au******,Ne*********,10**,-3******,17*****,Pa**************,Me****************,Me****************,AS************************
Ch****************,Ru****,45****,55*****,61*****,As****************,JS*******************************,Ch**************************************,AS*********************
Ma******,Un***********,21***,39*****,-7******,Am**************,Ve********************,MC******************************************************,AS********************
Vi******,Un***********,23***,36*****,-7******,Am**************,Do****************************,Na*****************************,AS**********************************
Ne*************,Au*******,20**,-3******,15******,Au**************,Te**************,,AS****************************
Hu***,Ch***,41****,27*****,11*****,As***********,Gr******,Ch*****************************************,
La***,Ni*****,,6.*****,3.*****,Af**********,Ai*********************,Ai*********************,
Fl*****,Un***********,33***,25*****,-8******,Am**************,Co*******************,Fl*************************,AS*********************************
Ma***************,Ne*********,47**,-4******,17*****,Pa**************,BB*******,Sp***************************,
Le******,Ir*****,D0*,53*****,-6******,Eu***********,Am**********************,AW*****************,AS**********************
En*****,Un************,LE**,52*****,-1*****,Eu***********,Ta*****************************,Op*****,AS************************************
Ōs***,Ja***,,34*****,13******,As********,Go********,Go****************************,AS*****************
Ne******,Un***********,10***,40*****,-7*****,Am**************,AT*****************,AT*******,AS************************
Ca***************,Eg***,,30*****,31*****,Af**********,Et***********,Et*****,AS*******************
Oh**,Un***********,43***,39*****,-8******,Am**************,Do****************************,Do****************************,AS**********************************
Îl***********,Fr****,78***,48*****,2.*****,Eu**********,Re*****,,AS***********
En*****,Un************,W1*,51*****,-0*******,Eu***********,UK********************,UK********************,
Ba*****,Ge*****,87***,47*****,10*****,Eu***********,AR******,Ar******,AS******************
Ha****,Un***********,96***,21*****,-1******,Pa**************,St*************,Un******************,AS*********************
Pr****,Cz*****,19****,50*****,14****,Eu***********,CT*,,AS*************************************
Il******,Un***********,60***,41****,-8******,Am*************,Ve**************,Se**************************,AS*********************
Sh******,Ch***,,31*****,12*****,As***********,Ch*******************,Ch*********,AS**************************
Te***,Un***********,78***,29*****,-9******,Am*************,Ch********************,Sp******,AS********************************
En*****,Un************,BH**,50*****,-1*****,Eu***********,BT************************,,AS***********************************
No************,Un***********,27***,35*****,-7*****,Am**************,Su***********************,Op*****,AS*************
Az****,Po******,96******,37*****,-2*****,At*************,Ca**************,no**************************,AS***********************************
En*****,Un************,W1*,51*****,-0*******,Eu***********,Mi*******************,Mi*******************,
Oh**,Un***********,43***,39*****,-8******,Am**************,Do****************************,Do****************************,AS**********************************
Pr************************,Fr****,60**,43*****,7.*****,Eu**********,Wi**************,,AS********************
,,,,,,,,
Vi******,Un***********,20***,38*****,-7******,Am**************,U.*****************************,U.********************,AS*************************************
Ne******,Un***********,14***,42*****,-7******,Am**************,Bu*******************,Ne******************************************,AS***************************
,,,,,,,,
To***,Ja***,18******,35*****,13******,As********,TU**,Na****************************************************************************,AS****************************************************************************************
,,,,,,,,
Vä********************,Sw****,43****,57*****,12*****,Eu**************,Br**************,B2************,AS*********************
,,,,,,,,
Gu*****,Ch***,,23*****,10*****,As***********,Ch******,Ch*********,AS**********************
Si*****,Ch***,,30*****,10*****,As***********,Ch******,Ch*********,AS**********************
En*****,Un************,W1*,51*****,-0*******,Eu***********,Al*************,De*****************************,
Ce**************************,Ho*******,,22*****,11******,As************,Go********,Go***********************,AS*****************
Ne******,Un***********,10***,40*****,-7******,Am**************,Pf*********,Pf*********,
Ca***************,Eg***,,30*****,31*****,Af**********,Th**************************************,Or**********,AS********************************************************
To***,Ja***,15******,35*****,13******,As********,So***************,SO***********,AS********************
Oh**,Un***********,43***,39*****,-8******,Am**************,Do****************************,Do****************************,AS**********************************
Ne********,Un***********,73**,40*****,-7******,Am**************,FX**,Un***********,AS**********
Ne******,Un***********,10***,40*****,-7******,Am**************,Ci*********************************,Ci*********************************,
So**********,Un***********,57***,44*****,-9******,Am*************,So***************************,So***************************,AS***********************************
Ne******,Un***********,11***,40*****,-7******,Am**************,CA******,CA*****,
Fu*******,Ja***,96******,37*****,14*****,As********,NT****************************,Op*******************,AS***********************************
Ri***********,Sa**********,98**,24*****,46*****,As*********,Mo***************************************************************,Mo***************************************************************,AS***********************************************************************
Ce***************,Si*******,13****,1.*****,10*****,As************,St**********************,SG***********,AS*****************
,,,,,,,,
Na******,Ja***,83******,32*****,12*****,As********,NT****************************,Op*******************,AS***********************************
St**************,Sw****,12****,59*****,18*****,Eu**************,Te**************,Te**************,AS*********************
,,,,,,,,
Ba********,Sw*********,40**,47*****,7.*****,Eu***********,RC*****************************,F.*********************,
Or****,Un***********,97***,45*****,-1******,Am*****************,Am**************,AW*****************,AS**********************
Vi******,Un***********,22***,39*****,-7******,Am**************,Co*******************************,Co********************************,AS***************************************
Ri***************,Br****,,-2*****,-5******,Am***************,Cl*****************************,NE******************************,AS*************************************
Te*******,In***,50****,17*****,78*****,As**********,BS***********,,AS*******************************
,,,,,,,,
La*********,Ge*****,13***,52*****,13*****,Eu***********,De*****************,De*****************,AS************************
He***,Ge*****,60***,50*****,8.*****,Eu***********,So********************************************************,So********************************************************,
Da*****,So*********,35***,36*****,12******,As********,Wo*************************,Ko**********************,AS***********************
Ca********,Un***********,92***,34*****,-1*******,Am*****************,AT*****************,AT*******,AS************************
Te***,Un***********,77***,29*****,-9******,Am*************,AT*****************,Ma**************************,AS************************
En*****,Un************,W1*,51*****,-0*******,Eu***********,UK********************,UK********************,
Ne********,Un***********,70**,40*****,-7******,Am**************,Sp*********,Bl**************,AS*****************
Ze*****,Th*************,44**,51*****,3.****,Eu**************,DE*******************,DE***********************,AS********************************
Vi******,Un***********,20***,38****,-7******,Am**************,Sp****,Sp****,AS***********
Ku**********,Ma******,50***,3.****,10******,As***************,Ak***********************,Ak***********************,AS*******************************
Mi*******,Un***********,55***,44*****,-9******,Am*************,Co*******************************,Co*******************************,AS***************************************
Al*****,Ca****,T2*,50*****,-1*******,Am**************,TE**********************,TE******************,AS*****************************
Yu****,Ch***,,24*****,10*****,As***********,Ch******,Ch*********,AS**********************
Mi******,Un***********,48***,42*****,-8******,Am*************,Fo****************,Fo****************,
Sh******,Ch***,,31*****,12*****,As***********,Or***********************,Or******************************,AS*************************************
No***************,So*********,28*,36*****,12******,As********,Ko***********,Ko****,AS******************
Ka****,Un***********,66***,38*****,-9******,Am*************,Cl**********************,Cl**********************,AS******************************
Wa********,Un***********,98***,47****,-1******,Am*****************,AT***************,AT***************,
Te***,Un***********,77***,29*****,-9******,Am*************,So*******,So************************,
Mi******,Un***********,48***,42*****,-8******,Am*************,Fo****************,Fo****************,
Ji*****,Ch***,,28*****,11******,As***********,Ch******,Ch*********,AS**********************
Le******,Ir*****,D2*,53*****,-6******,Eu***********,RO******,Hu***********************,AS***************************************
