IMSI,ip_diversity,device_hopping,location_variation,net_switching,subnet_diversity,is_anomaly,risk_score
0000152911,4,4,4,3,4,0,47.35
0009006325,2,2,2,2,2,0,16.59
0015944633,6,6,6,3,6,1,72.27
0017067949,4,4,4,3,4,0,47.35
0021912416,6,6,6,2,6,1,84.72
0023706093,4,4,4,3,4,0,47.35
0030897376,4,4,4,3,4,0,47.35
0032730324,6,6,6,3,6,1,72.27
0034568848,2,2,2,2,2,0,16.59
0036660200,2,2,2,2,2,0,16.59
0045358597,2,2,2,1,2,0,29.47
0046835241,2,2,2,2,2,0,16.59
0053782868,2,2,2,1,2,0,29.47
0058561547,2,2,2,1,2,0,29.47
0062305047,2,2,2,2,2,0,16.59
0065977414,2,2,2,2,2,0,16.59
0066890417,4,4,4,2,4,0,37.74
0072276835,2,2,2,2,2,0,16.59
0074614337,2,2,2,2,2,0,16.59
0075079752,2,2,2,1,2,0,29.47
0080570197,2,2,2,2,2,0,16.59
0088238469,4,4,4,2,4,0,37.74
0088943830,2,2,2,1,2,0,29.47
0096258857,2,2,2,2,2,0,16.59
0107867605,2,2,2,1,2,0,29.47
0107932265,2,2,2,1,2,0,29.47
0111566311,2,2,2,2,2,0,16.59
0124931645,2,2,2,2,2,0,16.59
0127712771,2,2,2,1,2,0,29.47
0127896951,2,2,2,1,2,0,29.47
0133989309,2,2,2,1,2,0,29.47
0144641972,2,2,2,2,2,0,16.59
0145700401,4,4,4,2,4,0,37.74
0147546926,2,2,2,1,2,0,29.47
0150343162,2,2,2,1,2,0,29.47
0155972056,2,2,2,1,2,0,29.47
0177491928,2,2,2,2,2,0,16.59
0180138052,2,2,2,2,2,0,16.59
0181444248,2,2,2,2,2,0,16.59
0181749731,2,2,2,1,2,0,29.47
0184766995,2,2,2,2,2,0,16.59
0203571343,2,2,2,1,2,0,29.47
0212886652,4,4,4,1,4,1,59.46
0213671603,4,4,4,3,4,0,47.35
0215234841,4,4,4,2,4,0,37.74
0218645982,2,2,2,2,2,0,16.59
0220976465,2,2,2,2,2,0,16.59
0222097550,2,2,2,2,2,0,16.59
0223569725,2,2,2,2,2,0,16.59
0227746903,2,2,2,2,2,0,16.59
0229308485,8,8,8,3,8,1,96.47
0230423338,2,2,2,1,2,0,29.47
0232852124,2,2,2,1,2,0,29.47
0237561904,6,6,6,3,6,1,72.27
0238728807,2,2,2,2,2,0,16.59
0241300788,2,2,2,2,2,0,16.59
0244407319,4,4,4,2,4,0,37.74
0252854613,2,2,2,1,2,0,29.47
0256342160,2,2,2,2,2,0,16.59
0268117758,2,2,2,2,2,0,16.59
0268717584,2,2,2,2,2,0,16.59
0284416169,2,2,2,1,2,0,29.47
0287447706,4,4,4,2,4,0,37.74
0290846684,2,2,2,2,2,0,16.59
0291209765,8,8,8,3,8,1,96.47
0300604519,2,2,2,2,2,0,16.59
0305641395,4,4,4,2,4,0,37.74
0305687094,4,4,4,2,4,0,37.74
0306442121,4,4,4,3,4,0,47.35
0308922906,2,2,2,1,2,0,29.47
0318672075,2,2,2,2,2,0,16.59
0326249864,2,2,2,2,2,0,16.59
0328267354,2,2,2,1,2,0,29.47
0336936834,2,2,2,2,2,0,16.59
0357431891,6,6,6,3,6,1,72.27
0362792463,2,2,2,2,2,0,16.59
0363235185,4,4,4,2,4,0,37.74
0369061550,6,6,6,3,6,1,72.27
0369711798,4,4,4,2,4,0,37.74
0371616088,2,2,2,2,2,0,16.59
0373600145,4,4,4,3,4,0,47.35
0376329403,6,6,6,3,6,1,72.27
0377107044,2,2,2,2,2,0,16.59
0378467970,2,2,2,1,2,0,29.47
0384531980,8,8,8,3,8,1,96.47
0386157423,4,4,4,3,4,0,47.35
0397524508,8,8,8,3,8,1,96.47
0398863653,4,4,4,2,4,0,37.74
0399529701,2,2,2,2,2,0,16.59
0411080026,2,2,2,1,2,0,29.47
0414326944,6,6,6,3,6,1,72.27
0414714088,2,2,2,2,2,0,16.59
0421163340,4,4,4,2,4,0,37.74
0423876809,2,2,2,2,2,0,16.59
0425284658,4,4,4,2,4,0,37.74
0428316723,2,2,2,1,2,0,29.47
0428973179,2,2,2,2,2,0,16.59
0443065772,4,4,4,2,4,0,37.74
0443197406,2,2,2,2,2,0,16.59
0453100259,4,4,4,3,4,0,47.35
0453282485,4,4,4,2,4,0,37.74
0455300173,2,2,2,2,2,0,16.59
0464197857,2,2,2,2,2,0,16.59
0464300724,2,2,2,1,2,0,29.47
0471180045,2,2,2,2,2,0,16.59
0481485396,2,2,2,1,2,0,29.47
0484437628,2,2,2,2,2,0,16.59
0487368269,2,2,2,2,2,0,16.59
0488789950,4,4,4,3,4,0,47.35
0506138782,4,4,4,2,4,0,37.74
0518237721,2,2,2,2,2,0,16.59
0521410707,2,2,2,1,2,0,29.47
0523045881,2,2,2,2,2,0,16.59
0524596090,2,2,2,2,2,0,16.59
0527034418,2,2,2,2,2,0,16.59
0528127358,2,2,2,2,2,0,16.59
0529792538,2,2,2,2,2,0,16.59
0534749230,2,2,2,2,2,0,16.59
0537092300,2,2,2,2,2,0,16.59
0537693287,2,2,2,2,2,0,16.59
0539543284,2,2,2,2,2,0,16.59
0543370736,2,2,2,1,2,0,29.47
0549147744,2,2,2,2,2,0,16.59
0550375016,2,2,2,2,2,0,16.59
0550774065,2,2,2,1,2,0,29.47
0557779174,2,2,2,1,2,0,29.47
0562926692,2,2,2,2,2,0,16.59
0568335556,2,2,2,1,2,0,29.47
0571178444,2,2,2,2,2,0,16.59
0572186453,2,2,2,1,2,0,29.47
0573019952,2,2,2,2,2,0,16.59
0573266305,2,2,2,2,2,0,16.59
0573689108,2,2,2,2,2,0,16.59
0577614069,4,4,4,3,4,0,47.35
0578462216,2,2,2,2,2,0,16.59
0581479605,4,4,4,1,4,1,59.46
0583334303,4,4,4,2,4,0,37.74
0592338925,2,2,2,2,2,0,16.59
0596310626,2,2,2,1,2,0,29.47
0597307778,2,2,2,1,2,0,29.47
0600308597,2,2,2,2,2,0,16.59
0616537305,2,2,2,1,2,0,29.47
0628922384,6,6,6,3,6,1,72.27
0632248155,2,2,2,2,2,0,16.59
0636229822,4,4,4,2,4,0,37.74
0638869847,2,2,2,2,2,0,16.59
0653323969,4,4,4,3,4,0,47.35
0653813789,2,2,2,2,2,0,16.59
0654885587,4,4,4,2,4,0,37.74
0664485678,2,2,2,2,2,0,16.59
0666029729,2,2,2,1,2,0,29.47
0671091796,2,2,2,2,2,0,16.59
0678367606,2,2,2,2,2,0,16.59
0680983831,2,2,2,1,2,0,29.47
0681441666,2,2,2,2,2,0,16.59
0682179764,4,4,4,3,4,0,47.35
0688439393,2,2,2,1,2,0,29.47
0691961276,4,4,4,3,4,0,47.35
0692804179,2,2,2,1,2,0,29.47
0696904528,4,4,4,3,4,0,47.35
0697899951,2,2,2,1,2,0,29.47
0699016272,2,2,2,2,2,0,16.59
0702608698,4,4,4,2,4,0,37.74
0708063139,4,4,4,2,4,0,37.74
0713204484,2,2,2,2,2,0,16.59
0722903494,2,2,2,2,2,0,16.59
0725797513,2,2,2,2,2,0,16.59
0728326842,4,4,4,2,4,0,37.74
0734603161,4,4,4,3,4,0,47.35
0739200258,8,8,8,3,8,1,96.47
0745254861,4,4,4,3,4,0,47.35
0748133533,2,2,2,1,2,0,29.47
0754542233,2,2,2,1,2,0,29.47
0756220863,6,6,6,2,6,1,84.72
0762054596,2,2,2,1,2,0,29.47
0768102480,2,2,2,2,2,0,16.59
0768205426,2,2,2,2,2,0,16.59
0783123315,2,2,2,2,2,0,16.59
0788312736,2,2,2,1,2,0,29.47
0794917906,2,2,2,1,2,0,29.47
0798767993,2,2,2,2,2,0,16.59
0814322987,2,2,2,1,2,0,29.47
0814635506,2,2,2,2,2,0,16.59
0822044843,2,2,2,2,2,0,16.59
0826786504,2,2,2,2,2,0,16.59
0827231843,2,2,2,2,2,0,16.59
0835889743,2,2,2,1,2,0,29.47
0839226303,2,2,2,2,2,0,16.59
0850749113,2,2,2,2,2,0,16.59
0851846689,2,2,2,2,2,0,16.59
0855172948,2,2,2,1,2,0,29.47
0874028993,2,2,2,1,2,0,29.47
0876014672,2,2,2,1,2,0,29.47
0886797447,2,2,2,2,2,0,16.59
0891229439,2,2,2,2,2,0,16.59
0900737949,4,4,4,2,4,0,37.74
0903134644,4,4,4,3,4,0,47.35
0904217762,2,2,2,2,2,0,16.59
0908599144,2,2,2,2,2,0,16.59
0910939111,4,4,4,2,4,0,37.74
0923195078,2,2,2,2,2,0,16.59
0928206678,2,2,2,2,2,0,16.59
0945975130,2,2,2,2,2,0,16.59
0952185868,4,4,4,3,4,0,47.35
0958348359,2,2,2,1,2,0,29.47
0961023726,4,4,4,3,4,0,47.35
0964966834,2,2,2,2,2,0,16.59
0965459254,4,4,4,2,4,0,37.74
0969253360,2,2,2,2,2,0,16.59
0981009443,4,4,4,3,4,0,47.35
0988986456,2,2,2,2,2,0,16.59
0992839863,2,2,2,2,2,0,16.59
0996833440,4,4,4,3,4,0,47.35
0998452761,2,2,2,2,2,0,16.59
1009004047,2,2,2,2,2,0,16.59
1037129387,2,2,2,2,2,0,16.59
1048114681,2,2,2,2,2,0,16.59
1051314692,2,2,2,2,2,0,16.59
1059931804,6,6,6,3,6,1,72.27
1061445299,2,2,2,2,2,0,16.59
1066646518,2,2,2,2,2,0,16.59
1071912943,2,2,2,2,2,0,16.59
1092268592,4,4,4,3,4,0,47.35
1093888295,2,2,2,1,2,0,29.47
1098983973,2,2,2,2,2,0,16.59
1107298502,4,4,4,2,4,0,37.74
1116282055,4,4,4,2,4,0,37.74
1124586154,2,2,2,2,2,0,16.59
1129109337,2,2,2,2,2,0,16.59
1138750931,4,4,4,3,4,0,47.35
1139043830,2,2,2,2,2,0,16.59
1142311547,2,2,2,2,2,0,16.59
1151116271,2,2,2,1,2,0,29.47
1152471871,2,2,2,2,2,0,16.59
1160256434,2,2,2,1,2,0,29.47
1160895897,2,2,2,2,2,0,16.59
1162801680,2,2,2,2,2,0,16.59
1166497248,4,4,4,3,4,0,47.35
1169769054,2,2,2,2,2,0,16.59
1175494495,2,2,2,2,2,0,16.59
1181216525,2,2,2,2,2,0,16.59
1182879146,10,10,10,3,10,1,99.71
1183284014,2,2,2,2,2,0,16.59
1184252786,2,2,2,2,2,0,16.59
1184264102,4,4,4,3,4,0,47.35
1207049611,2,2,2,1,2,0,29.47
1217099449,2,2,2,2,2,0,16.59
1222395480,2,2,2,1,2,0,29.47
1223414992,4,4,4,2,4,0,37.74
1225620836,6,6,6,3,6,1,72.27
1235631676,4,4,4,3,4,0,47.35
1251341252,2,2,2,2,2,0,16.59
1273421120,2,2,2,1,2,0,29.47
1276025082,6,6,6,3,6,1,72.27
1280024318,2,2,2,2,2,0,16.59
1280870341,2,2,2,2,2,0,16.59
1282408287,2,2,2,2,2,0,16.59
1288916940,6,6,6,2,6,1,84.72
1291164792,2,2,2,1,2,0,29.47
1292766372,2,2,2,1,2,0,29.47
1297557261,4,4,4,2,4,0,37.74
1300041321,4,4,4,3,4,0,47.35
1300105899,2,2,2,1,2,0,29.47
1306354853,4,4,4,2,4,0,37.74
1327235662,4,4,4,2,4,0,37.74
1328000195,4,4,4,3,4,0,47.35
1328515529,2,2,2,2,2,0,16.59
1330004295,2,2,2,2,2,0,16.59
1330442179,2,2,2,2,2,0,16.59
1332057371,2,2,2,2,2,0,16.59
1337049462,2,2,2,2,2,0,16.59
1345579990,2,2,2,2,2,0,16.59
1348202463,2,2,2,1,2,0,29.47
1359070671,2,2,2,1,2,0,29.47
1363249384,2,2,2,2,2,0,16.59
1363631797,4,4,4,2,4,0,37.74
1368841577,2,2,2,1,2,0,29.47
1369412641,2,2,2,2,2,0,16.59
1369572790,2,2,2,2,2,0,16.59
1369681645,4,4,4,3,4,0,47.35
1373129504,2,2,2,2,2,0,16.59
1373949125,2,2,2,2,2,0,16.59
1382496718,2,2,2,1,2,0,29.47
1386741714,2,2,2,2,2,0,16.59
1387592712,4,4,4,3,4,0,47.35
1388740223,4,4,4,3,4,0,47.35
1394884882,2,2,2,2,2,0,16.59
1411287452,2,2,2,2,2,0,16.59
1412007404,4,4,4,2,4,0,37.74
1421125340,2,2,2,2,2,0,16.59
1421582545,2,2,2,2,2,0,16.59
1421751887,2,2,2,2,2,0,16.59
1424696371,6,6,6,2,6,1,84.72
1429994814,2,2,2,1,2,0,29.47
1430276799,2,2,2,2,2,0,16.59
1432885899,2,2,2,2,2,0,16.59
1440004075,2,2,2,1,2,0,29.47
1451495149,4,4,4,3,4,0,47.35
1458683390,2,2,2,1,2,0,29.47
1466886583,4,4,4,3,4,0,47.35
1469509355,2,2,2,2,2,0,16.59
1470798632,2,2,2,1,2,0,29.47
1470823196,6,6,6,3,6,1,72.27
1483747558,2,2,2,1,2,0,29.47
1484601913,2,2,2,2,2,0,16.59
1488151446,4,4,4,2,4,0,37.74
1491696801,2,2,2,1,2,0,29.47
1497374605,2,2,2,2,2,0,16.59
1499970320,2,2,2,2,2,0,16.59
1518078442,2,2,2,2,2,0,16.59
1518178824,4,4,4,1,4,1,59.46
1525641650,2,2,2,2,2,0,16.59
1527311722,4,4,4,2,4,0,37.74
1535628724,2,2,2,2,2,0,16.59
1544799581,2,2,2,2,2,0,16.59
1551562499,2,2,2,2,2,0,16.59
1559637439,2,2,2,2,2,0,16.59
1566705330,4,4,4,3,4,0,47.35
1568731024,2,2,2,2,2,0,16.59
1571840908,2,2,2,2,2,0,16.59
1577615743,2,2,2,1,2,0,29.47
1579208236,2,2,2,2,2,0,16.59
1579970658,4,4,4,3,4,0,47.35
1583365974,2,2,2,2,2,0,16.59
1586734257,4,4,4,3,4,0,47.35
1593809627,2,2,2,2,2,0,16.59
1603849526,8,8,8,2,8,1,100.0
1608989921,2,2,2,2,2,0,16.59
1609706704,2,2,2,1,2,0,29.47
1612559046,2,2,2,1,2,0,29.47
1617990421,4,4,4,3,4,0,47.35
1622499982,2,2,2,2,2,0,16.59
1623252874,2,2,2,2,2,0,16.59
1624843889,2,2,2,2,2,0,16.59
1626750146,4,4,4,3,4,0,47.35
1627573320,2,2,2,1,2,0,29.47
1631603781,2,2,2,1,2,0,29.47
1638816878,4,4,4,2,4,0,37.74
1642301274,2,2,2,2,2,0,16.59
1643348170,2,2,2,2,2,0,16.59
1648668982,2,2,2,1,2,0,29.47
1671656709,4,4,4,2,4,0,37.74
1675011532,2,2,2,1,2,0,29.47
1677436048,4,4,4,3,4,0,47.35
1678112669,2,2,2,2,2,0,16.59
1678706763,2,2,2,2,2,0,16.59
1679177619,2,2,2,2,2,0,16.59
1684720206,10,10,10,3,10,1,99.71
1685071058,2,2,2,2,2,0,16.59
1686462252,2,2,2,2,2,0,16.59
1688017710,2,2,2,1,2,0,29.47
1696466802,4,4,4,3,4,0,47.35
1696892869,2,2,2,2,2,0,16.59
1698709126,2,2,2,2,2,0,16.59
1699347877,2,2,2,2,2,0,16.59
1703280325,2,2,2,2,2,0,16.59
1705075780,6,6,6,3,6,1,72.27
1719945740,2,2,2,2,2,0,16.59
1730639085,4,4,4,2,4,0,37.74
1742115219,2,2,2,2,2,0,16.59
1744441388,2,2,2,2,2,0,16.59
1748113176,4,4,4,3,4,0,47.35
1749195380,4,4,4,2,4,0,37.74
1750810535,4,4,4,3,4,0,47.35
1750961701,2,2,2,2,2,0,16.59
1756168095,2,2,2,2,2,0,16.59
1759317261,2,2,2,2,2,0,16.59
1763019115,2,2,2,2,2,0,16.59
1771159212,4,4,4,3,4,0,47.35
1775398724,2,2,2,2,2,0,16.59
1775941447,2,2,2,1,2,0,29.47
1780885576,6,6,6,3,6,1,72.27
1801664802,6,6,6,3,6,1,72.27
1806108537,2,2,2,2,2,0,16.59
1807576449,4,4,4,3,4,0,47.35
1807783368,2,2,2,2,2,0,16.59
1814336975,4,4,4,3,4,0,47.35
1815808499,2,2,2,2,2,0,16.59
1820377889,2,2,2,2,2,0,16.59
1827238264,4,4,4,2,4,0,37.74
1830671985,2,2,2,2,2,0,16.59
1840766739,4,4,4,2,4,0,37.74
1846550636,4,4,4,2,4,0,37.74
1851331178,2,2,2,1,2,0,29.47
1853608780,2,2,2,2,2,0,16.59
1862104275,4,4,4,2,4,0,37.74
1862539563,2,2,2,2,2,0,16.59
1863759980,2,2,2,1,2,0,29.47
1869656130,2,2,2,2,2,0,16.59
1873477784,4,4,4,2,4,0,37.74
1877033257,2,2,2,2,2,0,16.59
1877671294,2,2,2,2,2,0,16.59
1887114860,4,4,4,2,4,0,37.74
1889345764,4,4,4,2,4,0,37.74
1892605554,2,2,2,2,2,0,16.59
1907044519,4,4,4,2,4,0,37.74
1920297637,2,2,2,2,2,0,16.59
1922270510,4,4,4,2,4,0,37.74
1926764921,4,4,4,2,4,0,37.74
1927900684,4,4,4,3,4,0,47.35
1936006082,2,2,2,2,2,0,16.59
1942380212,2,2,2,2,2,0,16.59
1951109452,4,4,4,2,4,0,37.74
1951786318,2,2,2,2,2,0,16.59
1954062789,4,4,4,3,4,0,47.35
1967068335,2,2,2,2,2,0,16.59
1972512343,2,2,2,2,2,0,16.59
1974005643,2,2,2,2,2,0,16.59
1975370063,2,2,2,1,2,0,29.47
1983331679,2,2,2,1,2,0,29.47
1986020828,4,4,4,2,4,0,37.74
1986585102,4,4,4,1,4,1,59.46
1990342134,2,2,2,2,2,0,16.59
1995321059,2,2,2,2,2,0,16.59
1996844565,6,6,6,2,6,1,84.72
2002496854,2,2,2,2,2,0,16.59
2003791769,4,4,4,2,4,0,37.74
2010912172,2,2,2,2,2,0,16.59
2011988552,8,8,8,3,8,1,96.47
2012017402,2,2,2,1,2,0,29.47
2018190232,2,2,2,1,2,0,29.47
2031556775,2,2,2,1,2,0,29.47
2032650977,2,2,2,2,2,0,16.59
2033474246,2,2,2,2,2,0,16.59
2038069586,2,2,2,2,2,0,16.59
2044820700,2,2,2,2,2,0,16.59
2046535217,4,4,4,2,4,0,37.74
2048161133,2,2,2,1,2,0,29.47
2055543840,2,2,2,2,2,0,16.59
2058920790,2,2,2,1,2,0,29.47
2069694215,2,2,2,1,2,0,29.47
2072972231,2,2,2,2,2,0,16.59
2073564757,4,4,4,2,4,0,37.74
2080201104,4,4,4,2,4,0,37.74
2090167443,2,2,2,1,2,0,29.47
2091401693,2,2,2,2,2,0,16.59
2102735810,2,2,2,2,2,0,16.59
2109222514,2,2,2,2,2,0,16.59
2115355051,2,2,2,2,2,0,16.59
2121519045,2,2,2,2,2,0,16.59
2128133094,2,2,2,1,2,0,29.47
2136008438,2,2,2,2,2,0,16.59
2140128331,4,4,4,2,4,0,37.74
2140737308,2,2,2,2,2,0,16.59
2146100498,2,2,2,2,2,0,16.59
2149679146,2,2,2,2,2,0,16.59
2155959959,4,4,4,3,4,0,47.35
2169069685,2,2,2,1,2,0,29.47
2173683850,2,2,2,1,2,0,29.47
2198990207,2,2,2,1,2,0,29.47
2201754541,2,2,2,2,2,0,16.59
2208939560,4,4,4,3,4,0,47.35
2211118909,2,2,2,1,2,0,29.47
2211386908,4,4,4,2,4,0,37.74
2213217672,6,6,6,3,6,1,72.27
2223499801,2,2,2,2,2,0,16.59
2227111757,2,2,2,2,2,0,16.59
2236449951,2,2,2,1,2,0,29.47
2241797497,4,4,4,2,4,0,37.74
2244556523,2,2,2,2,2,0,16.59
2245933441,4,4,4,2,4,0,37.74
2246968516,2,2,2,1,2,0,29.47
2248913604,2,2,2,1,2,0,29.47
2257584836,2,2,2,1,2,0,29.47
2258313237,6,6,6,3,6,1,72.27
2284766009,4,4,4,3,4,0,47.35
2289890749,2,2,2,1,2,0,29.47
2300360722,2,2,2,2,2,0,16.59
2308554436,2,2,2,2,2,0,16.59
2310265574,4,4,4,2,4,0,37.74
2312038750,2,2,2,2,2,0,16.59
2315682342,2,2,2,2,2,0,16.59
2316600767,2,2,2,2,2,0,16.59
2317781621,2,2,2,1,2,0,29.47
2322426378,4,4,4,3,4,0,47.35
2323453356,4,4,4,3,4,0,47.35
2331081854,4,4,4,2,4,0,37.74
2331256772,6,6,6,2,6,1,84.72
2332284661,2,2,2,2,2,0,16.59
2360842296,2,2,2,2,2,0,16.59
2368866088,4,4,4,2,4,0,37.74
2370087775,2,2,2,2,2,0,16.59
2371798902,2,2,2,2,2,0,16.59
2375302849,2,2,2,2,2,0,16.59
2379312697,2,2,2,1,2,0,29.47
2391761968,2,2,2,1,2,0,29.47
2392415134,2,2,2,1,2,0,29.47
2394840027,2,2,2,1,2,0,29.47
2396597826,2,2,2,2,2,0,16.59
2400000152911,1,1,1,1,1,0,1.0
2400002786499,1,1,1,1,1,0,1.0
2400009006325,1,1,1,1,1,0,1.0
2400009143529,1,1,1,1,1,0,1.0
2400015944633,1,1,1,1,1,0,1.0
2400017067949,1,1,1,1,1,0,1.0
2400018676610,1,1,1,1,1,0,1.0
2400021912416,1,1,1,1,1,0,1.0
2400022591633,1,1,1,1,1,0,1.0
2400023706093,1,1,1,1,1,0,1.0
2400024539313,1,1,1,1,1,0,1.0
2400028674160,1,1,1,1,1,0,1.0
2400030897376,1,1,1,1,1,0,1.0
2400032730324,1,1,1,1,1,0,1.0
2400034568848,1,1,1,1,1,0,1.0
2400034713171,1,1,1,1,1,0,1.0
2400036660200,1,1,1,1,1,0,1.0
2400044415663,1,1,1,1,1,0,1.0
2400045344462,1,1,1,1,1,0,1.0
2400045358597,1,1,1,1,1,0,1.0
2400046835241,1,1,1,1,1,0,1.0
2400050674817,1,1,1,1,1,0,1.0
2400051665234,1,1,1,1,1,0,1.0
2400051844989,1,1,1,1,1,0,1.0
2400053258974,1,1,1,1,1,0,1.0
2400053782868,1,1,1,1,1,0,1.0
2400054316704,1,1,1,1,1,0,1.0
2400058561547,1,1,1,1,1,0,1.0
2400062305047,1,1,1,1,1,0,1.0
2400063353310,1,1,1,1,1,0,1.0
2400065977414,1,1,1,1,1,0,1.0
2400066890417,1,1,1,1,1,0,1.0
2400072276835,1,1,1,1,1,0,1.0
2400074614337,1,1,1,1,1,0,1.0
2400074859724,1,1,1,1,1,0,1.0
2400075079752,1,1,1,1,1,0,1.0
2400080570197,1,1,1,1,1,0,1.0
2400084075882,1,1,1,1,1,0,1.0
2400088238469,1,1,1,1,1,0,1.0
2400088943830,1,1,1,1,1,0,1.0
2400092542709,1,1,1,1,1,0,1.0
2400096258857,1,1,1,1,1,0,1.0
2400098545069,1,1,1,1,1,0,1.0
2400098633166,1,1,1,1,1,0,1.0
2400102724055,1,1,1,1,1,0,1.0
2400103801219,1,1,1,1,1,0,1.0
2400107867605,1,1,1,1,1,0,1.0
2400107932265,1,1,1,1,1,0,1.0
2400108965461,1,1,1,1,1,0,1.0
2400109557538,1,1,1,1,1,0,1.0
2400111391548,1,1,1,1,1,0,1.0
2400111566311,1,1,1,1,1,0,1.0
2400115360964,1,1,1,1,1,0,1.0
2400121991499,1,1,1,1,1,0,1.0
2400123503687,1,1,1,1,1,0,1.0
2400124931645,1,1,1,1,1,0,1.0
2400127712771,1,1,1,1,1,0,1.0
2400127896951,1,1,1,1,1,0,1.0
2400130716753,1,1,1,1,1,0,1.0
2400133989309,1,1,1,1,1,0,1.0
2400144641972,1,1,1,1,1,0,1.0
2400145700401,1,1,1,1,1,0,1.0
2400146159700,1,1,1,1,1,0,1.0
2400147546926,1,1,1,1,1,0,1.0
2400150343162,1,1,1,1,1,0,1.0
2400155972056,1,1,1,1,1,0,1.0
2400164261070,1,1,1,1,1,0,1.0
2400165276136,1,1,1,1,1,0,1.0
2400168107137,1,1,1,1,1,0,1.0
2400177491928,1,1,1,1,1,0,1.0
2400180138052,1,1,1,1,1,0,1.0
2400180589359,1,1,1,1,1,0,1.0
2400180867522,1,1,1,1,1,0,1.0
2400181444248,1,1,1,1,1,0,1.0
2400181749731,1,1,1,1,1,0,1.0
2400183274031,1,1,1,1,1,0,1.0
2400184766995,1,1,1,1,1,0,1.0
2400187472913,1,1,1,1,1,0,1.0
2400188149774,1,1,1,1,1,0,1.0
2400192271662,1,1,1,1,1,0,1.0
2400193868226,1,1,1,1,1,0,1.0
2400196797209,1,1,1,1,1,0,1.0
2400203571343,1,1,1,1,1,0,1.0
2400206515720,1,1,1,1,1,0,1.0
2400212886652,1,1,1,1,1,0,1.0
2400213671603,1,1,1,1,1,0,1.0
2400215013433,1,1,1,1,1,0,1.0
2400215234841,1,1,1,1,1,0,1.0
2400218645982,1,1,1,1,1,0,1.0
2400220976465,1,1,1,1,1,0,1.0
2400221239551,1,1,1,1,1,0,1.0
2400221318960,1,1,1,1,1,0,1.0
2400222097550,1,1,1,1,1,0,1.0
2400223569725,1,1,1,1,1,0,1.0
2400227746903,1,1,1,1,1,0,1.0
2400229308485,1,1,1,1,1,0,1.0
2400230423338,1,1,1,1,1,0,1.0
2400232510715,1,1,1,1,1,0,1.0
2400232852124,1,1,1,1,1,0,1.0
2400235120945,1,1,1,1,1,0,1.0
2400235217921,1,1,1,1,1,0,1.0
2400237561904,1,1,1,1,1,0,1.0
2400238728807,1,1,1,1,1,0,1.0
2400241300788,1,1,1,1,1,0,1.0
2400244407319,1,1,1,1,1,0,1.0
2400244628826,1,1,1,1,1,0,1.0
2400248374441,1,1,1,1,1,0,1.0
2400252854613,1,1,1,1,1,0,1.0
2400256342160,1,1,1,1,1,0,1.0
2400257252045,1,1,1,1,1,0,1.0
2400258366824,1,1,1,1,1,0,1.0
2400258988108,1,1,1,1,1,0,1.0
2400261554277,1,1,1,1,1,0,1.0
2400268117758,1,1,1,1,1,0,1.0
2400268387890,1,1,1,1,1,0,1.0
2400268717584,1,1,1,1,1,0,1.0
2400277217931,1,1,1,1,1,0,1.0
2400278634876,1,1,1,1,1,0,1.0
2400281406937,1,1,1,1,1,0,1.0
2400282976722,1,1,1,1,1,0,1.0
2400284052185,1,1,1,1,1,0,1.0
2400284416169,1,1,1,1,1,0,1.0
2400285953887,1,1,1,1,1,0,1.0
2400286653581,1,1,1,1,1,0,1.0
2400287447706,1,1,1,1,1,0,1.0
2400288314914,1,1,1,1,1,0,1.0
2400290846684,1,1,1,1,1,0,1.0
2400291209765,1,1,1,1,1,0,1.0
2400291542594,1,1,1,1,1,0,1.0
2400297806782,1,1,1,1,1,0,1.0
2400300451297,1,1,1,1,1,0,1.0
2400300604519,1,1,1,1,1,0,1.0
2400302930112,1,1,1,1,1,0,1.0
2400305641395,1,1,1,1,1,0,1.0
2400305687094,1,1,1,1,1,0,1.0
2400306442121,1,1,1,1,1,0,1.0
2400308922906,1,1,1,1,1,0,1.0
2400310519681,1,1,1,1,1,0,1.0
2400315892584,1,1,1,1,1,0,1.0
2400318672075,1,1,1,1,1,0,1.0
2400326249864,1,1,1,1,1,0,1.0
2400328267354,1,1,1,1,1,0,1.0
2400336936834,1,1,1,1,1,0,1.0
2400337469833,1,1,1,1,1,0,1.0
2400340971814,1,1,1,1,1,0,1.0
2400356899108,1,1,1,1,1,0,1.0
2400357431891,1,1,1,1,1,0,1.0
2400362792463,1,1,1,1,1,0,1.0
2400363235185,1,1,1,1,1,0,1.0
2400369061550,1,1,1,1,1,0,1.0
2400369711798,1,1,1,1,1,0,1.0
2400371616088,1,1,1,1,1,0,1.0
2400373600145,1,1,1,1,1,0,1.0
2400376329403,1,1,1,1,1,0,1.0
2400377107044,1,1,1,1,1,0,1.0
2400378101032,1,1,1,1,1,0,1.0
2400378467970,1,1,1,1,1,0,1.0
2400384531980,1,1,1,1,1,0,1.0
2400386157423,1,1,1,1,1,0,1.0
2400392519994,1,1,1,1,1,0,1.0
2400393272751,1,1,1,1,1,0,1.0
2400397524508,1,1,1,1,1,0,1.0
2400397621188,1,1,1,1,1,0,1.0
2400398688635,1,1,1,1,1,0,1.0
2400398863653,1,1,1,1,1,0,1.0
2400399529701,1,1,1,1,1,0,1.0
2400403240440,1,1,1,1,1,0,1.0
2400411080026,1,1,1,1,1,0,1.0
2400414326944,1,1,1,1,1,0,1.0
2400414714088,1,1,1,1,1,0,1.0
2400421163340,1,1,1,1,1,0,1.0
2400423876809,1,1,1,1,1,0,1.0
2400425284658,1,1,1,1,1,0,1.0
2400428316723,1,1,1,1,1,0,1.0
2400428973179,1,1,1,1,1,0,1.0
2400433331883,1,1,1,1,1,0,1.0
2400436917423,1,1,1,1,1,0,1.0
2400439684835,1,1,1,1,1,0,1.0
2400443065772,1,1,1,1,1,0,1.0
2400443197406,1,1,1,1,1,0,1.0
2400443699577,1,1,1,1,1,0,1.0
2400448671188,1,1,1,1,1,0,1.0
2400453100259,1,1,1,1,1,0,1.0
2400453282485,1,1,1,1,1,0,1.0
2400455300173,1,1,1,1,1,0,1.0
2400455948496,1,1,1,1,1,0,1.0
2400461849926,1,1,1,1,1,0,1.0
2400463643044,1,1,1,1,1,0,1.0
2400463745499,1,1,1,1,1,0,1.0
2400464197857,1,1,1,1,1,0,1.0
2400464300724,1,1,1,1,1,0,1.0
2400471180045,1,1,1,1,1,0,1.0
2400474120818,1,1,1,1,1,0,1.0
2400475412126,1,1,1,1,1,0,1.0
2400481485396,1,1,1,1,1,0,1.0
2400484437628,1,1,1,1,1,0,1.0
2400486871690,1,1,1,1,1,0,1.0
2400487368269,1,1,1,1,1,0,1.0
2400488789950,1,1,1,1,1,0,1.0
2400497038341,1,1,1,1,1,0,1.0
2400500574580,1,1,1,1,1,0,1.0
2400504173722,1,1,1,1,1,0,1.0
2400506138782,1,1,1,1,1,0,1.0
2400508105635,1,1,1,1,1,0,1.0
2400517958921,1,1,1,1,1,0,1.0
2400518237721,1,1,1,1,1,0,1.0
2400518439055,1,1,1,1,1,0,1.0
2400521410707,1,1,1,1,1,0,1.0
2400521702073,1,1,1,1,1,0,1.0
2400523045881,1,1,1,1,1,0,1.0
2400524596090,1,1,1,1,1,0,1.0
2400527034418,1,1,1,1,1,0,1.0
2400528127358,1,1,1,1,1,0,1.0
2400529792538,1,1,1,1,1,0,1.0
2400531949796,1,1,1,1,1,0,1.0
2400533019251,1,1,1,1,1,0,1.0
2400534749230,1,1,1,1,1,0,1.0
2400537092300,1,1,1,1,1,0,1.0
2400537693287,1,1,1,1,1,0,1.0
2400539260967,1,1,1,1,1,0,1.0
2400539543284,1,1,1,1,1,0,1.0
2400543370736,1,1,1,1,1,0,1.0
2400547199613,1,1,1,1,1,0,1.0
2400548510174,1,1,1,1,1,0,1.0
2400549147744,1,1,1,1,1,0,1.0
2400550375016,1,1,1,1,1,0,1.0
2400550774065,1,1,1,1,1,0,1.0
2400552472863,1,1,1,1,1,0,1.0
2400557779174,1,1,1,1,1,0,1.0
2400562247180,1,1,1,1,1,0,1.0
2400562926692,1,1,1,1,1,0,1.0
2400566558990,1,1,1,1,1,0,1.0
2400568335556,1,1,1,1,1,0,1.0
2400568761124,1,1,1,1,1,0,1.0
2400570521879,1,1,1,1,1,0,1.0
2400571178444,1,1,1,1,1,0,1.0
2400571265656,1,1,1,1,1,0,1.0
2400572186453,1,1,1,1,1,0,1.0
2400573019952,1,1,1,1,1,0,1.0
2400573266305,1,1,1,1,1,0,1.0
2400573689108,1,1,1,1,1,0,1.0
2400577614069,1,1,1,1,1,0,1.0
2400578462216,1,1,1,1,1,0,1.0
2400581479605,1,1,1,1,1,0,1.0
2400583334303,1,1,1,1,1,0,1.0
2400592338925,1,1,1,1,1,0,1.0
2400596310626,1,1,1,1,1,0,1.0
2400597307778,1,1,1,1,1,0,1.0
2400600308597,1,1,1,1,1,0,1.0
2400603981079,1,1,1,1,1,0,1.0
2400606561217,1,1,1,1,1,0,1.0
2400607718729,1,1,1,1,1,0,1.0
2400610296746,1,1,1,1,1,0,1.0
2400616537305,1,1,1,1,1,0,1.0
2400621402499,1,1,1,1,1,0,1.0
2400622155996,1,1,1,1,1,0,1.0
2400627244709,1,1,1,1,1,0,1.0
2400628922384,1,1,1,1,1,0,1.0
2400629419375,1,1,1,1,1,0,1.0
2400632248155,1,1,1,1,1,0,1.0
2400636229822,1,1,1,1,1,0,1.0
2400638869847,1,1,1,1,1,0,1.0
2400642076836,1,1,1,1,1,0,1.0
2400644547523,1,1,1,1,1,0,1.0
2400645338452,1,1,1,1,1,0,1.0
2400646278866,1,1,1,1,1,0,1.0
2400646765172,1,1,1,1,1,0,1.0
2400650042548,1,1,1,1,1,0,1.0
2400653323969,1,1,1,1,1,0,1.0
2400653331537,1,1,1,1,1,0,1.0
2400653813789,1,1,1,1,1,0,1.0
2400654885587,1,1,1,1,1,0,1.0
2400659208814,1,1,1,1,1,0,1.0
2400660026046,1,1,1,1,1,0,1.0
2400664485678,1,1,1,1,1,0,1.0
2400664932375,1,1,1,1,1,0,1.0
2400666029729,1,1,1,1,1,0,1.0
2400669425055,1,1,1,1,1,0,1.0
2400671091796,1,1,1,1,1,0,1.0
2400674158679,1,1,1,1,1,0,1.0
2400677309780,1,1,1,1,1,0,1.0
2400678367606,1,1,1,1,1,0,1.0
2400680983831,1,1,1,1,1,0,1.0
2400681441666,1,1,1,1,1,0,1.0
2400682179764,1,1,1,1,1,0,1.0
2400684666565,1,1,1,1,1,0,1.0
2400688439393,1,1,1,1,1,0,1.0
2400690149711,1,1,1,1,1,0,1.0
2400691961276,1,1,1,1,1,0,1.0
2400692804179,1,1,1,1,1,0,1.0
2400696904528,1,1,1,1,1,0,1.0
2400697899951,1,1,1,1,1,0,1.0
2400699016272,1,1,1,1,1,0,1.0
2400702608698,1,1,1,1,1,0,1.0
2400703398214,1,1,1,1,1,0,1.0
2400708063139,1,1,1,1,1,0,1.0
2400713204484,1,1,1,1,1,0,1.0
2400718533115,1,1,1,1,1,0,1.0
2400721734024,1,1,1,1,1,0,1.0
2400722903494,1,1,1,1,1,0,1.0
2400725797513,1,1,1,1,1,0,1.0
2400728326842,1,1,1,1,1,0,1.0
2400730275879,1,1,1,1,1,0,1.0
2400734603161,1,1,1,1,1,0,1.0
2400739200258,1,1,1,1,1,0,1.0
2400745254861,1,1,1,1,1,0,1.0
2400748133533,1,1,1,1,1,0,1.0
2400749161942,1,1,1,1,1,0,1.0
2400754542233,1,1,1,1,1,0,1.0
2400756220863,1,1,1,1,1,0,1.0
2400757414248,1,1,1,1,1,0,1.0
2400762054596,1,1,1,1,1,0,1.0
2400768102480,1,1,1,1,1,0,1.0
2400768205426,1,1,1,1,1,0,1.0
2400771421054,1,1,1,1,1,0,1.0
2400772502109,1,1,1,1,1,0,1.0
2400781294576,1,1,1,1,1,0,1.0
2400783123315,1,1,1,1,1,0,1.0
2400783886558,1,1,1,1,1,0,1.0
2400786887860,1,1,1,1,1,0,1.0
2400788312736,1,1,1,1,1,0,1.0
2400794917906,1,1,1,1,1,0,1.0
2400796373100,1,1,1,1,1,0,1.0
2400797407685,1,1,1,1,1,0,1.0
2400798767993,1,1,1,1,1,0,1.0
2400800458724,1,1,1,1,1,0,1.0
2400803889044,1,1,1,1,1,0,1.0
2400814322987,1,1,1,1,1,0,1.0
2400814635506,1,1,1,1,1,0,1.0
2400816360209,1,1,1,1,1,0,1.0
2400816535985,1,1,1,1,1,0,1.0
2400822044843,1,1,1,1,1,0,1.0
2400826786504,1,1,1,1,1,0,1.0
2400827231843,1,1,1,1,1,0,1.0
2400828723885,1,1,1,1,1,0,1.0
2400829380743,1,1,1,1,1,0,1.0
2400834695449,1,1,1,1,1,0,1.0
2400835889743,1,1,1,1,1,0,1.0
2400839226303,1,1,1,1,1,0,1.0
2400850749113,1,1,1,1,1,0,1.0
2400851846689,1,1,1,1,1,0,1.0
2400853686632,1,1,1,1,1,0,1.0
2400855172948,1,1,1,1,1,0,1.0
2400856288431,1,1,1,1,1,0,1.0
2400857034011,1,1,1,1,1,0,1.0
2400857895915,1,1,1,1,1,0,1.0
2400865424382,1,1,1,1,1,0,1.0
2400868939777,1,1,1,1,1,0,1.0
2400873753001,1,1,1,1,1,0,1.0
2400874028993,1,1,1,1,1,0,1.0
2400876014672,1,1,1,1,1,0,1.0
2400883561595,1,1,1,1,1,0,1.0
2400886797447,1,1,1,1,1,0,1.0
2400891229439,1,1,1,1,1,0,1.0
2400893935046,1,1,1,1,1,0,1.0
2400896586146,1,1,1,1,1,0,1.0
2400896641728,1,1,1,1,1,0,1.0
2400900737949,1,1,1,1,1,0,1.0
2400902068183,1,1,1,1,1,0,1.0
2400903134644,1,1,1,1,1,0,1.0
2400904217762,1,1,1,1,1,0,1.0
2400904581672,1,1,1,1,1,0,1.0
2400906519407,1,1,1,1,1,0,1.0
2400908599144,1,1,1,1,1,0,1.0
2400908993187,1,1,1,1,1,0,1.0
2400910939111,1,1,1,1,1,0,1.0
2400914465484,1,1,1,1,1,0,1.0
2400916923273,1,1,1,1,1,0,1.0
2400916998543,1,1,1,1,1,0,1.0
2400923195078,1,1,1,1,1,0,1.0
2400924287572,1,1,1,1,1,0,1.0
2400928206678,1,1,1,1,1,0,1.0
2400928261641,1,1,1,1,1,0,1.0
2400941010276,1,1,1,1,1,0,1.0
2400945975130,1,1,1,1,1,0,1.0
2400952185868,1,1,1,1,1,0,1.0
2400954175401,1,1,1,1,1,0,1.0
2400954317350,1,1,1,1,1,0,1.0
2400958348359,1,1,1,1,1,0,1.0
2400961023726,1,1,1,1,1,0,1.0
2400964225638,1,1,1,1,1,0,1.0
2400964966834,1,1,1,1,1,0,1.0
2400965459254,1,1,1,1,1,0,1.0
2400966414753,1,1,1,1,1,0,1.0
2400966721625,1,1,1,1,1,0,1.0
2400967386675,1,1,1,1,1,0,1.0
2400967899405,1,1,1,1,1,0,1.0
2400969253360,1,1,1,1,1,0,1.0
2400981009443,1,1,1,1,1,0,1.0
2400981122021,1,1,1,1,1,0,1.0
2400988986456,1,1,1,1,1,0,1.0
2400989368701,1,1,1,1,1,0,1.0
2400992839863,1,1,1,1,1,0,1.0
2400995110356,1,1,1,1,1,0,1.0
2400996833440,1,1,1,1,1,0,1.0
2400998452761,1,1,1,1,1,0,1.0
2401002182414,1,1,1,1,1,0,1.0
2401002959635,1,1,1,1,1,0,1.0
2401004605100,1,1,1,1,1,0,1.0
2401006493403,1,1,1,1,1,0,1.0
2401009004047,1,1,1,1,1,0,1.0
2401010898726,1,1,1,1,1,0,1.0
2401029729575,1,1,1,1,1,0,1.0
2401030337991,1,1,1,1,1,0,1.0
2401033993788,1,1,1,1,1,0,1.0
2401037129387,1,1,1,1,1,0,1.0
2401040762969,1,1,1,1,1,0,1.0
2401043321819,1,1,1,1,1,0,1.0
2401044330509,1,1,1,1,1,0,1.0
2401048114681,1,1,1,1,1,0,1.0
2401051314692,1,1,1,1,1,0,1.0
2401057265284,1,1,1,1,1,0,1.0
2401058378498,1,1,1,1,1,0,1.0
2401059931804,1,1,1,1,1,0,1.0
2401061445299,1,1,1,1,1,0,1.0
2401066646518,1,1,1,1,1,0,1.0
2401068017703,1,1,1,1,1,0,1.0
2401071912943,1,1,1,1,1,0,1.0
2401073257592,1,1,1,1,1,0,1.0
2401076059558,1,1,1,1,1,0,1.0
2401087598607,1,1,1,1,1,0,1.0
2401090358587,1,1,1,1,1,0,1.0
2401091090326,1,1,1,1,1,0,1.0
2401092268592,1,1,1,1,1,0,1.0
2401093054847,1,1,1,1,1,0,1.0
2401093888295,1,1,1,1,1,0,1.0
2401094235479,1,1,1,1,1,0,1.0
2401095472874,1,1,1,1,1,0,1.0
2401095927833,1,1,1,1,1,0,1.0
2401097929362,1,1,1,1,1,0,1.0
2401098983973,1,1,1,1,1,0,1.0
2401099220896,1,1,1,1,1,0,1.0
2401107298502,1,1,1,1,1,0,1.0
2401110949899,1,1,1,1,1,0,1.0
2401111028671,1,1,1,1,1,0,1.0
2401111827984,1,1,1,1,1,0,1.0
2401116282055,1,1,1,1,1,0,1.0
2401120273023,1,1,1,1,1,0,1.0
2401124586154,1,1,1,1,1,0,1.0
2401127283603,1,1,1,1,1,0,1.0
2401128059826,1,1,1,1,1,0,1.0
2401129109337,1,1,1,1,1,0,1.0
2401131464421,1,1,1,1,1,0,1.0
2401132532694,1,1,1,1,1,0,1.0
2401137871879,1,1,1,1,1,0,1.0
2401138750931,1,1,1,1,1,0,1.0
2401139043830,1,1,1,1,1,0,1.0
2401142308183,1,1,1,1,1,0,1.0
2401142311547,1,1,1,1,1,0,1.0
2401151116271,1,1,1,1,1,0,1.0
2401152471871,1,1,1,1,1,0,1.0
2401160256434,1,1,1,1,1,0,1.0
2401160895897,1,1,1,1,1,0,1.0
2401162801680,1,1,1,1,1,0,1.0
2401166497248,1,1,1,1,1,0,1.0
2401169769054,1,1,1,1,1,0,1.0
2401175494495,1,1,1,1,1,0,1.0
2401181216525,1,1,1,1,1,0,1.0
2401182879146,1,1,1,1,1,0,1.0
2401183284014,1,1,1,1,1,0,1.0
2401184252786,1,1,1,1,1,0,1.0
2401184264102,1,1,1,1,1,0,1.0
2401185811014,1,1,1,1,1,0,1.0
2401198309754,1,1,1,1,1,0,1.0
2401200402342,1,1,1,1,1,0,1.0
2401204556110,1,1,1,1,1,0,1.0
2401204654565,1,1,1,1,1,0,1.0
2401206335759,1,1,1,1,1,0,1.0
2401207049611,1,1,1,1,1,0,1.0
2401207545279,1,1,1,1,1,0,1.0
2401210046879,1,1,1,1,1,0,1.0
2401210704310,1,1,1,1,1,0,1.0
2401213974369,1,1,1,1,1,0,1.0
2401214359393,1,1,1,1,1,0,1.0
2401217099449,1,1,1,1,1,0,1.0
2401222395480,1,1,1,1,1,0,1.0
2401223414992,1,1,1,1,1,0,1.0
2401225620836,1,1,1,1,1,0,1.0
2401229547034,1,1,1,1,1,0,1.0
2401232900112,1,1,1,1,1,0,1.0
2401235631676,1,1,1,1,1,0,1.0
2401241393696,1,1,1,1,1,0,1.0
2401246764281,1,1,1,1,1,0,1.0
2401251341252,1,1,1,1,1,0,1.0
2401256083200,1,1,1,1,1,0,1.0
2401266768094,1,1,1,1,1,0,1.0
2401268179300,1,1,1,1,1,0,1.0
2401269428946,1,1,1,1,1,0,1.0
2401270659341,1,1,1,1,1,0,1.0
2401273421120,1,1,1,1,1,0,1.0
2401274140551,1,1,1,1,1,0,1.0
2401276025082,1,1,1,1,1,0,1.0
2401280024318,1,1,1,1,1,0,1.0
2401280870341,1,1,1,1,1,0,1.0
2401282408287,1,1,1,1,1,0,1.0
2401283437037,1,1,1,1,1,0,1.0
2401288916940,1,1,1,1,1,0,1.0
2401289812317,1,1,1,1,1,0,1.0
2401291164792,1,1,1,1,1,0,1.0
2401292766372,1,1,1,1,1,0,1.0
2401297557261,1,1,1,1,1,0,1.0
2401298997901,1,1,1,1,1,0,1.0
2401300041321,1,1,1,1,1,0,1.0
2401300105899,1,1,1,1,1,0,1.0
2401306354853,1,1,1,1,1,0,1.0
2401309996294,1,1,1,1,1,0,1.0
2401310094318,1,1,1,1,1,0,1.0
2401311035807,1,1,1,1,1,0,1.0
2401327235662,1,1,1,1,1,0,1.0
2401328000195,1,1,1,1,1,0,1.0
2401328515529,1,1,1,1,1,0,1.0
2401330004295,1,1,1,1,1,0,1.0
2401330442179,1,1,1,1,1,0,1.0
2401332057371,1,1,1,1,1,0,1.0
2401335862685,1,1,1,1,1,0,1.0
2401337049462,1,1,1,1,1,0,1.0
2401340785169,1,1,1,1,1,0,1.0
2401345579990,1,1,1,1,1,0,1.0
2401348087354,1,1,1,1,1,0,1.0
2401348202463,1,1,1,1,1,0,1.0
2401353465549,1,1,1,1,1,0,1.0
2401355126400,1,1,1,1,1,0,1.0
2401359070671,1,1,1,1,1,0,1.0
2401363249384,1,1,1,1,1,0,1.0
2401363631797,1,1,1,1,1,0,1.0
2401364034848,1,1,1,1,1,0,1.0
2401364424936,1,1,1,1,1,0,1.0
2401365024916,1,1,1,1,1,0,1.0
2401368841577,1,1,1,1,1,0,1.0
2401369412641,1,1,1,1,1,0,1.0
2401369572790,1,1,1,1,1,0,1.0
2401369681645,1,1,1,1,1,0,1.0
2401371717318,1,1,1,1,1,0,1.0
2401373129504,1,1,1,1,1,0,1.0
2401373949125,1,1,1,1,1,0,1.0
2401382496718,1,1,1,1,1,0,1.0
2401386015711,1,1,1,1,1,0,1.0
2401386741714,1,1,1,1,1,0,1.0
2401387592712,1,1,1,1,1,0,1.0
2401388740223,1,1,1,1,1,0,1.0
2401392158192,1,1,1,1,1,0,1.0
2401394884882,1,1,1,1,1,0,1.0
2401408682509,1,1,1,1,1,0,1.0
2401411287452,1,1,1,1,1,0,1.0
2401412007404,1,1,1,1,1,0,1.0
2401419679918,1,1,1,1,1,0,1.0
2401421125340,1,1,1,1,1,0,1.0
2401421582545,1,1,1,1,1,0,1.0
2401421751887,1,1,1,1,1,0,1.0
2401424696371,1,1,1,1,1,0,1.0
2401429994814,1,1,1,1,1,0,1.0
2401430276799,1,1,1,1,1,0,1.0
2401432885899,1,1,1,1,1,0,1.0
2401440004075,1,1,1,1,1,0,1.0
2401443805158,1,1,1,1,1,0,1.0
2401447432811,1,1,1,1,1,0,1.0
2401448794769,1,1,1,1,1,0,1.0
2401451495149,1,1,1,1,1,0,1.0
2401458683390,1,1,1,1,1,0,1.0
2401462785662,1,1,1,1,1,0,1.0
2401465840449,1,1,1,1,1,0,1.0
2401466886583,1,1,1,1,1,0,1.0
2401469509355,1,1,1,1,1,0,1.0
2401470798632,1,1,1,1,1,0,1.0
2401470823196,1,1,1,1,1,0,1.0
2401476238026,1,1,1,1,1,0,1.0
2401479554129,1,1,1,1,1,0,1.0
2401483747558,1,1,1,1,1,0,1.0
2401484601913,1,1,1,1,1,0,1.0
2401486297832,1,1,1,1,1,0,1.0
2401488151446,1,1,1,1,1,0,1.0
2401491696801,1,1,1,1,1,0,1.0
2401492864018,1,1,1,1,1,0,1.0
2401494739654,1,1,1,1,1,0,1.0
2401497310324,1,1,1,1,1,0,1.0
2401497374605,1,1,1,1,1,0,1.0
2401499753014,1,1,1,1,1,0,1.0
2401499970320,1,1,1,1,1,0,1.0
2401500760175,1,1,1,1,1,0,1.0
2401509839301,1,1,1,1,1,0,1.0
2401518078442,1,1,1,1,1,0,1.0
2401518178824,1,1,1,1,1,0,1.0
2401523525322,1,1,1,1,1,0,1.0
2401525641650,1,1,1,1,1,0,1.0
2401526207679,1,1,1,1,1,0,1.0
2401527311722,1,1,1,1,1,0,1.0
2401535628724,1,1,1,1,1,0,1.0
2401542118895,1,1,1,1,1,0,1.0
2401544799581,1,1,1,1,1,0,1.0
2401546334419,1,1,1,1,1,0,1.0
2401551562499,1,1,1,1,1,0,1.0
2401559637439,1,1,1,1,1,0,1.0
2401563360610,1,1,1,1,1,0,1.0
2401564153307,1,1,1,1,1,0,1.0
2401566705330,1,1,1,1,1,0,1.0
2401568731024,1,1,1,1,1,0,1.0
2401571840908,1,1,1,1,1,0,1.0
2401577615743,1,1,1,1,1,0,1.0
2401579208236,1,1,1,1,1,0,1.0
2401579970658,1,1,1,1,1,0,1.0
2401583365974,1,1,1,1,1,0,1.0
2401586734257,1,1,1,1,1,0,1.0
2401589730378,1,1,1,1,1,0,1.0
2401593809627,1,1,1,1,1,0,1.0
2401593998245,1,1,1,1,1,0,1.0
2401595841749,1,1,1,1,1,0,1.0
2401599875175,1,1,1,1,1,0,1.0
2401603849526,1,1,1,1,1,0,1.0
2401608989921,1,1,1,1,1,0,1.0
2401609177982,1,1,1,1,1,0,1.0
2401609640578,1,1,1,1,1,0,1.0
2401609706704,1,1,1,1,1,0,1.0
2401612559046,1,1,1,1,1,0,1.0
2401615999442,1,1,1,1,1,0,1.0
2401616849899,1,1,1,1,1,0,1.0
2401617064914,1,1,1,1,1,0,1.0
2401617132714,1,1,1,1,1,0,1.0
2401617990421,1,1,1,1,1,0,1.0
2401622499982,1,1,1,1,1,0,1.0
2401623252874,1,1,1,1,1,0,1.0
2401624843889,1,1,1,1,1,0,1.0
2401626456098,1,1,1,1,1,0,1.0
2401626750146,1,1,1,1,1,0,1.0
2401627573320,1,1,1,1,1,0,1.0
2401630702867,1,1,1,1,1,0,1.0
2401631603781,1,1,1,1,1,0,1.0
2401631741993,1,1,1,1,1,0,1.0
2401638816878,1,1,1,1,1,0,1.0
2401642301274,1,1,1,1,1,0,1.0
2401643169580,1,1,1,1,1,0,1.0
2401643348170,1,1,1,1,1,0,1.0
2401647763103,1,1,1,1,1,0,1.0
2401648668982,1,1,1,1,1,0,1.0
2401649328980,1,1,1,1,1,0,1.0
2401652444544,1,1,1,1,1,0,1.0
2401656124662,1,1,1,1,1,0,1.0
2401658373792,1,1,1,1,1,0,1.0
2401664028028,1,1,1,1,1,0,1.0
2401668464820,1,1,1,1,1,0,1.0
2401668940936,1,1,1,1,1,0,1.0
2401669934105,1,1,1,1,1,0,1.0
2401671656709,1,1,1,1,1,0,1.0
2401675011532,1,1,1,1,1,0,1.0
2401677436048,1,1,1,1,1,0,1.0
2401678112669,1,1,1,1,1,0,1.0
2401678127782,1,1,1,1,1,0,1.0
2401678706763,1,1,1,1,1,0,1.0
2401679177619,1,1,1,1,1,0,1.0
2401681573664,1,1,1,1,1,0,1.0
2401684720206,1,1,1,1,1,0,1.0
2401685071058,1,1,1,1,1,0,1.0
2401685098947,1,1,1,1,1,0,1.0
2401686462252,1,1,1,1,1,0,1.0
2401688017710,1,1,1,1,1,0,1.0
2401690350342,1,1,1,1,1,0,1.0
2401696466802,1,1,1,1,1,0,1.0
2401696892869,1,1,1,1,1,0,1.0
2401698709126,1,1,1,1,1,0,1.0
2401699347877,1,1,1,1,1,0,1.0
2401703280325,1,1,1,1,1,0,1.0
2401705075780,1,1,1,1,1,0,1.0
2401707158796,1,1,1,1,1,0,1.0
2401708957438,1,1,1,1,1,0,1.0
2401710637811,1,1,1,1,1,0,1.0
2401713395962,1,1,1,1,1,0,1.0
2401716420743,1,1,1,1,1,0,1.0
2401719945740,1,1,1,1,1,0,1.0
2401722094342,1,1,1,1,1,0,1.0
2401730639085,1,1,1,1,1,0,1.0
2401734188079,1,1,1,1,1,0,1.0
2401742115219,1,1,1,1,1,0,1.0
2401743881804,1,1,1,1,1,0,1.0
2401744441388,1,1,1,1,1,0,1.0
2401744518705,1,1,1,1,1,0,1.0
2401745642400,1,1,1,1,1,0,1.0
2401745961586,1,1,1,1,1,0,1.0
2401746813592,1,1,1,1,1,0,1.0
2401748113176,1,1,1,1,1,0,1.0
2401748909013,1,1,1,1,1,0,1.0
2401749195380,1,1,1,1,1,0,1.0
2401750810535,1,1,1,1,1,0,1.0
2401750961701,1,1,1,1,1,0,1.0
2401752481353,1,1,1,1,1,0,1.0
2401756168095,1,1,1,1,1,0,1.0
2401759265993,1,1,1,1,1,0,1.0
2401759317261,1,1,1,1,1,0,1.0
2401763019115,1,1,1,1,1,0,1.0
2401765722458,1,1,1,1,1,0,1.0
2401771159212,1,1,1,1,1,0,1.0
2401775398724,1,1,1,1,1,0,1.0
2401775885627,1,1,1,1,1,0,1.0
2401775941447,1,1,1,1,1,0,1.0
2401776578661,1,1,1,1,1,0,1.0
2401780885576,1,1,1,1,1,0,1.0
2401783420643,1,1,1,1,1,0,1.0
2401785228230,1,1,1,1,1,0,1.0
2401797367990,1,1,1,1,1,0,1.0
2401801664802,1,1,1,1,1,0,1.0
2401803966203,1,1,1,1,1,0,1.0
2401806108537,1,1,1,1,1,0,1.0
2401807156956,1,1,1,1,1,0,1.0
2401807576449,1,1,1,1,1,0,1.0
2401807783368,1,1,1,1,1,0,1.0
2401809521755,1,1,1,1,1,0,1.0
2401813125470,1,1,1,1,1,0,1.0
2401813722938,1,1,1,1,1,0,1.0
2401814336975,1,1,1,1,1,0,1.0
2401815808499,1,1,1,1,1,0,1.0
2401820377889,1,1,1,1,1,0,1.0
2401822479224,1,1,1,1,1,0,1.0
2401824224124,1,1,1,1,1,0,1.0
2401827238264,1,1,1,1,1,0,1.0
2401830671985,1,1,1,1,1,0,1.0
2401832621384,1,1,1,1,1,0,1.0
2401839826224,1,1,1,1,1,0,1.0
2401840766739,1,1,1,1,1,0,1.0
2401842381490,1,1,1,1,1,0,1.0
2401844490295,1,1,1,1,1,0,1.0
2401846550636,1,1,1,1,1,0,1.0
2401851331178,1,1,1,1,1,0,1.0
2401853608780,1,1,1,1,1,0,1.0
2401862104275,1,1,1,1,1,0,1.0
2401862539563,1,1,1,1,1,0,1.0
2401863759980,1,1,1,1,1,0,1.0
2401866179454,1,1,1,1,1,0,1.0
2401869656130,1,1,1,1,1,0,1.0
2401871803631,1,1,1,1,1,0,1.0
2401873477784,1,1,1,1,1,0,1.0
2401875692692,1,1,1,1,1,0,1.0
2401876567224,1,1,1,1,1,0,1.0
2401877033257,1,1,1,1,1,0,1.0
2401877671294,1,1,1,1,1,0,1.0
2401887114860,1,1,1,1,1,0,1.0
2401889345764,1,1,1,1,1,0,1.0
2401892605554,1,1,1,1,1,0,1.0
2401897239858,1,1,1,1,1,0,1.0
2401907044519,1,1,1,1,1,0,1.0
2401910507197,1,1,1,1,1,0,1.0
2401911359966,1,1,1,1,1,0,1.0
2401918255371,1,1,1,1,1,0,1.0
2401919074992,1,1,1,1,1,0,1.0
2401919541987,1,1,1,1,1,0,1.0
2401920124844,1,1,1,1,1,0,1.0
2401920297637,1,1,1,1,1,0,1.0
2401922270510,1,1,1,1,1,0,1.0
2401926764921,1,1,1,1,1,0,1.0
2401927900684,1,1,1,1,1,0,1.0
2401935472863,1,1,1,1,1,0,1.0
2401936006082,1,1,1,1,1,0,1.0
2401938026206,1,1,1,1,1,0,1.0
2401942380212,1,1,1,1,1,0,1.0
2401951109452,1,1,1,1,1,0,1.0
2401951786318,1,1,1,1,1,0,1.0
2401952371006,1,1,1,1,1,0,1.0
2401952665330,1,1,1,1,1,0,1.0
2401954062789,1,1,1,1,1,0,1.0
2401958263280,1,1,1,1,1,0,1.0
2401958807327,1,1,1,1,1,0,1.0
2401963945680,1,1,1,1,1,0,1.0
2401966679399,1,1,1,1,1,0,1.0
2401967068335,1,1,1,1,1,0,1.0
2401967557912,1,1,1,1,1,0,1.0
2401970546692,1,1,1,1,1,0,1.0
2401972512343,1,1,1,1,1,0,1.0
2401973102983,1,1,1,1,1,0,1.0
2401974005643,1,1,1,1,1,0,1.0
2401975370063,1,1,1,1,1,0,1.0
2401976878494,1,1,1,1,1,0,1.0
2401977320360,1,1,1,1,1,0,1.0
2401979912306,1,1,1,1,1,0,1.0
2401983331679,1,1,1,1,1,0,1.0
2401983623081,1,1,1,1,1,0,1.0
2401986020828,1,1,1,1,1,0,1.0
2401986585102,1,1,1,1,1,0,1.0
2401990342134,1,1,1,1,1,0,1.0
2401991984808,1,1,1,1,1,0,1.0
2401995321059,1,1,1,1,1,0,1.0
2401995974651,1,1,1,1,1,0,1.0
2401996844565,1,1,1,1,1,0,1.0
2401999465012,1,1,1,1,1,0,1.0
2402002496854,1,1,1,1,1,0,1.0
2402003791769,1,1,1,1,1,0,1.0
2402004582072,1,1,1,1,1,0,1.0
2402010912172,1,1,1,1,1,0,1.0
2402011988552,1,1,1,1,1,0,1.0
2402012017402,1,1,1,1,1,0,1.0
2402015811308,1,1,1,1,1,0,1.0
2402018190232,1,1,1,1,1,0,1.0
2402021311679,1,1,1,1,1,0,1.0
2402029455469,1,1,1,1,1,0,1.0
2402031556775,1,1,1,1,1,0,1.0
2402032650977,1,1,1,1,1,0,1.0
2402033474246,1,1,1,1,1,0,1.0
2402036686427,1,1,1,1,1,0,1.0
2402038069586,1,1,1,1,1,0,1.0
2402044820700,1,1,1,1,1,0,1.0
2402046535217,1,1,1,1,1,0,1.0
2402048161133,1,1,1,1,1,0,1.0
2402054493392,1,1,1,1,1,0,1.0
2402055543840,1,1,1,1,1,0,1.0
2402058920790,1,1,1,1,1,0,1.0
2402065432614,1,1,1,1,1,0,1.0
2402066610201,1,1,1,1,1,0,1.0
2402069694215,1,1,1,1,1,0,1.0
2402072972231,1,1,1,1,1,0,1.0
2402073564757,1,1,1,1,1,0,1.0
2402074472276,1,1,1,1,1,0,1.0
2402080201104,1,1,1,1,1,0,1.0
2402090167443,1,1,1,1,1,0,1.0
2402091401693,1,1,1,1,1,0,1.0
2402094341023,1,1,1,1,1,0,1.0
2402095790737,1,1,1,1,1,0,1.0
2402099352512,1,1,1,1,1,0,1.0
2402101818896,1,1,1,1,1,0,1.0
2402102735810,1,1,1,1,1,0,1.0
2402105307122,1,1,1,1,1,0,1.0
2402109222514,1,1,1,1,1,0,1.0
2402111264218,1,1,1,1,1,0,1.0
2402115355051,1,1,1,1,1,0,1.0
2402118781626,1,1,1,1,1,0,1.0
2402119250583,1,1,1,1,1,0,1.0
2402121519045,1,1,1,1,1,0,1.0
2402126358156,1,1,1,1,1,0,1.0
2402128133094,1,1,1,1,1,0,1.0
2402129887466,1,1,1,1,1,0,1.0
2402136008438,1,1,1,1,1,0,1.0
2402139928581,1,1,1,1,1,0,1.0
2402140128331,1,1,1,1,1,0,1.0
2402140737308,1,1,1,1,1,0,1.0
2402145057661,1,1,1,1,1,0,1.0
2402146100498,1,1,1,1,1,0,1.0
2402149679146,1,1,1,1,1,0,1.0
2402152673711,1,1,1,1,1,0,1.0
2402153193625,1,1,1,1,1,0,1.0
2402155959959,1,1,1,1,1,0,1.0
2402156588680,1,1,1,1,1,0,1.0
2402164359900,1,1,1,1,1,0,1.0
2402169069685,1,1,1,1,1,0,1.0
2402173683850,1,1,1,1,1,0,1.0
2402179005312,1,1,1,1,1,0,1.0
2402192959099,1,1,1,1,1,0,1.0
2402197617432,1,1,1,1,1,0,1.0
2402198990207,1,1,1,1,1,0,1.0
2402201754541,1,1,1,1,1,0,1.0
2402202204106,1,1,1,1,1,0,1.0
2402203735405,1,1,1,1,1,0,1.0
2402208939560,1,1,1,1,1,0,1.0
2402209251390,1,1,1,1,1,0,1.0
2402210561219,1,1,1,1,1,0,1.0
2402211118909,1,1,1,1,1,0,1.0
2402211386908,1,1,1,1,1,0,1.0
2402213217672,1,1,1,1,1,0,1.0
2402214257316,1,1,1,1,1,0,1.0
2402223499801,1,1,1,1,1,0,1.0
2402224708101,1,1,1,1,1,0,1.0
2402227111757,1,1,1,1,1,0,1.0
2402234874939,1,1,1,1,1,0,1.0
2402236449951,1,1,1,1,1,0,1.0
2402237887058,1,1,1,1,1,0,1.0
2402240507648,1,1,1,1,1,0,1.0
2402241142066,1,1,1,1,1,0,1.0
2402241656738,1,1,1,1,1,0,1.0
2402241797497,1,1,1,1,1,0,1.0
2402243167208,1,1,1,1,1,0,1.0
2402244556523,1,1,1,1,1,0,1.0
2402245933441,1,1,1,1,1,0,1.0
2402246968516,1,1,1,1,1,0,1.0
2402248913604,1,1,1,1,1,0,1.0
2402256244376,1,1,1,1,1,0,1.0
2402257584836,1,1,1,1,1,0,1.0
2402258313237,1,1,1,1,1,0,1.0
2402259739670,1,1,1,1,1,0,1.0
2402263861716,1,1,1,1,1,0,1.0
2402265817729,1,1,1,1,1,0,1.0
2402269514369,1,1,1,1,1,0,1.0
2402284746978,1,1,1,1,1,0,1.0
2402284766009,1,1,1,1,1,0,1.0
2402285825854,1,1,1,1,1,0,1.0
2402288542734,1,1,1,1,1,0,1.0
2402289743476,1,1,1,1,1,0,1.0
2402289890749,1,1,1,1,1,0,1.0
2402292310672,1,1,1,1,1,0,1.0
2402293229725,1,1,1,1,1,0,1.0
2402294009751,1,1,1,1,1,0,1.0
2402299077560,1,1,1,1,1,0,1.0
2402300360722,1,1,1,1,1,0,1.0
2402301464675,1,1,1,1,1,0,1.0
2402301643032,1,1,1,1,1,0,1.0
2402306780194,1,1,1,1,1,0,1.0
2402308554436,1,1,1,1,1,0,1.0
2402310265574,1,1,1,1,1,0,1.0
2402312038750,1,1,1,1,1,0,1.0
2402314642020,1,1,1,1,1,0,1.0
2402315682342,1,1,1,1,1,0,1.0
2402316600767,1,1,1,1,1,0,1.0
2402317781621,1,1,1,1,1,0,1.0
2402319017066,1,1,1,1,1,0,1.0
2402322426378,1,1,1,1,1,0,1.0
2402323453356,1,1,1,1,1,0,1.0
2402325348529,1,1,1,1,1,0,1.0
2402326624299,1,1,1,1,1,0,1.0
2402328642504,1,1,1,1,1,0,1.0
2402331081854,1,1,1,1,1,0,1.0
2402331256772,1,1,1,1,1,0,1.0
2402332284661,1,1,1,1,1,0,1.0
2402360842296,1,1,1,1,1,0,1.0
2402361601097,1,1,1,1,1,0,1.0
2402368312753,1,1,1,1,1,0,1.0
2402368866088,1,1,1,1,1,0,1.0
2402370087775,1,1,1,1,1,0,1.0
2402371798902,1,1,1,1,1,0,1.0
2402373695043,1,1,1,1,1,0,1.0
2402375302849,1,1,1,1,1,0,1.0
2402378390497,1,1,1,1,1,0,1.0
2402379312697,1,1,1,1,1,0,1.0
2402382781469,1,1,1,1,1,0,1.0
2402383227049,1,1,1,1,1,0,1.0
2402391761968,1,1,1,1,1,0,1.0
2402392415134,1,1,1,1,1,0,1.0
2402394840027,1,1,1,1,1,0,1.0
2402396042445,1,1,1,1,1,0,1.0
2402396319010,1,1,1,1,1,0,1.0
2402396597826,1,1,1,1,1,0,1.0
2402398189397,1,1,1,1,1,0,1.0
2402398843772,1,1,1,1,1,0,1.0
2402400243240,1,1,1,1,1,0,1.0
2402404961965,1,1,1,1,1,0,1.0
2402405920823,1,1,1,1,1,0,1.0
2402406628346,1,1,1,1,1,0,1.0
2402407581814,1,1,1,1,1,0,1.0
2402410415074,1,1,1,1,1,0,1.0
2402411241272,1,1,1,1,1,0,1.0
2402412484546,1,1,1,1,1,0,1.0
2402415536915,1,1,1,1,1,0,1.0
2402417422654,1,1,1,1,1,0,1.0
2402426050801,1,1,1,1,1,0,1.0
2402429543165,1,1,1,1,1,0,1.0
2402430259588,1,1,1,1,1,0,1.0
2402431435603,1,1,1,1,1,0,1.0
2402432333023,1,1,1,1,1,0,1.0
2402434266179,1,1,1,1,1,0,1.0
2402436752356,1,1,1,1,1,0,1.0
2402437361587,1,1,1,1,1,0,1.0
2402437654562,1,1,1,1,1,0,1.0
2402439606300,1,1,1,1,1,0,1.0
2402441850166,1,1,1,1,1,0,1.0
2402442043805,1,1,1,1,1,0,1.0
2402444834519,1,1,1,1,1,0,1.0
2402446095772,1,1,1,1,1,0,1.0
2402449353487,1,1,1,1,1,0,1.0
2402450893200,1,1,1,1,1,0,1.0
2402451908261,1,1,1,1,1,0,1.0
2402457379848,1,1,1,1,1,0,1.0
2402461552241,1,1,1,1,1,0,1.0
2402467400940,1,1,1,1,1,0,1.0
2402469360425,1,1,1,1,1,0,1.0
2402470321337,1,1,1,1,1,0,1.0
2402474151632,1,1,1,1,1,0,1.0
2402474687927,1,1,1,1,1,0,1.0
2402478712552,1,1,1,1,1,0,1.0
2402481328180,1,1,1,1,1,0,1.0
2402482488631,1,1,1,1,1,0,1.0
2402493710417,1,1,1,1,1,0,1.0
2402502749623,1,1,1,1,1,0,1.0
2402508336780,1,1,1,1,1,0,1.0
2402511298031,1,1,1,1,1,0,1.0
2402517785289,1,1,1,1,1,0,1.0
2402520788216,1,1,1,1,1,0,1.0
2402523622925,1,1,1,1,1,0,1.0
2402525002921,1,1,1,1,1,0,1.0
2402526771196,1,1,1,1,1,0,1.0
2402528837505,1,1,1,1,1,0,1.0
2402530128194,1,1,1,1,1,0,1.0
2402536873209,1,1,1,1,1,0,1.0
2402538120446,1,1,1,1,1,0,1.0
2402542041231,1,1,1,1,1,0,1.0
2402551344486,1,1,1,1,1,0,1.0
2402553107371,1,1,1,1,1,0,1.0
2402554838686,1,1,1,1,1,0,1.0
2402559165434,1,1,1,1,1,0,1.0
2402565846637,1,1,1,1,1,0,1.0
2402567405362,1,1,1,1,1,0,1.0
2402570165804,1,1,1,1,1,0,1.0
2402575117144,1,1,1,1,1,0,1.0
2402576270232,1,1,1,1,1,0,1.0
2402584233008,1,1,1,1,1,0,1.0
2402584723874,1,1,1,1,1,0,1.0
2402589996739,1,1,1,1,1,0,1.0
2402594795074,1,1,1,1,1,0,1.0
2402600118123,1,1,1,1,1,0,1.0
2402600802658,1,1,1,1,1,0,1.0
2402603029922,1,1,1,1,1,0,1.0
2402606201199,1,1,1,1,1,0,1.0
2402608175970,1,1,1,1,1,0,1.0
2402609316426,1,1,1,1,1,0,1.0
2402611044761,1,1,1,1,1,0,1.0
2402611398986,1,1,1,1,1,0,1.0
2402613542701,1,1,1,1,1,0,1.0
2402616620165,1,1,1,1,1,0,1.0
2402620370878,1,1,1,1,1,0,1.0
2402622478922,1,1,1,1,1,0,1.0
2402622777733,1,1,1,1,1,0,1.0
2402627066489,1,1,1,1,1,0,1.0
2402628432376,1,1,1,1,1,0,1.0
2402629536441,1,1,1,1,1,0,1.0
2402631349460,1,1,1,1,1,0,1.0
2402631995695,1,1,1,1,1,0,1.0
2402632767659,1,1,1,1,1,0,1.0
2402633523175,1,1,1,1,1,0,1.0
2402635951763,1,1,1,1,1,0,1.0
2402643771578,1,1,1,1,1,0,1.0
2402644789378,1,1,1,1,1,0,1.0
2402646091785,1,1,1,1,1,0,1.0
2402646161501,1,1,1,1,1,0,1.0
2402651294729,1,1,1,1,1,0,1.0
2402653060119,1,1,1,1,1,0,1.0
2402654235116,1,1,1,1,1,0,1.0
2402654347591,1,1,1,1,1,0,1.0
2402657043883,1,1,1,1,1,0,1.0
2402663059683,1,1,1,1,1,0,1.0
2402665023741,1,1,1,1,1,0,1.0
2402665098017,1,1,1,1,1,0,1.0
2402669806908,1,1,1,1,1,0,1.0
2402670551437,1,1,1,1,1,0,1.0
2402672182571,1,1,1,1,1,0,1.0
2402685781052,1,1,1,1,1,0,1.0
2402686679016,1,1,1,1,1,0,1.0
2402692782972,1,1,1,1,1,0,1.0
2402694500534,1,1,1,1,1,0,1.0
2402697442036,1,1,1,1,1,0,1.0
2402702452859,1,1,1,1,1,0,1.0
2402704225933,1,1,1,1,1,0,1.0
2402704914185,1,1,1,1,1,0,1.0
2402705115794,1,1,1,1,1,0,1.0
2402714724630,1,1,1,1,1,0,1.0
2402718229094,1,1,1,1,1,0,1.0
2402724452275,1,1,1,1,1,0,1.0
2402724771157,1,1,1,1,1,0,1.0
2402725573018,1,1,1,1,1,0,1.0
2402725772619,1,1,1,1,1,0,1.0
2402726189109,1,1,1,1,1,0,1.0
2402727973282,1,1,1,1,1,0,1.0
2402728090317,1,1,1,1,1,0,1.0
2402730382000,1,1,1,1,1,0,1.0
2402735454948,1,1,1,1,1,0,1.0
2402737204168,1,1,1,1,1,0,1.0
2402737957238,1,1,1,1,1,0,1.0
2402738696648,1,1,1,1,1,0,1.0
2402739548166,1,1,1,1,1,0,1.0
2402749300382,1,1,1,1,1,0,1.0
2402753700410,1,1,1,1,1,0,1.0
2402758045292,1,1,1,1,1,0,1.0
2402763628144,1,1,1,1,1,0,1.0
2402769473088,1,1,1,1,1,0,1.0
2402771959119,1,1,1,1,1,0,1.0
2402772217043,1,1,1,1,1,0,1.0
2402772610540,1,1,1,1,1,0,1.0
2402773152815,1,1,1,1,1,0,1.0
2402773312581,1,1,1,1,1,0,1.0
2402775213530,1,1,1,1,1,0,1.0
2402780056088,1,1,1,1,1,0,1.0
2402781469539,1,1,1,1,1,0,1.0
2402781832524,1,1,1,1,1,0,1.0
2402784726439,1,1,1,1,1,0,1.0
2402786807042,1,1,1,1,1,0,1.0
2402786866943,1,1,1,1,1,0,1.0
2402787747016,1,1,1,1,1,0,1.0
2402788447909,1,1,1,1,1,0,1.0
2402788598819,1,1,1,1,1,0,1.0
2402788957986,1,1,1,1,1,0,1.0
2402789027645,1,1,1,1,1,0,1.0
2402789117456,1,1,1,1,1,0,1.0
2402792904699,1,1,1,1,1,0,1.0
2402796244527,1,1,1,1,1,0,1.0
2402798257998,1,1,1,1,1,0,1.0
2402807335006,1,1,1,1,1,0,1.0
2402808576236,1,1,1,1,1,0,1.0
2402814353127,1,1,1,1,1,0,1.0
2402815016454,1,1,1,1,1,0,1.0
2402815037017,1,1,1,1,1,0,1.0
2402815683870,1,1,1,1,1,0,1.0
2402816727966,1,1,1,1,1,0,1.0
2402817074436,1,1,1,1,1,0,1.0
2402817717169,1,1,1,1,1,0,1.0
2402819648253,1,1,1,1,1,0,1.0
2402823134275,1,1,1,1,1,0,1.0
2402828018323,1,1,1,1,1,0,1.0
2402830568208,1,1,1,1,1,0,1.0
2402832867851,1,1,1,1,1,0,1.0
2402833728756,1,1,1,1,1,0,1.0
2402835887421,1,1,1,1,1,0,1.0
2402836440892,1,1,1,1,1,0,1.0
2402842678617,1,1,1,1,1,0,1.0
2402845541408,1,1,1,1,1,0,1.0
2402845848749,1,1,1,1,1,0,1.0
2402855038471,1,1,1,1,1,0,1.0
2402855779748,1,1,1,1,1,0,1.0
2402858498114,1,1,1,1,1,0,1.0
2402858913089,1,1,1,1,1,0,1.0
2402863270231,1,1,1,1,1,0,1.0
2402865383957,1,1,1,1,1,0,1.0
2402866906251,1,1,1,1,1,0,1.0
2402870485959,1,1,1,1,1,0,1.0
2402873511877,1,1,1,1,1,0,1.0
2402873576856,1,1,1,1,1,0,1.0
2402874081173,1,1,1,1,1,0,1.0
2402879826225,1,1,1,1,1,0,1.0
2402884414253,1,1,1,1,1,0,1.0
2402886887924,1,1,1,1,1,0,1.0
2402890823710,1,1,1,1,1,0,1.0
2402892074595,1,1,1,1,1,0,1.0
2402897487411,1,1,1,1,1,0,1.0
2402900042199,1,1,1,1,1,0,1.0
2402903008103,1,1,1,1,1,0,1.0
2402903856980,1,1,1,1,1,0,1.0
2402907596599,1,1,1,1,1,0,1.0
2402908311686,1,1,1,1,1,0,1.0
2402908718274,1,1,1,1,1,0,1.0
2402909304376,1,1,1,1,1,0,1.0
2402913675916,1,1,1,1,1,0,1.0
2402914650223,1,1,1,1,1,0,1.0
2402919565058,1,1,1,1,1,0,1.0
2402919742694,1,1,1,1,1,0,1.0
2402920875102,1,1,1,1,1,0,1.0
2402921277997,1,1,1,1,1,0,1.0
2402928422223,1,1,1,1,1,0,1.0
2402932896340,1,1,1,1,1,0,1.0
2402933801070,1,1,1,1,1,0,1.0
2402940635724,1,1,1,1,1,0,1.0
2402944149253,1,1,1,1,1,0,1.0
2402944551166,1,1,1,1,1,0,1.0
2402946576024,1,1,1,1,1,0,1.0
2402946902177,1,1,1,1,1,0,1.0
2402950143748,1,1,1,1,1,0,1.0
2402955471200,1,1,1,1,1,0,1.0
2402958385083,1,1,1,1,1,0,1.0
2402962015336,1,1,1,1,1,0,1.0
2402964447725,1,1,1,1,1,0,1.0
2402965074456,1,1,1,1,1,0,1.0
2402978823553,1,1,1,1,1,0,1.0
2402979744527,1,1,1,1,1,0,1.0
2402980651527,1,1,1,1,1,0,1.0
2402982173929,1,1,1,1,1,0,1.0
2402989042698,1,1,1,1,1,0,1.0
2402991406884,1,1,1,1,1,0,1.0
2402997385442,1,1,1,1,1,0,1.0
2402998858491,1,1,1,1,1,0,1.0
2403001618321,1,1,1,1,1,0,1.0
2403004362569,1,1,1,1,1,0,1.0
2403007086186,1,1,1,1,1,0,1.0
2403007356582,1,1,1,1,1,0,1.0
2403009715475,1,1,1,1,1,0,1.0
2403015972242,1,1,1,1,1,0,1.0
2403017316715,1,1,1,1,1,0,1.0
2403018179607,1,1,1,1,1,0,1.0
2403019220956,1,1,1,1,1,0,1.0
2403023641224,1,1,1,1,1,0,1.0
2403025209452,1,1,1,1,1,0,1.0
2403032535559,1,1,1,1,1,0,1.0
2403032645649,1,1,1,1,1,0,1.0
2403033467711,1,1,1,1,1,0,1.0
2403035821726,1,1,1,1,1,0,1.0
2403037631748,1,1,1,1,1,0,1.0
2403040256004,1,1,1,1,1,0,1.0
2403040479416,1,1,1,1,1,0,1.0
2403043178421,1,1,1,1,1,0,1.0
2403043494815,1,1,1,1,1,0,1.0
2403045741298,1,1,1,1,1,0,1.0
2403046875063,1,1,1,1,1,0,1.0
2403051522047,1,1,1,1,1,0,1.0
2403052361416,1,1,1,1,1,0,1.0
2403054508275,1,1,1,1,1,0,1.0
2403055488510,1,1,1,1,1,0,1.0
2403056446853,1,1,1,1,1,0,1.0
2403059126620,1,1,1,1,1,0,1.0
2403061443575,1,1,1,1,1,0,1.0
2403064211684,1,1,1,1,1,0,1.0
2403068317641,1,1,1,1,1,0,1.0
2403068811640,1,1,1,1,1,0,1.0
2403069358824,1,1,1,1,1,0,1.0
2403070131688,1,1,1,1,1,0,1.0
2403075384185,1,1,1,1,1,0,1.0
2403081969544,1,1,1,1,1,0,1.0
2403087722696,1,1,1,1,1,0,1.0
2403089612694,1,1,1,1,1,0,1.0
2403090740635,1,1,1,1,1,0,1.0
2403098050097,1,1,1,1,1,0,1.0
2403104502589,1,1,1,1,1,0,1.0
2403107773533,1,1,1,1,1,0,1.0
2403109077182,1,1,1,1,1,0,1.0
2403109157191,1,1,1,1,1,0,1.0
2403111354925,1,1,1,1,1,0,1.0
2403116566701,1,1,1,1,1,0,1.0
2403117753312,1,1,1,1,1,0,1.0
2403122264923,1,1,1,1,1,0,1.0
2403123455068,1,1,1,1,1,0,1.0
2403125245870,1,1,1,1,1,0,1.0
2403126532735,1,1,1,1,1,0,1.0
2403126881228,1,1,1,1,1,0,1.0
2403130667123,1,1,1,1,1,0,1.0
2403140352635,1,1,1,1,1,0,1.0
2403140982127,1,1,1,1,1,0,1.0
2403142147238,1,1,1,1,1,0,1.0
2403143360574,1,1,1,1,1,0,1.0
2403145726542,1,1,1,1,1,0,1.0
2403145843456,1,1,1,1,1,0,1.0
2403145945681,1,1,1,1,1,0,1.0
2403150810866,1,1,1,1,1,0,1.0
2403152605794,1,1,1,1,1,0,1.0
2403152742054,1,1,1,1,1,0,1.0
2403153070791,1,1,1,1,1,0,1.0
2403153389601,1,1,1,1,1,0,1.0
2403159105185,1,1,1,1,1,0,1.0
2403159757292,1,1,1,1,1,0,1.0
2403160350245,1,1,1,1,1,0,1.0
2403166479512,1,1,1,1,1,0,1.0
2403170695560,1,1,1,1,1,0,1.0
2403172366704,1,1,1,1,1,0,1.0
2403176158650,1,1,1,1,1,0,1.0
2403181958837,1,1,1,1,1,0,1.0
2403183823708,1,1,1,1,1,0,1.0
2403183933529,1,1,1,1,1,0,1.0
2403183997984,1,1,1,1,1,0,1.0
2403184341357,1,1,1,1,1,0,1.0
2403188534026,1,1,1,1,1,0,1.0
2403190857346,1,1,1,1,1,0,1.0
2403192134249,1,1,1,1,1,0,1.0
2403201629073,1,1,1,1,1,0,1.0
2403201970307,1,1,1,1,1,0,1.0
2403202271131,1,1,1,1,1,0,1.0
2403211190266,1,1,1,1,1,0,1.0
2403216656910,1,1,1,1,1,0,1.0
2403223023332,1,1,1,1,1,0,1.0
2403225091557,1,1,1,1,1,0,1.0
2403225174224,1,1,1,1,1,0,1.0
2403228898572,1,1,1,1,1,0,1.0
2403229918128,1,1,1,1,1,0,1.0
2403231866790,1,1,1,1,1,0,1.0
2403231951215,1,1,1,1,1,0,1.0
2403238782508,1,1,1,1,1,0,1.0
2403238876766,1,1,1,1,1,0,1.0
2403242466047,1,1,1,1,1,0,1.0
2403245381097,1,1,1,1,1,0,1.0
2403246872203,1,1,1,1,1,0,1.0
2403249675745,1,1,1,1,1,0,1.0
2403253363057,1,1,1,1,1,0,1.0
2403254601891,1,1,1,1,1,0,1.0
2403259399337,1,1,1,1,1,0,1.0
2403260586942,1,1,1,1,1,0,1.0
2403262144537,1,1,1,1,1,0,1.0
2403262463025,1,1,1,1,1,0,1.0
2403265495189,1,1,1,1,1,0,1.0
2403266432239,1,1,1,1,1,0,1.0
2403267273326,1,1,1,1,1,0,1.0
2403270289966,1,1,1,1,1,0,1.0
2403272795687,1,1,1,1,1,0,1.0
2403278668689,1,1,1,1,1,0,1.0
2403278928243,1,1,1,1,1,0,1.0
2403281816717,1,1,1,1,1,0,1.0
2403282251964,1,1,1,1,1,0,1.0
2403286140245,1,1,1,1,1,0,1.0
2403286326667,1,1,1,1,1,0,1.0
2403286571192,1,1,1,1,1,0,1.0
2403286879732,1,1,1,1,1,0,1.0
2403289514563,1,1,1,1,1,0,1.0
2403294807426,1,1,1,1,1,0,1.0
2403299587427,1,1,1,1,1,0,1.0
2403302415984,1,1,1,1,1,0,1.0
2403303815695,1,1,1,1,1,0,1.0
2403309870382,1,1,1,1,1,0,1.0
2403310886230,1,1,1,1,1,0,1.0
2403311519683,1,1,1,1,1,0,1.0
2403320344956,1,1,1,1,1,0,1.0
2403322855660,1,1,1,1,1,0,1.0
2403323430658,1,1,1,1,1,0,1.0
2403324165185,1,1,1,1,1,0,1.0
2403324335069,1,1,1,1,1,0,1.0
2403331569640,1,1,1,1,1,0,1.0
2403333939578,1,1,1,1,1,0,1.0
2403334911415,1,1,1,1,1,0,1.0
2403338276534,1,1,1,1,1,0,1.0
2403341812916,1,1,1,1,1,0,1.0
2403342342583,1,1,1,1,1,0,1.0
2403342643350,1,1,1,1,1,0,1.0
2403342708668,1,1,1,1,1,0,1.0
2403342720388,1,1,1,1,1,0,1.0
2403345823881,1,1,1,1,1,0,1.0
2403348080136,1,1,1,1,1,0,1.0
2403348781934,1,1,1,1,1,0,1.0
2403351040961,1,1,1,1,1,0,1.0
2403351424496,1,1,1,1,1,0,1.0
2403352358459,1,1,1,1,1,0,1.0
2403359848086,1,1,1,1,1,0,1.0
2403360809010,1,1,1,1,1,0,1.0
2403361363750,1,1,1,1,1,0,1.0
2403364770413,1,1,1,1,1,0,1.0
2403367960828,1,1,1,1,1,0,1.0
2403369318062,1,1,1,1,1,0,1.0
2403372094841,1,1,1,1,1,0,1.0
2403374989413,1,1,1,1,1,0,1.0
2403379337563,1,1,1,1,1,0,1.0
2403383312467,1,1,1,1,1,0,1.0
2403384309269,1,1,1,1,1,0,1.0
2403387928392,1,1,1,1,1,0,1.0
2403391438276,1,1,1,1,1,0,1.0
2403398985258,1,1,1,1,1,0,1.0
2403400127622,1,1,1,1,1,0,1.0
2403403627562,1,1,1,1,1,0,1.0
2403405130057,1,1,1,1,1,0,1.0
2403408487297,1,1,1,1,1,0,1.0
2403413164752,1,1,1,1,1,0,1.0
2403413899940,1,1,1,1,1,0,1.0
2403415949283,1,1,1,1,1,0,1.0
2403417005455,1,1,1,1,1,0,1.0
2403420457813,1,1,1,1,1,0,1.0
2403423867077,1,1,1,1,1,0,1.0
2403425073305,1,1,1,1,1,0,1.0
2403427973029,1,1,1,1,1,0,1.0
2403437798240,1,1,1,1,1,0,1.0
2403444519067,1,1,1,1,1,0,1.0
2403445459566,1,1,1,1,1,0,1.0
2403446332465,1,1,1,1,1,0,1.0
2403447134936,1,1,1,1,1,0,1.0
2403447792796,1,1,1,1,1,0,1.0
2403447798733,1,1,1,1,1,0,1.0
2403447945923,1,1,1,1,1,0,1.0
2403448466117,1,1,1,1,1,0,1.0
2403453931742,1,1,1,1,1,0,1.0
2403460263356,1,1,1,1,1,0,1.0
2403461571732,1,1,1,1,1,0,1.0
2403462264240,1,1,1,1,1,0,1.0
2403465032403,1,1,1,1,1,0,1.0
2403465546120,1,1,1,1,1,0,1.0
2403467299493,1,1,1,1,1,0,1.0
2403474502405,1,1,1,1,1,0,1.0
2403477496337,1,1,1,1,1,0,1.0
2403480022642,1,1,1,1,1,0,1.0
2403480851496,1,1,1,1,1,0,1.0
2403481180829,1,1,1,1,1,0,1.0
2403486071775,1,1,1,1,1,0,1.0
2403492277708,1,1,1,1,1,0,1.0
2403492638987,1,1,1,1,1,0,1.0
2403493096663,1,1,1,1,1,0,1.0
2403494290461,1,1,1,1,1,0,1.0
2403494374750,1,1,1,1,1,0,1.0
2403497296970,1,1,1,1,1,0,1.0
2403499372699,1,1,1,1,1,0,1.0
2403499850308,1,1,1,1,1,0,1.0
2403500788369,1,1,1,1,1,0,1.0
2403502142106,1,1,1,1,1,0,1.0
2403502767490,1,1,1,1,1,0,1.0
2403503978514,1,1,1,1,1,0,1.0
2403504056695,1,1,1,1,1,0,1.0
2403506001266,1,1,1,1,1,0,1.0
2403506656605,1,1,1,1,1,0,1.0
2403510067076,1,1,1,1,1,0,1.0
2403511748636,1,1,1,1,1,0,1.0
2403517236850,1,1,1,1,1,0,1.0
2403519509623,1,1,1,1,1,0,1.0
2403519997211,1,1,1,1,1,0,1.0
2403531234692,1,1,1,1,1,0,1.0
2403533406201,1,1,1,1,1,0,1.0
2403534705070,1,1,1,1,1,0,1.0
2403536937854,1,1,1,1,1,0,1.0
2403538676259,1,1,1,1,1,0,1.0
2403541597099,1,1,1,1,1,0,1.0
2403543404668,1,1,1,1,1,0,1.0
2403547607512,1,1,1,1,1,0,1.0
2403550542960,1,1,1,1,1,0,1.0
2403552157043,1,1,1,1,1,0,1.0
2403554042316,1,1,1,1,1,0,1.0
2403555809961,1,1,1,1,1,0,1.0
2403556909275,1,1,1,1,1,0,1.0
2403565026715,1,1,1,1,1,0,1.0
2403567480957,1,1,1,1,1,0,1.0
2403567782659,1,1,1,1,1,0,1.0
2403567941540,1,1,1,1,1,0,1.0
2403571338447,1,1,1,1,1,0,1.0
2403572362733,1,1,1,1,1,0,1.0
2403578452182,1,1,1,1,1,0,1.0
2403579786305,1,1,1,1,1,0,1.0
2403587662690,1,1,1,1,1,0,1.0
2403590627094,1,1,1,1,1,0,1.0
2403592172340,1,1,1,1,1,0,1.0
2403594463428,1,1,1,1,1,0,1.0
2403596053026,1,1,1,1,1,0,1.0
2403596653390,1,1,1,1,1,0,1.0
2403597543453,1,1,1,1,1,0,1.0
2403598474229,1,1,1,1,1,0,1.0
2403598926256,1,1,1,1,1,0,1.0
2403600412577,1,1,1,1,1,0,1.0
2403607417060,1,1,1,1,1,0,1.0
2403613227690,1,1,1,1,1,0,1.0
2403614345648,1,1,1,1,1,0,1.0
2403615926686,1,1,1,1,1,0,1.0
2403616248607,1,1,1,1,1,0,1.0
2403620275582,1,1,1,1,1,0,1.0
2403621986550,1,1,1,1,1,0,1.0
2403628862335,1,1,1,1,1,0,1.0
2403628917756,1,1,1,1,1,0,1.0
2403630944238,1,1,1,1,1,0,1.0
2403634957885,1,1,1,1,1,0,1.0
2403639264957,1,1,1,1,1,0,1.0
2403642813190,1,1,1,1,1,0,1.0
2403645257775,1,1,1,1,1,0,1.0
2403650456869,1,1,1,1,1,0,1.0
2403650941626,1,1,1,1,1,0,1.0
2403653755849,1,1,1,1,1,0,1.0
2403657661565,1,1,1,1,1,0,1.0
2403659455701,1,1,1,1,1,0,1.0
2403669471834,1,1,1,1,1,0,1.0
2403673037183,1,1,1,1,1,0,1.0
2403677639663,1,1,1,1,1,0,1.0
2403678621078,1,1,1,1,1,0,1.0
2403680199050,1,1,1,1,1,0,1.0
2403680601457,1,1,1,1,1,0,1.0
2403682332904,1,1,1,1,1,0,1.0
2403685160481,1,1,1,1,1,0,1.0
2403690866022,1,1,1,1,1,0,1.0
2403693080118,1,1,1,1,1,0,1.0
2403701242446,1,1,1,1,1,0,1.0
2403705741037,1,1,1,1,1,0,1.0
2403706272352,1,1,1,1,1,0,1.0
2403717086494,1,1,1,1,1,0,1.0
2403723073571,1,1,1,1,1,0,1.0
2403727259063,1,1,1,1,1,0,1.0
2403734764273,1,1,1,1,1,0,1.0
2403736090857,1,1,1,1,1,0,1.0
2403740278062,1,1,1,1,1,0,1.0
2403740779433,1,1,1,1,1,0,1.0
2403744571991,1,1,1,1,1,0,1.0
2403753659680,1,1,1,1,1,0,1.0
2403754807805,1,1,1,1,1,0,1.0
2403757383959,1,1,1,1,1,0,1.0
2403759972984,1,1,1,1,1,0,1.0
2403763895608,1,1,1,1,1,0,1.0
2403769848282,1,1,1,1,1,0,1.0
2403771886263,1,1,1,1,1,0,1.0
2403775044806,1,1,1,1,1,0,1.0
2403781319151,1,1,1,1,1,0,1.0
2403782601877,1,1,1,1,1,0,1.0
2403783063963,1,1,1,1,1,0,1.0
2403785771712,1,1,1,1,1,0,1.0
2403786282509,1,1,1,1,1,0,1.0
2403791212110,1,1,1,1,1,0,1.0
2403798293055,1,1,1,1,1,0,1.0
2403799005366,1,1,1,1,1,0,1.0
2403805732136,1,1,1,1,1,0,1.0
2403807991493,1,1,1,1,1,0,1.0
2403808263267,1,1,1,1,1,0,1.0
2403814049098,1,1,1,1,1,0,1.0
2403822382235,1,1,1,1,1,0,1.0
2403822442951,1,1,1,1,1,0,1.0
2403828232668,1,1,1,1,1,0,1.0
2403828258673,1,1,1,1,1,0,1.0
2403829879086,1,1,1,1,1,0,1.0
2403831918043,1,1,1,1,1,0,1.0
2403831934891,1,1,1,1,1,0,1.0
2403839687884,1,1,1,1,1,0,1.0
2403842513542,1,1,1,1,1,0,1.0
2403852146111,1,1,1,1,1,0,1.0
2403855555051,1,1,1,1,1,0,1.0
2403859524050,1,1,1,1,1,0,1.0
2403860030443,1,1,1,1,1,0,1.0
2403861601861,1,1,1,1,1,0,1.0
2403864883626,1,1,1,1,1,0,1.0
2403865568502,1,1,1,1,1,0,1.0
2403866429742,1,1,1,1,1,0,1.0
2403866897073,1,1,1,1,1,0,1.0
2403868165223,1,1,1,1,1,0,1.0
2403873140319,1,1,1,1,1,0,1.0
2403875082768,1,1,1,1,1,0,1.0
2403875955942,1,1,1,1,1,0,1.0
2403878753577,1,1,1,1,1,0,1.0
2403882810592,1,1,1,1,1,0,1.0
2403884366044,1,1,1,1,1,0,1.0
2403885160607,1,1,1,1,1,0,1.0
2403885681193,1,1,1,1,1,0,1.0
2403885978719,1,1,1,1,1,0,1.0
2403887821889,1,1,1,1,1,0,1.0
2403893136490,1,1,1,1,1,0,1.0
2403896549977,1,1,1,1,1,0,1.0
2403900251213,1,1,1,1,1,0,1.0
2403901876927,1,1,1,1,1,0,1.0
2403905321596,1,1,1,1,1,0,1.0
2403910651801,1,1,1,1,1,0,1.0
2403920530214,1,1,1,1,1,0,1.0
2403920604294,1,1,1,1,1,0,1.0
2403921328390,1,1,1,1,1,0,1.0
2403921609228,1,1,1,1,1,0,1.0
2403924358853,1,1,1,1,1,0,1.0
2403926142939,1,1,1,1,1,0,1.0
2403927541387,1,1,1,1,1,0,1.0
2403927769843,1,1,1,1,1,0,1.0
2403928272299,1,1,1,1,1,0,1.0
2403928403476,1,1,1,1,1,0,1.0
2403928532025,1,1,1,1,1,0,1.0
2403929188194,1,1,1,1,1,0,1.0
2403931165312,1,1,1,1,1,0,1.0
2403939881869,1,1,1,1,1,0,1.0
2403942811587,1,1,1,1,1,0,1.0
2403943804032,1,1,1,1,1,0,1.0
2403943988442,1,1,1,1,1,0,1.0
2403944060146,1,1,1,1,1,0,1.0
2403948053318,1,1,1,1,1,0,1.0
2403948150439,1,1,1,1,1,0,1.0
2403950111525,1,1,1,1,1,0,1.0
2403951574606,1,1,1,1,1,0,1.0
2403953481105,1,1,1,1,1,0,1.0
2403954149161,1,1,1,1,1,0,1.0
2403955701601,1,1,1,1,1,0,1.0
2403956851423,1,1,1,1,1,0,1.0
2403958739592,1,1,1,1,1,0,1.0
2403959459211,1,1,1,1,1,0,1.0
2403960424081,1,1,1,1,1,0,1.0
2403961219051,1,1,1,1,1,0,1.0
2403967705467,1,1,1,1,1,0,1.0
2403968860102,1,1,1,1,1,0,1.0
2403972484396,1,1,1,1,1,0,1.0
2403978157341,1,1,1,1,1,0,1.0
2403978570820,1,1,1,1,1,0,1.0
2403986221405,1,1,1,1,1,0,1.0
2403986383466,1,1,1,1,1,0,1.0
2403988784295,1,1,1,1,1,0,1.0
2403989085532,1,1,1,1,1,0,1.0
2403990163587,1,1,1,1,1,0,1.0
2403992052229,1,1,1,1,1,0,1.0
2403996014471,1,1,1,1,1,0,1.0
2403996263779,1,1,1,1,1,0,1.0
2403996979339,1,1,1,1,1,0,1.0
2403997049835,1,1,1,1,1,0,1.0
2403998376732,1,1,1,1,1,0,1.0
2404004640879,1,1,1,1,1,0,1.0
2404005045562,1,1,1,1,1,0,1.0
2404013265373,1,1,1,1,1,0,1.0
2404014247310,1,1,1,1,1,0,1.0
2404016481880,1,1,1,1,1,0,1.0
2404016599530,1,1,1,1,1,0,1.0
2404017234467,1,1,1,1,1,0,1.0
2404019027169,1,1,1,1,1,0,1.0
2404024455022,1,1,1,1,1,0,1.0
2404024938713,1,1,1,1,1,0,1.0
2404025885510,1,1,1,1,1,0,1.0
2404026356887,1,1,1,1,1,0,1.0
2404028974093,1,1,1,1,1,0,1.0
2404032892624,1,1,1,1,1,0,1.0
2404033596900,1,1,1,1,1,0,1.0
2404041627422,1,1,1,1,1,0,1.0
2404042100149,1,1,1,1,1,0,1.0
2404043800866,1,1,1,1,1,0,1.0
2404051431641,1,1,1,1,1,0,1.0
2404055306113,1,1,1,1,1,0,1.0
2404055525177,1,1,1,1,1,0,1.0
2404055724772,1,1,1,1,1,0,1.0
2404057445099,1,1,1,1,1,0,1.0
2404058151939,1,1,1,1,1,0,1.0
2404060154138,1,1,1,1,1,0,1.0
2404060882479,1,1,1,1,1,0,1.0
2404063223628,1,1,1,1,1,0,1.0
2404065266426,1,1,1,1,1,0,1.0
2404067200784,1,1,1,1,1,0,1.0
2404070366656,1,1,1,1,1,0,1.0
2404076703470,1,1,1,1,1,0,1.0
2404088331838,1,1,1,1,1,0,1.0
2404093099986,1,1,1,1,1,0,1.0
2404093242430,1,1,1,1,1,0,1.0
2404094353344,1,1,1,1,1,0,1.0
2404097628271,1,1,1,1,1,0,1.0
2404099073722,1,1,1,1,1,0,1.0
2404104866718,1,1,1,1,1,0,1.0
2404109600661,1,1,1,1,1,0,1.0
2404114207651,1,1,1,1,1,0,1.0
2404116739645,1,1,1,1,1,0,1.0
2404117309850,1,1,1,1,1,0,1.0
2404118727429,1,1,1,1,1,0,1.0
2404120270615,1,1,1,1,1,0,1.0
2404121917062,1,1,1,1,1,0,1.0
2404123481094,1,1,1,1,1,0,1.0
2404125313795,1,1,1,1,1,0,1.0
2404132611178,1,1,1,1,1,0,1.0
2404136233470,1,1,1,1,1,0,1.0
2404137681511,1,1,1,1,1,0,1.0
2404138225814,1,1,1,1,1,0,1.0
2404141981025,1,1,1,1,1,0,1.0
2404152807864,1,1,1,1,1,0,1.0
2404153740513,1,1,1,1,1,0,1.0
2404155945011,1,1,1,1,1,0,1.0
2404156676527,1,1,1,1,1,0,1.0
2404157337684,1,1,1,1,1,0,1.0
2404158744915,1,1,1,1,1,0,1.0
2404162796365,1,1,1,1,1,0,1.0
2404163166417,1,1,1,1,1,0,1.0
2404170364237,1,1,1,1,1,0,1.0
2404172156229,1,1,1,1,1,0,1.0
2404176697068,1,1,1,1,1,0,1.0
2404178321126,1,1,1,1,1,0,1.0
2404178679393,1,1,1,1,1,0,1.0
2404179394314,1,1,1,1,1,0,1.0
2404183437401,1,1,1,1,1,0,1.0
2404184446204,1,1,1,1,1,0,1.0
2404186203036,1,1,1,1,1,0,1.0
2404189508164,1,1,1,1,1,0,1.0
2404191739593,1,1,1,1,1,0,1.0
2404196156078,1,1,1,1,1,0,1.0
2404198117963,1,1,1,1,1,0,1.0
2404201173101,1,1,1,1,1,0,1.0
2404205668073,1,1,1,1,1,0,1.0
2404208481395,1,1,1,1,1,0,1.0
2404210379982,1,1,1,1,1,0,1.0
2404220618506,1,1,1,1,1,0,1.0
2404220704310,1,1,1,1,1,0,1.0
2404223653271,1,1,1,1,1,0,1.0
2404234016361,1,1,1,1,1,0,1.0
2404235914261,1,1,1,1,1,0,1.0
2404236025673,1,1,1,1,1,0,1.0
2404243837390,1,1,1,1,1,0,1.0
2404246073723,1,1,1,1,1,0,1.0
2404250122915,1,1,1,1,1,0,1.0
2404272943610,1,1,1,1,1,0,1.0
2404275090161,1,1,1,1,1,0,1.0
2404275617372,1,1,1,1,1,0,1.0
2404279191637,1,1,1,1,1,0,1.0
2404280911541,1,1,1,1,1,0,1.0
2404282344290,1,1,1,1,1,0,1.0
2404285969325,1,1,1,1,1,0,1.0
2404290436827,1,1,1,1,1,0,1.0
2404293264570,1,1,1,1,1,0,1.0
2404295995719,1,1,1,1,1,0,1.0
2404297372683,1,1,1,1,1,0,1.0
2404302120663,1,1,1,1,1,0,1.0
2404302178167,1,1,1,1,1,0,1.0
2404306287345,1,1,1,1,1,0,1.0
2404306738750,1,1,1,1,1,0,1.0
2404308183632,1,1,1,1,1,0,1.0
2404315211997,1,1,1,1,1,0,1.0
2404315227911,1,1,1,1,1,0,1.0
2404317191633,1,1,1,1,1,0,1.0
2404324170712,1,1,1,1,1,0,1.0
2404330779001,1,1,1,1,1,0,1.0
2404334097055,1,1,1,1,1,0,1.0
2404335623950,1,1,1,1,1,0,1.0
2404335670860,1,1,1,1,1,0,1.0
2404337453656,1,1,1,1,1,0,1.0
2404337504793,1,1,1,1,1,0,1.0
2404338723414,1,1,1,1,1,0,1.0
2404339133252,1,1,1,1,1,0,1.0
2404339971236,1,1,1,1,1,0,1.0
2404344919747,1,1,1,1,1,0,1.0
2404345581223,1,1,1,1,1,0,1.0
2404346858639,1,1,1,1,1,0,1.0
2404347769587,1,1,1,1,1,0,1.0
2404351840639,1,1,1,1,1,0,1.0
2404351906698,1,1,1,1,1,0,1.0
2404359325618,1,1,1,1,1,0,1.0
2404362331931,1,1,1,1,1,0,1.0
2404363225032,1,1,1,1,1,0,1.0
2404366647984,1,1,1,1,1,0,1.0
2404368681114,1,1,1,1,1,0,1.0
2404368869148,1,1,1,1,1,0,1.0
2404369285156,1,1,1,1,1,0,1.0
2404370391905,1,1,1,1,1,0,1.0
2404373053596,1,1,1,1,1,0,1.0
2404375811625,1,1,1,1,1,0,1.0
2404378872427,1,1,1,1,1,0,1.0
2404380299034,1,1,1,1,1,0,1.0
2404381779989,1,1,1,1,1,0,1.0
2404383805826,1,1,1,1,1,0,1.0
2404384092771,1,1,1,1,1,0,1.0
2404384249818,1,1,1,1,1,0,1.0
2404384709819,1,1,1,1,1,0,1.0
2404385009537,1,1,1,1,1,0,1.0
2404385800999,1,1,1,1,1,0,1.0
2404386668470,1,1,1,1,1,0,1.0
2404391370858,1,1,1,1,1,0,1.0
2404399106227,1,1,1,1,1,0,1.0
2404409079772,1,1,1,1,1,0,1.0
2404409661771,1,1,1,1,1,0,1.0
2404411197388,1,1,1,1,1,0,1.0
2404411284842,1,1,1,1,1,0,1.0
2404415136124,1,1,1,1,1,0,1.0
2404416493311,1,1,1,1,1,0,1.0
2404418222618,1,1,1,1,1,0,1.0
2404418269718,1,1,1,1,1,0,1.0
2404418997402,1,1,1,1,1,0,1.0
2404420678831,1,1,1,1,1,0,1.0
2404424627123,1,1,1,1,1,0,1.0
2404425118095,1,1,1,1,1,0,1.0
2404434782173,1,1,1,1,1,0,1.0
2404442182998,1,1,1,1,1,0,1.0
2404442537424,1,1,1,1,1,0,1.0
2404443596245,1,1,1,1,1,0,1.0
2404444657481,1,1,1,1,1,0,1.0
2404445169613,1,1,1,1,1,0,1.0
2404447232290,1,1,1,1,1,0,1.0
2404448317493,1,1,1,1,1,0,1.0
2404451895202,1,1,1,1,1,0,1.0
2404456844679,1,1,1,1,1,0,1.0
2404457434259,1,1,1,1,1,0,1.0
2404458479519,1,1,1,1,1,0,1.0
2404458902370,1,1,1,1,1,0,1.0
2404460422763,1,1,1,1,1,0,1.0
2404461179549,1,1,1,1,1,0,1.0
2404461440923,1,1,1,1,1,0,1.0
2404461767929,1,1,1,1,1,0,1.0
2404462763514,1,1,1,1,1,0,1.0
2404464035076,1,1,1,1,1,0,1.0
2404464523900,1,1,1,1,1,0,1.0
2404465325544,1,1,1,1,1,0,1.0
2404466609935,1,1,1,1,1,0,1.0
2404469442110,1,1,1,1,1,0,1.0
2404470823171,1,1,1,1,1,0,1.0
2404471324754,1,1,1,1,1,0,1.0
2404471565037,1,1,1,1,1,0,1.0
2404471813240,1,1,1,1,1,0,1.0
2404474176434,1,1,1,1,1,0,1.0
2404476094837,1,1,1,1,1,0,1.0
2404477714057,1,1,1,1,1,0,1.0
2404478674280,1,1,1,1,1,0,1.0
2404479627570,1,1,1,1,1,0,1.0
2404481776655,1,1,1,1,1,0,1.0
2404485645101,1,1,1,1,1,0,1.0
2404488501556,1,1,1,1,1,0,1.0
2404490711364,1,1,1,1,1,0,1.0
2404493099823,1,1,1,1,1,0,1.0
2404493474303,1,1,1,1,1,0,1.0
2404496392148,1,1,1,1,1,0,1.0
2404499195401,1,1,1,1,1,0,1.0
2404499585391,1,1,1,1,1,0,1.0
2404501160124,1,1,1,1,1,0,1.0
2404501624440,1,1,1,1,1,0,1.0
2404503735092,1,1,1,1,1,0,1.0
2404504617357,1,1,1,1,1,0,1.0
2404504621764,1,1,1,1,1,0,1.0
2404511755958,1,1,1,1,1,0,1.0
2404518313218,1,1,1,1,1,0,1.0
2404522885158,1,1,1,1,1,0,1.0
2404523558972,1,1,1,1,1,0,1.0
2404523888562,1,1,1,1,1,0,1.0
2404531081246,1,1,1,1,1,0,1.0
2404534749116,1,1,1,1,1,0,1.0
2404535468196,1,1,1,1,1,0,1.0
2404539252878,1,1,1,1,1,0,1.0
2404540327415,1,1,1,1,1,0,1.0
2404551588863,1,1,1,1,1,0,1.0
2404551638883,1,1,1,1,1,0,1.0
2404565060983,1,1,1,1,1,0,1.0
2404567677619,1,1,1,1,1,0,1.0
2404568826342,1,1,1,1,1,0,1.0
2404570317681,1,1,1,1,1,0,1.0
2404571472747,1,1,1,1,1,0,1.0
2404573485413,1,1,1,1,1,0,1.0
2404576344782,1,1,1,1,1,0,1.0
2404576616295,1,1,1,1,1,0,1.0
2404577600490,1,1,1,1,1,0,1.0
2404583875007,1,1,1,1,1,0,1.0
2404584384588,1,1,1,1,1,0,1.0
2404592325802,1,1,1,1,1,0,1.0
2404594085935,1,1,1,1,1,0,1.0
2404597010822,1,1,1,1,1,0,1.0
2404597414518,1,1,1,1,1,0,1.0
2404600452128,1,1,1,1,1,0,1.0
2404600791949,1,1,1,1,1,0,1.0
2404601041313,1,1,1,1,1,0,1.0
2404604991293,1,1,1,1,1,0,1.0
2404605811952,1,1,1,1,1,0,1.0
2404609193511,1,1,1,1,1,0,1.0
2404614262040,1,1,1,1,1,0,1.0
2404621167006,1,1,1,1,1,0,1.0
2404625540263,1,1,1,1,1,0,1.0
2404627301471,1,1,1,1,1,0,1.0
2404629613671,1,1,1,1,1,0,1.0
2404630009984,1,1,1,1,1,0,1.0
2404631078907,1,1,1,1,1,0,1.0
2404635806882,1,1,1,1,1,0,1.0
2404641188034,1,1,1,1,1,0,1.0
2404641616694,1,1,1,1,1,0,1.0
2404645604851,1,1,1,1,1,0,1.0
2404647496591,1,1,1,1,1,0,1.0
2404648760857,1,1,1,1,1,0,1.0
2404648782079,1,1,1,1,1,0,1.0
2404651835914,1,1,1,1,1,0,1.0
2404651909862,1,1,1,1,1,0,1.0
2404653537801,1,1,1,1,1,0,1.0
2404656382569,1,1,1,1,1,0,1.0
2404658578564,1,1,1,1,1,0,1.0
2404659983143,1,1,1,1,1,0,1.0
2404663907387,1,1,1,1,1,0,1.0
2404666052261,1,1,1,1,1,0,1.0
2404666326631,1,1,1,1,1,0,1.0
2404668708179,1,1,1,1,1,0,1.0
2404671930647,1,1,1,1,1,0,1.0
2404673631633,1,1,1,1,1,0,1.0
2404677239677,1,1,1,1,1,0,1.0
2404686296610,1,1,1,1,1,0,1.0
2404691728471,1,1,1,1,1,0,1.0
2404693172947,1,1,1,1,1,0,1.0
2404695755526,1,1,1,1,1,0,1.0
2404696318158,1,1,1,1,1,0,1.0
2404696458924,1,1,1,1,1,0,1.0
2404709419513,1,1,1,1,1,0,1.0
2404719535307,1,1,1,1,1,0,1.0
2404730577719,1,1,1,1,1,0,1.0
2404735047639,1,1,1,1,1,0,1.0
2404736500329,1,1,1,1,1,0,1.0
2404740158668,1,1,1,1,1,0,1.0
2404740748217,1,1,1,1,1,0,1.0
2404741340192,1,1,1,1,1,0,1.0
2404741759558,1,1,1,1,1,0,1.0
2404743894752,1,1,1,1,1,0,1.0
2404745501482,1,1,1,1,1,0,1.0
2404746911708,1,1,1,1,1,0,1.0
2404747334359,1,1,1,1,1,0,1.0
2404750917835,1,1,1,1,1,0,1.0
2404752864612,1,1,1,1,1,0,1.0
2404752949775,1,1,1,1,1,0,1.0
2404753178416,1,1,1,1,1,0,1.0
2404759911739,1,1,1,1,1,0,1.0
2404761155849,1,1,1,1,1,0,1.0
2404762198938,1,1,1,1,1,0,1.0
2404765848854,1,1,1,1,1,0,1.0
2404766964846,1,1,1,1,1,0,1.0
2404767300916,1,1,1,1,1,0,1.0
2404768893861,1,1,1,1,1,0,1.0
2404772512957,1,1,1,1,1,0,1.0
2404773586629,1,1,1,1,1,0,1.0
2404776038280,1,1,1,1,1,0,1.0
2404777745925,1,1,1,1,1,0,1.0
2404779660548,1,1,1,1,1,0,1.0
2404788824591,1,1,1,1,1,0,1.0
2404790447515,1,1,1,1,1,0,1.0
2404792897092,1,1,1,1,1,0,1.0
2404792975914,1,1,1,1,1,0,1.0
2404793564651,1,1,1,1,1,0,1.0
2404794064531,1,1,1,1,1,0,1.0
2404796954500,1,1,1,1,1,0,1.0
2404802797273,1,1,1,1,1,0,1.0
2404805796873,1,1,1,1,1,0,1.0
2404808613171,1,1,1,1,1,0,1.0
2404814443944,1,1,1,1,1,0,1.0
2404815324606,1,1,1,1,1,0,1.0
2404817175242,1,1,1,1,1,0,1.0
2404821380115,1,1,1,1,1,0,1.0
2404824015217,1,1,1,1,1,0,1.0
2404831145064,1,1,1,1,1,0,1.0
2404842294057,1,1,1,1,1,0,1.0
2404843507450,1,1,1,1,1,0,1.0
2404845443007,1,1,1,1,1,0,1.0
2404848569445,1,1,1,1,1,0,1.0
2404848741520,1,1,1,1,1,0,1.0
2404853207758,1,1,1,1,1,0,1.0
2404853465579,1,1,1,1,1,0,1.0
2404855716176,1,1,1,1,1,0,1.0
2404856257287,1,1,1,1,1,0,1.0
2404856483098,1,1,1,1,1,0,1.0
2404857949418,1,1,1,1,1,0,1.0
2404864708213,1,1,1,1,1,0,1.0
2404865007443,1,1,1,1,1,0,1.0
2404868182041,1,1,1,1,1,0,1.0
2404869384137,1,1,1,1,1,0,1.0
2404869653715,1,1,1,1,1,0,1.0
2404872358389,1,1,1,1,1,0,1.0
2404874612319,1,1,1,1,1,0,1.0
2404875256048,1,1,1,1,1,0,1.0
2404880372178,1,1,1,1,1,0,1.0
2404880788990,1,1,1,1,1,0,1.0
2404881050391,1,1,1,1,1,0,1.0
2404883997418,1,1,1,1,1,0,1.0
2404887807376,1,1,1,1,1,0,1.0
2404888258120,1,1,1,1,1,0,1.0
2404889669972,1,1,1,1,1,0,1.0
2404891402696,1,1,1,1,1,0,1.0
2404895382944,1,1,1,1,1,0,1.0
2404901333443,1,1,1,1,1,0,1.0
2404901405439,1,1,1,1,1,0,1.0
2404903764747,1,1,1,1,1,0,1.0
2404908474911,1,1,1,1,1,0,1.0
2404909228849,1,1,1,1,1,0,1.0
2404910885348,1,1,1,1,1,0,1.0
2404911894184,1,1,1,1,1,0,1.0
2404912321600,1,1,1,1,1,0,1.0
2404913156536,1,1,1,1,1,0,1.0
2404913342457,1,1,1,1,1,0,1.0
2404915795546,1,1,1,1,1,0,1.0
2404916247554,1,1,1,1,1,0,1.0
2404916971576,1,1,1,1,1,0,1.0
2404917648261,1,1,1,1,1,0,1.0
2404918505824,1,1,1,1,1,0,1.0
2404918684987,1,1,1,1,1,0,1.0
2404919179970,1,1,1,1,1,0,1.0
2404920954554,1,1,1,1,1,0,1.0
2404921386068,1,1,1,1,1,0,1.0
2404927852346,1,1,1,1,1,0,1.0
2404929896187,1,1,1,1,1,0,1.0
2404930015903,1,1,1,1,1,0,1.0
2404930539734,1,1,1,1,1,0,1.0
2404932149587,1,1,1,1,1,0,1.0
2404938620448,1,1,1,1,1,0,1.0
2404939178264,1,1,1,1,1,0,1.0
2404940128974,1,1,1,1,1,0,1.0
2404943148722,1,1,1,1,1,0,1.0
2404944282818,1,1,1,1,1,0,1.0
2404944727245,1,1,1,1,1,0,1.0
2404945204524,1,1,1,1,1,0,1.0
2404946173051,1,1,1,1,1,0,1.0
2404949356580,1,1,1,1,1,0,1.0
2404952605185,1,1,1,1,1,0,1.0
2404954121762,1,1,1,1,1,0,1.0
2404958887947,1,1,1,1,1,0,1.0
2404960660766,1,1,1,1,1,0,1.0
2404961965,2,2,2,1,2,0,29.47
2404962595901,1,1,1,1,1,0,1.0
2404964220699,1,1,1,1,1,0,1.0
2404965515641,1,1,1,1,1,0,1.0
2404967827411,1,1,1,1,1,0,1.0
2404973449305,1,1,1,1,1,0,1.0
2404975271290,1,1,1,1,1,0,1.0
2404977689799,1,1,1,1,1,0,1.0
2404977764913,1,1,1,1,1,0,1.0
2404982824674,1,1,1,1,1,0,1.0
2404984746042,1,1,1,1,1,0,1.0
2404985774273,1,1,1,1,1,0,1.0
2404986478686,1,1,1,1,1,0,1.0
2404988069440,1,1,1,1,1,0,1.0
2404991537038,1,1,1,1,1,0,1.0
2404999597703,1,1,1,1,1,0,1.0
2405000388911,1,1,1,1,1,0,1.0
2405004375315,1,1,1,1,1,0,1.0
2405007867755,1,1,1,1,1,0,1.0
2405009479479,1,1,1,1,1,0,1.0
2405012495528,1,1,1,1,1,0,1.0
2405012904312,1,1,1,1,1,0,1.0
2405013649718,1,1,1,1,1,0,1.0
2405014430111,1,1,1,1,1,0,1.0
2405015137862,1,1,1,1,1,0,1.0
2405015280064,1,1,1,1,1,0,1.0
2405016993297,1,1,1,1,1,0,1.0
2405018187850,1,1,1,1,1,0,1.0
2405019325267,1,1,1,1,1,0,1.0
2405022593122,1,1,1,1,1,0,1.0
2405025787090,1,1,1,1,1,0,1.0
2405029168154,1,1,1,1,1,0,1.0
2405031049791,1,1,1,1,1,0,1.0
2405032198596,1,1,1,1,1,0,1.0
2405032312489,1,1,1,1,1,0,1.0
2405033000088,1,1,1,1,1,0,1.0
2405033460749,1,1,1,1,1,0,1.0
2405035783542,1,1,1,1,1,0,1.0
2405041226643,1,1,1,1,1,0,1.0
2405043401026,1,1,1,1,1,0,1.0
2405045696062,1,1,1,1,1,0,1.0
2405052112036,1,1,1,1,1,0,1.0
2405055191939,1,1,1,1,1,0,1.0
2405058714692,1,1,1,1,1,0,1.0
2405065413907,1,1,1,1,1,0,1.0
2405067578968,1,1,1,1,1,0,1.0
2405071380671,1,1,1,1,1,0,1.0
2405075078197,1,1,1,1,1,0,1.0
2405079181589,1,1,1,1,1,0,1.0
2405080959481,1,1,1,1,1,0,1.0
2405082432625,1,1,1,1,1,0,1.0
2405083686067,1,1,1,1,1,0,1.0
2405083973175,1,1,1,1,1,0,1.0
2405085261068,1,1,1,1,1,0,1.0
2405086286856,1,1,1,1,1,0,1.0
2405089607137,1,1,1,1,1,0,1.0
2405093604709,1,1,1,1,1,0,1.0
2405094846455,1,1,1,1,1,0,1.0
2405095035451,1,1,1,1,1,0,1.0
2405095792818,1,1,1,1,1,0,1.0
2405096030758,1,1,1,1,1,0,1.0
2405096085874,1,1,1,1,1,0,1.0
2405096399478,1,1,1,1,1,0,1.0
2405098221625,1,1,1,1,1,0,1.0
2405099621836,1,1,1,1,1,0,1.0
2405100374921,1,1,1,1,1,0,1.0
2405101181693,1,1,1,1,1,0,1.0
2405104636815,1,1,1,1,1,0,1.0
2405106744499,1,1,1,1,1,0,1.0
2405109334653,1,1,1,1,1,0,1.0
2405109346673,1,1,1,1,1,0,1.0
2405111504122,1,1,1,1,1,0,1.0
2405112748162,1,1,1,1,1,0,1.0
2405114262582,1,1,1,1,1,0,1.0
2405116966672,1,1,1,1,1,0,1.0
2405117682515,1,1,1,1,1,0,1.0
2405119194454,1,1,1,1,1,0,1.0
2405120045158,1,1,1,1,1,0,1.0
2405121208655,1,1,1,1,1,0,1.0
2405122866009,1,1,1,1,1,0,1.0
2405125927291,1,1,1,1,1,0,1.0
2405128163799,1,1,1,1,1,0,1.0
2405128682300,1,1,1,1,1,0,1.0
2405130063409,1,1,1,1,1,0,1.0
2405133460184,1,1,1,1,1,0,1.0
2405136899065,1,1,1,1,1,0,1.0
2405138222629,1,1,1,1,1,0,1.0
2405139014309,1,1,1,1,1,0,1.0
2405140961709,1,1,1,1,1,0,1.0
2405141483515,1,1,1,1,1,0,1.0
2405141908274,1,1,1,1,1,0,1.0
2405145085491,1,1,1,1,1,0,1.0
2405146074555,1,1,1,1,1,0,1.0
2405147439742,1,1,1,1,1,0,1.0
2405159698132,1,1,1,1,1,0,1.0
2405160269577,1,1,1,1,1,0,1.0
2405160984145,1,1,1,1,1,0,1.0
2405161946537,1,1,1,1,1,0,1.0
2405164418054,1,1,1,1,1,0,1.0
2405164693335,1,1,1,1,1,0,1.0
2405164807279,1,1,1,1,1,0,1.0
2405165712118,1,1,1,1,1,0,1.0
2405166215674,1,1,1,1,1,0,1.0
2405172864213,1,1,1,1,1,0,1.0
2405172897526,1,1,1,1,1,0,1.0
2405173466068,1,1,1,1,1,0,1.0
2405176668992,1,1,1,1,1,0,1.0
2405176965959,1,1,1,1,1,0,1.0
2405186387829,1,1,1,1,1,0,1.0
2405188857878,1,1,1,1,1,0,1.0
2405190534864,1,1,1,1,1,0,1.0
2405194687871,1,1,1,1,1,0,1.0
2405196282225,1,1,1,1,1,0,1.0
2405201015444,1,1,1,1,1,0,1.0
2405208235096,1,1,1,1,1,0,1.0
2405212193387,1,1,1,1,1,0,1.0
2405213109622,1,1,1,1,1,0,1.0
2405214957957,1,1,1,1,1,0,1.0
2405215272311,1,1,1,1,1,0,1.0
2405215724895,1,1,1,1,1,0,1.0
2405221732842,1,1,1,1,1,0,1.0
2405233438364,1,1,1,1,1,0,1.0
2405240017550,1,1,1,1,1,0,1.0
2405242760741,1,1,1,1,1,0,1.0
2405242816945,1,1,1,1,1,0,1.0
2405243872075,1,1,1,1,1,0,1.0
2405249911877,1,1,1,1,1,0,1.0
2405250191779,1,1,1,1,1,0,1.0
2405258939425,1,1,1,1,1,0,1.0
2405272959867,1,1,1,1,1,0,1.0
2405273839688,1,1,1,1,1,0,1.0
2405274216919,1,1,1,1,1,0,1.0
2405283388285,1,1,1,1,1,0,1.0
2405285489598,1,1,1,1,1,0,1.0
2405286122400,1,1,1,1,1,0,1.0
2405288231329,1,1,1,1,1,0,1.0
2405296455217,1,1,1,1,1,0,1.0
2405296794718,1,1,1,1,1,0,1.0
2405297642846,1,1,1,1,1,0,1.0
2405298675542,1,1,1,1,1,0,1.0
2405300730950,1,1,1,1,1,0,1.0
2405301239847,1,1,1,1,1,0,1.0
2405301530304,1,1,1,1,1,0,1.0
2405304053198,1,1,1,1,1,0,1.0
2405304214316,1,1,1,1,1,0,1.0
2405305325624,1,1,1,1,1,0,1.0
2405308040276,1,1,1,1,1,0,1.0
2405309373134,1,1,1,1,1,0,1.0
2405312900362,1,1,1,1,1,0,1.0
2405313135214,1,1,1,1,1,0,1.0
2405316156678,1,1,1,1,1,0,1.0
2405317087300,1,1,1,1,1,0,1.0
2405327396885,1,1,1,1,1,0,1.0
2405329314939,1,1,1,1,1,0,1.0
2405329677375,1,1,1,1,1,0,1.0
2405331513135,1,1,1,1,1,0,1.0
2405333202351,1,1,1,1,1,0,1.0
2405335849999,1,1,1,1,1,0,1.0
2405344077794,1,1,1,1,1,0,1.0
2405350629258,1,1,1,1,1,0,1.0
2405354143019,1,1,1,1,1,0,1.0
2405354256286,1,1,1,1,1,0,1.0
2405355995154,1,1,1,1,1,0,1.0
2405360622306,1,1,1,1,1,0,1.0
2405362566548,1,1,1,1,1,0,1.0
2405364818754,1,1,1,1,1,0,1.0
2405365522053,1,1,1,1,1,0,1.0
2405368222394,1,1,1,1,1,0,1.0
2405369881649,1,1,1,1,1,0,1.0
2405373808823,1,1,1,1,1,0,1.0
2405375137651,1,1,1,1,1,0,1.0
2405376445125,1,1,1,1,1,0,1.0
2405377351585,1,1,1,1,1,0,1.0
2405383364255,1,1,1,1,1,0,1.0
2405384951632,1,1,1,1,1,0,1.0
2405386901681,1,1,1,1,1,0,1.0
2405389218785,1,1,1,1,1,0,1.0
2405393411236,1,1,1,1,1,0,1.0
2405398358446,1,1,1,1,1,0,1.0
2405399138541,1,1,1,1,1,0,1.0
2405405360656,1,1,1,1,1,0,1.0
2405409150863,1,1,1,1,1,0,1.0
2405410727284,1,1,1,1,1,0,1.0
2405410842979,1,1,1,1,1,0,1.0
2405416893927,1,1,1,1,1,0,1.0
2405417675539,1,1,1,1,1,0,1.0
2405421406650,1,1,1,1,1,0,1.0
2405423573322,1,1,1,1,1,0,1.0
2405426267188,1,1,1,1,1,0,1.0
2405426874470,1,1,1,1,1,0,1.0
2405428873449,1,1,1,1,1,0,1.0
2405433212595,1,1,1,1,1,0,1.0
2405436768796,1,1,1,1,1,0,1.0
2405437766183,1,1,1,1,1,0,1.0
2405441061664,1,1,1,1,1,0,1.0
2405449669542,1,1,1,1,1,0,1.0
2405451233559,1,1,1,1,1,0,1.0
2405452607569,1,1,1,1,1,0,1.0
2405454472787,1,1,1,1,1,0,1.0
2405457942753,1,1,1,1,1,0,1.0
2405468627288,1,1,1,1,1,0,1.0
2405468939770,1,1,1,1,1,0,1.0
2405470554912,1,1,1,1,1,0,1.0
2405471057870,1,1,1,1,1,0,1.0
2405476512674,1,1,1,1,1,0,1.0
2405478150618,1,1,1,1,1,0,1.0
2405491465167,1,1,1,1,1,0,1.0
2405497515238,1,1,1,1,1,0,1.0
2405499314536,1,1,1,1,1,0,1.0
2405501352471,1,1,1,1,1,0,1.0
2405505624481,1,1,1,1,1,0,1.0
2405508914908,1,1,1,1,1,0,1.0
2405512817751,1,1,1,1,1,0,1.0
2405514382552,1,1,1,1,1,0,1.0
2405519247411,1,1,1,1,1,0,1.0
2405522950944,1,1,1,1,1,0,1.0
2405523228058,1,1,1,1,1,0,1.0
2405528669335,1,1,1,1,1,0,1.0
2405528961122,1,1,1,1,1,0,1.0
2405532168555,1,1,1,1,1,0,1.0
2405534050892,1,1,1,1,1,0,1.0
2405542373997,1,1,1,1,1,0,1.0
2405542793399,1,1,1,1,1,0,1.0
2405543405416,1,1,1,1,1,0,1.0
2405547435537,1,1,1,1,1,0,1.0
2405555628497,1,1,1,1,1,0,1.0
2405556348141,1,1,1,1,1,0,1.0
2405562394764,1,1,1,1,1,0,1.0
2405565749025,1,1,1,1,1,0,1.0
2405566139060,1,1,1,1,1,0,1.0
2405567613428,1,1,1,1,1,0,1.0
2405570529508,1,1,1,1,1,0,1.0
2405571427093,1,1,1,1,1,0,1.0
2405571749058,1,1,1,1,1,0,1.0
2405573257375,1,1,1,1,1,0,1.0
2405573857368,1,1,1,1,1,0,1.0
2405574908574,1,1,1,1,1,0,1.0
2405575768112,1,1,1,1,1,0,1.0
2405576930888,1,1,1,1,1,0,1.0
2405578419032,1,1,1,1,1,0,1.0
2405579327701,1,1,1,1,1,0,1.0
2405581735792,1,1,1,1,1,0,1.0
2405586511503,1,1,1,1,1,0,1.0
2405588348564,1,1,1,1,1,0,1.0
2405589223552,1,1,1,1,1,0,1.0
2405590599293,1,1,1,1,1,0,1.0
2405591289951,1,1,1,1,1,0,1.0
2405591517827,1,1,1,1,1,0,1.0
2405597371470,1,1,1,1,1,0,1.0
2405598354116,1,1,1,1,1,0,1.0
2405602492357,1,1,1,1,1,0,1.0
2405604500635,1,1,1,1,1,0,1.0
2405607302173,1,1,1,1,1,0,1.0
2405612137730,1,1,1,1,1,0,1.0
2405614178437,1,1,1,1,1,0,1.0
2405616898375,1,1,1,1,1,0,1.0
2405618579064,1,1,1,1,1,0,1.0
2405620098327,1,1,1,1,1,0,1.0
2405621202540,1,1,1,1,1,0,1.0
2405623217914,1,1,1,1,1,0,1.0
2405625313552,1,1,1,1,1,0,1.0
2405626408595,1,1,1,1,1,0,1.0
2405627740215,1,1,1,1,1,0,1.0
2405627796304,1,1,1,1,1,0,1.0
2405632174003,1,1,1,1,1,0,1.0
2405632245182,1,1,1,1,1,0,1.0
2405632250546,1,1,1,1,1,0,1.0
2405633389234,1,1,1,1,1,0,1.0
2405633917299,1,1,1,1,1,0,1.0
2405636798836,1,1,1,1,1,0,1.0
2405637448455,1,1,1,1,1,0,1.0
2405640605643,1,1,1,1,1,0,1.0
2405641089452,1,1,1,1,1,0,1.0
2405644158968,1,1,1,1,1,0,1.0
2405645722757,1,1,1,1,1,0,1.0
2405645981713,1,1,1,1,1,0,1.0
2405647185594,1,1,1,1,1,0,1.0
2405647658575,1,1,1,1,1,0,1.0
2405650460700,1,1,1,1,1,0,1.0
2405650869227,1,1,1,1,1,0,1.0
2405651269448,1,1,1,1,1,0,1.0
2405652554245,1,1,1,1,1,0,1.0
2405657289722,1,1,1,1,1,0,1.0
2405659070554,1,1,1,1,1,0,1.0
2405659950891,1,1,1,1,1,0,1.0
2405661844386,1,1,1,1,1,0,1.0
2405663707043,1,1,1,1,1,0,1.0
2405665183784,1,1,1,1,1,0,1.0
2405665776061,1,1,1,1,1,0,1.0
2405674092016,1,1,1,1,1,0,1.0
2405678587661,1,1,1,1,1,0,1.0
2405681769750,1,1,1,1,1,0,1.0
2405682017530,1,1,1,1,1,0,1.0
2405684172734,1,1,1,1,1,0,1.0
2405691983210,1,1,1,1,1,0,1.0
2405696542095,1,1,1,1,1,0,1.0
2405707650946,1,1,1,1,1,0,1.0
2405713649674,1,1,1,1,1,0,1.0
2405716042614,1,1,1,1,1,0,1.0
2405716400489,1,1,1,1,1,0,1.0
2405725629269,1,1,1,1,1,0,1.0
2405728346389,1,1,1,1,1,0,1.0
2405735805416,1,1,1,1,1,0,1.0
2405737485251,1,1,1,1,1,0,1.0
2405739523285,1,1,1,1,1,0,1.0
2405740405277,1,1,1,1,1,0,1.0
2405741518134,1,1,1,1,1,0,1.0
2405741756592,1,1,1,1,1,0,1.0
2405743642542,1,1,1,1,1,0,1.0
2405744153966,1,1,1,1,1,0,1.0
2405749883968,1,1,1,1,1,0,1.0
2405753148081,1,1,1,1,1,0,1.0
2405756907823,1,1,1,1,1,0,1.0
2405758427686,1,1,1,1,1,0,1.0
2405758498755,1,1,1,1,1,0,1.0
2405762297824,1,1,1,1,1,0,1.0
2405766656749,1,1,1,1,1,0,1.0
2405768321021,1,1,1,1,1,0,1.0
2405778846205,1,1,1,1,1,0,1.0
2405779071416,1,1,1,1,1,0,1.0
2405780978302,1,1,1,1,1,0,1.0
2405781164466,1,1,1,1,1,0,1.0
2405783045596,1,1,1,1,1,0,1.0
2405783756816,1,1,1,1,1,0,1.0
2405784468341,1,1,1,1,1,0,1.0
2405785457653,1,1,1,1,1,0,1.0
2405787158415,1,1,1,1,1,0,1.0
2405789868778,1,1,1,1,1,0,1.0
2405790507236,1,1,1,1,1,0,1.0
2405792517333,1,1,1,1,1,0,1.0
2405796784271,1,1,1,1,1,0,1.0
2405797363831,1,1,1,1,1,0,1.0
2405797766800,1,1,1,1,1,0,1.0
2405798005832,1,1,1,1,1,0,1.0
2405799252340,1,1,1,1,1,0,1.0
2405799659123,1,1,1,1,1,0,1.0
2405800401041,1,1,1,1,1,0,1.0
2405800439735,1,1,1,1,1,0,1.0
2405801535849,1,1,1,1,1,0,1.0
2405802023152,1,1,1,1,1,0,1.0
2405803071460,1,1,1,1,1,0,1.0
2405803308641,1,1,1,1,1,0,1.0
2405805045050,1,1,1,1,1,0,1.0
2405805263211,1,1,1,1,1,0,1.0
2405809351187,1,1,1,1,1,0,1.0
2405810457346,1,1,1,1,1,0,1.0
2405812920592,1,1,1,1,1,0,1.0
2405817452735,1,1,1,1,1,0,1.0
2405824049779,1,1,1,1,1,0,1.0
2405825084342,1,1,1,1,1,0,1.0
2405829420340,1,1,1,1,1,0,1.0
2405839386613,1,1,1,1,1,0,1.0
2405845840222,1,1,1,1,1,0,1.0
2405845972205,1,1,1,1,1,0,1.0
2405847457054,1,1,1,1,1,0,1.0
2405852294252,1,1,1,1,1,0,1.0
2405855373043,1,1,1,1,1,0,1.0
2405861768225,1,1,1,1,1,0,1.0
2405864452646,1,1,1,1,1,0,1.0
2405866356541,1,1,1,1,1,0,1.0
2405868639561,1,1,1,1,1,0,1.0
2405871397187,1,1,1,1,1,0,1.0
2405873393049,1,1,1,1,1,0,1.0
2405874744124,1,1,1,1,1,0,1.0
2405876887779,1,1,1,1,1,0,1.0
2405877712151,1,1,1,1,1,0,1.0
2405878371053,1,1,1,1,1,0,1.0
2405879492315,1,1,1,1,1,0,1.0
2405881959772,1,1,1,1,1,0,1.0
2405884549086,1,1,1,1,1,0,1.0
2405889053325,1,1,1,1,1,0,1.0
2405889144449,1,1,1,1,1,0,1.0
2405889987244,1,1,1,1,1,0,1.0
2405893082107,1,1,1,1,1,0,1.0
2405895247609,1,1,1,1,1,0,1.0
2405895381575,1,1,1,1,1,0,1.0
2405897824256,1,1,1,1,1,0,1.0
2405901751863,1,1,1,1,1,0,1.0
2405906278790,1,1,1,1,1,0,1.0
2405906328775,1,1,1,1,1,0,1.0
2405909472155,1,1,1,1,1,0,1.0
2405911753317,1,1,1,1,1,0,1.0
2405913268423,1,1,1,1,1,0,1.0
2405914509090,1,1,1,1,1,0,1.0
2405915419635,1,1,1,1,1,0,1.0
2405915658179,1,1,1,1,1,0,1.0
2405916011241,1,1,1,1,1,0,1.0
2405916915820,1,1,1,1,1,0,1.0
2405917135785,1,1,1,1,1,0,1.0
2405917489092,1,1,1,1,1,0,1.0
2405920823,2,2,2,1,2,0,29.47
2405930407859,1,1,1,1,1,0,1.0
2405936488208,1,1,1,1,1,0,1.0
2405940821545,1,1,1,1,1,0,1.0
2405944348529,1,1,1,1,1,0,1.0
2405947372132,1,1,1,1,1,0,1.0
2405947470531,1,1,1,1,1,0,1.0
2405948989596,1,1,1,1,1,0,1.0
2405950363262,1,1,1,1,1,0,1.0
2405952984241,1,1,1,1,1,0,1.0
2405954543001,1,1,1,1,1,0,1.0
2405954761680,1,1,1,1,1,0,1.0
2405957812731,1,1,1,1,1,0,1.0
2405961974005,1,1,1,1,1,0,1.0
2405962571976,1,1,1,1,1,0,1.0
2405964254978,1,1,1,1,1,0,1.0
2405964887206,1,1,1,1,1,0,1.0
2405967577991,1,1,1,1,1,0,1.0
2405972804667,1,1,1,1,1,0,1.0
2405973037485,1,1,1,1,1,0,1.0
2405973091218,1,1,1,1,1,0,1.0
2405973725303,1,1,1,1,1,0,1.0
2405978336740,1,1,1,1,1,0,1.0
2405984847169,1,1,1,1,1,0,1.0
2405984913878,1,1,1,1,1,0,1.0
2405986468480,1,1,1,1,1,0,1.0
2405990028422,1,1,1,1,1,0,1.0
2405993176970,1,1,1,1,1,0,1.0
2405996114358,1,1,1,1,1,0,1.0
2405999274662,1,1,1,1,1,0,1.0
2406001365103,1,1,1,1,1,0,1.0
2406002226567,1,1,1,1,1,0,1.0
2406002674586,1,1,1,1,1,0,1.0
2406007694165,1,1,1,1,1,0,1.0
2406007894935,1,1,1,1,1,0,1.0
2406009103128,1,1,1,1,1,0,1.0
2406010831734,1,1,1,1,1,0,1.0
2406012277707,1,1,1,1,1,0,1.0
2406013109862,1,1,1,1,1,0,1.0
2406015653995,1,1,1,1,1,0,1.0
2406023361655,1,1,1,1,1,0,1.0
2406024465467,1,1,1,1,1,0,1.0
2406027912615,1,1,1,1,1,0,1.0
2406029193051,1,1,1,1,1,0,1.0
2406032358418,1,1,1,1,1,0,1.0
2406032370140,1,1,1,1,1,0,1.0
2406032612443,1,1,1,1,1,0,1.0
2406033878852,1,1,1,1,1,0,1.0
2406046290709,1,1,1,1,1,0,1.0
2406049769799,1,1,1,1,1,0,1.0
2406049860372,1,1,1,1,1,0,1.0
2406054270799,1,1,1,1,1,0,1.0
2406056035679,1,1,1,1,1,0,1.0
2406058085690,1,1,1,1,1,0,1.0
2406060480224,1,1,1,1,1,0,1.0
2406062290113,1,1,1,1,1,0,1.0
2406063705545,1,1,1,1,1,0,1.0
2406064166813,1,1,1,1,1,0,1.0
2406066992613,1,1,1,1,1,0,1.0
2406067148981,1,1,1,1,1,0,1.0
2406068921744,1,1,1,1,1,0,1.0
2406069138217,1,1,1,1,1,0,1.0
2406071500665,1,1,1,1,1,0,1.0
2406072509333,1,1,1,1,1,0,1.0
2406073771506,1,1,1,1,1,0,1.0
2406075981731,1,1,1,1,1,0,1.0
2406080753939,1,1,1,1,1,0,1.0
2406082821927,1,1,1,1,1,0,1.0
2406083523391,1,1,1,1,1,0,1.0
2406088532987,1,1,1,1,1,0,1.0
2406088958697,1,1,1,1,1,0,1.0
2406089706493,1,1,1,1,1,0,1.0
2406090916666,1,1,1,1,1,0,1.0
2406097849704,1,1,1,1,1,0,1.0
2406099324707,1,1,1,1,1,0,1.0
2406101061958,1,1,1,1,1,0,1.0
2406101975358,1,1,1,1,1,0,1.0
2406105360743,1,1,1,1,1,0,1.0
2406110760310,1,1,1,1,1,0,1.0
2406112545738,1,1,1,1,1,0,1.0
2406112879429,1,1,1,1,1,0,1.0
2406115640587,1,1,1,1,1,0,1.0
2406118680109,1,1,1,1,1,0,1.0
2406120047113,1,1,1,1,1,0,1.0
2406121491228,1,1,1,1,1,0,1.0
2406122868528,1,1,1,1,1,0,1.0
2406123400152,1,1,1,1,1,0,1.0
2406131217888,1,1,1,1,1,0,1.0
2406133330561,1,1,1,1,1,0,1.0
2406134047500,1,1,1,1,1,0,1.0
2406137157660,1,1,1,1,1,0,1.0
2406137698237,1,1,1,1,1,0,1.0
2406139557458,1,1,1,1,1,0,1.0
2406139604751,1,1,1,1,1,0,1.0
2406142152483,1,1,1,1,1,0,1.0
2406142823428,1,1,1,1,1,0,1.0
2406143153834,1,1,1,1,1,0,1.0
2406143563108,1,1,1,1,1,0,1.0
2406144776186,1,1,1,1,1,0,1.0
2406146391027,1,1,1,1,1,0,1.0
2406147665716,1,1,1,1,1,0,1.0
2406150710661,1,1,1,1,1,0,1.0
2406153722155,1,1,1,1,1,0,1.0
2406155416431,1,1,1,1,1,0,1.0
2406157493251,1,1,1,1,1,0,1.0
2406158844523,1,1,1,1,1,0,1.0
2406159293257,1,1,1,1,1,0,1.0
2406166845015,1,1,1,1,1,0,1.0
2406170731744,1,1,1,1,1,0,1.0
2406172701891,1,1,1,1,1,0,1.0
2406173124321,1,1,1,1,1,0,1.0
2406179327104,1,1,1,1,1,0,1.0
2406180303879,1,1,1,1,1,0,1.0
2406191965701,1,1,1,1,1,0,1.0
2406202820749,1,1,1,1,1,0,1.0
2406203566094,1,1,1,1,1,0,1.0
2406203634443,1,1,1,1,1,0,1.0
2406203760207,1,1,1,1,1,0,1.0
2406207669421,1,1,1,1,1,0,1.0
2406210985327,1,1,1,1,1,0,1.0
2406211823398,1,1,1,1,1,0,1.0
2406219747604,1,1,1,1,1,0,1.0
2406220659100,1,1,1,1,1,0,1.0
2406221890927,1,1,1,1,1,0,1.0
2406232151751,1,1,1,1,1,0,1.0
2406232360667,1,1,1,1,1,0,1.0
2406237634596,1,1,1,1,1,0,1.0
2406238025557,1,1,1,1,1,0,1.0
2406239459942,1,1,1,1,1,0,1.0
2406240683759,1,1,1,1,1,0,1.0
2406242657896,1,1,1,1,1,0,1.0
2406245240558,1,1,1,1,1,0,1.0
2406248748562,1,1,1,1,1,0,1.0
2406249127113,1,1,1,1,1,0,1.0
2406250162204,1,1,1,1,1,0,1.0
2406250845014,1,1,1,1,1,0,1.0
2406252165389,1,1,1,1,1,0,1.0
2406253522938,1,1,1,1,1,0,1.0
2406253941854,1,1,1,1,1,0,1.0
2406258815371,1,1,1,1,1,0,1.0
2406258896792,1,1,1,1,1,0,1.0
2406259045990,1,1,1,1,1,0,1.0
2406259914353,1,1,1,1,1,0,1.0
2406260553855,1,1,1,1,1,0,1.0
2406260702474,1,1,1,1,1,0,1.0
2406263934362,1,1,1,1,1,0,1.0
2406264488694,1,1,1,1,1,0,1.0
2406266821719,1,1,1,1,1,0,1.0
2406266998180,1,1,1,1,1,0,1.0
2406268040850,1,1,1,1,1,0,1.0
2406268943012,1,1,1,1,1,0,1.0
2406270610500,1,1,1,1,1,0,1.0
2406272586182,1,1,1,1,1,0,1.0
2406274157088,1,1,1,1,1,0,1.0
2406276176404,1,1,1,1,1,0,1.0
2406280587777,1,1,1,1,1,0,1.0
2406282196087,1,1,1,1,1,0,1.0
2406284432908,1,1,1,1,1,0,1.0
2406289893651,1,1,1,1,1,0,1.0
2406291279908,1,1,1,1,1,0,1.0
2406292917736,1,1,1,1,1,0,1.0
2406296029649,1,1,1,1,1,0,1.0
2406297611662,1,1,1,1,1,0,1.0
2406299681754,1,1,1,1,1,0,1.0
2406302669803,1,1,1,1,1,0,1.0
2406306636050,1,1,1,1,1,0,1.0
2406307078101,1,1,1,1,1,0,1.0
2406308397725,1,1,1,1,1,0,1.0
2406314131929,1,1,1,1,1,0,1.0
2406314687041,1,1,1,1,1,0,1.0
2406319106971,1,1,1,1,1,0,1.0
2406319946709,1,1,1,1,1,0,1.0
2406327034914,1,1,1,1,1,0,1.0
2406329568986,1,1,1,1,1,0,1.0
2406336027315,1,1,1,1,1,0,1.0
2406336558617,1,1,1,1,1,0,1.0
2406337119351,1,1,1,1,1,0,1.0
2406340916169,1,1,1,1,1,0,1.0
2406340941218,1,1,1,1,1,0,1.0
2406345418299,1,1,1,1,1,0,1.0
2406345645040,1,1,1,1,1,0,1.0
2406351004627,1,1,1,1,1,0,1.0
2406354313311,1,1,1,1,1,0,1.0
2406355578841,1,1,1,1,1,0,1.0
2406356006255,1,1,1,1,1,0,1.0
2406357691364,1,1,1,1,1,0,1.0
2406362105164,1,1,1,1,1,0,1.0
2406362244626,1,1,1,1,1,0,1.0
2406363004335,1,1,1,1,1,0,1.0
2406366941180,1,1,1,1,1,0,1.0
2406370355959,1,1,1,1,1,0,1.0
2406370721850,1,1,1,1,1,0,1.0
2406371892392,1,1,1,1,1,0,1.0
2406372037344,1,1,1,1,1,0,1.0
2406376599162,1,1,1,1,1,0,1.0
2406378170483,1,1,1,1,1,0,1.0
2406382850416,1,1,1,1,1,0,1.0
2406383666943,1,1,1,1,1,0,1.0
2406386233884,1,1,1,1,1,0,1.0
2406386461078,1,1,1,1,1,0,1.0
2406391890091,1,1,1,1,1,0,1.0
2406399287987,1,1,1,1,1,0,1.0
2406401557788,1,1,1,1,1,0,1.0
2406401625953,1,1,1,1,1,0,1.0
2406406415118,1,1,1,1,1,0,1.0
2406408194448,1,1,1,1,1,0,1.0
2406416936835,1,1,1,1,1,0,1.0
2406417692743,1,1,1,1,1,0,1.0
2406420118082,1,1,1,1,1,0,1.0
2406422764349,1,1,1,1,1,0,1.0
2406428595252,1,1,1,1,1,0,1.0
2406429306461,1,1,1,1,1,0,1.0
2406429617247,1,1,1,1,1,0,1.0
2406430297081,1,1,1,1,1,0,1.0
2406432314565,1,1,1,1,1,0,1.0
2406435371214,1,1,1,1,1,0,1.0
2406437702170,1,1,1,1,1,0,1.0
2406441343275,1,1,1,1,1,0,1.0
2406441603328,1,1,1,1,1,0,1.0
2406444581649,1,1,1,1,1,0,1.0
2406449251925,1,1,1,1,1,0,1.0
2406454056020,1,1,1,1,1,0,1.0
2406458295463,1,1,1,1,1,0,1.0
2406459478007,1,1,1,1,1,0,1.0
2406459803440,1,1,1,1,1,0,1.0
2406461533002,1,1,1,1,1,0,1.0
2406467997024,1,1,1,1,1,0,1.0
2406481491778,1,1,1,1,1,0,1.0
2406484494116,1,1,1,1,1,0,1.0
2406484673574,1,1,1,1,1,0,1.0
2406485796886,1,1,1,1,1,0,1.0
2406486067398,1,1,1,1,1,0,1.0
2406488771906,1,1,1,1,1,0,1.0
2406490132495,1,1,1,1,1,0,1.0
2406491111096,1,1,1,1,1,0,1.0
2406492152964,1,1,1,1,1,0,1.0
2406492515837,1,1,1,1,1,0,1.0
2406492907038,1,1,1,1,1,0,1.0
2406495665660,1,1,1,1,1,0,1.0
2406496737945,1,1,1,1,1,0,1.0
2406499339745,1,1,1,1,1,0,1.0
2406504715802,1,1,1,1,1,0,1.0
2406505276120,1,1,1,1,1,0,1.0
2406505476744,1,1,1,1,1,0,1.0
2406510389537,1,1,1,1,1,0,1.0
2406516512654,1,1,1,1,1,0,1.0
2406517680866,1,1,1,1,1,0,1.0
2406521010745,1,1,1,1,1,0,1.0
2406525483744,1,1,1,1,1,0,1.0
2406529905367,1,1,1,1,1,0,1.0
2406531361487,1,1,1,1,1,0,1.0
2406543089523,1,1,1,1,1,0,1.0
2406543113096,1,1,1,1,1,0,1.0
2406546141191,1,1,1,1,1,0,1.0
2406548338806,1,1,1,1,1,0,1.0
2406552899316,1,1,1,1,1,0,1.0
2406556192218,1,1,1,1,1,0,1.0
2406556472929,1,1,1,1,1,0,1.0
2406556732383,1,1,1,1,1,0,1.0
2406559761355,1,1,1,1,1,0,1.0
2406560494519,1,1,1,1,1,0,1.0
2406561833597,1,1,1,1,1,0,1.0
2406561978968,1,1,1,1,1,0,1.0
2406569044846,1,1,1,1,1,0,1.0
2406569963874,1,1,1,1,1,0,1.0
2406570310122,1,1,1,1,1,0,1.0
2406572628498,1,1,1,1,1,0,1.0
2406572818291,1,1,1,1,1,0,1.0
2406573762426,1,1,1,1,1,0,1.0
2406573853751,1,1,1,1,1,0,1.0
2406575557486,1,1,1,1,1,0,1.0
2406577580974,1,1,1,1,1,0,1.0
2406579681032,1,1,1,1,1,0,1.0
2406580643855,1,1,1,1,1,0,1.0
2406582344538,1,1,1,1,1,0,1.0
2406585473989,1,1,1,1,1,0,1.0
2406587280238,1,1,1,1,1,0,1.0
2406589884386,1,1,1,1,1,0,1.0
2406594805316,1,1,1,1,1,0,1.0
2406598669327,1,1,1,1,1,0,1.0
2406606328798,1,1,1,1,1,0,1.0
2406608112600,1,1,1,1,1,0,1.0
2406612875857,1,1,1,1,1,0,1.0
2406617658818,1,1,1,1,1,0,1.0
2406621380595,1,1,1,1,1,0,1.0
2406624813235,1,1,1,1,1,0,1.0
2406625396718,1,1,1,1,1,0,1.0
2406630906695,1,1,1,1,1,0,1.0
2406633705024,1,1,1,1,1,0,1.0
2406639032143,1,1,1,1,1,0,1.0
2406640072032,1,1,1,1,1,0,1.0
2406642394026,1,1,1,1,1,0,1.0
2406646419623,1,1,1,1,1,0,1.0
2406647741313,1,1,1,1,1,0,1.0
2406648143137,1,1,1,1,1,0,1.0
2406654053242,1,1,1,1,1,0,1.0
2406656067755,1,1,1,1,1,0,1.0
2406657486597,1,1,1,1,1,0,1.0
2406661449429,1,1,1,1,1,0,1.0
2406661780886,1,1,1,1,1,0,1.0
2406662068566,1,1,1,1,1,0,1.0
2406662159183,1,1,1,1,1,0,1.0
2406663093299,1,1,1,1,1,0,1.0
2406664374906,1,1,1,1,1,0,1.0
2406666369472,1,1,1,1,1,0,1.0
2406666760083,1,1,1,1,1,0,1.0
2406670191871,1,1,1,1,1,0,1.0
2406675859877,1,1,1,1,1,0,1.0
2406676527284,1,1,1,1,1,0,1.0
2406678845732,1,1,1,1,1,0,1.0
2406687002176,1,1,1,1,1,0,1.0
2406687887883,1,1,1,1,1,0,1.0
2406687930302,1,1,1,1,1,0,1.0
2406689742757,1,1,1,1,1,0,1.0
2406690205109,1,1,1,1,1,0,1.0
2406691008224,1,1,1,1,1,0,1.0
2406693548910,1,1,1,1,1,0,1.0
2406694793802,1,1,1,1,1,0,1.0
2406696922953,1,1,1,1,1,0,1.0
2406700900436,1,1,1,1,1,0,1.0
2406702440330,1,1,1,1,1,0,1.0
2406708762408,1,1,1,1,1,0,1.0
2406710529877,1,1,1,1,1,0,1.0
2406715663685,1,1,1,1,1,0,1.0
2406716977819,1,1,1,1,1,0,1.0
2406719796978,1,1,1,1,1,0,1.0
2406723904418,1,1,1,1,1,0,1.0
2406724195415,1,1,1,1,1,0,1.0
2406724347014,1,1,1,1,1,0,1.0
2406728728660,1,1,1,1,1,0,1.0
2406731234388,1,1,1,1,1,0,1.0
2406732586848,1,1,1,1,1,0,1.0
2406732904575,1,1,1,1,1,0,1.0
2406734815391,1,1,1,1,1,0,1.0
2406737250093,1,1,1,1,1,0,1.0
2406737497622,1,1,1,1,1,0,1.0
2406740865600,1,1,1,1,1,0,1.0
2406741671239,1,1,1,1,1,0,1.0
2406742662991,1,1,1,1,1,0,1.0
2406742860476,1,1,1,1,1,0,1.0
2406745339625,1,1,1,1,1,0,1.0
2406747152035,1,1,1,1,1,0,1.0
2406749261764,1,1,1,1,1,0,1.0
2406752059354,1,1,1,1,1,0,1.0
2406755125427,1,1,1,1,1,0,1.0
2406767416606,1,1,1,1,1,0,1.0
2406770028427,1,1,1,1,1,0,1.0
2406770667219,1,1,1,1,1,0,1.0
2406771251589,1,1,1,1,1,0,1.0
2406774473245,1,1,1,1,1,0,1.0
2406776968870,1,1,1,1,1,0,1.0
2406777110909,1,1,1,1,1,0,1.0
2406779466853,1,1,1,1,1,0,1.0
2406785304456,1,1,1,1,1,0,1.0
2406786290251,1,1,1,1,1,0,1.0
2406789973080,1,1,1,1,1,0,1.0
2406793263345,1,1,1,1,1,0,1.0
2406796325942,1,1,1,1,1,0,1.0
2406797808684,1,1,1,1,1,0,1.0
2406800907220,1,1,1,1,1,0,1.0
2406801269625,1,1,1,1,1,0,1.0
2406801867740,1,1,1,1,1,0,1.0
2406808760385,1,1,1,1,1,0,1.0
2406808835855,1,1,1,1,1,0,1.0
2406814298315,1,1,1,1,1,0,1.0
2406814473947,1,1,1,1,1,0,1.0
2406817557958,1,1,1,1,1,0,1.0
2406823373393,1,1,1,1,1,0,1.0
2406827256393,1,1,1,1,1,0,1.0
2406828765755,1,1,1,1,1,0,1.0
2406830177626,1,1,1,1,1,0,1.0
2406839699571,1,1,1,1,1,0,1.0
2406842633618,1,1,1,1,1,0,1.0
2406845525274,1,1,1,1,1,0,1.0
2406848507013,1,1,1,1,1,0,1.0
2406851640640,1,1,1,1,1,0,1.0
2406858643311,1,1,1,1,1,0,1.0
2406859766469,1,1,1,1,1,0,1.0
2406869461841,1,1,1,1,1,0,1.0
2406873391158,1,1,1,1,1,0,1.0
2406875670718,1,1,1,1,1,0,1.0
2406880848207,1,1,1,1,1,0,1.0
2406883275327,1,1,1,1,1,0,1.0
2406884047633,1,1,1,1,1,0,1.0
2406885455363,1,1,1,1,1,0,1.0
2406886738226,1,1,1,1,1,0,1.0
2406893327661,1,1,1,1,1,0,1.0
2406893345004,1,1,1,1,1,0,1.0
2406901079237,1,1,1,1,1,0,1.0
2406902837727,1,1,1,1,1,0,1.0
2406903337363,1,1,1,1,1,0,1.0
2406903583223,1,1,1,1,1,0,1.0
2406904635077,1,1,1,1,1,0,1.0
2406907826333,1,1,1,1,1,0,1.0
2406911030897,1,1,1,1,1,0,1.0
2406911223214,1,1,1,1,1,0,1.0
2406915697807,1,1,1,1,1,0,1.0
2406919486707,1,1,1,1,1,0,1.0
2406922394071,1,1,1,1,1,0,1.0
2406932405741,1,1,1,1,1,0,1.0
2406933753614,1,1,1,1,1,0,1.0
2406934292913,1,1,1,1,1,0,1.0
2406939089413,1,1,1,1,1,0,1.0
2406939553308,1,1,1,1,1,0,1.0
2406939578752,1,1,1,1,1,0,1.0
2406941235288,1,1,1,1,1,0,1.0
2406943074982,1,1,1,1,1,0,1.0
2406945919663,1,1,1,1,1,0,1.0
2406947258784,1,1,1,1,1,0,1.0
2406949739768,1,1,1,1,1,0,1.0
2406952121560,1,1,1,1,1,0,1.0
2406952357865,1,1,1,1,1,0,1.0
2406955286209,1,1,1,1,1,0,1.0
2406960956611,1,1,1,1,1,0,1.0
2406974721712,1,1,1,1,1,0,1.0
2406976487849,1,1,1,1,1,0,1.0
2406981528733,1,1,1,1,1,0,1.0
2406983649509,1,1,1,1,1,0,1.0
2406984775965,1,1,1,1,1,0,1.0
2406985700272,1,1,1,1,1,0,1.0
2406987036883,1,1,1,1,1,0,1.0
2406990185111,1,1,1,1,1,0,1.0
2406996213923,1,1,1,1,1,0,1.0
2406998426732,1,1,1,1,1,0,1.0
2406998428828,1,1,1,1,1,0,1.0
2406998758525,1,1,1,1,1,0,1.0
2406999393449,1,1,1,1,1,0,1.0
2407000267554,1,1,1,1,1,0,1.0
2407002136139,1,1,1,1,1,0,1.0
2407002518828,1,1,1,1,1,0,1.0
2407006268610,1,1,1,1,1,0,1.0
2407009358717,1,1,1,1,1,0,1.0
2407009687304,1,1,1,1,1,0,1.0
2407011269928,1,1,1,1,1,0,1.0
2407012770632,1,1,1,1,1,0,1.0
2407014389204,1,1,1,1,1,0,1.0
2407014498771,1,1,1,1,1,0,1.0
2407014508993,1,1,1,1,1,0,1.0
2407015522641,1,1,1,1,1,0,1.0
2407016541838,1,1,1,1,1,0,1.0
2407016608801,1,1,1,1,1,0,1.0
2407017130232,1,1,1,1,1,0,1.0
2407017850205,1,1,1,1,1,0,1.0
2407025431639,1,1,1,1,1,0,1.0
2407026406260,1,1,1,1,1,0,1.0
2407027510056,1,1,1,1,1,0,1.0
2407027937145,1,1,1,1,1,0,1.0
2407031286913,1,1,1,1,1,0,1.0
2407032288897,1,1,1,1,1,0,1.0
2407033329594,1,1,1,1,1,0,1.0
2407034756016,1,1,1,1,1,0,1.0
2407039508888,1,1,1,1,1,0,1.0
2407043796508,1,1,1,1,1,0,1.0
2407046226817,1,1,1,1,1,0,1.0
2407047023712,1,1,1,1,1,0,1.0
2407047743490,1,1,1,1,1,0,1.0
2407048281489,1,1,1,1,1,0,1.0
2407054668893,1,1,1,1,1,0,1.0
2407059488753,1,1,1,1,1,0,1.0
2407063378747,1,1,1,1,1,0,1.0
2407063632863,1,1,1,1,1,0,1.0
2407067596500,1,1,1,1,1,0,1.0
2407071020234,1,1,1,1,1,0,1.0
2407071198951,1,1,1,1,1,0,1.0
2407073068688,1,1,1,1,1,0,1.0
2407076280995,1,1,1,1,1,0,1.0
2407077576627,1,1,1,1,1,0,1.0
2407078384784,1,1,1,1,1,0,1.0
2407083388806,1,1,1,1,1,0,1.0
2407095062632,1,1,1,1,1,0,1.0
2407095577200,1,1,1,1,1,0,1.0
2407097915422,1,1,1,1,1,0,1.0
2407104044646,1,1,1,1,1,0,1.0
2407107382322,1,1,1,1,1,0,1.0
2407108228194,1,1,1,1,1,0,1.0
2407114865658,1,1,1,1,1,0,1.0
2407121249876,1,1,1,1,1,0,1.0
2407128403840,1,1,1,1,1,0,1.0
2407130370971,1,1,1,1,1,0,1.0
2407131439692,1,1,1,1,1,0,1.0
2407135384732,1,1,1,1,1,0,1.0
2407136930052,1,1,1,1,1,0,1.0
2407137564867,1,1,1,1,1,0,1.0
2407149131046,1,1,1,1,1,0,1.0
2407150416591,1,1,1,1,1,0,1.0
2407151041367,1,1,1,1,1,0,1.0
2407151332690,1,1,1,1,1,0,1.0
2407153784205,1,1,1,1,1,0,1.0
2407154224125,1,1,1,1,1,0,1.0
2407155333179,1,1,1,1,1,0,1.0
2407156210004,1,1,1,1,1,0,1.0
2407157557166,1,1,1,1,1,0,1.0
2407157724599,1,1,1,1,1,0,1.0
2407168923217,1,1,1,1,1,0,1.0
2407175240975,1,1,1,1,1,0,1.0
2407175663579,1,1,1,1,1,0,1.0
2407176350642,1,1,1,1,1,0,1.0
2407181063198,1,1,1,1,1,0,1.0
2407183410006,1,1,1,1,1,0,1.0
2407185081463,1,1,1,1,1,0,1.0
2407186294368,1,1,1,1,1,0,1.0
2407187500369,1,1,1,1,1,0,1.0
2407187988235,1,1,1,1,1,0,1.0
2407189935475,1,1,1,1,1,0,1.0
2407192615487,1,1,1,1,1,0,1.0
2407193916527,1,1,1,1,1,0,1.0
2407197323815,1,1,1,1,1,0,1.0
2407198460534,1,1,1,1,1,0,1.0
2407201082402,1,1,1,1,1,0,1.0
2407204509806,1,1,1,1,1,0,1.0
2407206965776,1,1,1,1,1,0,1.0
2407210463118,1,1,1,1,1,0,1.0
2407215107029,1,1,1,1,1,0,1.0
2407217618989,1,1,1,1,1,0,1.0
2407220542216,1,1,1,1,1,0,1.0
2407228200557,1,1,1,1,1,0,1.0
2407232472828,1,1,1,1,1,0,1.0
2407237225931,1,1,1,1,1,0,1.0
2407241975028,1,1,1,1,1,0,1.0
2407244069535,1,1,1,1,1,0,1.0
2407246259997,1,1,1,1,1,0,1.0
2407246330345,1,1,1,1,1,0,1.0
2407246676226,1,1,1,1,1,0,1.0
2407254422535,1,1,1,1,1,0,1.0
2407257522625,1,1,1,1,1,0,1.0
2407260213180,1,1,1,1,1,0,1.0
2407262942066,1,1,1,1,1,0,1.0
2407267545769,1,1,1,1,1,0,1.0
2407268565505,1,1,1,1,1,0,1.0
2407268779388,1,1,1,1,1,0,1.0
2407270224102,1,1,1,1,1,0,1.0
2407277282769,1,1,1,1,1,0,1.0
2407280072720,1,1,1,1,1,0,1.0
2407281959816,1,1,1,1,1,0,1.0
2407283334326,1,1,1,1,1,0,1.0
2407284540182,1,1,1,1,1,0,1.0
2407285021553,1,1,1,1,1,0,1.0
2407285353399,1,1,1,1,1,0,1.0
2407285759582,1,1,1,1,1,0,1.0
2407296204297,1,1,1,1,1,0,1.0
2407299766562,1,1,1,1,1,0,1.0
2407301924418,1,1,1,1,1,0,1.0
2407309009062,1,1,1,1,1,0,1.0
2407309532670,1,1,1,1,1,0,1.0
2407309818192,1,1,1,1,1,0,1.0
2407314217562,1,1,1,1,1,0,1.0
2407315841714,1,1,1,1,1,0,1.0
2407315847768,1,1,1,1,1,0,1.0
2407320129531,1,1,1,1,1,0,1.0
2407320220173,1,1,1,1,1,0,1.0
2407321271215,1,1,1,1,1,0,1.0
2407325538274,1,1,1,1,1,0,1.0
2407327839692,1,1,1,1,1,0,1.0
2407328162910,1,1,1,1,1,0,1.0
2407331881567,1,1,1,1,1,0,1.0
2407337461215,1,1,1,1,1,0,1.0
2407337610727,1,1,1,1,1,0,1.0
2407340538676,1,1,1,1,1,0,1.0
2407343282391,1,1,1,1,1,0,1.0
2407344580197,1,1,1,1,1,0,1.0
2407345475749,1,1,1,1,1,0,1.0
2407351090933,1,1,1,1,1,0,1.0
2407355278451,1,1,1,1,1,0,1.0
2407359283962,1,1,1,1,1,0,1.0
2407360511035,1,1,1,1,1,0,1.0
2407362530342,1,1,1,1,1,0,1.0
2407364140226,1,1,1,1,1,0,1.0
2407364248096,1,1,1,1,1,0,1.0
2407365764554,1,1,1,1,1,0,1.0
2407370387746,1,1,1,1,1,0,1.0
2407371784587,1,1,1,1,1,0,1.0
2407372590125,1,1,1,1,1,0,1.0
2407372830093,1,1,1,1,1,0,1.0
2407372954503,1,1,1,1,1,0,1.0
2407381567997,1,1,1,1,1,0,1.0
2407382760670,1,1,1,1,1,0,1.0
2407384315567,1,1,1,1,1,0,1.0
2407393899204,1,1,1,1,1,0,1.0
2407396369969,1,1,1,1,1,0,1.0
2407402823164,1,1,1,1,1,0,1.0
2407402826565,1,1,1,1,1,0,1.0
2407404336895,1,1,1,1,1,0,1.0
2407404772464,1,1,1,1,1,0,1.0
2407405171757,1,1,1,1,1,0,1.0
2407405714469,1,1,1,1,1,0,1.0
2407406242610,1,1,1,1,1,0,1.0
2407408975784,1,1,1,1,1,0,1.0
2407409126028,1,1,1,1,1,0,1.0
2407409131117,1,1,1,1,1,0,1.0
2407410591579,1,1,1,1,1,0,1.0
2407414201349,1,1,1,1,1,0,1.0
2407416371206,1,1,1,1,1,0,1.0
2407416537466,1,1,1,1,1,0,1.0
2407416867448,1,1,1,1,1,0,1.0
2407417918480,1,1,1,1,1,0,1.0
2407422294643,1,1,1,1,1,0,1.0
2407423183061,1,1,1,1,1,0,1.0
2407429671756,1,1,1,1,1,0,1.0
2407432692494,1,1,1,1,1,0,1.0
2407433384965,1,1,1,1,1,0,1.0
2407434021970,1,1,1,1,1,0,1.0
2407435670277,1,1,1,1,1,0,1.0
2407437212384,1,1,1,1,1,0,1.0
2407437299035,1,1,1,1,1,0,1.0
2407439391916,1,1,1,1,1,0,1.0
2407445825742,1,1,1,1,1,0,1.0
2407455084289,1,1,1,1,1,0,1.0
2407460034105,1,1,1,1,1,0,1.0
2407463177186,1,1,1,1,1,0,1.0
2407464227300,1,1,1,1,1,0,1.0
2407464533164,1,1,1,1,1,0,1.0
2407465505751,1,1,1,1,1,0,1.0
2407467621202,1,1,1,1,1,0,1.0
2407469660606,1,1,1,1,1,0,1.0
2407470002687,1,1,1,1,1,0,1.0
2407470465717,1,1,1,1,1,0,1.0
2407474073972,1,1,1,1,1,0,1.0
2407476484559,1,1,1,1,1,0,1.0
2407484643103,1,1,1,1,1,0,1.0
2407486993588,1,1,1,1,1,0,1.0
2407487056623,1,1,1,1,1,0,1.0
2407488168204,1,1,1,1,1,0,1.0
2407490044910,1,1,1,1,1,0,1.0
2407491348169,1,1,1,1,1,0,1.0
2407492050318,1,1,1,1,1,0,1.0
2407492663295,1,1,1,1,1,0,1.0
2407492944993,1,1,1,1,1,0,1.0
2407494653984,1,1,1,1,1,0,1.0
2407497852491,1,1,1,1,1,0,1.0
2407499883519,1,1,1,1,1,0,1.0
2407504093701,1,1,1,1,1,0,1.0
2407505611555,1,1,1,1,1,0,1.0
2407513158620,1,1,1,1,1,0,1.0
2407516061403,1,1,1,1,1,0,1.0
2407516748673,1,1,1,1,1,0,1.0
2407519267750,1,1,1,1,1,0,1.0
2407519712847,1,1,1,1,1,0,1.0
2407520025569,1,1,1,1,1,0,1.0
2407520238974,1,1,1,1,1,0,1.0
2407521455447,1,1,1,1,1,0,1.0
2407531368593,1,1,1,1,1,0,1.0
2407531779105,1,1,1,1,1,0,1.0
2407533631492,1,1,1,1,1,0,1.0
2407535024694,1,1,1,1,1,0,1.0
2407536170617,1,1,1,1,1,0,1.0
2407537450883,1,1,1,1,1,0,1.0
2407541184762,1,1,1,1,1,0,1.0
2407552314913,1,1,1,1,1,0,1.0
2407553373477,1,1,1,1,1,0,1.0
2407553942373,1,1,1,1,1,0,1.0
2407560208019,1,1,1,1,1,0,1.0
2407563112138,1,1,1,1,1,0,1.0
2407566807345,1,1,1,1,1,0,1.0
2407567538668,1,1,1,1,1,0,1.0
2407570974141,1,1,1,1,1,0,1.0
2407573554814,1,1,1,1,1,0,1.0
2407573660965,1,1,1,1,1,0,1.0
2407574058923,1,1,1,1,1,0,1.0
2407574545173,1,1,1,1,1,0,1.0
2407576826369,1,1,1,1,1,0,1.0
2407577079606,1,1,1,1,1,0,1.0
2407583356638,1,1,1,1,1,0,1.0
2407585485965,1,1,1,1,1,0,1.0
2407595141864,1,1,1,1,1,0,1.0
2407604027183,1,1,1,1,1,0,1.0
2407607866076,1,1,1,1,1,0,1.0
2407609713777,1,1,1,1,1,0,1.0
2407610527237,1,1,1,1,1,0,1.0
2407612898993,1,1,1,1,1,0,1.0
2407615842511,1,1,1,1,1,0,1.0
2407621577405,1,1,1,1,1,0,1.0
2407625503250,1,1,1,1,1,0,1.0
2407625906200,1,1,1,1,1,0,1.0
2407629507671,1,1,1,1,1,0,1.0
2407629833477,1,1,1,1,1,0,1.0
2407630728727,1,1,1,1,1,0,1.0
2407630901573,1,1,1,1,1,0,1.0
2407637153988,1,1,1,1,1,0,1.0
2407638631863,1,1,1,1,1,0,1.0
2407640006875,1,1,1,1,1,0,1.0
2407640838580,1,1,1,1,1,0,1.0
2407642369170,1,1,1,1,1,0,1.0
2407644943632,1,1,1,1,1,0,1.0
2407647229812,1,1,1,1,1,0,1.0
2407659486378,1,1,1,1,1,0,1.0
2407659544088,1,1,1,1,1,0,1.0
2407660022003,1,1,1,1,1,0,1.0
2407662154151,1,1,1,1,1,0,1.0
2407665061809,1,1,1,1,1,0,1.0
2407665420986,1,1,1,1,1,0,1.0
2407665905349,1,1,1,1,1,0,1.0
2407667861986,1,1,1,1,1,0,1.0
2407668089504,1,1,1,1,1,0,1.0
2407671499863,1,1,1,1,1,0,1.0
2407672095799,1,1,1,1,1,0,1.0
2407675149753,1,1,1,1,1,0,1.0
2407677583131,1,1,1,1,1,0,1.0
2407681605191,1,1,1,1,1,0,1.0
2407682523815,1,1,1,1,1,0,1.0
2407682996728,1,1,1,1,1,0,1.0
2407685384994,1,1,1,1,1,0,1.0
2407687014626,1,1,1,1,1,0,1.0
2407687526437,1,1,1,1,1,0,1.0
2407690700960,1,1,1,1,1,0,1.0
2407694535365,1,1,1,1,1,0,1.0
2407700378171,1,1,1,1,1,0,1.0
2407700541199,1,1,1,1,1,0,1.0
2407702238045,1,1,1,1,1,0,1.0
2407704990967,1,1,1,1,1,0,1.0
2407706736820,1,1,1,1,1,0,1.0
2407709895342,1,1,1,1,1,0,1.0
2407710629450,1,1,1,1,1,0,1.0
2407712582848,1,1,1,1,1,0,1.0
2407713715342,1,1,1,1,1,0,1.0
2407716991658,1,1,1,1,1,0,1.0
2407718551687,1,1,1,1,1,0,1.0
2407721075240,1,1,1,1,1,0,1.0
2407721788728,1,1,1,1,1,0,1.0
2407722164175,1,1,1,1,1,0,1.0
2407723692929,1,1,1,1,1,0,1.0
2407725961159,1,1,1,1,1,0,1.0
2407729343010,1,1,1,1,1,0,1.0
2407729753335,1,1,1,1,1,0,1.0
2407730638556,1,1,1,1,1,0,1.0
2407731319749,1,1,1,1,1,0,1.0
2407731806325,1,1,1,1,1,0,1.0
2407732357374,1,1,1,1,1,0,1.0
2407732372492,1,1,1,1,1,0,1.0
2407732449134,1,1,1,1,1,0,1.0
2407733430718,1,1,1,1,1,0,1.0
2407735031884,1,1,1,1,1,0,1.0
2407735956919,1,1,1,1,1,0,1.0
2407736609859,1,1,1,1,1,0,1.0
2407736772443,1,1,1,1,1,0,1.0
2407744222124,1,1,1,1,1,0,1.0
2407749649909,1,1,1,1,1,0,1.0
2407751536720,1,1,1,1,1,0,1.0
2407756185374,1,1,1,1,1,0,1.0
2407756900019,1,1,1,1,1,0,1.0
2407759902549,1,1,1,1,1,0,1.0
2407761276514,1,1,1,1,1,0,1.0
2407762369663,1,1,1,1,1,0,1.0
2407762601835,1,1,1,1,1,0,1.0
2407764237885,1,1,1,1,1,0,1.0
2407767199038,1,1,1,1,1,0,1.0
2407772043971,1,1,1,1,1,0,1.0
2407772774575,1,1,1,1,1,0,1.0
2407775323863,1,1,1,1,1,0,1.0
2407778321867,1,1,1,1,1,0,1.0
2407778673971,1,1,1,1,1,0,1.0
2407781456474,1,1,1,1,1,0,1.0
2407788921418,1,1,1,1,1,0,1.0
2407789433276,1,1,1,1,1,0,1.0
2407793854609,1,1,1,1,1,0,1.0
2407794523219,1,1,1,1,1,0,1.0
2407798768299,1,1,1,1,1,0,1.0
2407803463328,1,1,1,1,1,0,1.0
2407808264931,1,1,1,1,1,0,1.0
2407808866932,1,1,1,1,1,0,1.0
2407811016219,1,1,1,1,1,0,1.0
2407813409514,1,1,1,1,1,0,1.0
2407813742141,1,1,1,1,1,0,1.0
2407817042327,1,1,1,1,1,0,1.0
2407818875815,1,1,1,1,1,0,1.0
2407820829737,1,1,1,1,1,0,1.0
2407820993872,1,1,1,1,1,0,1.0
2407821056733,1,1,1,1,1,0,1.0
2407823129957,1,1,1,1,1,0,1.0
2407824116434,1,1,1,1,1,0,1.0
2407827577306,1,1,1,1,1,0,1.0
2407827710501,1,1,1,1,1,0,1.0
2407832031613,1,1,1,1,1,0,1.0
2407833594822,1,1,1,1,1,0,1.0
2407834127083,1,1,1,1,1,0,1.0
2407835179838,1,1,1,1,1,0,1.0
2407837031754,1,1,1,1,1,0,1.0
2407839071212,1,1,1,1,1,0,1.0
2407842471649,1,1,1,1,1,0,1.0
2407844298299,1,1,1,1,1,0,1.0
2407849082456,1,1,1,1,1,0,1.0
2407854458771,1,1,1,1,1,0,1.0
2407861658413,1,1,1,1,1,0,1.0
2407863594301,1,1,1,1,1,0,1.0
2407863767316,1,1,1,1,1,0,1.0
2407865095256,1,1,1,1,1,0,1.0
2407866557195,1,1,1,1,1,0,1.0
2407879054116,1,1,1,1,1,0,1.0
2407879565442,1,1,1,1,1,0,1.0
2407880936766,1,1,1,1,1,0,1.0
2407881253251,1,1,1,1,1,0,1.0
2407884779888,1,1,1,1,1,0,1.0
2407889155939,1,1,1,1,1,0,1.0
2407891771020,1,1,1,1,1,0,1.0
2407897267156,1,1,1,1,1,0,1.0
2407897616829,1,1,1,1,1,0,1.0
2407897755426,1,1,1,1,1,0,1.0
2407904470856,1,1,1,1,1,0,1.0
2407905387518,1,1,1,1,1,0,1.0
2407905528183,1,1,1,1,1,0,1.0
2407912141614,1,1,1,1,1,0,1.0
2407912251575,1,1,1,1,1,0,1.0
2407916712794,1,1,1,1,1,0,1.0
2407917665122,1,1,1,1,1,0,1.0
2407919445576,1,1,1,1,1,0,1.0
2407923264870,1,1,1,1,1,0,1.0
2407929111799,1,1,1,1,1,0,1.0
2407931363659,1,1,1,1,1,0,1.0
2407932008224,1,1,1,1,1,0,1.0
2407932353933,1,1,1,1,1,0,1.0
2407941908788,1,1,1,1,1,0,1.0
2407943444175,1,1,1,1,1,0,1.0
2407958187744,1,1,1,1,1,0,1.0
2407963346746,1,1,1,1,1,0,1.0
2407965273983,1,1,1,1,1,0,1.0
2407975643273,1,1,1,1,1,0,1.0
2407979389269,1,1,1,1,1,0,1.0
2407981233160,1,1,1,1,1,0,1.0
2407983677810,1,1,1,1,1,0,1.0
2407988217026,1,1,1,1,1,0,1.0
2407988937363,1,1,1,1,1,0,1.0
2407989764433,1,1,1,1,1,0,1.0
2407993712406,1,1,1,1,1,0,1.0
2407994505495,1,1,1,1,1,0,1.0
2407997931589,1,1,1,1,1,0,1.0
2407998708053,1,1,1,1,1,0,1.0
2407998904381,1,1,1,1,1,0,1.0
2408000489168,1,1,1,1,1,0,1.0
2408002729171,1,1,1,1,1,0,1.0
2408003383367,1,1,1,1,1,0,1.0
2408005440277,1,1,1,1,1,0,1.0
2408005573380,1,1,1,1,1,0,1.0
2408013702098,1,1,1,1,1,0,1.0
2408013871628,1,1,1,1,1,0,1.0
2408014138113,1,1,1,1,1,0,1.0
2408015716479,1,1,1,1,1,0,1.0
2408020752046,1,1,1,1,1,0,1.0
2408020820646,1,1,1,1,1,0,1.0
2408023621921,1,1,1,1,1,0,1.0
2408026933154,1,1,1,1,1,0,1.0
2408028273980,1,1,1,1,1,0,1.0
2408030569067,1,1,1,1,1,0,1.0
2408031201327,1,1,1,1,1,0,1.0
2408031538882,1,1,1,1,1,0,1.0
2408032427161,1,1,1,1,1,0,1.0
2408034594893,1,1,1,1,1,0,1.0
2408034764472,1,1,1,1,1,0,1.0
2408037825371,1,1,1,1,1,0,1.0
2408039098802,1,1,1,1,1,0,1.0
2408040334801,1,1,1,1,1,0,1.0
2408040737304,1,1,1,1,1,0,1.0
2408045769229,1,1,1,1,1,0,1.0
2408046779338,1,1,1,1,1,0,1.0
2408052924075,1,1,1,1,1,0,1.0
2408053100330,1,1,1,1,1,0,1.0
2408053659726,1,1,1,1,1,0,1.0
2408058877968,1,1,1,1,1,0,1.0
2408063958454,1,1,1,1,1,0,1.0
2408071860699,1,1,1,1,1,0,1.0
2408075957947,1,1,1,1,1,0,1.0
2408076615458,1,1,1,1,1,0,1.0
2408076965776,1,1,1,1,1,0,1.0
2408077858599,1,1,1,1,1,0,1.0
2408081063551,1,1,1,1,1,0,1.0
2408083480985,1,1,1,1,1,0,1.0
2408084274062,1,1,1,1,1,0,1.0
2408084388168,1,1,1,1,1,0,1.0
2408085954486,1,1,1,1,1,0,1.0
2408087667845,1,1,1,1,1,0,1.0
2408087991962,1,1,1,1,1,0,1.0
2408092550213,1,1,1,1,1,0,1.0
2408099839767,1,1,1,1,1,0,1.0
2408105939030,1,1,1,1,1,0,1.0
2408108013267,1,1,1,1,1,0,1.0
2408108358328,1,1,1,1,1,0,1.0
2408110699429,1,1,1,1,1,0,1.0
2408110802388,1,1,1,1,1,0,1.0
2408111468726,1,1,1,1,1,0,1.0
2408114415728,1,1,1,1,1,0,1.0
2408116837103,1,1,1,1,1,0,1.0
2408120546475,1,1,1,1,1,0,1.0
2408123083402,1,1,1,1,1,0,1.0
2408126042232,1,1,1,1,1,0,1.0
2408130041691,1,1,1,1,1,0,1.0
2408136462251,1,1,1,1,1,0,1.0
2408136750094,1,1,1,1,1,0,1.0
2408140438801,1,1,1,1,1,0,1.0
2408140828246,1,1,1,1,1,0,1.0
2408141257067,1,1,1,1,1,0,1.0
2408142663275,1,1,1,1,1,0,1.0
2408143111508,1,1,1,1,1,0,1.0
2408144294440,1,1,1,1,1,0,1.0
2408148499198,1,1,1,1,1,0,1.0
2408156603098,1,1,1,1,1,0,1.0
2408158086789,1,1,1,1,1,0,1.0
2408158832257,1,1,1,1,1,0,1.0
2408159780078,1,1,1,1,1,0,1.0
2408162266484,1,1,1,1,1,0,1.0
2408162365956,1,1,1,1,1,0,1.0
2408163603891,1,1,1,1,1,0,1.0
2408166089891,1,1,1,1,1,0,1.0
2408170068143,1,1,1,1,1,0,1.0
2408170321192,1,1,1,1,1,0,1.0
2408172035796,1,1,1,1,1,0,1.0
2408179217174,1,1,1,1,1,0,1.0
2408179340652,1,1,1,1,1,0,1.0
2408179842769,1,1,1,1,1,0,1.0
2408182683230,1,1,1,1,1,0,1.0
2408182688615,1,1,1,1,1,0,1.0
2408187692082,1,1,1,1,1,0,1.0
2408189655834,1,1,1,1,1,0,1.0
2408189993284,1,1,1,1,1,0,1.0
2408190041589,1,1,1,1,1,0,1.0
2408192093829,1,1,1,1,1,0,1.0
2408193768418,1,1,1,1,1,0,1.0
2408204339718,1,1,1,1,1,0,1.0
2408207279999,1,1,1,1,1,0,1.0
2408207365118,1,1,1,1,1,0,1.0
2408213745561,1,1,1,1,1,0,1.0
2408219645996,1,1,1,1,1,0,1.0
2408220673231,1,1,1,1,1,0,1.0
2408221819517,1,1,1,1,1,0,1.0
2408222240053,1,1,1,1,1,0,1.0
2408222824084,1,1,1,1,1,0,1.0
2408223358623,1,1,1,1,1,0,1.0
2408233921883,1,1,1,1,1,0,1.0
2408233989511,1,1,1,1,1,0,1.0
2408235984887,1,1,1,1,1,0,1.0
2408241430444,1,1,1,1,1,0,1.0
2408241833567,1,1,1,1,1,0,1.0
2408243821462,1,1,1,1,1,0,1.0
2408245503163,1,1,1,1,1,0,1.0
2408246854927,1,1,1,1,1,0,1.0
2408253267699,1,1,1,1,1,0,1.0
2408254132146,1,1,1,1,1,0,1.0
2408256019991,1,1,1,1,1,0,1.0
2408256273964,1,1,1,1,1,0,1.0
2408256651639,1,1,1,1,1,0,1.0
2408261990623,1,1,1,1,1,0,1.0
2408263741987,1,1,1,1,1,0,1.0
2408264871300,1,1,1,1,1,0,1.0
2408265933804,1,1,1,1,1,0,1.0
2408267126937,1,1,1,1,1,0,1.0
2408268627036,1,1,1,1,1,0,1.0
2408268999626,1,1,1,1,1,0,1.0
2408271012329,1,1,1,1,1,0,1.0
2408273428904,1,1,1,1,1,0,1.0
2408276153966,1,1,1,1,1,0,1.0
2408276423369,1,1,1,1,1,0,1.0
2408277069922,1,1,1,1,1,0,1.0
2408277881609,1,1,1,1,1,0,1.0
2408284106727,1,1,1,1,1,0,1.0
2408287204767,1,1,1,1,1,0,1.0
2408287533552,1,1,1,1,1,0,1.0
2408287808970,1,1,1,1,1,0,1.0
2408291969880,1,1,1,1,1,0,1.0
2408292409886,1,1,1,1,1,0,1.0
2408296824485,1,1,1,1,1,0,1.0
2408296945419,1,1,1,1,1,0,1.0
2408302426468,1,1,1,1,1,0,1.0
2408309531225,1,1,1,1,1,0,1.0
2408310185088,1,1,1,1,1,0,1.0
2408315893571,1,1,1,1,1,0,1.0
2408318491966,1,1,1,1,1,0,1.0
2408321122121,1,1,1,1,1,0,1.0
2408322900059,1,1,1,1,1,0,1.0
2408327238656,1,1,1,1,1,0,1.0
2408328123123,1,1,1,1,1,0,1.0
2408331793647,1,1,1,1,1,0,1.0
2408333721885,1,1,1,1,1,0,1.0
2408334414679,1,1,1,1,1,0,1.0
2408339205677,1,1,1,1,1,0,1.0
2408341034141,1,1,1,1,1,0,1.0
2408343695310,1,1,1,1,1,0,1.0
2408348124266,1,1,1,1,1,0,1.0
2408356521568,1,1,1,1,1,0,1.0
2408359094904,1,1,1,1,1,0,1.0
2408359627838,1,1,1,1,1,0,1.0
2408361941028,1,1,1,1,1,0,1.0
2408365203758,1,1,1,1,1,0,1.0
2408370890537,1,1,1,1,1,0,1.0
2408375582632,1,1,1,1,1,0,1.0
2408377441975,1,1,1,1,1,0,1.0
2408379087980,1,1,1,1,1,0,1.0
2408387272581,1,1,1,1,1,0,1.0
2408389011752,1,1,1,1,1,0,1.0
2408389633761,1,1,1,1,1,0,1.0
2408390537013,1,1,1,1,1,0,1.0
2408391115320,1,1,1,1,1,0,1.0
2408391226000,1,1,1,1,1,0,1.0
2408391756735,1,1,1,1,1,0,1.0
2408392114367,1,1,1,1,1,0,1.0
2408393185665,1,1,1,1,1,0,1.0
2408395429618,1,1,1,1,1,0,1.0
2408397505308,1,1,1,1,1,0,1.0
2408398590742,1,1,1,1,1,0,1.0
2408400838507,1,1,1,1,1,0,1.0
2408415166175,1,1,1,1,1,0,1.0
2408415277655,1,1,1,1,1,0,1.0
2408415311892,1,1,1,1,1,0,1.0
2408415912426,1,1,1,1,1,0,1.0
2408418286549,1,1,1,1,1,0,1.0
2408418767760,1,1,1,1,1,0,1.0
2408419662291,1,1,1,1,1,0,1.0
2408425111903,1,1,1,1,1,0,1.0
2408425754237,1,1,1,1,1,0,1.0
2408427494645,1,1,1,1,1,0,1.0
2408427978819,1,1,1,1,1,0,1.0
2408429850770,1,1,1,1,1,0,1.0
2408432307487,1,1,1,1,1,0,1.0
2408436602093,1,1,1,1,1,0,1.0
2408439134973,1,1,1,1,1,0,1.0
2408439682298,1,1,1,1,1,0,1.0
2408439711820,1,1,1,1,1,0,1.0
2408441333580,1,1,1,1,1,0,1.0
2408441986652,1,1,1,1,1,0,1.0
2408443053447,1,1,1,1,1,0,1.0
2408443706618,1,1,1,1,1,0,1.0
2408443728284,1,1,1,1,1,0,1.0
2408444405137,1,1,1,1,1,0,1.0
2408447041450,1,1,1,1,1,0,1.0
2408448794931,1,1,1,1,1,0,1.0
2408448998358,1,1,1,1,1,0,1.0
2408453577778,1,1,1,1,1,0,1.0
2408455225549,1,1,1,1,1,0,1.0
2408457202665,1,1,1,1,1,0,1.0
2408464844273,1,1,1,1,1,0,1.0
2408468509574,1,1,1,1,1,0,1.0
2408469873297,1,1,1,1,1,0,1.0
2408475487009,1,1,1,1,1,0,1.0
2408476691953,1,1,1,1,1,0,1.0
2408479135113,1,1,1,1,1,0,1.0
2408479270599,1,1,1,1,1,0,1.0
2408480220509,1,1,1,1,1,0,1.0
2408482775947,1,1,1,1,1,0,1.0
2408482960462,1,1,1,1,1,0,1.0
2408486899936,1,1,1,1,1,0,1.0
2408487989631,1,1,1,1,1,0,1.0
2408489116617,1,1,1,1,1,0,1.0
2408490895710,1,1,1,1,1,0,1.0
2408493835093,1,1,1,1,1,0,1.0
2408495170420,1,1,1,1,1,0,1.0
2408496033429,1,1,1,1,1,0,1.0
2408500603079,1,1,1,1,1,0,1.0
2408501347429,1,1,1,1,1,0,1.0
2408501627629,1,1,1,1,1,0,1.0
2408505064138,1,1,1,1,1,0,1.0
2408506762515,1,1,1,1,1,0,1.0
2408507196129,1,1,1,1,1,0,1.0
2408510679497,1,1,1,1,1,0,1.0
2408515538846,1,1,1,1,1,0,1.0
2408516619076,1,1,1,1,1,0,1.0
2408516626357,1,1,1,1,1,0,1.0
2408516886204,1,1,1,1,1,0,1.0
2408521200416,1,1,1,1,1,0,1.0
2408523529800,1,1,1,1,1,0,1.0
2408523986800,1,1,1,1,1,0,1.0
2408524744203,1,1,1,1,1,0,1.0
2408524796554,1,1,1,1,1,0,1.0
2408529735615,1,1,1,1,1,0,1.0
2408531234435,1,1,1,1,1,0,1.0
2408531419887,1,1,1,1,1,0,1.0
2408533736230,1,1,1,1,1,0,1.0
2408536106707,1,1,1,1,1,0,1.0
2408536268904,1,1,1,1,1,0,1.0
2408545705682,1,1,1,1,1,0,1.0
2408546052173,1,1,1,1,1,0,1.0
2408547872681,1,1,1,1,1,0,1.0
2408548753119,1,1,1,1,1,0,1.0
2408550023097,1,1,1,1,1,0,1.0
2408550113753,1,1,1,1,1,0,1.0
2408550486804,1,1,1,1,1,0,1.0
2408550694394,1,1,1,1,1,0,1.0
2408551570343,1,1,1,1,1,0,1.0
2408554057448,1,1,1,1,1,0,1.0
2408557498218,1,1,1,1,1,0,1.0
2408559256297,1,1,1,1,1,0,1.0
2408559508374,1,1,1,1,1,0,1.0
2408563520076,1,1,1,1,1,0,1.0
2408563711429,1,1,1,1,1,0,1.0
2408566430165,1,1,1,1,1,0,1.0
2408568350518,1,1,1,1,1,0,1.0
2408569328743,1,1,1,1,1,0,1.0
2408569557988,1,1,1,1,1,0,1.0
2408573023948,1,1,1,1,1,0,1.0
2408573278814,1,1,1,1,1,0,1.0
2408573908352,1,1,1,1,1,0,1.0
2408574397384,1,1,1,1,1,0,1.0
2408575394634,1,1,1,1,1,0,1.0
2408576084958,1,1,1,1,1,0,1.0
2408576264816,1,1,1,1,1,0,1.0
2408577260333,1,1,1,1,1,0,1.0
2408579401541,1,1,1,1,1,0,1.0
2408581932426,1,1,1,1,1,0,1.0
2408586539276,1,1,1,1,1,0,1.0
2408586778953,1,1,1,1,1,0,1.0
2408586922543,1,1,1,1,1,0,1.0
2408588382567,1,1,1,1,1,0,1.0
2408592775130,1,1,1,1,1,0,1.0
2408593401536,1,1,1,1,1,0,1.0
2408593806250,1,1,1,1,1,0,1.0
2408594004896,1,1,1,1,1,0,1.0
2408601674492,1,1,1,1,1,0,1.0
2408601767873,1,1,1,1,1,0,1.0
2408602642362,1,1,1,1,1,0,1.0
2408602757454,1,1,1,1,1,0,1.0
2408604278571,1,1,1,1,1,0,1.0
2408606209818,1,1,1,1,1,0,1.0
2408606414425,1,1,1,1,1,0,1.0
2408614984250,1,1,1,1,1,0,1.0
2408615640994,1,1,1,1,1,0,1.0
2408616479049,1,1,1,1,1,0,1.0
2408617541827,1,1,1,1,1,0,1.0
2408619970783,1,1,1,1,1,0,1.0
2408621098636,1,1,1,1,1,0,1.0
2408622290544,1,1,1,1,1,0,1.0
2408624380118,1,1,1,1,1,0,1.0
2408625137727,1,1,1,1,1,0,1.0
2408628902330,1,1,1,1,1,0,1.0
2408628950905,1,1,1,1,1,0,1.0
2408629739889,1,1,1,1,1,0,1.0
2408632494878,1,1,1,1,1,0,1.0
2408633414111,1,1,1,1,1,0,1.0
2408636680295,1,1,1,1,1,0,1.0
2408644829612,1,1,1,1,1,0,1.0
2408644976024,1,1,1,1,1,0,1.0
2408647401925,1,1,1,1,1,0,1.0
2408647669557,1,1,1,1,1,0,1.0
2408649354499,1,1,1,1,1,0,1.0
2408652077486,1,1,1,1,1,0,1.0
2408652320420,1,1,1,1,1,0,1.0
2408652785854,1,1,1,1,1,0,1.0
2408655842252,1,1,1,1,1,0,1.0
2408662692339,1,1,1,1,1,0,1.0
2408666188924,1,1,1,1,1,0,1.0
2408667646914,1,1,1,1,1,0,1.0
2408673040009,1,1,1,1,1,0,1.0
2408675675351,1,1,1,1,1,0,1.0
2408676744822,1,1,1,1,1,0,1.0
2408681025312,1,1,1,1,1,0,1.0
2408685014294,1,1,1,1,1,0,1.0
2408685074510,1,1,1,1,1,0,1.0
2408685210073,1,1,1,1,1,0,1.0
2408685487099,1,1,1,1,1,0,1.0
2408695073214,1,1,1,1,1,0,1.0
2408696110840,1,1,1,1,1,0,1.0
2408698585749,1,1,1,1,1,0,1.0
2408699800881,1,1,1,1,1,0,1.0
2408708269718,1,1,1,1,1,0,1.0
2408708806357,1,1,1,1,1,0,1.0
2408710122691,1,1,1,1,1,0,1.0
2408716289747,1,1,1,1,1,0,1.0
2408719942505,1,1,1,1,1,0,1.0
2408720204871,1,1,1,1,1,0,1.0
2408724089921,1,1,1,1,1,0,1.0
2408725371720,1,1,1,1,1,0,1.0
2408729370625,1,1,1,1,1,0,1.0
2408733417205,1,1,1,1,1,0,1.0
2408733580582,1,1,1,1,1,0,1.0
2408734505219,1,1,1,1,1,0,1.0
2408735414556,1,1,1,1,1,0,1.0
2408736894561,1,1,1,1,1,0,1.0
2408741132579,1,1,1,1,1,0,1.0
2408745126193,1,1,1,1,1,0,1.0
2408745351878,1,1,1,1,1,0,1.0
2408745456031,1,1,1,1,1,0,1.0
2408751097921,1,1,1,1,1,0,1.0
2408754289005,1,1,1,1,1,0,1.0
2408756999085,1,1,1,1,1,0,1.0
2408762295794,1,1,1,1,1,0,1.0
2408763954002,1,1,1,1,1,0,1.0
2408767044471,1,1,1,1,1,0,1.0
2408767350781,1,1,1,1,1,0,1.0
2408769413008,1,1,1,1,1,0,1.0
2408770152424,1,1,1,1,1,0,1.0
2408772175354,1,1,1,1,1,0,1.0
2408778347106,1,1,1,1,1,0,1.0
2408779347244,1,1,1,1,1,0,1.0
2408780572151,1,1,1,1,1,0,1.0
2408780712652,1,1,1,1,1,0,1.0
2408781514178,1,1,1,1,1,0,1.0
2408783326210,1,1,1,1,1,0,1.0
2408787119674,1,1,1,1,1,0,1.0
2408788899949,1,1,1,1,1,0,1.0
2408789303814,1,1,1,1,1,0,1.0
2408789715359,1,1,1,1,1,0,1.0
2408799160911,1,1,1,1,1,0,1.0
2408801336138,1,1,1,1,1,0,1.0
2408807018215,1,1,1,1,1,0,1.0
2408809895066,1,1,1,1,1,0,1.0
2408810732761,1,1,1,1,1,0,1.0
2408812520566,1,1,1,1,1,0,1.0
2408815136992,1,1,1,1,1,0,1.0
2408817860215,1,1,1,1,1,0,1.0
2408818984841,1,1,1,1,1,0,1.0
2408821870894,1,1,1,1,1,0,1.0
2408824199626,1,1,1,1,1,0,1.0
2408824769029,1,1,1,1,1,0,1.0
2408824996966,1,1,1,1,1,0,1.0
2408825267913,1,1,1,1,1,0,1.0
2408826523430,1,1,1,1,1,0,1.0
2408827634394,1,1,1,1,1,0,1.0
2408832099124,1,1,1,1,1,0,1.0
2408836076581,1,1,1,1,1,0,1.0
2408838736932,1,1,1,1,1,0,1.0
2408839774573,1,1,1,1,1,0,1.0
2408840709465,1,1,1,1,1,0,1.0
2408843995091,1,1,1,1,1,0,1.0
2408845775029,1,1,1,1,1,0,1.0
2408845831604,1,1,1,1,1,0,1.0
2408848792069,1,1,1,1,1,0,1.0
2408849939288,1,1,1,1,1,0,1.0
2408852178955,1,1,1,1,1,0,1.0
2408855829849,1,1,1,1,1,0,1.0
2408857448906,1,1,1,1,1,0,1.0
2408860849079,1,1,1,1,1,0,1.0
2408864538684,1,1,1,1,1,0,1.0
2408867518571,1,1,1,1,1,0,1.0
2408870715238,1,1,1,1,1,0,1.0
2408876100594,1,1,1,1,1,0,1.0
2408881966452,1,1,1,1,1,0,1.0
2408887447321,1,1,1,1,1,0,1.0
2408887641437,1,1,1,1,1,0,1.0
2408888610859,1,1,1,1,1,0,1.0
2408888806706,1,1,1,1,1,0,1.0
2408899755853,1,1,1,1,1,0,1.0
2408905291844,1,1,1,1,1,0,1.0
2408905950942,1,1,1,1,1,0,1.0
2408906650565,1,1,1,1,1,0,1.0
2408914908899,1,1,1,1,1,0,1.0
2408922068299,1,1,1,1,1,0,1.0
2408922983092,1,1,1,1,1,0,1.0
2408923437142,1,1,1,1,1,0,1.0
2408924557464,1,1,1,1,1,0,1.0
2408927047233,1,1,1,1,1,0,1.0
2408929214762,1,1,1,1,1,0,1.0
2408934432801,1,1,1,1,1,0,1.0
2408937629745,1,1,1,1,1,0,1.0
2408937987752,1,1,1,1,1,0,1.0
2408938135246,1,1,1,1,1,0,1.0
2408939116457,1,1,1,1,1,0,1.0
2408940697296,1,1,1,1,1,0,1.0
2408941523598,1,1,1,1,1,0,1.0
2408941726352,1,1,1,1,1,0,1.0
2408945896268,1,1,1,1,1,0,1.0
2408946652752,1,1,1,1,1,0,1.0
2408949617215,1,1,1,1,1,0,1.0
2408953792806,1,1,1,1,1,0,1.0
2408953926442,1,1,1,1,1,0,1.0
2408955296386,1,1,1,1,1,0,1.0
2408955713198,1,1,1,1,1,0,1.0
2408958090151,1,1,1,1,1,0,1.0
2408959303207,1,1,1,1,1,0,1.0
2408962249476,1,1,1,1,1,0,1.0
2408963277540,1,1,1,1,1,0,1.0
2408963899968,1,1,1,1,1,0,1.0
2408964164508,1,1,1,1,1,0,1.0
2408965498184,1,1,1,1,1,0,1.0
2408967635367,1,1,1,1,1,0,1.0
2408970464001,1,1,1,1,1,0,1.0
2408973518962,1,1,1,1,1,0,1.0
2408974537147,1,1,1,1,1,0,1.0
2408974748599,1,1,1,1,1,0,1.0
2408981072322,1,1,1,1,1,0,1.0
2408981265742,1,1,1,1,1,0,1.0
2408981968706,1,1,1,1,1,0,1.0
2408983065031,1,1,1,1,1,0,1.0
2408983639159,1,1,1,1,1,0,1.0
2408988093207,1,1,1,1,1,0,1.0
2408989408167,1,1,1,1,1,0,1.0
2408990027729,1,1,1,1,1,0,1.0
2408993005195,1,1,1,1,1,0,1.0
2408993087130,1,1,1,1,1,0,1.0
2408994417154,1,1,1,1,1,0,1.0
2408998511860,1,1,1,1,1,0,1.0
2409001581236,1,1,1,1,1,0,1.0
2409001851327,1,1,1,1,1,0,1.0
2409003916102,1,1,1,1,1,0,1.0
2409005779500,1,1,1,1,1,0,1.0
2409007824466,1,1,1,1,1,0,1.0
2409011250231,1,1,1,1,1,0,1.0
2409012484479,1,1,1,1,1,0,1.0
2409012818489,1,1,1,1,1,0,1.0
2409014599670,1,1,1,1,1,0,1.0
2409014954277,1,1,1,1,1,0,1.0
2409016442370,1,1,1,1,1,0,1.0
2409017187297,1,1,1,1,1,0,1.0
2409019333593,1,1,1,1,1,0,1.0
2409021573208,1,1,1,1,1,0,1.0
2409021994711,1,1,1,1,1,0,1.0
2409023077146,1,1,1,1,1,0,1.0
2409029484943,1,1,1,1,1,0,1.0
2409029640821,1,1,1,1,1,0,1.0
2409030341365,1,1,1,1,1,0,1.0
2409030458809,1,1,1,1,1,0,1.0
2409033119079,1,1,1,1,1,0,1.0
2409034830824,1,1,1,1,1,0,1.0
2409037295458,1,1,1,1,1,0,1.0
2409042652742,1,1,1,1,1,0,1.0
2409046600559,1,1,1,1,1,0,1.0
2409047607862,1,1,1,1,1,0,1.0
2409047742585,1,1,1,1,1,0,1.0
2409049663193,1,1,1,1,1,0,1.0
2409050926000,1,1,1,1,1,0,1.0
2409052918768,1,1,1,1,1,0,1.0
2409053067308,1,1,1,1,1,0,1.0
2409057923218,1,1,1,1,1,0,1.0
2409059183765,1,1,1,1,1,0,1.0
2409059256870,1,1,1,1,1,0,1.0
2409062509466,1,1,1,1,1,0,1.0
2409064739580,1,1,1,1,1,0,1.0
2409070249914,1,1,1,1,1,0,1.0
2409072807934,1,1,1,1,1,0,1.0
2409077269252,1,1,1,1,1,0,1.0
2409078956776,1,1,1,1,1,0,1.0
2409080267822,1,1,1,1,1,0,1.0
2409083350615,1,1,1,1,1,0,1.0
2409084815277,1,1,1,1,1,0,1.0
2409085432716,1,1,1,1,1,0,1.0
2409085643206,1,1,1,1,1,0,1.0
2409091006347,1,1,1,1,1,0,1.0
2409091364176,1,1,1,1,1,0,1.0
2409092671258,1,1,1,1,1,0,1.0
2409096197979,1,1,1,1,1,0,1.0
2409096561014,1,1,1,1,1,0,1.0
2409097989659,1,1,1,1,1,0,1.0
2409103829742,1,1,1,1,1,0,1.0
2409105579991,1,1,1,1,1,0,1.0
2409110349561,1,1,1,1,1,0,1.0
2409117182278,1,1,1,1,1,0,1.0
2409121870629,1,1,1,1,1,0,1.0
2409126719196,1,1,1,1,1,0,1.0
2409128788486,1,1,1,1,1,0,1.0
2409129903719,1,1,1,1,1,0,1.0
2409134103897,1,1,1,1,1,0,1.0
2409135992855,1,1,1,1,1,0,1.0
2409137807722,1,1,1,1,1,0,1.0
2409142693765,1,1,1,1,1,0,1.0
2409143211724,1,1,1,1,1,0,1.0
2409143362999,1,1,1,1,1,0,1.0
2409143907054,1,1,1,1,1,0,1.0
2409148764273,1,1,1,1,1,0,1.0
2409150785931,1,1,1,1,1,0,1.0
2409153007514,1,1,1,1,1,0,1.0
2409156182980,1,1,1,1,1,0,1.0
2409159567832,1,1,1,1,1,0,1.0
2409169280916,1,1,1,1,1,0,1.0
2409170052291,1,1,1,1,1,0,1.0
2409173008657,1,1,1,1,1,0,1.0
2409174101194,1,1,1,1,1,0,1.0
2409180552696,1,1,1,1,1,0,1.0
2409180554700,1,1,1,1,1,0,1.0
2409181498367,1,1,1,1,1,0,1.0
2409183333562,1,1,1,1,1,0,1.0
2409185488064,1,1,1,1,1,0,1.0
2409187240107,1,1,1,1,1,0,1.0
2409188122466,1,1,1,1,1,0,1.0
2409190000242,1,1,1,1,1,0,1.0
2409201482923,1,1,1,1,1,0,1.0
2409202599919,1,1,1,1,1,0,1.0
2409203314656,1,1,1,1,1,0,1.0
2409213501134,1,1,1,1,1,0,1.0
2409215156944,1,1,1,1,1,0,1.0
2409217366566,1,1,1,1,1,0,1.0
2409221007204,1,1,1,1,1,0,1.0
2409222206447,1,1,1,1,1,0,1.0
2409222560629,1,1,1,1,1,0,1.0
2409224006138,1,1,1,1,1,0,1.0
2409225517419,1,1,1,1,1,0,1.0
2409227607598,1,1,1,1,1,0,1.0
2409229346629,1,1,1,1,1,0,1.0
2409229468976,1,1,1,1,1,0,1.0
2409229501496,1,1,1,1,1,0,1.0
2409230028834,1,1,1,1,1,0,1.0
2409230083341,1,1,1,1,1,0,1.0
2409230450189,1,1,1,1,1,0,1.0
2409233451100,1,1,1,1,1,0,1.0
2409234671844,1,1,1,1,1,0,1.0
2409236036808,1,1,1,1,1,0,1.0
2409237245018,1,1,1,1,1,0,1.0
2409244406615,1,1,1,1,1,0,1.0
2409246783146,1,1,1,1,1,0,1.0
2409254221883,1,1,1,1,1,0,1.0
2409254654763,1,1,1,1,1,0,1.0
2409258249148,1,1,1,1,1,0,1.0
2409260878828,1,1,1,1,1,0,1.0
2409263444830,1,1,1,1,1,0,1.0
2409270335211,1,1,1,1,1,0,1.0
2409270653661,1,1,1,1,1,0,1.0
2409270653794,1,1,1,1,1,0,1.0
2409271918993,1,1,1,1,1,0,1.0
2409272094803,1,1,1,1,1,0,1.0
2409273868133,1,1,1,1,1,0,1.0
2409274505695,1,1,1,1,1,0,1.0
2409274601006,1,1,1,1,1,0,1.0
2409274622225,1,1,1,1,1,0,1.0
2409282066653,1,1,1,1,1,0,1.0
2409284552597,1,1,1,1,1,0,1.0
2409285867436,1,1,1,1,1,0,1.0
2409294476337,1,1,1,1,1,0,1.0
2409294965239,1,1,1,1,1,0,1.0
2409297045386,1,1,1,1,1,0,1.0
2409299695280,1,1,1,1,1,0,1.0
2409301481160,1,1,1,1,1,0,1.0
2409309065822,1,1,1,1,1,0,1.0
2409311005912,1,1,1,1,1,0,1.0
2409312163761,1,1,1,1,1,0,1.0
2409326834870,1,1,1,1,1,0,1.0
2409330781117,1,1,1,1,1,0,1.0
2409330833016,1,1,1,1,1,0,1.0
2409333299865,1,1,1,1,1,0,1.0
2409335838439,1,1,1,1,1,0,1.0
2409335851514,1,1,1,1,1,0,1.0
2409338947269,1,1,1,1,1,0,1.0
2409344322283,1,1,1,1,1,0,1.0
2409344907697,1,1,1,1,1,0,1.0
2409344973471,1,1,1,1,1,0,1.0
2409345173922,1,1,1,1,1,0,1.0
2409345962622,1,1,1,1,1,0,1.0
2409346754182,1,1,1,1,1,0,1.0
2409353110158,1,1,1,1,1,0,1.0
2409359374403,1,1,1,1,1,0,1.0
2409360572073,1,1,1,1,1,0,1.0
2409363998651,1,1,1,1,1,0,1.0
2409368642151,1,1,1,1,1,0,1.0
2409370632503,1,1,1,1,1,0,1.0
2409370675644,1,1,1,1,1,0,1.0
2409374686398,1,1,1,1,1,0,1.0
2409375402428,1,1,1,1,1,0,1.0
2409376904268,1,1,1,1,1,0,1.0
2409377590129,1,1,1,1,1,0,1.0
2409377724242,1,1,1,1,1,0,1.0
2409382891835,1,1,1,1,1,0,1.0
2409383477051,1,1,1,1,1,0,1.0
2409384308948,1,1,1,1,1,0,1.0
2409387270759,1,1,1,1,1,0,1.0
2409388684878,1,1,1,1,1,0,1.0
2409389833146,1,1,1,1,1,0,1.0
2409392268949,1,1,1,1,1,0,1.0
2409396061047,1,1,1,1,1,0,1.0
2409397498009,1,1,1,1,1,0,1.0
2409403753531,1,1,1,1,1,0,1.0
2409405684593,1,1,1,1,1,0,1.0
2409405694761,1,1,1,1,1,0,1.0
2409412094477,1,1,1,1,1,0,1.0
2409415529927,1,1,1,1,1,0,1.0
2409419572416,1,1,1,1,1,0,1.0
2409420659995,1,1,1,1,1,0,1.0
2409421044789,1,1,1,1,1,0,1.0
2409423255433,1,1,1,1,1,0,1.0
2409423943837,1,1,1,1,1,0,1.0
2409424894204,1,1,1,1,1,0,1.0
2409426166647,1,1,1,1,1,0,1.0
2409426915489,1,1,1,1,1,0,1.0
2409429210172,1,1,1,1,1,0,1.0
2409433805363,1,1,1,1,1,0,1.0
2409434071627,1,1,1,1,1,0,1.0
2409439742257,1,1,1,1,1,0,1.0
2409440001056,1,1,1,1,1,0,1.0
2409440640909,1,1,1,1,1,0,1.0
2409441642316,1,1,1,1,1,0,1.0
2409445991452,1,1,1,1,1,0,1.0
2409447107923,1,1,1,1,1,0,1.0
2409452362190,1,1,1,1,1,0,1.0
2409459867392,1,1,1,1,1,0,1.0
2409460742990,1,1,1,1,1,0,1.0
2409466629819,1,1,1,1,1,0,1.0
2409467232487,1,1,1,1,1,0,1.0
2409468953742,1,1,1,1,1,0,1.0
2409470396964,1,1,1,1,1,0,1.0
2409471439516,1,1,1,1,1,0,1.0
2409471888069,1,1,1,1,1,0,1.0
2409473879309,1,1,1,1,1,0,1.0
2409475046534,1,1,1,1,1,0,1.0
2409476121893,1,1,1,1,1,0,1.0
2409477752047,1,1,1,1,1,0,1.0
2409480245598,1,1,1,1,1,0,1.0
2409481685319,1,1,1,1,1,0,1.0
2409483147891,1,1,1,1,1,0,1.0
2409484676408,1,1,1,1,1,0,1.0
2409485636667,1,1,1,1,1,0,1.0
2409490763415,1,1,1,1,1,0,1.0
2409493055340,1,1,1,1,1,0,1.0
2409495053623,1,1,1,1,1,0,1.0
2409497254720,1,1,1,1,1,0,1.0
2409500168094,1,1,1,1,1,0,1.0
2409500345220,1,1,1,1,1,0,1.0
2409506667605,1,1,1,1,1,0,1.0
2409506925191,1,1,1,1,1,0,1.0
2409507933773,1,1,1,1,1,0,1.0
2409508149940,1,1,1,1,1,0,1.0
2409513331695,1,1,1,1,1,0,1.0
2409519062944,1,1,1,1,1,0,1.0
2409520769915,1,1,1,1,1,0,1.0
2409521456232,1,1,1,1,1,0,1.0
2409524171687,1,1,1,1,1,0,1.0
2409529635305,1,1,1,1,1,0,1.0
2409530564184,1,1,1,1,1,0,1.0
2409535412012,1,1,1,1,1,0,1.0
2409538280405,1,1,1,1,1,0,1.0
2409538430718,1,1,1,1,1,0,1.0
2409538970640,1,1,1,1,1,0,1.0
2409547671922,1,1,1,1,1,0,1.0
2409549465920,1,1,1,1,1,0,1.0
2409549686177,1,1,1,1,1,0,1.0
2409553945069,1,1,1,1,1,0,1.0
2409559126813,1,1,1,1,1,0,1.0
2409561139353,1,1,1,1,1,0,1.0
2409562137213,1,1,1,1,1,0,1.0
2409564122031,1,1,1,1,1,0,1.0
2409565158223,1,1,1,1,1,0,1.0
2409567844607,1,1,1,1,1,0,1.0
2409568808596,1,1,1,1,1,0,1.0
2409570411853,1,1,1,1,1,0,1.0
2409573801012,1,1,1,1,1,0,1.0
2409576403816,1,1,1,1,1,0,1.0
2409582923616,1,1,1,1,1,0,1.0
2409583960483,1,1,1,1,1,0,1.0
2409584383569,1,1,1,1,1,0,1.0
2409589477352,1,1,1,1,1,0,1.0
2409591905309,1,1,1,1,1,0,1.0
2409598263494,1,1,1,1,1,0,1.0
2409599550553,1,1,1,1,1,0,1.0
2409605808230,1,1,1,1,1,0,1.0
2409610696374,1,1,1,1,1,0,1.0
2409611253554,1,1,1,1,1,0,1.0
2409619975117,1,1,1,1,1,0,1.0
2409623091307,1,1,1,1,1,0,1.0
2409627322626,1,1,1,1,1,0,1.0
2409627365271,1,1,1,1,1,0,1.0
2409628092411,1,1,1,1,1,0,1.0
2409629853243,1,1,1,1,1,0,1.0
2409636057662,1,1,1,1,1,0,1.0
2409638256971,1,1,1,1,1,0,1.0
2409639040907,1,1,1,1,1,0,1.0
2409641765707,1,1,1,1,1,0,1.0
2409645837449,1,1,1,1,1,0,1.0
2409648628720,1,1,1,1,1,0,1.0
2409649304640,1,1,1,1,1,0,1.0
2409652612166,1,1,1,1,1,0,1.0
2409653916077,1,1,1,1,1,0,1.0
2409654419043,1,1,1,1,1,0,1.0
2409655024218,1,1,1,1,1,0,1.0
2409655289800,1,1,1,1,1,0,1.0
2409656851206,1,1,1,1,1,0,1.0
2409657542786,1,1,1,1,1,0,1.0
2409660575296,1,1,1,1,1,0,1.0
2409660702873,1,1,1,1,1,0,1.0
2409663658074,1,1,1,1,1,0,1.0
2409665633701,1,1,1,1,1,0,1.0
2409666783031,1,1,1,1,1,0,1.0
2409668292730,1,1,1,1,1,0,1.0
2409672763396,1,1,1,1,1,0,1.0
2409672783322,1,1,1,1,1,0,1.0
2409673311677,1,1,1,1,1,0,1.0
2409673353706,1,1,1,1,1,0,1.0
2409673938525,1,1,1,1,1,0,1.0
2409677813414,1,1,1,1,1,0,1.0
2409679352196,1,1,1,1,1,0,1.0
2409680664051,1,1,1,1,1,0,1.0
2409683720164,1,1,1,1,1,0,1.0
2409690784473,1,1,1,1,1,0,1.0
2409691082965,1,1,1,1,1,0,1.0
2409692786876,1,1,1,1,1,0,1.0
2409693541989,1,1,1,1,1,0,1.0
2409696976869,1,1,1,1,1,0,1.0
2409699154827,1,1,1,1,1,0,1.0
2409703425197,1,1,1,1,1,0,1.0
2409704937958,1,1,1,1,1,0,1.0
2409705097545,1,1,1,1,1,0,1.0
2409705277402,1,1,1,1,1,0,1.0
2409706406412,1,1,1,1,1,0,1.0
2409706440712,1,1,1,1,1,0,1.0
2409710318872,1,1,1,1,1,0,1.0
2409711491794,1,1,1,1,1,0,1.0
2409712793108,1,1,1,1,1,0,1.0
2409716743380,1,1,1,1,1,0,1.0
2409717059844,1,1,1,1,1,0,1.0
2409719228874,1,1,1,1,1,0,1.0
2409721170889,1,1,1,1,1,0,1.0
2409723669462,1,1,1,1,1,0,1.0
2409727985524,1,1,1,1,1,0,1.0
2409728351295,1,1,1,1,1,0,1.0
2409730980657,1,1,1,1,1,0,1.0
2409737840704,1,1,1,1,1,0,1.0
2409741886828,1,1,1,1,1,0,1.0
2409745314595,1,1,1,1,1,0,1.0
2409751644785,1,1,1,1,1,0,1.0
2409759974753,1,1,1,1,1,0,1.0
2409760740177,1,1,1,1,1,0,1.0
2409761032165,1,1,1,1,1,0,1.0
2409766208407,1,1,1,1,1,0,1.0
2409767488139,1,1,1,1,1,0,1.0
2409767598332,1,1,1,1,1,0,1.0
2409767762282,1,1,1,1,1,0,1.0
2409768389030,1,1,1,1,1,0,1.0
2409769413667,1,1,1,1,1,0,1.0
2409770259845,1,1,1,1,1,0,1.0
2409771400493,1,1,1,1,1,0,1.0
2409771759300,1,1,1,1,1,0,1.0
2409774063356,1,1,1,1,1,0,1.0
2409774105068,1,1,1,1,1,0,1.0
2409774184126,1,1,1,1,1,0,1.0
2409776753299,1,1,1,1,1,0,1.0
2409776889362,1,1,1,1,1,0,1.0
2409779501467,1,1,1,1,1,0,1.0
2409784036900,1,1,1,1,1,0,1.0
2409785752326,1,1,1,1,1,0,1.0
2409787219163,1,1,1,1,1,0,1.0
2409793368609,1,1,1,1,1,0,1.0
2409801110005,1,1,1,1,1,0,1.0
2409801220163,1,1,1,1,1,0,1.0
2409801337619,1,1,1,1,1,0,1.0
2409801665813,1,1,1,1,1,0,1.0
2409802764482,1,1,1,1,1,0,1.0
2409803703773,1,1,1,1,1,0,1.0
2409803828723,1,1,1,1,1,0,1.0
2409805564419,1,1,1,1,1,0,1.0
2409809497698,1,1,1,1,1,0,1.0
2409813780110,1,1,1,1,1,0,1.0
2409818370394,1,1,1,1,1,0,1.0
2409821255887,1,1,1,1,1,0,1.0
2409821506489,1,1,1,1,1,0,1.0
2409821824468,1,1,1,1,1,0,1.0
2409821929024,1,1,1,1,1,0,1.0
2409825995511,1,1,1,1,1,0,1.0
2409827814705,1,1,1,1,1,0,1.0
2409829454183,1,1,1,1,1,0,1.0
2409830521690,1,1,1,1,1,0,1.0
2409833810136,1,1,1,1,1,0,1.0
2409836660979,1,1,1,1,1,0,1.0
2409838579282,1,1,1,1,1,0,1.0
2409841337687,1,1,1,1,1,0,1.0
2409845989090,1,1,1,1,1,0,1.0
2409846058679,1,1,1,1,1,0,1.0
2409846074562,1,1,1,1,1,0,1.0
2409847139155,1,1,1,1,1,0,1.0
2409851174261,1,1,1,1,1,0,1.0
2409851769680,1,1,1,1,1,0,1.0
2409851939327,1,1,1,1,1,0,1.0
2409856585137,1,1,1,1,1,0,1.0
2409857887282,1,1,1,1,1,0,1.0
2409858567287,1,1,1,1,1,0,1.0
2409862269920,1,1,1,1,1,0,1.0
2409862811803,1,1,1,1,1,0,1.0
2409864840927,1,1,1,1,1,0,1.0
2409870109321,1,1,1,1,1,0,1.0
2409870920199,1,1,1,1,1,0,1.0
2409871420357,1,1,1,1,1,0,1.0
2409873587272,1,1,1,1,1,0,1.0
2409876055049,1,1,1,1,1,0,1.0
2409876989365,1,1,1,1,1,0,1.0
2409879206231,1,1,1,1,1,0,1.0
2409884797531,1,1,1,1,1,0,1.0
2409884813120,1,1,1,1,1,0,1.0
2409888439333,1,1,1,1,1,0,1.0
2409893975955,1,1,1,1,1,0,1.0
2409894062607,1,1,1,1,1,0,1.0
2409894848170,1,1,1,1,1,0,1.0
2409896569178,1,1,1,1,1,0,1.0
2409897014557,1,1,1,1,1,0,1.0
2409900974993,1,1,1,1,1,0,1.0
2409901398373,1,1,1,1,1,0,1.0
2409905603266,1,1,1,1,1,0,1.0
2409906931963,1,1,1,1,1,0,1.0
2409909101026,1,1,1,1,1,0,1.0
2409909416795,1,1,1,1,1,0,1.0
2409910229014,1,1,1,1,1,0,1.0
2409915572876,1,1,1,1,1,0,1.0
2409917217429,1,1,1,1,1,0,1.0
2409920867501,1,1,1,1,1,0,1.0
2409925512538,1,1,1,1,1,0,1.0
2409926653619,1,1,1,1,1,0,1.0
2409930561648,1,1,1,1,1,0,1.0
2409932323673,1,1,1,1,1,0,1.0
2409934232210,1,1,1,1,1,0,1.0
2409935241439,1,1,1,1,1,0,1.0
2409936319627,1,1,1,1,1,0,1.0
2409937151931,1,1,1,1,1,0,1.0
2409939778810,1,1,1,1,1,0,1.0
2409945413845,1,1,1,1,1,0,1.0
2409946966932,1,1,1,1,1,0,1.0
2409949201330,1,1,1,1,1,0,1.0
2409952325377,1,1,1,1,1,0,1.0
2409954316118,1,1,1,1,1,0,1.0
2409955215723,1,1,1,1,1,0,1.0
2409958669346,1,1,1,1,1,0,1.0
2409959617088,1,1,1,1,1,0,1.0
2409960675247,1,1,1,1,1,0,1.0
2409962083479,1,1,1,1,1,0,1.0
2409964608725,1,1,1,1,1,0,1.0
2409964886399,1,1,1,1,1,0,1.0
2409966330923,1,1,1,1,1,0,1.0
2409967313121,1,1,1,1,1,0,1.0
2409969308488,1,1,1,1,1,0,1.0
2409970292712,1,1,1,1,1,0,1.0
2409970629810,1,1,1,1,1,0,1.0
2409975261587,1,1,1,1,1,0,1.0
2409979907075,1,1,1,1,1,0,1.0
2409980284139,1,1,1,1,1,0,1.0
2409987799948,1,1,1,1,1,0,1.0
2409993784865,1,1,1,1,1,0,1.0
2409996636186,1,1,1,1,1,0,1.0
2409998870462,1,1,1,1,1,0,1.0
2411241272,2,2,2,2,2,0,16.59
2412484546,2,2,2,2,2,0,16.59
2417422654,6,6,6,2,6,1,84.72
2426050801,2,2,2,2,2,0,16.59
2429543165,2,2,2,2,2,0,16.59
2430259588,2,2,2,2,2,0,16.59
2431435603,2,2,2,1,2,0,29.47
2432333023,6,6,6,2,6,1,84.72
2436752356,2,2,2,2,2,0,16.59
2437654562,2,2,2,1,2,0,29.47
2439606300,4,4,4,3,4,0,47.35
2441850166,6,6,6,3,6,1,72.27
2442043805,4,4,4,2,4,0,37.74
2449353487,4,4,4,2,4,0,37.74
2450893200,2,2,2,2,2,0,16.59
2470321337,2,2,2,1,2,0,29.47
2474151632,4,4,4,2,4,0,37.74
2474687927,2,2,2,1,2,0,29.47
2481328180,2,2,2,2,2,0,16.59
2493710417,2,2,2,2,2,0,16.59
2502749623,2,2,2,2,2,0,16.59
2511298031,2,2,2,2,2,0,16.59
2525002921,2,2,2,1,2,0,29.47
2526771196,2,2,2,1,2,0,29.47
2528837505,2,2,2,2,2,0,16.59
2530128194,6,6,6,3,6,1,72.27
2551344486,2,2,2,2,2,0,16.59
2553107371,2,2,2,1,2,0,29.47
2554838686,2,2,2,2,2,0,16.59
2570165804,2,2,2,1,2,0,29.47
2576270232,4,4,4,2,4,0,37.74
2584723874,2,2,2,1,2,0,29.47
2589996739,2,2,2,2,2,0,16.59
2594795074,2,2,2,1,2,0,29.47
2611398986,2,2,2,2,2,0,16.59
2616620165,2,2,2,1,2,0,29.47
2620370878,4,4,4,1,4,1,59.46
2627066489,2,2,2,2,2,0,16.59
2629536441,2,2,2,2,2,0,16.59
2631349460,2,2,2,2,2,0,16.59
2631995695,4,4,4,3,4,0,47.35
2633523175,2,2,2,1,2,0,29.47
2635951763,2,2,2,1,2,0,29.47
2644789378,2,2,2,2,2,0,16.59
2646091785,2,2,2,2,2,0,16.59
2651294729,2,2,2,2,2,0,16.59
2653060119,4,4,4,2,4,0,37.74
2654347591,2,2,2,1,2,0,29.47
2657043883,2,2,2,1,2,0,29.47
2663059683,2,2,2,2,2,0,16.59
2686679016,2,2,2,1,2,0,29.47
2692782972,4,4,4,2,4,0,37.74
2694500534,4,4,4,2,4,0,37.74
2697442036,6,6,6,3,6,1,72.27
2724452275,2,2,2,2,2,0,16.59
2725573018,2,2,2,2,2,0,16.59
2726189109,2,2,2,2,2,0,16.59
2727973282,2,2,2,2,2,0,16.59
2730382000,2,2,2,2,2,0,16.59
2735454948,2,2,2,1,2,0,29.47
2737957238,6,6,6,3,6,1,72.27
2738696648,2,2,2,2,2,0,16.59
2753700410,2,2,2,1,2,0,29.47
2758045292,2,2,2,2,2,0,16.59
2763628144,6,6,6,3,6,1,72.27
2772610540,4,4,4,3,4,0,47.35
2780056088,2,2,2,2,2,0,16.59
2781469539,2,2,2,1,2,0,29.47
2781832524,2,2,2,2,2,0,16.59
2786807042,4,4,4,2,4,0,37.74
2787747016,2,2,2,2,2,0,16.59
2789027645,4,4,4,3,4,0,47.35
2789117456,4,4,4,2,4,0,37.74
2792904699,2,2,2,1,2,0,29.47
2796244527,2,2,2,2,2,0,16.59
2798257998,2,2,2,2,2,0,16.59
2807335006,2,2,2,2,2,0,16.59
2815037017,4,4,4,2,4,0,37.74
2816727966,6,6,6,3,6,1,72.27
2817074436,6,6,6,3,6,1,72.27
2830568208,8,8,8,3,8,1,96.47
2835887421,2,2,2,2,2,0,16.59
2836440892,2,2,2,2,2,0,16.59
2842678617,2,2,2,1,2,0,29.47
2845541408,2,2,2,2,2,0,16.59
2845848749,2,2,2,2,2,0,16.59
2858498114,2,2,2,2,2,0,16.59
2863270231,2,2,2,2,2,0,16.59
2879826225,4,4,4,3,4,0,47.35
2886887924,2,2,2,2,2,0,16.59
2890823710,4,4,4,2,4,0,37.74
2892074595,2,2,2,2,2,0,16.59
2897487411,2,2,2,1,2,0,29.47
2900042199,4,4,4,3,4,0,47.35
2903856980,4,4,4,3,4,0,47.35
2908311686,4,4,4,2,4,0,37.74
2919565058,2,2,2,1,2,0,29.47
2919742694,2,2,2,2,2,0,16.59
2928422223,2,2,2,2,2,0,16.59
2933801070,4,4,4,2,4,0,37.74
2944149253,4,4,4,3,4,0,47.35
2944551166,2,2,2,1,2,0,29.47
2950143748,2,2,2,2,2,0,16.59
2964447725,2,2,2,1,2,0,29.47
2980651527,2,2,2,2,2,0,16.59
2989042698,4,4,4,2,4,0,37.74
2991406884,2,2,2,1,2,0,29.47
2997385442,2,2,2,2,2,0,16.59
2998858491,2,2,2,1,2,0,29.47
3001618321,2,2,2,2,2,0,16.59
3009715475,4,4,4,2,4,0,37.74
3015972242,6,6,6,3,6,1,72.27
3018179607,4,4,4,3,4,0,47.35
3019220956,2,2,2,2,2,0,16.59
3033467711,4,4,4,2,4,0,37.74
3035821726,2,2,2,2,2,0,16.59
3040479416,2,2,2,2,2,0,16.59
3043494815,4,4,4,2,4,0,37.74
3045741298,2,2,2,2,2,0,16.59
3046875063,2,2,2,2,2,0,16.59
3052361416,2,2,2,2,2,0,16.59
3059126620,4,4,4,3,4,0,47.35
3064211684,4,4,4,3,4,0,47.35
3068317641,2,2,2,2,2,0,16.59
3068811640,2,2,2,1,2,0,29.47
3069358824,2,2,2,2,2,0,16.59
3075384185,2,2,2,2,2,0,16.59
3081969544,2,2,2,2,2,0,16.59
3089612694,4,4,4,3,4,0,47.35
3090740635,2,2,2,1,2,0,29.47
3104502589,2,2,2,2,2,0,16.59
3107773533,2,2,2,1,2,0,29.47
3117753312,2,2,2,1,2,0,29.47
3122264923,2,2,2,2,2,0,16.59
3130667123,2,2,2,1,2,0,29.47
3140982127,2,2,2,1,2,0,29.47
3142147238,4,4,4,2,4,0,37.74
3145726542,2,2,2,1,2,0,29.47
3145945681,2,2,2,2,2,0,16.59
3150810866,2,2,2,1,2,0,29.47
3152605794,2,2,2,1,2,0,29.47
3152742054,2,2,2,2,2,0,16.59
3153070791,2,2,2,2,2,0,16.59
3153389601,4,4,4,3,4,0,47.35
3160350245,2,2,2,2,2,0,16.59
3170695560,2,2,2,1,2,0,29.47
3172366704,2,2,2,2,2,0,16.59
3176158650,4,4,4,2,4,0,37.74
3181958837,4,4,4,3,4,0,47.35
3183823708,2,2,2,1,2,0,29.47
3188534026,2,2,2,2,2,0,16.59
3190857346,4,4,4,2,4,0,37.74
3192134249,2,2,2,2,2,0,16.59
3201629073,2,2,2,2,2,0,16.59
3201970307,2,2,2,2,2,0,16.59
3211190266,2,2,2,2,2,0,16.59
3216656910,4,4,4,2,4,0,37.74
3225091557,2,2,2,2,2,0,16.59
3229918128,4,4,4,3,4,0,47.35
3231951215,2,2,2,1,2,0,29.47
3238876766,2,2,2,1,2,0,29.47
3242466047,2,2,2,2,2,0,16.59
3245381097,4,4,4,2,4,0,37.74
3246872203,2,2,2,1,2,0,29.47
3249675745,2,2,2,2,2,0,16.59
3254601891,2,2,2,1,2,0,29.47
3259399337,2,2,2,2,2,0,16.59
3260586942,4,4,4,3,4,0,47.35
3262144537,2,2,2,1,2,0,29.47
3267273326,2,2,2,1,2,0,29.47
3270289966,2,2,2,2,2,0,16.59
3272795687,2,2,2,2,2,0,16.59
3278668689,4,4,4,2,4,0,37.74
3278928243,2,2,2,1,2,0,29.47
3282251964,4,4,4,2,4,0,37.74
3286140245,2,2,2,2,2,0,16.59
3286326667,4,4,4,2,4,0,37.74
3294807426,2,2,2,2,2,0,16.59
3302415984,2,2,2,2,2,0,16.59
3303815695,4,4,4,2,4,0,37.74
3322855660,2,2,2,1,2,0,29.47
3323430658,4,4,4,3,4,0,47.35
3324335069,4,4,4,3,4,0,47.35
3333939578,2,2,2,1,2,0,29.47
3334911415,2,2,2,1,2,0,29.47
3341812916,4,4,4,3,4,0,47.35
3342342583,2,2,2,2,2,0,16.59
3342643350,2,2,2,2,2,0,16.59
3342708668,2,2,2,2,2,0,16.59
3351424496,4,4,4,2,4,0,37.74
3359848086,6,6,6,3,6,1,72.27
3360809010,2,2,2,2,2,0,16.59
3364770413,2,2,2,2,2,0,16.59
3367960828,2,2,2,2,2,0,16.59
3369318062,2,2,2,2,2,0,16.59
3383312467,2,2,2,2,2,0,16.59
3384309269,2,2,2,2,2,0,16.59
3387928392,2,2,2,1,2,0,29.47
3400127622,2,2,2,2,2,0,16.59
3403627562,2,2,2,2,2,0,16.59
3413164752,2,2,2,2,2,0,16.59
3417005455,2,2,2,2,2,0,16.59
3420457813,2,2,2,1,2,0,29.47
3423867077,2,2,2,2,2,0,16.59
3425073305,4,4,4,2,4,0,37.74
3427973029,2,2,2,2,2,0,16.59
3437798240,8,8,8,3,8,1,96.47
3445459566,6,6,6,2,6,1,84.72
3446332465,2,2,2,2,2,0,16.59
3448466117,4,4,4,2,4,0,37.74
3477496337,2,2,2,2,2,0,16.59
3480022642,2,2,2,2,2,0,16.59
3499372699,2,2,2,2,2,0,16.59
3499850308,2,2,2,2,2,0,16.59
3502142106,4,4,4,2,4,0,37.74
3504056695,2,2,2,2,2,0,16.59
3506656605,2,2,2,2,2,0,16.59
3519997211,4,4,4,2,4,0,37.74
3534705070,2,2,2,2,2,0,16.59
3538676259,2,2,2,1,2,0,29.47
3541597099,4,4,4,2,4,0,37.74
3547607512,2,2,2,1,2,0,29.47
3552157043,2,2,2,2,2,0,16.59
3554042316,4,4,4,3,4,0,47.35
3565026715,4,4,4,3,4,0,47.35
3567480957,2,2,2,2,2,0,16.59
3567941540,2,2,2,2,2,0,16.59
3587662690,4,4,4,2,4,0,37.74
3590627094,2,2,2,1,2,0,29.47
3592172340,2,2,2,2,2,0,16.59
3596653390,2,2,2,1,2,0,29.47
3614345648,2,2,2,1,2,0,29.47
3615926686,8,8,8,3,8,1,96.47
3620275582,2,2,2,1,2,0,29.47
3630944238,4,4,4,2,4,0,37.74
3634957885,4,4,4,1,4,1,59.46
3639264957,2,2,2,2,2,0,16.59
3645257775,2,2,2,2,2,0,16.59
3650456869,4,4,4,2,4,0,37.74
3650941626,2,2,2,2,2,0,16.59
3653755849,2,2,2,1,2,0,29.47
3657661565,2,2,2,2,2,0,16.59
3669471834,2,2,2,1,2,0,29.47
3678621078,2,2,2,1,2,0,29.47
3680199050,2,2,2,1,2,0,29.47
3682332904,4,4,4,3,4,0,47.35
3690866022,2,2,2,2,2,0,16.59
3693080118,2,2,2,2,2,0,16.59
3701242446,4,4,4,2,4,0,37.74
3705741037,2,2,2,1,2,0,29.47
3723073571,2,2,2,2,2,0,16.59
3740278062,6,6,6,2,6,1,84.72
3740779433,2,2,2,1,2,0,29.47
3744571991,4,4,4,2,4,0,37.74
3754807805,2,2,2,1,2,0,29.47
3757383959,2,2,2,2,2,0,16.59
3771886263,2,2,2,1,2,0,29.47
3775044806,2,2,2,2,2,0,16.59
3783063963,2,2,2,2,2,0,16.59
3791212110,2,2,2,2,2,0,16.59
3805732136,6,6,6,3,6,1,72.27
3822382235,2,2,2,1,2,0,29.47
3822442951,8,8,8,3,8,1,96.47
3828232668,2,2,2,2,2,0,16.59
3831918043,2,2,2,1,2,0,29.47
3831934891,4,4,4,3,4,0,47.35
3842513542,2,2,2,1,2,0,29.47
3852146111,2,2,2,1,2,0,29.47
3855555051,4,4,4,3,4,0,47.35
3859524050,4,4,4,2,4,0,37.74
3864883626,2,2,2,1,2,0,29.47
3865568502,2,2,2,2,2,0,16.59
3866429742,4,4,4,2,4,0,37.74
3866897073,2,2,2,2,2,0,16.59
3868165223,6,6,6,2,6,1,84.72
3875082768,2,2,2,2,2,0,16.59
3878753577,4,4,4,3,4,0,47.35
3882810592,2,2,2,1,2,0,29.47
3885160607,2,2,2,1,2,0,29.47
3885681193,2,2,2,2,2,0,16.59
3885978719,2,2,2,2,2,0,16.59
3900251213,2,2,2,1,2,0,29.47
3920604294,4,4,4,2,4,0,37.74
3921609228,4,4,4,3,4,0,47.35
3926142939,2,2,2,1,2,0,29.47
3927769843,2,2,2,1,2,0,29.47
3928403476,2,2,2,2,2,0,16.59
3939881869,4,4,4,3,4,0,47.35
3943804032,2,2,2,2,2,0,16.59
3943988442,4,4,4,2,4,0,37.74
3944060146,2,2,2,1,2,0,29.47
3950111525,2,2,2,2,2,0,16.59
3953481105,2,2,2,1,2,0,29.47
3958739592,4,4,4,3,4,0,47.35
3959459211,2,2,2,1,2,0,29.47
3960424081,2,2,2,1,2,0,29.47
3961219051,2,2,2,2,2,0,16.59
3967705467,6,6,6,3,6,1,72.27
3968860102,2,2,2,1,2,0,29.47
3978157341,2,2,2,2,2,0,16.59
3986383466,4,4,4,2,4,0,37.74
3988784295,2,2,2,2,2,0,16.59
3990163587,4,4,4,3,4,0,47.35
3992052229,6,6,6,3,6,1,72.27
3996263779,2,2,2,1,2,0,29.47
3996979339,2,2,2,2,2,0,16.59
3997049835,2,2,2,1,2,0,29.47
3998376732,2,2,2,2,2,0,16.59
4013265373,2,2,2,1,2,0,29.47
4017234467,2,2,2,2,2,0,16.59
4024938713,2,2,2,2,2,0,16.59
4025885510,2,2,2,2,2,0,16.59
4026356887,2,2,2,1,2,0,29.47
4028974093,4,4,4,3,4,0,47.35
4032892624,4,4,4,2,4,0,37.74
4041627422,8,8,8,2,8,1,100.0
4042100149,2,2,2,2,2,0,16.59
4051431641,4,4,4,2,4,0,37.74
4055306113,4,4,4,3,4,0,47.35
4057445099,8,8,8,3,8,1,96.47
4058151939,2,2,2,2,2,0,16.59
4060154138,2,2,2,1,2,0,29.47
4067200784,2,2,2,1,2,0,29.47
4070366656,2,2,2,2,2,0,16.59
4088331838,2,2,2,1,2,0,29.47
4099073722,2,2,2,2,2,0,16.59
4109600661,4,4,4,3,4,0,47.35
4117309850,2,2,2,2,2,0,16.59
4118727429,2,2,2,1,2,0,29.47
4125313795,6,6,6,3,6,1,72.27
4152807864,4,4,4,2,4,0,37.74
4156676527,2,2,2,2,2,0,16.59
4158744915,6,6,6,2,6,1,84.72
4162796365,2,2,2,2,2,0,16.59
4163166417,2,2,2,2,2,0,16.59
4172156229,2,2,2,2,2,0,16.59
4176697068,2,2,2,1,2,0,29.47
4178321126,4,4,4,3,4,0,47.35
4178679393,2,2,2,2,2,0,16.59
4186203036,4,4,4,3,4,0,47.35
4189508164,6,6,6,3,6,1,72.27
4196156078,2,2,2,1,2,0,29.47
4201173101,2,2,2,1,2,0,29.47
4205668073,4,4,4,2,4,0,37.74
4208481395,2,2,2,2,2,0,16.59
4210379982,6,6,6,3,6,1,72.27
4220618506,2,2,2,2,2,0,16.59
4220704310,4,4,4,2,4,0,37.74
4223653271,2,2,2,2,2,0,16.59
4234016361,6,6,6,3,6,1,72.27
4235914261,2,2,2,1,2,0,29.47
4243837390,2,2,2,2,2,0,16.59
4250122915,2,2,2,1,2,0,29.47
4272943610,4,4,4,3,4,0,47.35
4275090161,2,2,2,2,2,0,16.59
4275617372,2,2,2,1,2,0,29.47
4279191637,2,2,2,2,2,0,16.59
4280911541,2,2,2,1,2,0,29.47
4285969325,4,4,4,3,4,0,47.35
4290436827,2,2,2,1,2,0,29.47
4293264570,4,4,4,3,4,0,47.35
4295995719,2,2,2,2,2,0,16.59
4302120663,4,4,4,3,4,0,47.35
4302178167,2,2,2,2,2,0,16.59
4306287345,2,2,2,1,2,0,29.47
4317191633,2,2,2,2,2,0,16.59
4335623950,2,2,2,2,2,0,16.59
4335670860,6,6,6,3,6,1,72.27
4337504793,2,2,2,2,2,0,16.59
4339971236,2,2,2,2,2,0,16.59
4345581223,4,4,4,2,4,0,37.74
4346858639,2,2,2,1,2,0,29.47
4347769587,2,2,2,2,2,0,16.59
4351906698,2,2,2,2,2,0,16.59
4362331931,2,2,2,1,2,0,29.47
4366647984,2,2,2,1,2,0,29.47
4368869148,2,2,2,2,2,0,16.59
4369285156,2,2,2,2,2,0,16.59
4373053596,2,2,2,2,2,0,16.59
4378872427,2,2,2,1,2,0,29.47
4380299034,4,4,4,2,4,0,37.74
4381779989,2,2,2,1,2,0,29.47
4383805826,2,2,2,2,2,0,16.59
4384092771,4,4,4,2,4,0,37.74
4384249818,2,2,2,1,2,0,29.47
4385009537,2,2,2,1,2,0,29.47
4385800999,2,2,2,2,2,0,16.59
4386668470,2,2,2,2,2,0,16.59
4399106227,2,2,2,2,2,0,16.59
4409079772,2,2,2,2,2,0,16.59
4411197388,2,2,2,2,2,0,16.59
4415136124,2,2,2,2,2,0,16.59
4420678831,2,2,2,2,2,0,16.59
4425118095,4,4,4,2,4,0,37.74
4442537424,4,4,4,1,4,1,59.46
4443596245,2,2,2,1,2,0,29.47
4445169613,4,4,4,2,4,0,37.74
4447232290,4,4,4,2,4,0,37.74
4448317493,2,2,2,2,2,0,16.59
4451895202,2,2,2,2,2,0,16.59
4456844679,2,2,2,2,2,0,16.59
4458479519,2,2,2,2,2,0,16.59
4461440923,2,2,2,2,2,0,16.59
4462763514,2,2,2,2,2,0,16.59
4464523900,2,2,2,1,2,0,29.47
4465325544,2,2,2,2,2,0,16.59
4470823171,4,4,4,1,4,1,59.46
4471324754,2,2,2,1,2,0,29.47
4471565037,2,2,2,1,2,0,29.47
4474176434,4,4,4,2,4,0,37.74
4476094837,2,2,2,1,2,0,29.47
4477714057,6,6,6,3,6,1,72.27
4478674280,2,2,2,1,2,0,29.47
4481776655,2,2,2,2,2,0,16.59
4485645101,2,2,2,2,2,0,16.59
4488501556,4,4,4,2,4,0,37.74
4490711364,6,6,6,2,6,1,84.72
4493474303,2,2,2,2,2,0,16.59
4496392148,2,2,2,2,2,0,16.59
4499195401,2,2,2,1,2,0,29.47
4499585391,2,2,2,1,2,0,29.47
4522885158,2,2,2,1,2,0,29.47
4523558972,2,2,2,1,2,0,29.47
4523888562,2,2,2,2,2,0,16.59
4551588863,2,2,2,2,2,0,16.59
4565060983,2,2,2,2,2,0,16.59
4573485413,2,2,2,1,2,0,29.47
4577600490,4,4,4,2,4,0,37.74
4583875007,4,4,4,3,4,0,47.35
4584384588,2,2,2,2,2,0,16.59
4594085935,2,2,2,2,2,0,16.59
4597010822,2,2,2,1,2,0,29.47
4600452128,2,2,2,1,2,0,29.47
4600791949,4,4,4,3,4,0,47.35
4609193511,2,2,2,1,2,0,29.47
4614262040,4,4,4,3,4,0,47.35
4621167006,2,2,2,2,2,0,16.59
4625540263,2,2,2,2,2,0,16.59
4629613671,2,2,2,1,2,0,29.47
4630009984,4,4,4,3,4,0,47.35
4631078907,2,2,2,2,2,0,16.59
4647496591,2,2,2,2,2,0,16.59
4648760857,2,2,2,2,2,0,16.59
4651835914,2,2,2,2,2,0,16.59
4651909862,2,2,2,2,2,0,16.59
4653537801,4,4,4,2,4,0,37.74
4656382569,2,2,2,2,2,0,16.59
4666326631,2,2,2,2,2,0,16.59
4668708179,2,2,2,2,2,0,16.59
4677239677,4,4,4,2,4,0,37.74
4693172947,2,2,2,1,2,0,29.47
4695755526,4,4,4,2,4,0,37.74
4696318158,2,2,2,1,2,0,29.47
4696458924,2,2,2,2,2,0,16.59
4719535307,2,2,2,2,2,0,16.59
4730577719,2,2,2,2,2,0,16.59
4740748217,2,2,2,1,2,0,29.47
4741340192,2,2,2,1,2,0,29.47
4741759558,2,2,2,1,2,0,29.47
4743894752,4,4,4,2,4,0,37.74
4745501482,2,2,2,1,2,0,29.47
4746911708,2,2,2,2,2,0,16.59
4750917835,8,8,8,3,8,1,96.47
4752864612,2,2,2,2,2,0,16.59
4759911739,2,2,2,2,2,0,16.59
4762198938,4,4,4,2,4,0,37.74
4765848854,4,4,4,2,4,0,37.74
4766964846,2,2,2,1,2,0,29.47
4767300916,2,2,2,2,2,0,16.59
4772512957,2,2,2,2,2,0,16.59
4777745925,2,2,2,2,2,0,16.59
4790447515,4,4,4,2,4,0,37.74
4792897092,4,4,4,3,4,0,47.35
4793564651,2,2,2,1,2,0,29.47
4802797273,2,2,2,2,2,0,16.59
4814443944,6,6,6,3,6,1,72.27
4815324606,2,2,2,2,2,0,16.59
4821380115,4,4,4,2,4,0,37.74
4824015217,2,2,2,1,2,0,29.47
4831145064,2,2,2,1,2,0,29.47
4845443007,2,2,2,2,2,0,16.59
4848569445,2,2,2,1,2,0,29.47
4853465579,2,2,2,2,2,0,16.59
4856483098,2,2,2,2,2,0,16.59
4864708213,2,2,2,2,2,0,16.59
4869653715,2,2,2,2,2,0,16.59
4875256048,2,2,2,1,2,0,29.47
4881050391,2,2,2,2,2,0,16.59
4883997418,2,2,2,2,2,0,16.59
4888258120,2,2,2,2,2,0,16.59
4895382944,2,2,2,2,2,0,16.59
4901405439,2,2,2,2,2,0,16.59
4910885348,2,2,2,2,2,0,16.59
4911894184,2,2,2,1,2,0,29.47
4913156536,4,4,4,2,4,0,37.74
4913342457,2,2,2,2,2,0,16.59
4916247554,2,2,2,2,2,0,16.59
4918684987,4,4,4,2,4,0,37.74
4927852346,2,2,2,2,2,0,16.59
4929896187,2,2,2,2,2,0,16.59
4930539734,2,2,2,2,2,0,16.59
4932149587,4,4,4,2,4,0,37.74
4939178264,2,2,2,2,2,0,16.59
4944282818,4,4,4,2,4,0,37.74
4946173051,4,4,4,3,4,0,47.35
4949356580,4,4,4,3,4,0,47.35
4960660766,2,2,2,2,2,0,16.59
4962595901,4,4,4,2,4,0,37.74
4965515641,4,4,4,3,4,0,47.35
4967827411,4,4,4,2,4,0,37.74
4973449305,2,2,2,1,2,0,29.47
4975271290,2,2,2,2,2,0,16.59
4977689799,4,4,4,2,4,0,37.74
4982824674,4,4,4,3,4,0,47.35
4986478686,2,2,2,2,2,0,16.59
4988069440,4,4,4,3,4,0,47.35
4999597703,4,4,4,3,4,0,47.35
5000388911,2,2,2,2,2,0,16.59
5007867755,2,2,2,1,2,0,29.47
5012495528,2,2,2,2,2,0,16.59
5015137862,2,2,2,2,2,0,16.59
5015280064,2,2,2,2,2,0,16.59
5016993297,4,4,4,3,4,0,47.35
5018187850,2,2,2,2,2,0,16.59
5022593122,2,2,2,2,2,0,16.59
5025787090,2,2,2,2,2,0,16.59
5029168154,2,2,2,2,2,0,16.59
5031049791,2,2,2,2,2,0,16.59
5032312489,2,2,2,2,2,0,16.59
5033000088,4,4,4,3,4,0,47.35
5041226643,2,2,2,1,2,0,29.47
5052112036,2,2,2,1,2,0,29.47
5067578968,4,4,4,2,4,0,37.74
5071380671,2,2,2,1,2,0,29.47
5079181589,2,2,2,2,2,0,16.59
5080959481,2,2,2,1,2,0,29.47
5082432625,2,2,2,1,2,0,29.47
5083686067,2,2,2,2,2,0,16.59
5085261068,2,2,2,2,2,0,16.59
5086286856,2,2,2,1,2,0,29.47
5089607137,2,2,2,2,2,0,16.59
5093604709,2,2,2,2,2,0,16.59
5094846455,2,2,2,2,2,0,16.59
5095792818,2,2,2,2,2,0,16.59
5096085874,4,4,4,2,4,0,37.74
5096399478,4,4,4,1,4,1,59.46
5099621836,2,2,2,2,2,0,16.59
5104636815,2,2,2,2,2,0,16.59
5106744499,2,2,2,1,2,0,29.47
5109346673,4,4,4,2,4,0,37.74
5114262582,4,4,4,3,4,0,47.35
5117682515,4,4,4,3,4,0,47.35
5120045158,2,2,2,2,2,0,16.59
5125927291,6,6,6,3,6,1,72.27
5128163799,2,2,2,2,2,0,16.59
5128682300,2,2,2,2,2,0,16.59
5130063409,2,2,2,2,2,0,16.59
5133460184,2,2,2,2,2,0,16.59
5138222629,4,4,4,3,4,0,47.35
5141483515,2,2,2,2,2,0,16.59
5146074555,2,2,2,2,2,0,16.59
5147439742,2,2,2,1,2,0,29.47
5159698132,4,4,4,3,4,0,47.35
5160269577,2,2,2,1,2,0,29.47
5160984145,2,2,2,1,2,0,29.47
5164693335,4,4,4,2,4,0,37.74
5173466068,2,2,2,2,2,0,16.59
5176668992,4,4,4,3,4,0,47.35
5188857878,4,4,4,2,4,0,37.74
5196282225,4,4,4,3,4,0,47.35
5201015444,2,2,2,2,2,0,16.59
5208235096,2,2,2,1,2,0,29.47
5212193387,6,6,6,3,6,1,72.27
5214957957,2,2,2,2,2,0,16.59
5221732842,2,2,2,2,2,0,16.59
5240017550,2,2,2,2,2,0,16.59
5242760741,2,2,2,2,2,0,16.59
5249911877,2,2,2,2,2,0,16.59
5258939425,2,2,2,1,2,0,29.47
5272959867,4,4,4,2,4,0,37.74
5273839688,2,2,2,2,2,0,16.59
5274216919,2,2,2,1,2,0,29.47
5283388285,2,2,2,2,2,0,16.59
5286122400,4,4,4,2,4,0,37.74
5288231329,4,4,4,3,4,0,47.35
5298675542,2,2,2,1,2,0,29.47
5300730950,4,4,4,2,4,0,37.74
5301239847,4,4,4,2,4,0,37.74
5304214316,2,2,2,2,2,0,16.59
5305325624,2,2,2,2,2,0,16.59
5308040276,2,2,2,2,2,0,16.59
5312900362,2,2,2,2,2,0,16.59
5316156678,2,2,2,2,2,0,16.59
5317087300,4,4,4,2,4,0,37.74
5329677375,2,2,2,2,2,0,16.59
5331513135,2,2,2,1,2,0,29.47
5333202351,4,4,4,3,4,0,47.35
5344077794,2,2,2,2,2,0,16.59
5354143019,2,2,2,1,2,0,29.47
5355995154,4,4,4,2,4,0,37.74
5362566548,2,2,2,2,2,0,16.59
5369881649,6,6,6,3,6,1,72.27
5375137651,4,4,4,3,4,0,47.35
5377351585,2,2,2,2,2,0,16.59
5383364255,2,2,2,2,2,0,16.59
5384951632,6,6,6,3,6,1,72.27
5389218785,2,2,2,1,2,0,29.47
5393411236,2,2,2,2,2,0,16.59
5398358446,2,2,2,2,2,0,16.59
5405360656,2,2,2,2,2,0,16.59
5416893927,2,2,2,1,2,0,29.47
5421406650,2,2,2,1,2,0,29.47
5426267188,4,4,4,1,4,1,59.46
5426874470,2,2,2,1,2,0,29.47
5428873449,4,4,4,2,4,0,37.74
5433212595,2,2,2,1,2,0,29.47
5449669542,4,4,4,2,4,0,37.74
5457942753,2,2,2,1,2,0,29.47
5468627288,2,2,2,1,2,0,29.47
5471057870,8,8,8,3,8,1,96.47
5476512674,2,2,2,2,2,0,16.59
5478150618,2,2,2,1,2,0,29.47
5491465167,4,4,4,3,4,0,47.35
5499314536,2,2,2,1,2,0,29.47
5501352471,2,2,2,2,2,0,16.59
5512817751,2,2,2,2,2,0,16.59
5514382552,4,4,4,2,4,0,37.74
5528669335,4,4,4,2,4,0,37.74
5534050892,2,2,2,2,2,0,16.59
5543405416,2,2,2,2,2,0,16.59
5547435537,2,2,2,1,2,0,29.47
5555628497,2,2,2,2,2,0,16.59
5556348141,2,2,2,1,2,0,29.47
5562394764,2,2,2,1,2,0,29.47
5567613428,4,4,4,2,4,0,37.74
5571749058,2,2,2,1,2,0,29.47
5574908574,2,2,2,2,2,0,16.59
5575768112,6,6,6,3,6,1,72.27
5576930888,2,2,2,1,2,0,29.47
5578419032,2,2,2,1,2,0,29.47
5581735792,4,4,4,2,4,0,37.74
5598354116,2,2,2,1,2,0,29.47
5612137730,2,2,2,2,2,0,16.59
5623217914,2,2,2,2,2,0,16.59
5627740215,2,2,2,1,2,0,29.47
5632174003,2,2,2,2,2,0,16.59
5632250546,2,2,2,2,2,0,16.59
5633389234,2,2,2,2,2,0,16.59
5633917299,2,2,2,1,2,0,29.47
5636798836,2,2,2,1,2,0,29.47
5637448455,2,2,2,1,2,0,29.47
5645722757,2,2,2,2,2,0,16.59
5645981713,4,4,4,3,4,0,47.35
5650460700,2,2,2,1,2,0,29.47
5651269448,2,2,2,2,2,0,16.59
5652554245,4,4,4,3,4,0,47.35
5657289722,2,2,2,2,2,0,16.59
5659070554,2,2,2,1,2,0,29.47
5659950891,4,4,4,2,4,0,37.74
5661844386,2,2,2,2,2,0,16.59
5665183784,2,2,2,2,2,0,16.59
5665776061,2,2,2,1,2,0,29.47
5682017530,2,2,2,1,2,0,29.47
5684172734,6,6,6,3,6,1,72.27
5696542095,4,4,4,2,4,0,37.74
5707650946,2,2,2,2,2,0,16.59
5713649674,6,6,6,3,6,1,72.27
5728346389,6,6,6,3,6,1,72.27
5735805416,2,2,2,2,2,0,16.59
5737485251,4,4,4,3,4,0,47.35
5741756592,2,2,2,1,2,0,29.47
5744153966,2,2,2,1,2,0,29.47
5756907823,2,2,2,1,2,0,29.47
5758427686,4,4,4,2,4,0,37.74
5758498755,2,2,2,2,2,0,16.59
5762297824,2,2,2,2,2,0,16.59
5766656749,4,4,4,2,4,0,37.74
5779071416,2,2,2,1,2,0,29.47
5780978302,4,4,4,2,4,0,37.74
5783756816,4,4,4,3,4,0,47.35
5784468341,4,4,4,2,4,0,37.74
5787158415,6,6,6,3,6,1,72.27
5789868778,4,4,4,3,4,0,47.35
5792517333,4,4,4,3,4,0,47.35
5796784271,2,2,2,2,2,0,16.59
5798005832,2,2,2,1,2,0,29.47
5800439735,4,4,4,2,4,0,37.74
5802023152,2,2,2,2,2,0,16.59
5803071460,4,4,4,3,4,0,47.35
5803308641,4,4,4,3,4,0,47.35
5810457346,4,4,4,3,4,0,47.35
5825084342,2,2,2,2,2,0,16.59
5845840222,2,2,2,1,2,0,29.47
5861768225,2,2,2,1,2,0,29.47
5864452646,4,4,4,2,4,0,37.74
5871397187,4,4,4,2,4,0,37.74
5873393049,2,2,2,2,2,0,16.59
5874744124,2,2,2,2,2,0,16.59
5876887779,2,2,2,1,2,0,29.47
5877712151,2,2,2,2,2,0,16.59
5881959772,2,2,2,2,2,0,16.59
5884549086,2,2,2,1,2,0,29.47
5889053325,2,2,2,2,2,0,16.59
5889987244,2,2,2,1,2,0,29.47
5893082107,2,2,2,2,2,0,16.59
5895247609,4,4,4,2,4,0,37.74
5897824256,2,2,2,1,2,0,29.47
5906278790,2,2,2,2,2,0,16.59
5906328775,4,4,4,3,4,0,47.35
5909472155,2,2,2,2,2,0,16.59
5913268423,2,2,2,2,2,0,16.59
5915419635,2,2,2,2,2,0,16.59
5930407859,6,6,6,3,6,1,72.27
5940821545,2,2,2,1,2,0,29.47
5948989596,4,4,4,2,4,0,37.74
5950363262,2,2,2,2,2,0,16.59
5954761680,2,2,2,2,2,0,16.59
5962571976,2,2,2,2,2,0,16.59
5967577991,6,6,6,3,6,1,72.27
5973091218,4,4,4,3,4,0,47.35
5978336740,2,2,2,2,2,0,16.59
5984847169,4,4,4,2,4,0,37.74
5984913878,2,2,2,1,2,0,29.47
5986468480,2,2,2,2,2,0,16.59
5993176970,2,2,2,1,2,0,29.47
5996114358,2,2,2,2,2,0,16.59
6001365103,2,2,2,2,2,0,16.59
6013109862,6,6,6,2,6,1,84.72
6015653995,4,4,4,2,4,0,37.74
6029193051,2,2,2,2,2,0,16.59
6032358418,2,2,2,2,2,0,16.59
6032370140,2,2,2,1,2,0,29.47
6032612443,2,2,2,2,2,0,16.59
6046290709,2,2,2,1,2,0,29.47
6049860372,6,6,6,2,6,1,84.72
6056035679,6,6,6,3,6,1,72.27
6062290113,2,2,2,2,2,0,16.59
6066992613,6,6,6,3,6,1,72.27
6067148981,2,2,2,2,2,0,16.59
6068921744,6,6,6,2,6,1,84.72
6069138217,2,2,2,2,2,0,16.59
6071500665,2,2,2,2,2,0,16.59
6073771506,2,2,2,1,2,0,29.47
6075981731,4,4,4,2,4,0,37.74
6080753939,2,2,2,2,2,0,16.59
6083523391,2,2,2,1,2,0,29.47
6088532987,6,6,6,3,6,1,72.27
6088958697,2,2,2,2,2,0,16.59
6089706493,2,2,2,1,2,0,29.47
6090916666,2,2,2,1,2,0,29.47
6097849704,2,2,2,1,2,0,29.47
6101061958,2,2,2,1,2,0,29.47
6101975358,2,2,2,2,2,0,16.59
6105360743,2,2,2,1,2,0,29.47
6112879429,4,4,4,2,4,0,37.74
6122868528,2,2,2,1,2,0,29.47
6123400152,2,2,2,2,2,0,16.59
6131217888,4,4,4,2,4,0,37.74
6133330561,2,2,2,2,2,0,16.59
6137157660,2,2,2,2,2,0,16.59
6137698237,2,2,2,2,2,0,16.59
6139557458,4,4,4,2,4,0,37.74
6142823428,4,4,4,2,4,0,37.74
6143153834,4,4,4,2,4,0,37.74
6150710661,2,2,2,2,2,0,16.59
6157493251,6,6,6,3,6,1,72.27
6158844523,2,2,2,2,2,0,16.59
6159293257,2,2,2,1,2,0,29.47
6172701891,4,4,4,2,4,0,37.74
6173124321,2,2,2,2,2,0,16.59
6179327104,6,6,6,2,6,1,84.72
6202820749,4,4,4,3,4,0,47.35
6203634443,2,2,2,2,2,0,16.59
6203760207,4,4,4,3,4,0,47.35
6219747604,4,4,4,2,4,0,37.74
6220659100,2,2,2,2,2,0,16.59
6221890927,4,4,4,3,4,0,47.35
6232151751,4,4,4,3,4,0,47.35
6237634596,2,2,2,2,2,0,16.59
6242657896,4,4,4,2,4,0,37.74
6245240558,2,2,2,1,2,0,29.47
6248748562,4,4,4,2,4,0,37.74
6250845014,2,2,2,1,2,0,29.47
6253522938,2,2,2,2,2,0,16.59
6258896792,4,4,4,3,4,0,47.35
6259914353,4,4,4,2,4,0,37.74
6263934362,2,2,2,2,2,0,16.59
6266821719,2,2,2,1,2,0,29.47
6266998180,2,2,2,2,2,0,16.59
6268040850,2,2,2,2,2,0,16.59
6268943012,4,4,4,3,4,0,47.35
6270610500,4,4,4,2,4,0,37.74
6274157088,2,2,2,1,2,0,29.47
6276176404,2,2,2,2,2,0,16.59
6280587777,2,2,2,1,2,0,29.47
6282196087,2,2,2,1,2,0,29.47
6291279908,2,2,2,2,2,0,16.59
6292917736,6,6,6,3,6,1,72.27
6296029649,4,4,4,2,4,0,37.74
6297611662,2,2,2,2,2,0,16.59
6302669803,2,2,2,2,2,0,16.59
6306636050,8,8,8,2,8,1,100.0
6314131929,2,2,2,2,2,0,16.59
6314687041,2,2,2,2,2,0,16.59
6319106971,4,4,4,2,4,0,37.74
6319946709,6,6,6,3,6,1,72.27
6327034914,2,2,2,2,2,0,16.59
6336027315,2,2,2,1,2,0,29.47
6336558617,6,6,6,3,6,1,72.27
6345645040,2,2,2,2,2,0,16.59
6351004627,4,4,4,2,4,0,37.74
6363004335,2,2,2,2,2,0,16.59
6371892392,2,2,2,2,2,0,16.59
6376599162,4,4,4,3,4,0,47.35
6382850416,2,2,2,2,2,0,16.59
6383666943,2,2,2,2,2,0,16.59
6399287987,2,2,2,1,2,0,29.47
6401625953,4,4,4,2,4,0,37.74
6406415118,2,2,2,2,2,0,16.59
6416936835,2,2,2,2,2,0,16.59
6417692743,2,2,2,1,2,0,29.47
6420118082,2,2,2,1,2,0,29.47
6428595252,2,2,2,1,2,0,29.47
6429306461,2,2,2,1,2,0,29.47
6429617247,2,2,2,2,2,0,16.59
6430297081,2,2,2,1,2,0,29.47
6435371214,4,4,4,2,4,0,37.74
6437702170,2,2,2,2,2,0,16.59
6449251925,6,6,6,3,6,1,72.27
6459803440,2,2,2,2,2,0,16.59
6461533002,2,2,2,1,2,0,29.47
6484494116,2,2,2,2,2,0,16.59
6485796886,6,6,6,3,6,1,72.27
6486067398,2,2,2,2,2,0,16.59
6492152964,2,2,2,1,2,0,29.47
6492515837,2,2,2,2,2,0,16.59
6492907038,4,4,4,3,4,0,47.35
6495665660,2,2,2,1,2,0,29.47
6496737945,2,2,2,2,2,0,16.59
6504715802,2,2,2,2,2,0,16.59
6510389537,6,6,6,3,6,1,72.27
6516512654,4,4,4,3,4,0,47.35
6517680866,2,2,2,1,2,0,29.47
6521010745,2,2,2,1,2,0,29.47
6529905367,2,2,2,2,2,0,16.59
6546141191,2,2,2,1,2,0,29.47
6548338806,2,2,2,2,2,0,16.59
6552899316,6,6,6,3,6,1,72.27
6556192218,2,2,2,2,2,0,16.59
6561833597,2,2,2,1,2,0,29.47
6580643855,2,2,2,2,2,0,16.59
6582344538,4,4,4,3,4,0,47.35
6589884386,2,2,2,2,2,0,16.59
6594805316,2,2,2,2,2,0,16.59
6598669327,2,2,2,2,2,0,16.59
6608112600,2,2,2,2,2,0,16.59
6617658818,2,2,2,2,2,0,16.59
6621380595,4,4,4,2,4,0,37.74
6624813235,6,6,6,3,6,1,72.27
6639032143,2,2,2,2,2,0,16.59
6646419623,6,6,6,3,6,1,72.27
6647741313,2,2,2,2,2,0,16.59
6648143137,2,2,2,1,2,0,29.47
6654053242,2,2,2,2,2,0,16.59
6657486597,2,2,2,2,2,0,16.59
6661449429,4,4,4,2,4,0,37.74
6661780886,2,2,2,1,2,0,29.47
6662159183,8,8,8,3,8,1,96.47
6664374906,4,4,4,3,4,0,47.35
6666369472,2,2,2,2,2,0,16.59
6670191871,4,4,4,3,4,0,47.35
6675859877,2,2,2,1,2,0,29.47
6678845732,4,4,4,3,4,0,47.35
6687002176,2,2,2,2,2,0,16.59
6687887883,2,2,2,1,2,0,29.47
6689742757,2,2,2,2,2,0,16.59
6691008224,4,4,4,2,4,0,37.74
6694793802,6,6,6,2,6,1,84.72
6696922953,2,2,2,1,2,0,29.47
6700900436,2,2,2,2,2,0,16.59
6702440330,4,4,4,2,4,0,37.74
6708762408,2,2,2,2,2,0,16.59
6710529877,6,6,6,3,6,1,72.27
6723904418,2,2,2,2,2,0,16.59
6724195415,6,6,6,3,6,1,72.27
6724347014,2,2,2,2,2,0,16.59
6732586848,2,2,2,2,2,0,16.59
6732904575,2,2,2,2,2,0,16.59
6734815391,2,2,2,2,2,0,16.59
6742662991,2,2,2,2,2,0,16.59
6742860476,4,4,4,2,4,0,37.74
6745339625,2,2,2,1,2,0,29.47
6747152035,2,2,2,1,2,0,29.47
6752059354,2,2,2,2,2,0,16.59
6755125427,6,6,6,3,6,1,72.27
6770667219,6,6,6,3,6,1,72.27
6774473245,2,2,2,1,2,0,29.47
6789973080,6,6,6,3,6,1,72.27
6793263345,2,2,2,2,2,0,16.59
6800907220,2,2,2,2,2,0,16.59
6801269625,2,2,2,2,2,0,16.59
6808760385,2,2,2,2,2,0,16.59
6808835855,4,4,4,2,4,0,37.74
6817557958,4,4,4,3,4,0,47.35
6827256393,2,2,2,2,2,0,16.59
6828765755,2,2,2,2,2,0,16.59
6842633618,4,4,4,2,4,0,37.74
6848507013,6,6,6,2,6,1,84.72
6858643311,4,4,4,2,4,0,37.74
6869461841,2,2,2,2,2,0,16.59
6873391158,4,4,4,3,4,0,47.35
6880848207,2,2,2,1,2,0,29.47
6893327661,4,4,4,2,4,0,37.74
6902837727,2,2,2,2,2,0,16.59
6903337363,2,2,2,1,2,0,29.47
6903583223,4,4,4,2,4,0,37.74
6904635077,2,2,2,1,2,0,29.47
6907826333,2,2,2,2,2,0,16.59
6933753614,2,2,2,2,2,0,16.59
6934292913,2,2,2,2,2,0,16.59
6939089413,2,2,2,1,2,0,29.47
6939553308,2,2,2,2,2,0,16.59
6943074982,4,4,4,2,4,0,37.74
6947258784,2,2,2,2,2,0,16.59
6949739768,6,6,6,3,6,1,72.27
6952121560,2,2,2,2,2,0,16.59
6974721712,2,2,2,2,2,0,16.59
6983649509,2,2,2,1,2,0,29.47
6985700272,2,2,2,2,2,0,16.59
6998426732,2,2,2,2,2,0,16.59
6998428828,2,2,2,2,2,0,16.59
6998758525,4,4,4,3,4,0,47.35
6999393449,2,2,2,2,2,0,16.59
7002136139,2,2,2,1,2,0,29.47
7002518828,4,4,4,2,4,0,37.74
7009358717,2,2,2,2,2,0,16.59
7012770632,2,2,2,2,2,0,16.59
7014389204,2,2,2,1,2,0,29.47
7014508993,6,6,6,3,6,1,72.27
7025431639,4,4,4,2,4,0,37.74
7031286913,4,4,4,3,4,0,47.35
7032288897,4,4,4,2,4,0,37.74
7039508888,2,2,2,2,2,0,16.59
7043796508,2,2,2,2,2,0,16.59
7046226817,2,2,2,2,2,0,16.59
7047743490,2,2,2,2,2,0,16.59
7048281489,2,2,2,2,2,0,16.59
7063378747,2,2,2,2,2,0,16.59
7063632863,4,4,4,3,4,0,47.35
7067596500,2,2,2,1,2,0,29.47
7071198951,2,2,2,2,2,0,16.59
7076280995,4,4,4,3,4,0,47.35
7078384784,2,2,2,2,2,0,16.59
7095062632,2,2,2,2,2,0,16.59
7097915422,2,2,2,2,2,0,16.59
7104044646,4,4,4,3,4,0,47.35
7114865658,2,2,2,2,2,0,16.59
7130370971,2,2,2,2,2,0,16.59
7137564867,2,2,2,2,2,0,16.59
7149131046,2,2,2,2,2,0,16.59
7150416591,4,4,4,3,4,0,47.35
7151041367,4,4,4,3,4,0,47.35
7151332690,2,2,2,2,2,0,16.59
7153784205,2,2,2,1,2,0,29.47
7154224125,2,2,2,2,2,0,16.59
7157557166,4,4,4,2,4,0,37.74
7168923217,4,4,4,2,4,0,37.74
7175240975,2,2,2,2,2,0,16.59
7183410006,4,4,4,3,4,0,47.35
7185081463,2,2,2,2,2,0,16.59
7186294368,2,2,2,2,2,0,16.59
7187500369,4,4,4,3,4,0,47.35
7204509806,2,2,2,1,2,0,29.47
7215107029,2,2,2,1,2,0,29.47
7220542216,6,6,6,3,6,1,72.27
7228200557,2,2,2,1,2,0,29.47
7232472828,2,2,2,2,2,0,16.59
7237225931,2,2,2,1,2,0,29.47
7241975028,8,8,8,3,8,1,96.47
7244069535,4,4,4,3,4,0,47.35
7267545769,2,2,2,2,2,0,16.59
7268565505,2,2,2,2,2,0,16.59
7268779388,4,4,4,2,4,0,37.74
7270224102,4,4,4,3,4,0,47.35
7277282769,2,2,2,1,2,0,29.47
7280072720,2,2,2,2,2,0,16.59
7281959816,2,2,2,2,2,0,16.59
7284540182,2,2,2,2,2,0,16.59
7285021553,2,2,2,1,2,0,29.47
7296204297,2,2,2,2,2,0,16.59
7299766562,2,2,2,1,2,0,29.47
7309009062,2,2,2,1,2,0,29.47
7309532670,2,2,2,2,2,0,16.59
7320220173,4,4,4,3,4,0,47.35
7327839692,2,2,2,2,2,0,16.59
7331881567,6,6,6,3,6,1,72.27
7337610727,2,2,2,2,2,0,16.59
7343282391,2,2,2,1,2,0,29.47
7344580197,4,4,4,3,4,0,47.35
7355278451,4,4,4,2,4,0,37.74
7359283962,2,2,2,1,2,0,29.47
7360511035,4,4,4,3,4,0,47.35
7362530342,2,2,2,2,2,0,16.59
7364140226,2,2,2,1,2,0,29.47
7364248096,2,2,2,2,2,0,16.59
7371784587,8,8,8,3,8,1,96.47
7372830093,2,2,2,2,2,0,16.59
7381567997,2,2,2,1,2,0,29.47
7384315567,2,2,2,1,2,0,29.47
7402823164,4,4,4,3,4,0,47.35
7402826565,2,2,2,2,2,0,16.59
7404336895,2,2,2,1,2,0,29.47
7405171757,2,2,2,2,2,0,16.59
7408975784,2,2,2,1,2,0,29.47
7409126028,4,4,4,3,4,0,47.35
7409131117,2,2,2,2,2,0,16.59
7414201349,2,2,2,2,2,0,16.59
7416371206,2,2,2,2,2,0,16.59
7416867448,2,2,2,2,2,0,16.59
7423183061,2,2,2,2,2,0,16.59
7434021970,4,4,4,2,4,0,37.74
7435670277,4,4,4,2,4,0,37.74
7437212384,4,4,4,2,4,0,37.74
7439391916,2,2,2,2,2,0,16.59
7445825742,2,2,2,1,2,0,29.47
7455084289,2,2,2,2,2,0,16.59
7463177186,4,4,4,3,4,0,47.35
7464227300,2,2,2,2,2,0,16.59
7464533164,2,2,2,1,2,0,29.47
7465505751,4,4,4,2,4,0,37.74
7467621202,2,2,2,2,2,0,16.59
7469660606,2,2,2,1,2,0,29.47
7470002687,2,2,2,2,2,0,16.59
7470465717,2,2,2,1,2,0,29.47
7474073972,2,2,2,1,2,0,29.47
7476484559,4,4,4,2,4,0,37.74
7486993588,2,2,2,2,2,0,16.59
7487056623,2,2,2,2,2,0,16.59
7490044910,2,2,2,1,2,0,29.47
7492944993,2,2,2,1,2,0,29.47
7494653984,2,2,2,2,2,0,16.59
7505611555,2,2,2,2,2,0,16.59
7513158620,2,2,2,2,2,0,16.59
7516061403,6,6,6,3,6,1,72.27
7516748673,2,2,2,1,2,0,29.47
7519267750,8,8,8,2,8,1,100.0
7519712847,2,2,2,2,2,0,16.59
7520025569,2,2,2,2,2,0,16.59
7520238974,6,6,6,3,6,1,72.27
7521455447,2,2,2,2,2,0,16.59
7531368593,2,2,2,2,2,0,16.59
7531779105,2,2,2,2,2,0,16.59
7535024694,2,2,2,1,2,0,29.47
7536170617,2,2,2,1,2,0,29.47
7541184762,2,2,2,2,2,0,16.59
7553373477,2,2,2,2,2,0,16.59
7563112138,2,2,2,1,2,0,29.47
7566807345,4,4,4,2,4,0,37.74
7567538668,4,4,4,3,4,0,47.35
7570974141,2,2,2,2,2,0,16.59
7573660965,2,2,2,2,2,0,16.59
7576826369,2,2,2,1,2,0,29.47
7577079606,4,4,4,3,4,0,47.35
7585485965,8,8,8,3,8,1,96.47
7609713777,6,6,6,3,6,1,72.27
7610527237,2,2,2,1,2,0,29.47
7612898993,2,2,2,2,2,0,16.59
7621577405,4,4,4,2,4,0,37.74
7625503250,2,2,2,2,2,0,16.59
7625906200,2,2,2,1,2,0,29.47
7629833477,2,2,2,1,2,0,29.47
7630728727,4,4,4,3,4,0,47.35
7630901573,4,4,4,2,4,0,37.74
7644943632,2,2,2,2,2,0,16.59
7660022003,2,2,2,2,2,0,16.59
7662154151,2,2,2,1,2,0,29.47
7665420986,4,4,4,3,4,0,47.35
7667861986,8,8,8,3,8,1,96.47
7668089504,6,6,6,2,6,1,84.72
7677583131,2,2,2,2,2,0,16.59
7681605191,4,4,4,3,4,0,47.35
7685384994,2,2,2,1,2,0,29.47
7690700960,2,2,2,1,2,0,29.47
7700541199,6,6,6,2,6,1,84.72
7704990967,2,2,2,2,2,0,16.59
7706736820,2,2,2,2,2,0,16.59
7709895342,2,2,2,2,2,0,16.59
7710629450,4,4,4,3,4,0,47.35
7712582848,2,2,2,2,2,0,16.59
7721075240,2,2,2,2,2,0,16.59
7721788728,6,6,6,2,6,1,84.72
7722164175,2,2,2,2,2,0,16.59
7723692929,4,4,4,2,4,0,37.74
7731319749,4,4,4,3,4,0,47.35
7731806325,6,6,6,2,6,1,84.72
7732372492,4,4,4,2,4,0,37.74
7732449134,4,4,4,3,4,0,47.35
7744222124,4,4,4,3,4,0,47.35
7751536720,4,4,4,2,4,0,37.74
7756185374,4,4,4,3,4,0,47.35
7759902549,2,2,2,2,2,0,16.59
7762369663,2,2,2,1,2,0,29.47
7762601835,6,6,6,3,6,1,72.27
7764237885,2,2,2,1,2,0,29.47
7772043971,2,2,2,1,2,0,29.47
7775323863,2,2,2,2,2,0,16.59
7778321867,4,4,4,3,4,0,47.35
7778673971,2,2,2,1,2,0,29.47
7788921418,4,4,4,3,4,0,47.35
7793854609,2,2,2,2,2,0,16.59
7798768299,6,6,6,2,6,1,84.72
7803463328,2,2,2,1,2,0,29.47
7808264931,4,4,4,3,4,0,47.35
7813409514,2,2,2,1,2,0,29.47
7817042327,4,4,4,3,4,0,47.35
7818875815,4,4,4,2,4,0,37.74
7820829737,2,2,2,2,2,0,16.59
7820993872,6,6,6,3,6,1,72.27
7821056733,2,2,2,2,2,0,16.59
7823129957,4,4,4,2,4,0,37.74
7824116434,2,2,2,2,2,0,16.59
7827577306,2,2,2,2,2,0,16.59
7827710501,6,6,6,3,6,1,72.27
7832031613,2,2,2,2,2,0,16.59
7834127083,8,8,8,3,8,1,96.47
7835179838,2,2,2,2,2,0,16.59
7837031754,2,2,2,1,2,0,29.47
7844298299,2,2,2,1,2,0,29.47
7854458771,4,4,4,2,4,0,37.74
7861658413,2,2,2,1,2,0,29.47
7863767316,4,4,4,3,4,0,47.35
7879054116,4,4,4,2,4,0,37.74
7879565442,2,2,2,1,2,0,29.47
7881253251,2,2,2,1,2,0,29.47
7889155939,2,2,2,2,2,0,16.59
7897267156,4,4,4,3,4,0,47.35
7897616829,2,2,2,2,2,0,16.59
7897755426,6,6,6,3,6,1,72.27
7905528183,4,4,4,2,4,0,37.74
7917665122,4,4,4,2,4,0,37.74
7919445576,4,4,4,3,4,0,47.35
7923264870,2,2,2,1,2,0,29.47
7929111799,2,2,2,1,2,0,29.47
7931363659,2,2,2,2,2,0,16.59
7932008224,4,4,4,2,4,0,37.74
7932353933,2,2,2,2,2,0,16.59
7943444175,2,2,2,2,2,0,16.59
7965273983,2,2,2,2,2,0,16.59
7979389269,4,4,4,3,4,0,47.35
7981233160,2,2,2,2,2,0,16.59
7988937363,2,2,2,2,2,0,16.59
7989764433,2,2,2,2,2,0,16.59
7993712406,4,4,4,1,4,1,59.46
7994505495,4,4,4,2,4,0,37.74
7997931589,2,2,2,2,2,0,16.59
7998708053,2,2,2,1,2,0,29.47
7998904381,2,2,2,2,2,0,16.59
8003383367,2,2,2,2,2,0,16.59
8005440277,2,2,2,1,2,0,29.47
8005573380,2,2,2,1,2,0,29.47
8013871628,4,4,4,3,4,0,47.35
8015716479,4,4,4,3,4,0,47.35
8020752046,4,4,4,3,4,0,47.35
8026933154,2,2,2,2,2,0,16.59
8030569067,2,2,2,2,2,0,16.59
8031201327,2,2,2,1,2,0,29.47
8032427161,4,4,4,2,4,0,37.74
8034594893,4,4,4,2,4,0,37.74
8040334801,2,2,2,1,2,0,29.47
8046779338,4,4,4,2,4,0,37.74
8052924075,2,2,2,2,2,0,16.59
8053659726,2,2,2,1,2,0,29.47
8058877968,2,2,2,1,2,0,29.47
8075957947,2,2,2,2,2,0,16.59
8076615458,2,2,2,1,2,0,29.47
8083480985,2,2,2,2,2,0,16.59
8084388168,4,4,4,3,4,0,47.35
8085954486,6,6,6,2,6,1,84.72
8087667845,2,2,2,1,2,0,29.47
8092550213,6,6,6,3,6,1,72.27
8105939030,2,2,2,2,2,0,16.59
8108358328,2,2,2,2,2,0,16.59
8110802388,2,2,2,1,2,0,29.47
8111468726,2,2,2,1,2,0,29.47
8114415728,2,2,2,2,2,0,16.59
8120546475,2,2,2,2,2,0,16.59
8123083402,6,6,6,2,6,1,84.72
8130041691,2,2,2,2,2,0,16.59
8136750094,2,2,2,1,2,0,29.47
8140828246,2,2,2,1,2,0,29.47
8144294440,2,2,2,2,2,0,16.59
8148499198,2,2,2,2,2,0,16.59
8158086789,4,4,4,2,4,0,37.74
8162266484,4,4,4,2,4,0,37.74
8166089891,6,6,6,2,6,1,84.72
8170321192,6,6,6,3,6,1,72.27
8172035796,4,4,4,3,4,0,47.35
8182688615,4,4,4,1,4,1,59.46
8187692082,4,4,4,3,4,0,47.35
8189993284,2,2,2,1,2,0,29.47
8190041589,2,2,2,1,2,0,29.47
8192093829,2,2,2,1,2,0,29.47
8193768418,2,2,2,2,2,0,16.59
8204339718,4,4,4,2,4,0,37.74
8207279999,2,2,2,2,2,0,16.59
8207365118,4,4,4,3,4,0,47.35
8213745561,2,2,2,2,2,0,16.59
8219645996,2,2,2,2,2,0,16.59
8220673231,2,2,2,2,2,0,16.59
8222240053,2,2,2,2,2,0,16.59
8233989511,4,4,4,3,4,0,47.35
8235984887,2,2,2,2,2,0,16.59
8241833567,6,6,6,3,6,1,72.27
8245503163,2,2,2,2,2,0,16.59
8246854927,8,8,8,3,8,1,96.47
8253267699,2,2,2,1,2,0,29.47
8256019991,2,2,2,2,2,0,16.59
8256273964,2,2,2,2,2,0,16.59
8256651639,2,2,2,2,2,0,16.59
8261990623,2,2,2,1,2,0,29.47
8263741987,2,2,2,2,2,0,16.59
8265933804,2,2,2,1,2,0,29.47
8267126937,8,8,8,3,8,1,96.47
8268627036,4,4,4,2,4,0,37.74
8268999626,2,2,2,2,2,0,16.59
8273428904,2,2,2,1,2,0,29.47
8276153966,2,2,2,1,2,0,29.47
8277069922,6,6,6,3,6,1,72.27
8277881609,2,2,2,1,2,0,29.47
8287204767,2,2,2,2,2,0,16.59
8287533552,2,2,2,1,2,0,29.47
8287808970,2,2,2,1,2,0,29.47
8296824485,4,4,4,3,4,0,47.35
8309531225,2,2,2,2,2,0,16.59
8310185088,2,2,2,2,2,0,16.59
8315893571,2,2,2,2,2,0,16.59
8318491966,2,2,2,2,2,0,16.59
8322900059,2,2,2,2,2,0,16.59
8327238656,2,2,2,2,2,0,16.59
8333721885,2,2,2,1,2,0,29.47
8339205677,2,2,2,2,2,0,16.59
8341034141,2,2,2,1,2,0,29.47
8356521568,2,2,2,1,2,0,29.47
8361941028,2,2,2,1,2,0,29.47
8365203758,4,4,4,3,4,0,47.35
8377441975,4,4,4,3,4,0,47.35
8387272581,2,2,2,1,2,0,29.47
8389011752,2,2,2,2,2,0,16.59
8391115320,6,6,6,2,6,1,84.72
8393185665,4,4,4,3,4,0,47.35
8395429618,2,2,2,2,2,0,16.59
8397505308,4,4,4,3,4,0,47.35
8400838507,2,2,2,2,2,0,16.59
8415166175,2,2,2,1,2,0,29.47
8415311892,4,4,4,3,4,0,47.35
8418286549,4,4,4,3,4,0,47.35
8425111903,6,6,6,2,6,1,84.72
8425754237,2,2,2,2,2,0,16.59
8427494645,2,2,2,1,2,0,29.47
8427978819,2,2,2,2,2,0,16.59
8432307487,2,2,2,1,2,0,29.47
8439134973,2,2,2,2,2,0,16.59
8439711820,4,4,4,2,4,0,37.74
8447041450,4,4,4,2,4,0,37.74
8448794931,4,4,4,2,4,0,37.74
8448998358,2,2,2,2,2,0,16.59
8453577778,4,4,4,3,4,0,47.35
8457202665,4,4,4,2,4,0,37.74
8468509574,2,2,2,1,2,0,29.47
8476691953,4,4,4,2,4,0,37.74
8479135113,2,2,2,2,2,0,16.59
8486899936,4,4,4,3,4,0,47.35
8489116617,6,6,6,3,6,1,72.27
8490895710,2,2,2,1,2,0,29.47
8493835093,6,6,6,3,6,1,72.27
8495170420,2,2,2,2,2,0,16.59
8496033429,2,2,2,2,2,0,16.59
8500603079,2,2,2,2,2,0,16.59
8501347429,2,2,2,2,2,0,16.59
8505064138,2,2,2,2,2,0,16.59
8510679497,2,2,2,2,2,0,16.59
8516619076,2,2,2,2,2,0,16.59
8516626357,2,2,2,1,2,0,29.47
8521200416,4,4,4,2,4,0,37.74
8523529800,2,2,2,1,2,0,29.47
8523986800,2,2,2,2,2,0,16.59
8524744203,2,2,2,2,2,0,16.59
8531419887,2,2,2,1,2,0,29.47
8533736230,2,2,2,2,2,0,16.59
8536106707,2,2,2,2,2,0,16.59
8536268904,2,2,2,1,2,0,29.47
8548753119,2,2,2,1,2,0,29.47
8550113753,4,4,4,3,4,0,47.35
8550486804,4,4,4,2,4,0,37.74
8554057448,2,2,2,2,2,0,16.59
8557498218,2,2,2,1,2,0,29.47
8559256297,2,2,2,2,2,0,16.59
8559508374,2,2,2,2,2,0,16.59
8563520076,8,8,8,2,8,1,100.0
8566430165,2,2,2,1,2,0,29.47
8569557988,6,6,6,2,6,1,84.72
8573278814,6,6,6,3,6,1,72.27
8573908352,2,2,2,1,2,0,29.47
8575394634,6,6,6,2,6,1,84.72
8576084958,2,2,2,2,2,0,16.59
8576264816,2,2,2,1,2,0,29.47
8577260333,6,6,6,3,6,1,72.27
8579401541,2,2,2,2,2,0,16.59
8581932426,4,4,4,2,4,0,37.74
8586922543,4,4,4,2,4,0,37.74
8592775130,2,2,2,2,2,0,16.59
8601767873,2,2,2,2,2,0,16.59
8602757454,2,2,2,2,2,0,16.59
8604278571,2,2,2,2,2,0,16.59
8606414425,4,4,4,3,4,0,47.35
8614984250,4,4,4,3,4,0,47.35
8615640994,4,4,4,1,4,1,59.46
8616479049,2,2,2,1,2,0,29.47
8622290544,2,2,2,2,2,0,16.59
8624380118,2,2,2,2,2,0,16.59
8625137727,2,2,2,2,2,0,16.59
8629739889,2,2,2,2,2,0,16.59
8632494878,4,4,4,3,4,0,47.35
8633414111,2,2,2,1,2,0,29.47
8644829612,4,4,4,2,4,0,37.74
8644976024,2,2,2,1,2,0,29.47
8647401925,2,2,2,1,2,0,29.47
8647669557,2,2,2,1,2,0,29.47
8649354499,2,2,2,1,2,0,29.47
8652077486,2,2,2,1,2,0,29.47
8652785854,2,2,2,2,2,0,16.59
8662692339,2,2,2,1,2,0,29.47
8666188924,6,6,6,2,6,1,84.72
8667646914,4,4,4,2,4,0,37.74
8675675351,4,4,4,3,4,0,47.35
8676744822,2,2,2,1,2,0,29.47
8685074510,2,2,2,2,2,0,16.59
8685487099,2,2,2,1,2,0,29.47
8695073214,2,2,2,1,2,0,29.47
8698585749,4,4,4,2,4,0,37.74
8699800881,2,2,2,1,2,0,29.47
8708269718,2,2,2,2,2,0,16.59
8708806357,4,4,4,3,4,0,47.35
8710122691,6,6,6,3,6,1,72.27
8719942505,2,2,2,1,2,0,29.47
8724089921,2,2,2,1,2,0,29.47
8725371720,4,4,4,3,4,0,47.35
8729370625,4,4,4,2,4,0,37.74
8733417205,2,2,2,2,2,0,16.59
8733580582,2,2,2,1,2,0,29.47
8734505219,2,2,2,1,2,0,29.47
8735414556,2,2,2,2,2,0,16.59
8736894561,2,2,2,2,2,0,16.59
8745126193,2,2,2,2,2,0,16.59
8745351878,4,4,4,2,4,0,37.74
8751097921,4,4,4,3,4,0,47.35
8754289005,2,2,2,2,2,0,16.59
8762295794,2,2,2,1,2,0,29.47
8763954002,2,2,2,1,2,0,29.47
8767350781,2,2,2,2,2,0,16.59
8769413008,4,4,4,3,4,0,47.35
8770152424,4,4,4,1,4,1,59.46
8779347244,4,4,4,2,4,0,37.74
8780572151,2,2,2,2,2,0,16.59
8781514178,2,2,2,1,2,0,29.47
8788899949,2,2,2,1,2,0,29.47
8789715359,2,2,2,2,2,0,16.59
8799160911,2,2,2,2,2,0,16.59
8809895066,2,2,2,2,2,0,16.59
8810732761,4,4,4,3,4,0,47.35
8815136992,4,4,4,2,4,0,37.74
8818984841,2,2,2,2,2,0,16.59
8824199626,2,2,2,1,2,0,29.47
8824769029,2,2,2,2,2,0,16.59
8824996966,6,6,6,2,6,1,84.72
8825267913,2,2,2,2,2,0,16.59
8826523430,6,6,6,3,6,1,72.27
8838736932,2,2,2,2,2,0,16.59
8839774573,4,4,4,2,4,0,37.74
8840709465,2,2,2,2,2,0,16.59
8845775029,2,2,2,2,2,0,16.59
8845831604,2,2,2,2,2,0,16.59
8848792069,4,4,4,2,4,0,37.74
8849939288,2,2,2,2,2,0,16.59
8857448906,2,2,2,2,2,0,16.59
8864538684,2,2,2,1,2,0,29.47
8870715238,2,2,2,2,2,0,16.59
8876100594,2,2,2,1,2,0,29.47
8881966452,2,2,2,2,2,0,16.59
8887447321,4,4,4,2,4,0,37.74
8887641437,2,2,2,2,2,0,16.59
8888806706,2,2,2,2,2,0,16.59
8905950942,4,4,4,2,4,0,37.74
8922068299,2,2,2,1,2,0,29.47
8922983092,2,2,2,2,2,0,16.59
8927047233,4,4,4,3,4,0,47.35
8934432801,2,2,2,2,2,0,16.59
8937629745,2,2,2,2,2,0,16.59
8937987752,2,2,2,2,2,0,16.59
8940697296,2,2,2,1,2,0,29.47
8941523598,2,2,2,1,2,0,29.47
8941726352,4,4,4,2,4,0,37.74
8946652752,4,4,4,3,4,0,47.35
8949617215,2,2,2,1,2,0,29.47
8955296386,6,6,6,3,6,1,72.27
8955713198,2,2,2,1,2,0,29.47
8958090151,8,8,8,3,8,1,96.47
8959303207,2,2,2,1,2,0,29.47
8963277540,4,4,4,1,4,1,59.46
8965498184,2,2,2,1,2,0,29.47
8967635367,2,2,2,2,2,0,16.59
8970464001,2,2,2,2,2,0,16.59
8973518962,2,2,2,2,2,0,16.59
8974537147,2,2,2,2,2,0,16.59
8981265742,2,2,2,2,2,0,16.59
8983639159,4,4,4,2,4,0,37.74
8989408167,2,2,2,1,2,0,29.47
8990027729,2,2,2,1,2,0,29.47
8993087130,2,2,2,2,2,0,16.59
8994417154,2,2,2,2,2,0,16.59
8998511860,4,4,4,3,4,0,47.35
9001581236,8,8,8,3,8,1,96.47
9001851327,2,2,2,1,2,0,29.47
9003916102,2,2,2,2,2,0,16.59
9005779500,2,2,2,2,2,0,16.59
9007824466,4,4,4,2,4,0,37.74
9016442370,2,2,2,1,2,0,29.47
9017187297,2,2,2,2,2,0,16.59
9021573208,2,2,2,2,2,0,16.59
9029484943,2,2,2,2,2,0,16.59
9029640821,4,4,4,2,4,0,37.74
9030341365,2,2,2,2,2,0,16.59
9030458809,2,2,2,2,2,0,16.59
9034830824,2,2,2,2,2,0,16.59
9037295458,2,2,2,1,2,0,29.47
9042652742,4,4,4,3,4,0,47.35
9047742585,2,2,2,1,2,0,29.47
9049663193,2,2,2,2,2,0,16.59
9050926000,4,4,4,2,4,0,37.74
9057923218,2,2,2,2,2,0,16.59
9064739580,4,4,4,3,4,0,47.35
9070249914,4,4,4,2,4,0,37.74
9072807934,2,2,2,2,2,0,16.59
9077269252,2,2,2,2,2,0,16.59
9083350615,2,2,2,2,2,0,16.59
9091006347,6,6,6,3,6,1,72.27
9096197979,2,2,2,1,2,0,29.47
9097989659,4,4,4,3,4,0,47.35
9121870629,2,2,2,1,2,0,29.47
9126719196,2,2,2,2,2,0,16.59
9134103897,4,4,4,3,4,0,47.35
9137807722,4,4,4,1,4,1,59.46
9142693765,4,4,4,3,4,0,47.35
9148764273,4,4,4,2,4,0,37.74
9150785931,2,2,2,2,2,0,16.59
9153007514,4,4,4,3,4,0,47.35
9159567832,4,4,4,2,4,0,37.74
9174101194,2,2,2,2,2,0,16.59
9180552696,2,2,2,2,2,0,16.59
9183333562,2,2,2,2,2,0,16.59
9185488064,4,4,4,1,4,1,59.46
9187240107,2,2,2,2,2,0,16.59
9201482923,4,4,4,2,4,0,37.74
9203314656,4,4,4,3,4,0,47.35
9213501134,6,6,6,3,6,1,72.27
9227607598,4,4,4,2,4,0,37.74
9229468976,2,2,2,2,2,0,16.59
9229501496,2,2,2,2,2,0,16.59
9230028834,4,4,4,2,4,0,37.74
9230083341,2,2,2,2,2,0,16.59
9234671844,4,4,4,2,4,0,37.74
9246783146,4,4,4,2,4,0,37.74
9254221883,4,4,4,2,4,0,37.74
9254654763,2,2,2,1,2,0,29.47
9260878828,4,4,4,2,4,0,37.74
9263444830,4,4,4,2,4,0,37.74
9270653661,2,2,2,2,2,0,16.59
9273868133,6,6,6,3,6,1,72.27
9274505695,6,6,6,3,6,1,72.27
9282066653,2,2,2,1,2,0,29.47
9285867436,2,2,2,2,2,0,16.59
9301481160,6,6,6,3,6,1,72.27
9312163761,6,6,6,3,6,1,72.27
9330833016,2,2,2,2,2,0,16.59
9333299865,2,2,2,2,2,0,16.59
9344322283,2,2,2,1,2,0,29.47
9344907697,2,2,2,2,2,0,16.59
9344973471,2,2,2,2,2,0,16.59
9346754182,4,4,4,2,4,0,37.74
9353110158,4,4,4,3,4,0,47.35
9359374403,2,2,2,2,2,0,16.59
9360572073,2,2,2,2,2,0,16.59
9370632503,2,2,2,2,2,0,16.59
9377590129,2,2,2,2,2,0,16.59
9377724242,2,2,2,2,2,0,16.59
9388684878,2,2,2,2,2,0,16.59
9392268949,4,4,4,3,4,0,47.35
9396061047,2,2,2,2,2,0,16.59
9397498009,2,2,2,1,2,0,29.47
9403753531,2,2,2,1,2,0,29.47
9405694761,2,2,2,2,2,0,16.59
9412094477,2,2,2,2,2,0,16.59
9420659995,2,2,2,2,2,0,16.59
9423943837,4,4,4,2,4,0,37.74
9433805363,2,2,2,2,2,0,16.59
9440640909,6,6,6,3,6,1,72.27
9447107923,4,4,4,3,4,0,47.35
9452362190,4,4,4,2,4,0,37.74
9459867392,2,2,2,2,2,0,16.59
9466629819,4,4,4,3,4,0,47.35
9471439516,4,4,4,2,4,0,37.74
9477752047,2,2,2,2,2,0,16.59
9480245598,4,4,4,2,4,0,37.74
9481685319,8,8,8,3,8,1,96.47
9490763415,4,4,4,3,4,0,47.35
9493055340,2,2,2,2,2,0,16.59
9495053623,2,2,2,2,2,0,16.59
9497254720,2,2,2,2,2,0,16.59
9500345220,4,4,4,3,4,0,47.35
9508149940,2,2,2,2,2,0,16.59
9519062944,2,2,2,2,2,0,16.59
9530564184,2,2,2,2,2,0,16.59
9538280405,2,2,2,2,2,0,16.59
9547671922,4,4,4,2,4,0,37.74
9549465920,2,2,2,2,2,0,16.59
9553945069,2,2,2,2,2,0,16.59
9561139353,2,2,2,2,2,0,16.59
9562137213,2,2,2,2,2,0,16.59
9564122031,2,2,2,1,2,0,29.47
9567844607,2,2,2,2,2,0,16.59
9589477352,4,4,4,2,4,0,37.74
9591905309,6,6,6,3,6,1,72.27
9598263494,2,2,2,2,2,0,16.59
9599550553,2,2,2,1,2,0,29.47
9610696374,2,2,2,1,2,0,29.47
9619975117,4,4,4,2,4,0,37.74
9636057662,2,2,2,1,2,0,29.47
9638256971,4,4,4,2,4,0,37.74
9639040907,2,2,2,1,2,0,29.47
9641765707,2,2,2,2,2,0,16.59
9645837449,2,2,2,1,2,0,29.47
9648628720,4,4,4,2,4,0,37.74
9649304640,2,2,2,2,2,0,16.59
9652612166,2,2,2,2,2,0,16.59
9654419043,2,2,2,1,2,0,29.47
9660702873,2,2,2,2,2,0,16.59
9665633701,2,2,2,2,2,0,16.59
9668292730,4,4,4,2,4,0,37.74
9673311677,4,4,4,3,4,0,47.35
9673938525,2,2,2,2,2,0,16.59
9680664051,2,2,2,2,2,0,16.59
9683720164,6,6,6,2,6,1,84.72
9690784473,2,2,2,2,2,0,16.59
9692786876,2,2,2,2,2,0,16.59
9705277402,4,4,4,3,4,0,47.35
9717059844,2,2,2,2,2,0,16.59
9721170889,2,2,2,2,2,0,16.59
9723669462,2,2,2,2,2,0,16.59
9741886828,6,6,6,3,6,1,72.27
9745314595,2,2,2,2,2,0,16.59
9751644785,2,2,2,2,2,0,16.59
9759974753,2,2,2,2,2,0,16.59
9766208407,2,2,2,2,2,0,16.59
9767762282,2,2,2,2,2,0,16.59
9769413667,2,2,2,2,2,0,16.59
9774184126,2,2,2,2,2,0,16.59
9776753299,2,2,2,2,2,0,16.59
9776889362,2,2,2,2,2,0,16.59
9779501467,2,2,2,2,2,0,16.59
9784036900,4,4,4,2,4,0,37.74
9793368609,2,2,2,1,2,0,29.47
9801110005,4,4,4,2,4,0,37.74
9801665813,2,2,2,1,2,0,29.47
9802764482,2,2,2,1,2,0,29.47
9803703773,6,6,6,2,6,1,84.72
9805564419,4,4,4,2,4,0,37.74
9821255887,2,2,2,1,2,0,29.47
9821506489,2,2,2,2,2,0,16.59
9821824468,4,4,4,2,4,0,37.74
9821929024,2,2,2,2,2,0,16.59
9829454183,4,4,4,3,4,0,47.35
9833810136,2,2,2,2,2,0,16.59
9836660979,2,2,2,1,2,0,29.47
9841337687,2,2,2,2,2,0,16.59
9846058679,8,8,8,2,8,1,100.0
9847139155,4,4,4,2,4,0,37.74
9851939327,2,2,2,2,2,0,16.59
9856585137,2,2,2,1,2,0,29.47
9858567287,4,4,4,2,4,0,37.74
9862269920,4,4,4,2,4,0,37.74
9870920199,2,2,2,2,2,0,16.59
9876989365,8,8,8,3,8,1,96.47
9884813120,4,4,4,1,4,1,59.46
9893975955,2,2,2,2,2,0,16.59
9894848170,4,4,4,3,4,0,47.35
9896569178,2,2,2,1,2,0,29.47
9897014557,2,2,2,2,2,0,16.59
9901398373,2,2,2,2,2,0,16.59
9906931963,2,2,2,2,2,0,16.59
9915572876,2,2,2,2,2,0,16.59
9920867501,2,2,2,2,2,0,16.59
9925512538,2,2,2,2,2,0,16.59
9926653619,2,2,2,2,2,0,16.59
9936319627,8,8,8,2,8,1,100.0
9937151931,4,4,4,3,4,0,47.35
9946966932,4,4,4,2,4,0,37.74
9949201330,2,2,2,1,2,0,29.47
9954316118,2,2,2,2,2,0,16.59
9962083479,2,2,2,2,2,0,16.59
9964886399,6,6,6,2,6,1,84.72
9966330923,2,2,2,1,2,0,29.47
9969308488,2,2,2,2,2,0,16.59
9970292712,2,2,2,2,2,0,16.59
9970629810,2,2,2,1,2,0,29.47
9975261587,2,2,2,2,2,0,16.59
9979907075,2,2,2,2,2,0,16.59
9980284139,2,2,2,2,2,0,16.59
9987799948,2,2,2,2,2,0,16.59
9996636186,2,2,2,1,2,0,29.47
9998870462,4,4,4,1,4,1,59.46
