Timestamp,MCC,MNC,PLMN,TMSI,LMSI,TLLI,LAI,RAI,Network_Type,Device_Type
260316062051+0100,240,7,24007,35618611,21294238,13429607,SUPPRESSED,240-07-50,4G,Smartphone
260304101656+0200,240,2,24002,33549181,32936053,12395870,SUPPRESSED,240-02-68,5G,Tablet
260317091102+0100,206,5,20605,43401657,42146585,32359183,SUPPRESSED,206-05-85,4G,IoT Device
260314190653+0200,206,1,20601,58241736,51439587,42034339,SUPPRESSED,206-01-17,4G,Smartphone
260303152246+0100,206,10,20610,37106768,48095773,50342494,SUPPRESSED,206-10-36,5G,IoT Device
260313220324+0200,206,20,20620,45860207,38153634,51327459,SUPPRESSED,206-20-71,5G,Smartphone
260303164039-0800,310,260,310260,95285462,77931579,76160949,SUPPRESSED,310-260-25,4G,Smartphone
260319201805-0800,310,480,310480,98566315,76235251,69598388,SUPPRESSED,310-480-45,5G,Smartphone
260307065626+0100,240,16,24016,18898649,14444504,21710793,SUPPRESSED,240-16-29,4G,Smartphone
260228033306+0100,240,8,24008,37828304,19283847,11479306,SUPPRESSED,240-08-56,5G,Smartphone
260322120922+0200,240,4,24004,17943586,15452654,15940891,SUPPRESSED,240-04-52,5G,Smartphone
260318232201-0500,310,260,310260,73870226,78764927,76983483,SUPPRESSED,310-260-64,5G,IoT Device
260227104147+0000,234,10,23410,73394432,59920542,68602995,SUPPRESSED,234-10-81,4G,Smartphone
260314093913+0100,206,20,20620,52575276,40415948,32537689,SUPPRESSED,206-20-72,5G,Smartphone
260316220411+0100,206,1,20601,40646752,44850299,45557200,SUPPRESSED,206-01-17,5G,Tablet
260322174720-0800,310,260,310260,72089290,76940210,93195354,SUPPRESSED,310-260-87,4G,Smartphone
260305100604-0500,310,480,310480,74553319,85492029,77195628,SUPPRESSED,310-480-88,5G,Smartphone
260301230416+0200,240,16,24016,35732830,22378068,15630069,SUPPRESSED,240-16-63,5G,Smartphone
260318031615+0100,240,7,24007,24612523,15910175,27506915,SUPPRESSED,240-07-27,3G,Smartphone
260315083204+0100,234,30,23430,74161696,63637464,66393952,SUPPRESSED,234-30-81,3G,IoT Device
260301233636+0200,206,20,20620,54313038,49783253,50508344,SUPPRESSED,206-20-83,3G,Smartphone
260317145257+0000,234,15,23415,71120693,73033474,51798822,SUPPRESSED,234-15-58,3G,Smartphone
260303225229+0100,206,10,20610,30089782,43707575,40116395,SUPPRESSED,206-10-23,3G,Tablet
260309024756-0700,310,120,310120,88118774,86569018,94377500,SUPPRESSED,310-120-47,4G,IoT Device
260303110305+0100,240,16,24016,32232614,23436947,28458179,SUPPRESSED,240-16-62,4G,Smartphone
260301084940+0200,240,2,24002,28483090,10458838,28530482,SUPPRESSED,240-02-61,4G,IoT Device
260319114836-0500,310,260,310260,89458999,92143937,97859207,SUPPRESSED,310-260-28,5G,Tablet
260307223551+0200,206,20,20620,43756599,51970815,30179503,SUPPRESSED,206-20-66,5G,Smartphone
260312084909+0200,240,7,24007,14884511,18193906,27822984,SUPPRESSED,240-07-65,5G,Smartphone
260322215715-0600,310,260,310260,73578689,77959302,90592924,310-260-38,310-260-38,4G,Smartphone
260320201526+0100,234,38,23438,55893502,56737555,54434546,SUPPRESSED,234-38-58,5G,Tablet
260308145933+0100,234,15,23415,61006064,70470961,57427850,SUPPRESSED,234-15-52,5G,Smartphone
260312225521+0200,240,7,24007,13333787,33007611,22325715,SUPPRESSED,240-07-76,4G,IoT Device
260317114551+0000,234,30,23430,53688516,72181413,50865038,SUPPRESSED,234-30-55,5G,IoT Device
260320032104+0100,206,10,20610,53904221,44883482,27465939,SUPPRESSED,206-10-48,4G,Smartphone
260310025928+0200,240,4,24004,22559458,15121712,25913789,SUPPRESSED,240-04-20,4G,Smartphone
260326054310+0100,240,2,24002,13854911,19347198,29263599,SUPPRESSED,240-02-25,3G,Tablet
260323044401+0200,206,1,20601,35281799,50731209,26669752,206-01-53,206-01-53,4G,Tablet
260301160016+0200,240,24,24024,35065634,24450384,15895339,SUPPRESSED,240-24-79,5G,Smartphone
260315011201+0200,206,5,20605,49759241,43436866,42581265,SUPPRESSED,206-05-91,5G,Tablet
260324225440+0200,240,7,24007,15065289,24755991,12291306,SUPPRESSED,240-07-65,4G,Smartphone
260304062157-0800,310,410,310410,85117047,73472946,88047718,SUPPRESSED,310-410-55,3G,Tablet
260227153750+0100,240,1,24001,14326899,29966270,12842698,SUPPRESSED,240-01-50,5G,Smartphone
260326100632+0100,234,38,23438,62640621,55175863,55444113,SUPPRESSED,234-38-63,4G,IoT Device
260228222407+0100,206,20,20620,48607299,33442340,48870655,SUPPRESSED,206-20-17,4G,Tablet
260305004803+0200,240,2,24002,35462483,33673865,25740723,SUPPRESSED,240-02-36,5G,Smartphone
260326001805-0500,310,120,310120,90629586,81838541,81143992,SUPPRESSED,310-120-13,4G,Smartphone
260318111700-0600,310,120,310120,97229343,74524901,69234605,310-120-95,310-120-95,3G,Tablet
260310052332-0500,310,410,310410,96882069,72771982,93487690,SUPPRESSED,310-410-43,5G,IoT Device
260304122708+0200,240,4,24004,17918690,31648073,22291943,SUPPRESSED,240-04-99,4G,Smartphone
260314173233+0100,234,33,23433,56716870,54115029,54554289,SUPPRESSED,234-33-15,3G,Tablet
260225070815+0200,240,4,24004,12206140,20378074,23360031,SUPPRESSED,240-04-82,5G,IoT Device
260303224754-0800,310,480,310480,79209048,74200018,85322215,SUPPRESSED,310-480-22,5G,Tablet
260227045839+0100,240,4,24004,26248771,25584092,16845876,SUPPRESSED,240-04-38,5G,IoT Device
260303121238+0000,234,20,23420,65663716,66735598,60352900,SUPPRESSED,234-20-62,5G,Smartphone
260304085505-0500,310,120,310120,72467316,82963715,98840015,SUPPRESSED,310-120-74,4G,Smartphone
260302190319-0700,310,120,310120,94807441,80040638,87573640,SUPPRESSED,310-120-31,4G,IoT Device
260307170316-0700,310,480,310480,75081189,83856641,78682939,SUPPRESSED,310-480-12,4G,Smartphone
260317064657-0800,310,120,310120,96689374,94215038,83351424,SUPPRESSED,310-120-32,4G,Smartphone
260226213605+0000,234,33,23433,53362085,63868092,61082814,SUPPRESSED,234-33-98,5G,Smartphone
260304125934-0500,310,260,310260,79548304,85245425,98145901,SUPPRESSED,310-260-10,5G,Smartphone
260301065329+0200,206,10,20610,41060389,40131621,44544139,206-10-41,206-10-41,4G,Tablet
260304134915+0200,240,8,24008,33614472,22139485,12620692,SUPPRESSED,240-08-48,5G,Smartphone
260321074410+0100,240,5,24005,24216925,21560470,12139427,SUPPRESSED,240-05-97,4G,Tablet
260226142301+0100,240,24,24024,25456019,21615193,15205009,SUPPRESSED,240-24-15,5G,Tablet
260326033815+0000,234,38,23438,57949180,60125534,54807022,SUPPRESSED,234-38-28,4G,Tablet
260302014215+0200,206,10,20610,47783574,34499406,38033180,SUPPRESSED,206-10-55,5G,Smartphone
260323003030+0200,206,5,20605,43308763,38030614,43524707,SUPPRESSED,206-05-64,3G,Smartphone
260308104915+0100,234,30,23430,69118963,58245331,66753777,234-30-86,234-30-86,4G,Smartphone
260324210311+0100,234,30,23430,50527870,50221873,67858087,SUPPRESSED,234-30-90,3G,IoT Device
260309183132-0500,310,120,310120,82725988,82655710,96944161,SUPPRESSED,310-120-96,4G,Smartphone
260301172450+0100,240,4,24004,18068907,29015159,23057928,SUPPRESSED,240-04-23,5G,Smartphone
260314105812+0100,234,38,23438,76778288,58269482,73927951,SUPPRESSED,234-38-32,4G,Tablet
260226190709+0100,240,7,24007,30067019,20886075,22926439,SUPPRESSED,240-07-35,5G,Smartphone
260226185448+0200,240,16,24016,25363287,13589397,14546274,SUPPRESSED,240-16-73,5G,Smartphone
260227031744+0000,234,30,23430,68308274,56037355,72874480,SUPPRESSED,234-30-64,3G,IoT Device
260309044043+0200,240,5,24005,15581393,31709712,11486350,SUPPRESSED,240-05-81,5G,Smartphone
260314104655-0700,310,480,310480,86204307,81687018,96954726,SUPPRESSED,310-480-27,3G,Smartphone
260309154807+0200,240,24,24024,10149318,33647003,17207361,SUPPRESSED,240-24-62,4G,Tablet
260325025655+0200,206,1,20601,36141954,42526073,48267869,SUPPRESSED,206-01-26,4G,Smartphone
260304054850+0200,206,20,20620,32773965,48971602,26035513,SUPPRESSED,206-20-32,4G,Smartphone
260310190943+0200,206,1,20601,56025879,37950590,32042342,SUPPRESSED,206-01-55,5G,Smartphone
260225084002+0100,234,15,23415,69375185,71219889,59016651,234-15-32,234-15-32,4G,IoT Device
260227064228-0800,310,480,310480,98602555,86285237,88067975,SUPPRESSED,310-480-22,5G,IoT Device
260301011944+0100,240,2,24002,29920578,17589705,27429656,SUPPRESSED,240-02-85,4G,Tablet
260323110205-0500,310,120,310120,93037337,84843939,79579043,SUPPRESSED,310-120-66,5G,Smartphone
260310052711+0100,240,4,24004,26763208,31410490,29928976,SUPPRESSED,240-04-30,5G,Smartphone
260315102205+0100,240,8,24008,12805052,20398749,12651523,SUPPRESSED,240-08-61,4G,Tablet
260317024918+0100,206,10,20610,34259084,39018239,49593245,SUPPRESSED,206-10-74,5G,Tablet
260325055923+0100,240,8,24008,16004932,11186604,28551063,SUPPRESSED,240-08-80,5G,Smartphone
260323183312-0600,310,410,310410,85566796,82357212,98108874,SUPPRESSED,310-410-50,5G,Smartphone
260305060303+0100,206,5,20605,32510894,49860726,44052902,SUPPRESSED,206-05-11,3G,Smartphone
260303043301+0200,240,4,24004,13034021,15288694,20207760,SUPPRESSED,240-04-48,4G,Smartphone
260312055117+0100,240,8,24008,18684579,12516152,10731492,SUPPRESSED,240-08-34,5G,IoT Device
260227202454+0100,240,24,24024,26740024,23824164,28478045,SUPPRESSED,240-24-31,5G,Tablet
260226094209-0500,310,120,310120,77810200,75356119,71719901,SUPPRESSED,310-120-55,3G,Smartphone
260316044054+0100,206,10,20610,37342009,30668672,42664680,SUPPRESSED,206-10-97,5G,IoT Device
260313151012-0500,310,410,310410,92331537,89761887,76767648,SUPPRESSED,310-410-43,4G,Smartphone
260228103034-0700,310,410,310410,93259129,72274815,88520392,SUPPRESSED,310-410-30,4G,IoT Device
260313104707+0000,234,38,23438,53124074,61339739,69932357,SUPPRESSED,234-38-10,3G,Tablet
260309232424-0500,310,480,310480,73254340,70863546,78888379,SUPPRESSED,310-480-37,5G,Smartphone
260324011337+0200,206,1,20601,37634061,48575797,27046274,206-01-87,206-01-87,4G,Smartphone
260324011109-0800,310,480,310480,88668484,83333021,86885999,SUPPRESSED,310-480-48,4G,Smartphone
260317020908+0100,234,10,23410,79849157,61123095,73169796,SUPPRESSED,234-10-95,3G,Smartphone
260326070722+0100,206,20,20620,43535359,34551652,51189785,SUPPRESSED,206-20-54,3G,Tablet
260323002834+0100,240,5,24005,15466265,29201794,17191338,SUPPRESSED,240-05-42,4G,Smartphone
260323123447+0100,206,5,20605,48839374,51721197,44923700,SUPPRESSED,206-05-54,4G,Smartphone
260320131642+0100,234,38,23438,71418249,65963024,72544165,234-38-27,234-38-27,3G,IoT Device
260305020337+0100,234,15,23415,54020355,72840426,62806693,SUPPRESSED,234-15-39,3G,Smartphone
260308132325+0100,234,10,23410,62861964,50156670,51265851,234-10-34,234-10-34,5G,Smartphone
260303180645+0200,206,1,20601,57246477,43535577,25641719,SUPPRESSED,206-01-62,4G,Tablet
260307134251+0100,206,5,20605,39058929,50897625,45321716,SUPPRESSED,206-05-44,5G,Smartphone
260303182754+0200,206,1,20601,56156559,47169982,27518200,SUPPRESSED,206-01-93,3G,Smartphone
260306221831+0200,240,5,24005,33149284,26047239,24151240,SUPPRESSED,240-05-84,4G,Smartphone
260307144707+0100,206,5,20605,53093557,53507570,45744659,SUPPRESSED,206-05-19,3G,IoT Device
260325061239+0200,240,5,24005,25035693,12953456,26725412,SUPPRESSED,240-05-88,5G,Smartphone
260302103144-0700,310,120,310120,70073717,81454044,88832973,SUPPRESSED,310-120-91,3G,Smartphone
260226053019+0100,234,38,23438,68563195,64522706,69633393,234-38-27,234-38-27,5G,Tablet
260318223045-0600,310,260,310260,93836949,91813279,76932808,SUPPRESSED,310-260-31,4G,Tablet
260308151803+0000,234,20,23420,79126433,72666891,74813250,SUPPRESSED,234-20-88,4G,Tablet
260226095506+0200,206,5,20605,31363458,44378336,34365452,SUPPRESSED,206-05-93,4G,Tablet
260308001159+0000,234,15,23415,57422175,57158965,72257811,SUPPRESSED,234-15-51,3G,Tablet
260315183755+0100,234,20,23420,71861658,56459643,60747912,SUPPRESSED,234-20-58,5G,Tablet
260318161100+0100,240,4,24004,20616764,10566766,23069513,SUPPRESSED,240-04-98,3G,Smartphone
260317020723+0100,240,2,24002,14135085,11401674,10168773,SUPPRESSED,240-02-17,5G,Smartphone
260313170814-0500,310,410,310410,73356955,79567614,69684794,SUPPRESSED,310-410-44,4G,IoT Device
260317093745+0200,206,20,20620,32750580,39415908,53813648,SUPPRESSED,206-20-83,5G,Smartphone
260309062003+0100,206,10,20610,52235800,38015509,53453548,SUPPRESSED,206-10-22,5G,Tablet
260305163217+0100,206,20,20620,49131400,35833431,37638597,SUPPRESSED,206-20-36,5G,Smartphone
260311004506-0700,310,120,310120,86157017,92656939,97132706,SUPPRESSED,310-120-94,4G,IoT Device
260312100019-0600,310,260,310260,74788624,89550360,77206038,310-260-77,310-260-77,4G,Smartphone
260316201958+0000,234,38,23438,67516897,64115813,62427804,SUPPRESSED,234-38-66,4G,Smartphone
260227211156+0200,240,5,24005,15193507,24296590,29641764,SUPPRESSED,240-05-88,4G,Tablet
260317062223+0100,234,33,23433,70603272,73389365,72970171,SUPPRESSED,234-33-79,3G,Smartphone
260301120318+0100,240,16,24016,27131143,27307833,17773587,SUPPRESSED,240-16-10,5G,Smartphone
260315100439+0100,206,10,20610,43661171,46986531,28572371,SUPPRESSED,206-10-49,3G,Smartphone
260309122128+0200,240,8,24008,19639838,13120878,23385890,SUPPRESSED,240-08-29,5G,Tablet
260318151009+0000,234,33,23433,70826144,60583635,66520201,SUPPRESSED,234-33-39,3G,Smartphone
260304093744+0100,234,15,23415,68406733,58819750,57957069,SUPPRESSED,234-15-93,3G,IoT Device
260323204031+0100,234,33,23433,67917482,74177992,60594048,SUPPRESSED,234-33-66,3G,Tablet
260320102522-0700,310,410,310410,86357575,94713717,94992972,310-410-17,310-410-17,3G,Smartphone
260226140703+0200,240,7,24007,34419990,17872782,18443872,SUPPRESSED,240-07-85,5G,Tablet
260310183646+0100,240,4,24004,25676411,28138994,19140711,SUPPRESSED,240-04-75,3G,IoT Device
260325135919-0600,310,260,310260,80053260,70306439,93886024,SUPPRESSED,310-260-84,4G,IoT Device
260321235812+0000,234,10,23410,59131306,73503960,70896149,SUPPRESSED,234-10-99,3G,IoT Device
260319092331-0600,310,410,310410,88226497,85775508,77187220,SUPPRESSED,310-410-13,3G,Tablet
260319151422+0200,206,20,20620,51236900,44568047,35888865,SUPPRESSED,206-20-12,5G,Tablet
260320012046+0100,240,7,24007,10716482,33127391,22675822,SUPPRESSED,240-07-29,5G,Smartphone
260305074013+0000,234,20,23420,70794842,62216336,76038795,SUPPRESSED,234-20-16,4G,Tablet
260304024744+0200,206,1,20601,38587872,31647040,37292801,SUPPRESSED,206-01-98,4G,Tablet
260301053522+0100,206,1,20601,50982426,36002817,43737582,SUPPRESSED,206-01-44,4G,IoT Device
260318063455-0500,310,410,310410,85180141,85015601,91648296,SUPPRESSED,310-410-85,4G,IoT Device
260307001141+0100,240,7,24007,29142372,23415003,29094650,SUPPRESSED,240-07-12,4G,Tablet
260303065251+0100,206,10,20610,46857800,53413230,32408723,SUPPRESSED,206-10-89,4G,IoT Device
260322184826+0100,206,20,20620,50669423,54684913,42590836,SUPPRESSED,206-20-83,5G,Smartphone
260311092308+0100,206,1,20601,38155347,50837384,29955220,206-01-53,206-01-53,4G,IoT Device
260319162744+0000,234,20,23420,63040767,72158435,59103665,SUPPRESSED,234-20-28,3G,Smartphone
260313052844+0000,234,10,23410,66819208,59256938,77242603,SUPPRESSED,234-10-57,3G,IoT Device
260311172907+0200,240,16,24016,14538320,24430563,14870506,SUPPRESSED,240-16-14,5G,Smartphone
260225225129+0200,206,1,20601,53090189,45992116,29499200,SUPPRESSED,206-01-97,4G,Tablet
260318192215-0700,310,260,310260,87990523,87623812,67584494,SUPPRESSED,310-260-73,4G,Smartphone
260326120448+0200,240,24,24024,14540138,23189130,23876747,SUPPRESSED,240-24-16,5G,Smartphone
260314200723+0100,234,10,23410,56001772,73892349,51721694,SUPPRESSED,234-10-39,4G,Tablet
260316084424-0700,310,410,310410,90795897,91093504,78934323,SUPPRESSED,310-410-83,4G,Smartphone
260302124818+0100,240,4,24004,35449090,24338608,28470744,SUPPRESSED,240-04-19,4G,Smartphone
260303102120+0200,240,24,24024,34467379,31201623,26701420,SUPPRESSED,240-24-32,5G,Smartphone
260305101818-0600,310,260,310260,70977017,75893134,78020165,SUPPRESSED,310-260-57,3G,Smartphone
260304153544+0100,234,38,23438,69158964,70323553,63071675,SUPPRESSED,234-38-88,4G,Tablet
260319131527+0100,206,10,20610,57586390,47319006,47706864,206-10-61,206-10-61,4G,Smartphone
260303192400+0100,206,1,20601,39181730,33840653,25511930,SUPPRESSED,206-01-85,5G,Smartphone
260319170029+0100,240,8,24008,20483768,21151214,16648714,SUPPRESSED,240-08-62,4G,Tablet
260322061218+0200,240,4,24004,27043962,13453831,23612562,SUPPRESSED,240-04-25,5G,Smartphone
260228205021+0200,240,2,24002,13276721,24938977,15911418,SUPPRESSED,240-02-59,5G,Smartphone
260311004705+0100,234,10,23410,69553072,50272436,70518224,SUPPRESSED,234-10-27,4G,IoT Device
260302024606-0600,310,410,310410,99284150,92483686,73425461,SUPPRESSED,310-410-20,5G,IoT Device
260320095813+0100,206,1,20601,43785429,48326298,44339175,206-01-12,206-01-12,5G,Smartphone
260228074728+0000,234,10,23410,64126956,61841846,76783926,SUPPRESSED,234-10-89,3G,Tablet
260314083202+0100,234,15,23415,55859068,69856510,74795625,SUPPRESSED,234-15-15,5G,Tablet
260308233305+0200,206,10,20610,55036657,47868434,32840372,SUPPRESSED,206-10-38,5G,Smartphone
260314201614-0800,310,480,310480,88374828,70354938,65568825,SUPPRESSED,310-480-53,4G,Smartphone
260228031945+0100,240,16,24016,19273893,24327185,20851641,SUPPRESSED,240-16-26,4G,Smartphone
260320231437+0000,234,10,23410,76079751,64961319,50629641,SUPPRESSED,234-10-55,3G,Smartphone
260307115649-0600,310,120,310120,72699681,85422937,84458796,SUPPRESSED,310-120-16,4G,Smartphone
260227033632+0100,206,1,20601,33965701,37102740,52081906,SUPPRESSED,206-01-72,4G,Tablet
260322133917-0600,310,260,310260,80879519,74053457,74216020,SUPPRESSED,310-260-21,4G,Smartphone
260310020549+0000,234,10,23410,54801231,71468988,59091564,SUPPRESSED,234-10-38,3G,Smartphone
260318071321-0800,310,260,310260,86693827,75916445,75721284,310-260-38,310-260-38,4G,Tablet
260315132501+0100,240,8,24008,39188540,16709404,22600775,SUPPRESSED,240-08-56,5G,Smartphone
260311004009+0100,206,20,20620,35260936,51407701,45519477,206-20-89,206-20-89,5G,Smartphone
260306180110+0100,206,1,20601,45181413,46619008,33070226,SUPPRESSED,206-01-77,4G,IoT Device
260305104719+0100,240,16,24016,29301494,16950680,12716534,SUPPRESSED,240-16-45,4G,Smartphone
260314041507+0000,234,33,23433,61583881,65180382,66315067,SUPPRESSED,234-33-69,3G,Smartphone
260225223727+0200,240,7,24007,34753414,31632020,10720826,SUPPRESSED,240-07-84,4G,Smartphone
260311165946+0000,234,10,23410,70757785,55395213,73884453,SUPPRESSED,234-10-13,4G,Tablet
260307070015+0000,234,15,23415,50144092,74779779,68325604,SUPPRESSED,234-15-35,3G,Smartphone
260313180747+0100,234,30,23430,52804799,68066118,64947092,SUPPRESSED,234-30-57,4G,IoT Device
260227153605+0200,240,5,24005,12888297,14819734,16972067,SUPPRESSED,240-05-90,5G,Smartphone
260313174113+0100,234,33,23433,55168186,58813978,60072013,SUPPRESSED,234-33-64,5G,Tablet
260316110037-0500,310,410,310410,81991866,75479735,68549275,SUPPRESSED,310-410-78,4G,IoT Device
260227205731+0100,234,30,23430,53436573,57310712,55186002,SUPPRESSED,234-30-68,3G,Tablet
260306062543+0100,206,1,20601,30631038,46248897,50411913,SUPPRESSED,206-01-78,5G,Smartphone
260313162738-0500,310,260,310260,86941942,89133923,69586021,SUPPRESSED,310-260-27,5G,Tablet
260307151549+0100,240,5,24005,33646845,19672778,28694251,SUPPRESSED,240-05-41,4G,Tablet
260304145815+0100,240,8,24008,22204082,16680230,21362592,SUPPRESSED,240-08-90,4G,Smartphone
260306130917+0200,206,1,20601,36009454,42839032,45286470,SUPPRESSED,206-01-48,5G,Smartphone
260302195211+0000,234,20,23420,79685613,73691415,55507766,SUPPRESSED,234-20-25,4G,Tablet
260318193941-0800,310,260,310260,70902608,90976653,87901337,SUPPRESSED,310-260-61,4G,Smartphone
260326115540-0500,310,480,310480,89137889,83096321,86637331,SUPPRESSED,310-480-66,4G,Smartphone
260303214453+0200,240,2,24002,36883330,27819539,25947360,SUPPRESSED,240-02-43,5G,Tablet
260318074400-0600,310,410,310410,87524459,76732630,89446059,SUPPRESSED,310-410-22,5G,Tablet
260326072709-0600,310,260,310260,79150695,74577852,66955677,310-260-34,310-260-34,5G,IoT Device
260316051335+0100,234,38,23438,54102929,60516305,61049001,SUPPRESSED,234-38-38,5G,IoT Device
260323061906-0600,310,480,310480,88546470,82908061,85754657,SUPPRESSED,310-480-45,3G,Smartphone
260311103804+0000,234,33,23433,74468951,68378692,74755974,SUPPRESSED,234-33-48,3G,IoT Device
260304154440+0100,234,38,23438,63908192,62334594,56103190,SUPPRESSED,234-38-14,4G,Smartphone
260321175300-0800,310,260,310260,98921797,78932285,84324800,SUPPRESSED,310-260-13,5G,Tablet
260314092455-0800,310,260,310260,72451339,73197046,68942801,310-260-80,310-260-80,4G,IoT Device
260301132257+0200,240,5,24005,18737775,13920568,20511583,SUPPRESSED,240-05-87,5G,IoT Device
260227151725+0100,240,24,24024,24814942,21962829,28819154,SUPPRESSED,240-24-56,5G,Smartphone
260315063032-0800,310,480,310480,75159848,70968867,70440061,SUPPRESSED,310-480-28,3G,Smartphone
260320082734-0800,310,480,310480,79560861,91715354,75343802,SUPPRESSED,310-480-54,4G,Smartphone
260306000316+0200,240,24,24024,31730206,33026277,15203275,SUPPRESSED,240-24-80,5G,Smartphone
260306055002-0500,310,410,310410,70545886,73823040,96063280,SUPPRESSED,310-410-86,3G,IoT Device
260325121330+0100,206,20,20620,40160281,50753395,52284198,SUPPRESSED,206-20-17,4G,Tablet
260305003019+0100,234,20,23420,56755796,59892900,69106915,SUPPRESSED,234-20-24,3G,Smartphone
260302070621-0500,310,410,310410,86602357,90894233,88270945,SUPPRESSED,310-410-11,4G,IoT Device
260309080534-0800,310,120,310120,73385767,83958118,98133329,SUPPRESSED,310-120-36,4G,Smartphone
260305194001+0000,234,15,23415,78239308,53722221,53553141,SUPPRESSED,234-15-17,3G,Smartphone
260318040640+0100,240,2,24002,31120515,32313538,18235978,SUPPRESSED,240-02-37,4G,Smartphone
260324191034+0200,206,5,20605,54211235,54920792,35525865,SUPPRESSED,206-05-32,4G,Smartphone
260309200337+0000,234,20,23420,50785903,50935874,76729416,SUPPRESSED,234-20-96,5G,Tablet
260324080059+0000,234,20,23420,53530829,61000718,67329247,SUPPRESSED,234-20-79,3G,Smartphone
260226205358+0200,206,20,20620,34265572,46265994,48862253,SUPPRESSED,206-20-26,5G,Tablet
260310060902-0600,310,120,310120,99831809,79512087,79467426,SUPPRESSED,310-120-44,4G,IoT Device
260318014606+0200,206,1,20601,31537454,52496362,54864892,SUPPRESSED,206-01-30,4G,IoT Device
260310050847-0700,310,120,310120,90362668,80751885,91964198,SUPPRESSED,310-120-37,4G,IoT Device
260319024928+0200,240,1,24001,20738809,14780182,23852034,SUPPRESSED,240-01-65,4G,Smartphone
260227194256+0100,234,30,23430,69067159,63648128,64964681,SUPPRESSED,234-30-29,3G,IoT Device
260327013908+0100,240,4,24004,20087749,13010339,23264231,SUPPRESSED,240-04-71,5G,Tablet
260314085129+0100,240,7,24007,28074072,11038426,24937653,240-07-80,240-07-80,5G,IoT Device
260311044315+0200,240,16,24016,13722747,19306239,29095902,SUPPRESSED,240-16-68,4G,Tablet
260302123756-0600,310,260,310260,99655488,94200136,80069175,310-260-38,310-260-38,4G,IoT Device
260326034048+0200,240,16,24016,37934652,11826463,21193371,SUPPRESSED,240-16-97,4G,Smartphone
260307015632+0100,206,20,20620,45213956,42882218,40576272,SUPPRESSED,206-20-25,4G,Smartphone
260306232508-0500,310,410,310410,80441744,89584578,74772707,SUPPRESSED,310-410-14,4G,Tablet
260316230113+0200,206,10,20610,33518111,45243848,54397221,SUPPRESSED,206-10-66,4G,Smartphone
260310172605+0200,240,5,24005,19532843,15843390,17346576,SUPPRESSED,240-05-10,4G,Smartphone
260228132525+0000,234,20,23420,70117531,64412976,71345415,SUPPRESSED,234-20-50,3G,Smartphone
260316192832+0100,206,5,20605,49501389,43453517,46411270,SUPPRESSED,206-05-97,5G,Smartphone
260226165913+0100,240,5,24005,22331654,26694774,20637440,SUPPRESSED,240-05-43,5G,Smartphone
260315201516+0100,234,10,23410,50286349,60048685,59457157,SUPPRESSED,234-10-39,3G,Tablet
260305021426+0100,234,30,23430,60253292,74756629,50324845,SUPPRESSED,234-30-11,4G,IoT Device
260310052413-0700,310,410,310410,91441392,80222205,71257331,310-410-46,310-410-46,4G,IoT Device
260225224446+0100,206,5,20605,34359803,36901375,35393726,SUPPRESSED,206-05-15,5G,Smartphone
260318090014-0800,310,260,310260,78359577,76025641,93996170,SUPPRESSED,310-260-60,4G,IoT Device
260313153452-0800,310,260,310260,81531239,83399688,78046203,SUPPRESSED,310-260-25,4G,Smartphone
260310221209-0500,310,120,310120,82015405,75970683,79540640,SUPPRESSED,310-120-51,4G,Smartphone
260312004726+0100,240,24,24024,23947906,27196649,13613269,SUPPRESSED,240-24-17,5G,Smartphone
260309130647+0100,234,33,23433,53416297,73908576,67991266,SUPPRESSED,234-33-41,3G,Tablet
260304092647+0200,206,1,20601,32010682,34615596,37566927,206-01-63,206-01-63,5G,Tablet
260302191159-0700,310,260,310260,72168182,86496777,69696608,310-260-34,310-260-34,4G,Smartphone
260323000334+0100,206,5,20605,44810123,44183366,41954804,SUPPRESSED,206-05-43,3G,Smartphone
260307064013-0600,310,480,310480,86490450,83574621,92905218,SUPPRESSED,310-480-13,4G,Smartphone
260321164521-0700,310,480,310480,78532490,78301863,75833210,SUPPRESSED,310-480-90,4G,Tablet
260322045634+0100,240,2,24002,13250440,12343491,24020370,SUPPRESSED,240-02-72,5G,IoT Device
260323005652-0700,310,480,310480,70995447,89651032,80755827,SUPPRESSED,310-480-37,4G,IoT Device
260307102658-0800,310,120,310120,97053938,73361394,65207008,SUPPRESSED,310-120-11,4G,IoT Device
260310174830-0800,310,260,310260,90373372,76545696,74607401,SUPPRESSED,310-260-14,3G,Tablet
260326120704+0100,240,24,24024,39257471,17509690,29326416,SUPPRESSED,240-24-24,5G,IoT Device
260304020730+0200,240,16,24016,20725438,22248167,14238171,SUPPRESSED,240-16-72,5G,Smartphone
260306150250+0100,206,20,20620,59039075,36006922,53748725,SUPPRESSED,206-20-11,5G,Smartphone
260308155613-0800,310,410,310410,96989790,76565094,65612872,SUPPRESSED,310-410-36,4G,Smartphone
260311223548+0000,234,38,23438,59234717,71217591,71917603,SUPPRESSED,234-38-34,5G,Tablet
260323040840-0700,310,120,310120,96289043,87786790,97786925,310-120-29,310-120-29,3G,Smartphone
260228014509+0100,240,5,24005,36266470,19844763,27921502,SUPPRESSED,240-05-29,5G,Smartphone
260318180711-0600,310,480,310480,91802627,75480088,91847530,SUPPRESSED,310-480-61,5G,IoT Device
260227075011-0500,310,410,310410,96107728,79168849,74820015,SUPPRESSED,310-410-79,3G,Smartphone
260307054327+0200,206,1,20601,49874629,34280612,33692645,SUPPRESSED,206-01-26,5G,Smartphone
260322151352+0100,240,4,24004,11926411,12838205,19591563,240-04-33,240-04-33,5G,Smartphone
260325165626-0500,310,480,310480,86626484,82720309,76440985,310-480-93,310-480-93,4G,Tablet
260323060433+0000,234,20,23420,79870030,74240848,56246416,SUPPRESSED,234-20-50,5G,IoT Device
260304025941-0700,310,120,310120,99647899,93797455,78318735,SUPPRESSED,310-120-26,4G,Smartphone
260327000624+0100,240,7,24007,24417166,30034909,10269404,SUPPRESSED,240-07-16,4G,Tablet
260326102148-0800,310,410,310410,84304354,70592616,78397848,SUPPRESSED,310-410-56,3G,Smartphone
260310092431+0100,240,16,24016,19400587,30351495,13381001,SUPPRESSED,240-16-76,4G,Smartphone
260226110425-0600,310,410,310410,88340148,90770541,88011493,SUPPRESSED,310-410-90,4G,Smartphone
260307200313+0100,234,15,23415,52516096,55553869,64688282,SUPPRESSED,234-15-97,3G,Smartphone
260313002400-0800,310,480,310480,97629063,77045504,72797032,SUPPRESSED,310-480-54,3G,Smartphone
260302042054+0200,240,8,24008,16842373,29517398,23269550,SUPPRESSED,240-08-63,5G,Tablet
260315160906+0200,206,5,20605,54386174,30395557,45243171,SUPPRESSED,206-05-81,3G,Smartphone
260304010809+0200,240,16,24016,31054931,28240622,14129729,SUPPRESSED,240-16-13,5G,Tablet
260304174743+0100,240,2,24002,11454478,30283868,15070174,SUPPRESSED,240-02-99,4G,Tablet
260324024951+0200,206,10,20610,36102622,42919040,36831586,206-10-39,206-10-39,4G,IoT Device
260227070827+0100,234,30,23430,68735938,65902329,54482626,SUPPRESSED,234-30-88,5G,Tablet
260316055946+0100,240,8,24008,10418682,29098617,23975248,SUPPRESSED,240-08-69,4G,Smartphone
260310185255+0100,206,20,20620,47498671,42668820,29198778,SUPPRESSED,206-20-32,5G,Smartphone
260322162142+0200,206,1,20601,37110517,50035712,25368327,SUPPRESSED,206-01-45,4G,Tablet
260314054440+0000,234,33,23433,77095013,55039428,50794747,SUPPRESSED,234-33-43,5G,Smartphone
260225174524-0800,310,120,310120,73268404,70501362,74571235,SUPPRESSED,310-120-57,3G,Smartphone
260305073510+0000,234,30,23430,67195950,70959168,60524193,SUPPRESSED,234-30-25,3G,IoT Device
260324093616+0000,234,38,23438,63319259,64532907,56693136,SUPPRESSED,234-38-77,3G,IoT Device
260320082937-0700,310,120,310120,72804858,74755934,69647896,310-120-61,310-120-61,5G,Smartphone
260303153836+0100,234,10,23410,60862662,72282254,77632202,234-10-58,234-10-58,5G,Tablet
260317095702+0000,234,15,23415,60300050,66847183,77482808,SUPPRESSED,234-15-85,3G,Smartphone
260315221756+0200,240,24,24024,26656585,30932116,28278231,SUPPRESSED,240-24-77,4G,Tablet
260306082331+0200,240,1,24001,38211547,27413516,20652557,SUPPRESSED,240-01-57,4G,Tablet
260319011533+0000,234,33,23433,50860343,64677414,50387155,SUPPRESSED,234-33-80,4G,Smartphone
260306211152+0100,206,1,20601,33113084,32596489,41584111,SUPPRESSED,206-01-72,5G,Smartphone
260301010655+0000,234,30,23430,56470813,70337702,50991709,SUPPRESSED,234-30-26,4G,Tablet
260313001026+0100,240,5,24005,15558396,16906569,26368918,SUPPRESSED,240-05-69,5G,Smartphone
260304185843-0800,310,480,310480,77220382,92043738,89941700,SUPPRESSED,310-480-54,4G,Tablet
260326022836+0000,234,20,23420,76934987,66573683,66731950,SUPPRESSED,234-20-30,3G,Smartphone
260321050027+0200,240,16,24016,23433327,12676543,28671370,SUPPRESSED,240-16-29,5G,Smartphone
260301071819+0100,234,33,23433,58849214,61050446,73082818,SUPPRESSED,234-33-17,3G,IoT Device
260326022340-0700,310,260,310260,77129493,70440506,79504605,SUPPRESSED,310-260-32,4G,Smartphone
260227185842-0800,310,260,310260,99400267,73596142,72395341,SUPPRESSED,310-260-89,4G,IoT Device
260313041732+0100,206,20,20620,35927226,49932982,34258530,SUPPRESSED,206-20-40,3G,Tablet
260314145036-0800,310,120,310120,73162255,76210214,98771874,SUPPRESSED,310-120-18,4G,Smartphone
260228075810-0700,310,260,310260,87625109,86882794,76227630,SUPPRESSED,310-260-37,4G,Smartphone
260315160202+0100,206,1,20601,42060131,36922531,49976748,SUPPRESSED,206-01-59,4G,Tablet
260324125640+0100,240,16,24016,25647017,32847986,15040806,SUPPRESSED,240-16-27,5G,Smartphone
260316032703+0000,234,20,23420,69636886,52708444,59757696,SUPPRESSED,234-20-89,3G,Smartphone
260316132445+0100,206,20,20620,42615323,44659690,28222644,SUPPRESSED,206-20-68,5G,Tablet
260325111606+0200,206,10,20610,45529253,47381473,40442445,SUPPRESSED,206-10-92,5G,Smartphone
260228133401+0100,240,1,24001,30259852,14061241,27442350,SUPPRESSED,240-01-54,4G,Smartphone
260308174706+0100,240,5,24005,19731999,19712297,13356103,SUPPRESSED,240-05-26,3G,Smartphone
260314165043-0700,310,410,310410,81704929,93696965,91214354,SUPPRESSED,310-410-74,4G,Smartphone
260316173014+0100,240,4,24004,13239359,32322454,13564166,SUPPRESSED,240-04-67,5G,Smartphone
260325060442-0800,310,410,310410,92778393,79599565,80132816,SUPPRESSED,310-410-47,3G,IoT Device
260303142340+0100,206,20,20620,50987314,42620433,54325798,SUPPRESSED,206-20-96,3G,Smartphone
260322175303+0100,240,4,24004,25803422,18826596,11005895,SUPPRESSED,240-04-94,4G,Smartphone
260313095832+0200,240,16,24016,31821687,21752697,24479259,SUPPRESSED,240-16-52,4G,Tablet
260226213322-0700,310,260,310260,73086699,89750725,65674420,SUPPRESSED,310-260-13,3G,IoT Device
260325131452+0200,206,1,20601,39820825,51932648,33194186,206-01-12,206-01-12,5G,Smartphone
260316230913+0100,234,38,23438,60080182,52835124,52003872,SUPPRESSED,234-38-98,3G,Smartphone
260226142236+0100,234,30,23430,65552564,64221543,69213353,SUPPRESSED,234-30-13,3G,Smartphone
260320163504+0000,234,30,23430,50297651,65651112,51241640,234-30-86,234-30-86,3G,Smartphone
260314160921+0100,234,38,23438,68569281,74070530,57648814,SUPPRESSED,234-38-45,3G,IoT Device
260306223123+0200,240,7,24007,21240257,23694823,22573369,SUPPRESSED,240-07-12,5G,Tablet
260305093553-0700,310,120,310120,96783333,71725754,96697473,SUPPRESSED,310-120-36,3G,IoT Device
260313065455-0700,310,410,310410,92619214,89621133,74270428,SUPPRESSED,310-410-41,4G,Smartphone
260316215518+0100,234,20,23420,63499535,73385046,68687831,SUPPRESSED,234-20-61,3G,Tablet
260307195340+0200,206,1,20601,39371738,33251377,32793471,SUPPRESSED,206-01-65,5G,Tablet
260225131921+0100,234,20,23420,59679742,58704993,70339696,SUPPRESSED,234-20-17,4G,Tablet
260319075950+0100,240,7,24007,39007898,14590851,19343338,SUPPRESSED,240-07-33,4G,Tablet
260311085126+0200,240,2,24002,14422203,16663003,12976670,SUPPRESSED,240-02-46,4G,Smartphone
260310152415+0100,206,20,20620,44079239,45004633,35918513,SUPPRESSED,206-20-21,5G,Smartphone
260318213430+0200,206,1,20601,46290857,54433896,32346682,SUPPRESSED,206-01-38,5G,Tablet
260310194503+0000,234,20,23420,59737076,55415825,62545329,234-20-83,234-20-83,3G,IoT Device
260327005633+0100,234,15,23415,70296131,55095158,53206349,SUPPRESSED,234-15-50,3G,Smartphone
260317155701-0600,310,410,310410,85175674,77518234,66670465,SUPPRESSED,310-410-63,4G,Smartphone
260227065224-0600,310,480,310480,93118923,88968735,92282053,SUPPRESSED,310-480-70,4G,Tablet
260227011505+0200,240,5,24005,35132049,28357128,24030696,SUPPRESSED,240-05-90,5G,IoT Device
260308121241-0500,310,410,310410,76013819,75044877,96574280,SUPPRESSED,310-410-29,5G,IoT Device
260310163807+0100,240,7,24007,29885669,15114427,13455310,SUPPRESSED,240-07-40,5G,Smartphone
260320205922+0200,206,5,20605,44274247,52308403,40827259,SUPPRESSED,206-05-53,3G,Tablet
260309233638+0100,234,33,23433,74444118,64229694,57173265,SUPPRESSED,234-33-29,4G,Smartphone
260307055927+0200,206,10,20610,35830786,45886292,50163676,206-10-39,206-10-39,4G,Smartphone
260318231652+0100,240,8,24008,37684001,26828409,14949746,SUPPRESSED,240-08-14,5G,Smartphone
260317005016+0000,234,15,23415,71405902,62567126,65446752,SUPPRESSED,234-15-82,3G,Smartphone
260317162817+0100,240,7,24007,22941296,15224566,28050565,SUPPRESSED,240-07-41,4G,Smartphone
260322005009+0200,206,10,20610,35326782,44140098,40954995,SUPPRESSED,206-10-57,4G,IoT Device
260319100351+0100,234,38,23438,69377281,63446942,69900330,SUPPRESSED,234-38-26,5G,Smartphone
260313183249+0100,240,4,24004,15172010,32975175,28634394,SUPPRESSED,240-04-59,5G,IoT Device
260317042211+0000,234,30,23430,62386033,62156114,61403505,SUPPRESSED,234-30-36,3G,Tablet
260323025911+0200,240,2,24002,20704728,14319781,29283135,SUPPRESSED,240-02-47,5G,Smartphone
260315021519-0800,310,120,310120,94415169,85266909,94184842,SUPPRESSED,310-120-89,5G,Smartphone
260301172157+0200,240,7,24007,12820144,27951124,13173329,SUPPRESSED,240-07-16,5G,Smartphone
260307140232+0100,206,20,20620,49156061,38756892,35173751,206-20-80,206-20-80,4G,Smartphone
260319230210+0100,206,10,20610,32138170,50514719,34658016,206-10-87,206-10-87,5G,Smartphone
260322102819-0800,310,410,310410,85149798,92632510,96365348,SUPPRESSED,310-410-98,4G,Tablet
260315082611+0100,240,4,24004,19357650,20717402,22186120,SUPPRESSED,240-04-67,5G,IoT Device
260225224823+0200,240,16,24016,34566810,23716221,10766169,SUPPRESSED,240-16-46,5G,Smartphone
260324172802+0000,234,15,23415,66784428,71521116,53729819,SUPPRESSED,234-15-87,3G,Smartphone
260323041541+0000,234,15,23415,75432260,69455261,75285876,SUPPRESSED,234-15-85,3G,Smartphone
260227040342+0100,240,8,24008,28909245,22171005,19771664,SUPPRESSED,240-08-77,4G,IoT Device
260227200132+0000,234,33,23433,60546031,67560289,62561523,SUPPRESSED,234-33-59,4G,Tablet
260309161422-0800,310,260,310260,79109141,88565146,70331617,SUPPRESSED,310-260-96,3G,IoT Device
260306102021+0200,240,5,24005,36508542,31270345,12451303,SUPPRESSED,240-05-50,5G,Smartphone
260323135759+0200,206,1,20601,51651991,40054158,33865077,SUPPRESSED,206-01-82,4G,Smartphone
260317071303+0200,206,10,20610,33453325,52976273,35068390,SUPPRESSED,206-10-92,5G,Smartphone
260311153812+0100,206,10,20610,31855809,43716641,36865248,206-10-35,206-10-35,5G,Tablet
260303131011+0200,206,10,20610,39400026,50357636,44666734,SUPPRESSED,206-10-13,4G,Tablet
260309232953-0500,310,120,310120,95907400,72281832,86069581,SUPPRESSED,310-120-19,4G,Tablet
260312212110+0100,234,38,23438,69287606,61198877,71286054,SUPPRESSED,234-38-45,3G,Smartphone
260308223259+0100,240,2,24002,10286484,17557462,20817422,SUPPRESSED,240-02-28,4G,Smartphone
260303050841-0600,310,410,310410,84236596,79095866,80634945,310-410-46,310-410-46,4G,Smartphone
260320000922+0200,206,1,20601,36408263,37057418,28046439,SUPPRESSED,206-01-32,3G,IoT Device
260225073132+0100,234,20,23420,73322686,65764298,75578135,SUPPRESSED,234-20-93,5G,Smartphone
260228225826+0100,240,5,24005,28101774,22651254,27622942,SUPPRESSED,240-05-58,5G,Tablet
260312020857+0100,206,1,20601,47271608,34355620,52026332,206-01-12,206-01-12,5G,Smartphone
260227055116+0100,206,1,20601,35431966,43313177,35822390,SUPPRESSED,206-01-25,4G,Tablet
260310040218+0200,240,24,24024,31551766,10852751,28230753,240-24-66,240-24-66,5G,Tablet
260322224046+0100,206,5,20605,37731731,53276533,42813043,SUPPRESSED,206-05-84,3G,Tablet
260318084758+0200,206,5,20605,32241932,31987168,50339285,SUPPRESSED,206-05-26,4G,Tablet
260309053500-0600,310,260,310260,73443094,91090495,96615612,SUPPRESSED,310-260-88,5G,IoT Device
260321025444+0200,206,10,20610,58263736,54295165,49576696,SUPPRESSED,206-10-30,5G,Smartphone
260227172449+0100,234,38,23438,53184770,53941751,75636615,SUPPRESSED,234-38-93,3G,IoT Device
260310033850+0200,206,20,20620,53458051,51300599,33830643,206-20-74,206-20-74,4G,Tablet
260308225444+0100,206,10,20610,30534432,33740668,31368287,SUPPRESSED,206-10-75,5G,Smartphone
260303172931+0100,234,33,23433,66592429,57531916,77959162,SUPPRESSED,234-33-98,3G,Tablet
260312093029+0100,206,5,20605,41981421,32585048,48259900,SUPPRESSED,206-05-82,5G,Smartphone
260324061328+0200,206,5,20605,41663624,45992929,54111058,SUPPRESSED,206-05-98,3G,IoT Device
260304040425+0100,206,10,20610,50597403,32135026,42776197,SUPPRESSED,206-10-20,5G,IoT Device
260302065246-0600,310,260,310260,76731263,77604783,88568678,SUPPRESSED,310-260-50,5G,IoT Device
260302093019+0200,240,24,24024,39262722,32923753,15189903,SUPPRESSED,240-24-25,4G,Tablet
260311000023+0000,234,30,23430,61352938,58261845,62270638,SUPPRESSED,234-30-39,3G,IoT Device
260317122234+0100,206,20,20620,46483259,33500348,35788236,SUPPRESSED,206-20-40,3G,Smartphone
260323001304-0800,310,410,310410,77197196,73310169,95684437,SUPPRESSED,310-410-91,5G,IoT Device
260310063522+0100,206,10,20610,43730587,53161995,25343174,SUPPRESSED,206-10-21,4G,Smartphone
260320231903-0800,310,480,310480,83250854,76782226,70805122,SUPPRESSED,310-480-55,5G,Smartphone
260312071434-0600,310,260,310260,85503336,76732673,68786829,SUPPRESSED,310-260-94,4G,Smartphone
260226050214-0800,310,260,310260,74814607,73482701,80680789,SUPPRESSED,310-260-57,3G,Smartphone
260227091223+0200,240,1,24001,31377300,34527569,15850321,SUPPRESSED,240-01-19,5G,Smartphone
260315124558-0700,310,260,310260,89071889,76529757,89388361,SUPPRESSED,310-260-70,4G,Smartphone
260314114750-0800,310,410,310410,75056091,83800593,86239330,SUPPRESSED,310-410-60,4G,Smartphone
260310134606-0600,310,260,310260,73405757,88853817,75724828,SUPPRESSED,310-260-89,4G,IoT Device
260306172734+0100,206,20,20620,41536980,41401012,27852479,206-20-29,206-20-29,5G,Smartphone
260325193113+0000,234,15,23415,58828620,65063626,64527380,234-15-32,234-15-32,3G,Smartphone
260326131640+0000,234,20,23420,58948045,52795289,65095273,SUPPRESSED,234-20-85,3G,Tablet
260226060833+0200,240,2,24002,34100618,13073113,10128887,SUPPRESSED,240-02-13,5G,Smartphone
260312191722-0600,310,260,310260,95376755,77640865,75900061,SUPPRESSED,310-260-18,4G,Tablet
260308062449-0700,310,480,310480,85125900,82016262,97242373,310-480-93,310-480-93,4G,Smartphone
260320073429+0100,234,20,23420,55068016,69895669,56170982,SUPPRESSED,234-20-90,4G,Tablet
260320181213+0100,206,1,20601,46583660,37261308,38970233,SUPPRESSED,206-01-74,3G,Smartphone
260306232015-0500,310,410,310410,89368282,81108554,78044471,SUPPRESSED,310-410-35,4G,IoT Device
260305143245+0200,206,5,20605,41951040,50825642,41191795,SUPPRESSED,206-05-48,4G,Smartphone
260307015851+0200,206,10,20610,51001379,42818445,43631580,SUPPRESSED,206-10-89,5G,Smartphone
260324140103+0200,206,10,20610,51596336,39492848,35872111,SUPPRESSED,206-10-27,4G,Smartphone
260228224819+0100,240,4,24004,17630148,18028413,11896301,SUPPRESSED,240-04-91,5G,Smartphone
260306085133+0100,240,5,24005,39583162,22351998,27084193,SUPPRESSED,240-05-88,3G,Tablet
260321112711+0200,206,5,20605,31397880,43000733,51999097,SUPPRESSED,206-05-34,3G,Tablet
260316110553+0100,240,5,24005,19574504,32381621,18338895,SUPPRESSED,240-05-58,5G,Tablet
260225150510+0100,240,1,24001,31364435,34973239,11018967,SUPPRESSED,240-01-15,3G,Smartphone
260307080027-0600,310,120,310120,76801437,78968577,66638320,SUPPRESSED,310-120-28,4G,Smartphone
260303210416+0000,234,15,23415,65686165,61658055,75746761,SUPPRESSED,234-15-83,5G,Smartphone
260305225550+0000,234,38,23438,68253501,51408562,67433837,SUPPRESSED,234-38-91,4G,Smartphone
260316223257+0100,240,7,24007,37690189,17021064,28185390,SUPPRESSED,240-07-36,5G,Tablet
260314235839+0100,240,1,24001,21794280,11041540,18582625,SUPPRESSED,240-01-12,4G,Smartphone
260322003143-0800,310,120,310120,73186119,70345407,73615714,SUPPRESSED,310-120-79,4G,IoT Device
260318171243+0200,240,2,24002,35919546,22640612,11472189,SUPPRESSED,240-02-92,5G,Smartphone
260317085629+0000,234,15,23415,52927387,58817285,72303708,SUPPRESSED,234-15-65,4G,Tablet
260315093520+0100,234,30,23430,62477502,52013064,67119337,SUPPRESSED,234-30-93,5G,IoT Device
260304022632+0100,240,7,24007,38178037,30992441,22137393,SUPPRESSED,240-07-96,4G,Tablet
260324044918+0200,206,20,20620,53638237,34884310,50934826,SUPPRESSED,206-20-19,3G,Smartphone
260310222211+0200,240,7,24007,19101679,19695451,29945889,SUPPRESSED,240-07-74,5G,Tablet
260312040311+0200,206,10,20610,56506156,51254861,52863240,SUPPRESSED,206-10-49,4G,IoT Device
260321140719+0000,234,38,23438,58915453,51711042,64351475,SUPPRESSED,234-38-91,3G,Tablet
260323063117-0500,310,480,310480,90747104,90255511,82900334,SUPPRESSED,310-480-81,4G,Smartphone
260323071928+0000,234,15,23415,72520446,60351348,64602663,SUPPRESSED,234-15-13,4G,IoT Device
260318101008-0800,310,260,310260,98083037,93452160,90344620,SUPPRESSED,310-260-48,5G,Smartphone
260305151220+0200,206,5,20605,42300878,38719424,41056827,SUPPRESSED,206-05-45,4G,Smartphone
260310132812+0100,206,5,20605,32240728,37778441,54253093,SUPPRESSED,206-05-94,5G,Smartphone
260227195938+0100,240,4,24004,26928537,11907571,23213925,SUPPRESSED,240-04-57,5G,Smartphone
260323145337+0100,206,1,20601,51721570,47436766,36876104,SUPPRESSED,206-01-86,5G,Smartphone
260226161818-0700,310,480,310480,74775310,70549555,80238509,SUPPRESSED,310-480-37,5G,Smartphone
260308155959-0700,310,480,310480,76492088,80413341,99005239,SUPPRESSED,310-480-75,4G,Smartphone
260225221519+0100,206,1,20601,35144901,42681058,36078064,SUPPRESSED,206-01-33,4G,Smartphone
260320194515-0700,310,260,310260,75556745,92569106,98117032,310-260-33,310-260-33,3G,Smartphone
260324142907+0100,240,24,24024,36899708,18645040,13573439,240-24-66,240-24-66,5G,Smartphone
260319201933+0100,206,5,20605,40335013,37908186,41324900,SUPPRESSED,206-05-50,5G,IoT Device
260324061039-0800,310,260,310260,92774725,93006988,88974675,SUPPRESSED,310-260-76,5G,Smartphone
260322030801+0100,240,4,24004,17509210,33120078,19519292,SUPPRESSED,240-04-60,3G,IoT Device
260228100053+0200,240,8,24008,29437086,18028033,26159705,SUPPRESSED,240-08-36,5G,Smartphone
260228174127-0800,310,120,310120,73127821,86337458,87451691,SUPPRESSED,310-120-59,5G,IoT Device
260226231053+0100,206,5,20605,44594086,54537385,51852922,SUPPRESSED,206-05-49,5G,IoT Device
260314233644+0200,240,7,24007,18018837,23320444,10075511,SUPPRESSED,240-07-98,3G,Smartphone
260318151843-0500,310,120,310120,70694271,73337321,73715929,SUPPRESSED,310-120-54,5G,Tablet
260315123723+0000,234,38,23438,66147797,72414306,70614702,SUPPRESSED,234-38-57,3G,Smartphone
260302164934+0000,234,20,23420,75953124,69674791,75089801,SUPPRESSED,234-20-25,3G,IoT Device
260227024121+0100,240,24,24024,34357285,21432106,14018245,SUPPRESSED,240-24-85,4G,Smartphone
260308190513+0200,240,5,24005,30117423,13359557,22164560,SUPPRESSED,240-05-61,5G,Smartphone
260326121831+0100,240,7,24007,13164685,29740215,10134534,SUPPRESSED,240-07-64,5G,Smartphone
260307190404+0200,240,1,24001,24419115,17080237,23033921,SUPPRESSED,240-01-86,5G,Smartphone
260319014040+0200,206,10,20610,54994030,31562435,49536761,206-10-32,206-10-32,5G,Smartphone
260301020054+0200,240,4,24004,26405215,19190473,24678413,SUPPRESSED,240-04-45,5G,Smartphone
260321114111+0200,240,1,24001,19047600,15384086,26117881,SUPPRESSED,240-01-80,4G,Tablet
260326120900+0200,206,5,20605,47727739,30113106,30002841,SUPPRESSED,206-05-12,5G,Smartphone
260321101418+0200,240,16,24016,24456027,28872196,10551345,SUPPRESSED,240-16-65,5G,Smartphone
260226043518+0100,240,4,24004,13985565,13137680,18399233,SUPPRESSED,240-04-47,5G,Smartphone
260323154345+0100,206,20,20620,37859104,54745554,26516800,SUPPRESSED,206-20-55,4G,Tablet
260312130211+0100,206,5,20605,35158648,43926862,28638633,SUPPRESSED,206-05-42,4G,Smartphone
260304162046-0600,310,260,310260,73054283,89508631,72740840,SUPPRESSED,310-260-53,4G,IoT Device
260305155736+0100,206,5,20605,57786764,35983092,26477017,SUPPRESSED,206-05-97,5G,Smartphone
260323012006-0800,310,260,310260,84729692,88086890,89933593,SUPPRESSED,310-260-32,4G,Smartphone
260321012912+0100,240,4,24004,24585773,25680414,10880849,SUPPRESSED,240-04-67,4G,Smartphone
260319090830+0100,240,1,24001,30972087,25762839,11779617,SUPPRESSED,240-01-52,4G,Smartphone
260307060359-0600,310,260,310260,76504734,82686525,77595260,310-260-77,310-260-77,5G,Tablet
260308022700+0200,240,7,24007,15257040,21900954,22538115,SUPPRESSED,240-07-49,5G,Smartphone
260321024712+0000,234,15,23415,74343561,54504811,65625718,SUPPRESSED,234-15-76,4G,Smartphone
260309235950+0200,240,1,24001,18089850,29908438,13067502,SUPPRESSED,240-01-57,5G,IoT Device
260313104206+0200,206,5,20605,48446228,34291847,53105083,SUPPRESSED,206-05-32,5G,IoT Device
260306220345+0100,240,16,24016,23321181,27780108,26017103,SUPPRESSED,240-16-64,5G,Smartphone
260315035052+0000,234,33,23433,66521381,63270662,64383762,SUPPRESSED,234-33-32,3G,IoT Device
260307150426-0500,310,120,310120,76154013,84637800,72299678,310-120-29,310-120-29,4G,IoT Device
260315123912-0800,310,480,310480,92381670,82434025,95301926,SUPPRESSED,310-480-33,4G,Tablet
260227075923+0100,240,8,24008,18328237,14930214,21084834,SUPPRESSED,240-08-20,4G,Smartphone
260312112255+0200,240,1,24001,20385155,28846170,17654113,SUPPRESSED,240-01-91,5G,Tablet
260325155807+0200,206,10,20610,43654135,51151131,27442902,SUPPRESSED,206-10-49,3G,IoT Device
260226030055+0100,206,20,20620,50145827,43108809,54703516,SUPPRESSED,206-20-79,5G,Tablet
260307224231-0500,310,120,310120,94493942,82360146,79798227,310-120-29,310-120-29,4G,Smartphone
260315053742+0100,234,10,23410,52253451,56552124,56658516,SUPPRESSED,234-10-91,3G,Smartphone
260308054835+0200,206,5,20605,48324504,49241307,36575112,SUPPRESSED,206-05-24,5G,Smartphone
260312231017-0500,310,260,310260,73633361,74757120,96085166,SUPPRESSED,310-260-45,3G,IoT Device
260304134050-0600,310,260,310260,70978345,81357211,80361775,SUPPRESSED,310-260-22,5G,Tablet
260312011618-0500,310,480,310480,96081409,81242446,95016608,SUPPRESSED,310-480-99,4G,IoT Device
260304222622+0200,240,16,24016,30306019,33212730,17710777,SUPPRESSED,240-16-34,5G,Tablet
260303122703-0700,310,410,310410,85166818,79224114,90531452,SUPPRESSED,310-410-31,5G,Smartphone
260303020519+0100,240,24,24024,35352626,23091410,22782198,SUPPRESSED,240-24-91,5G,Smartphone
260310152551+0100,234,33,23433,68326829,69213082,53459549,SUPPRESSED,234-33-16,4G,Smartphone
260326235921+0100,234,15,23415,71670151,66429327,67412568,SUPPRESSED,234-15-52,4G,IoT Device
260317024817+0100,234,33,23433,63238255,60320688,52959744,SUPPRESSED,234-33-63,4G,IoT Device
260323194308+0100,234,30,23430,67757411,54094100,73356531,SUPPRESSED,234-30-27,4G,Smartphone
260320212518-0500,310,260,310260,94857186,92458476,83764561,SUPPRESSED,310-260-88,4G,Smartphone
260326151520+0100,234,20,23420,61406150,66123884,51133780,SUPPRESSED,234-20-61,3G,Tablet
260320190143+0200,206,5,20605,57024228,35800685,48741968,SUPPRESSED,206-05-26,4G,IoT Device
260311022932+0100,240,5,24005,36404752,16062118,21746994,SUPPRESSED,240-05-20,4G,Smartphone
260315103347-0800,310,410,310410,84861201,94065049,79580737,SUPPRESSED,310-410-52,4G,Smartphone
260309003807+0100,206,10,20610,34098893,46411580,49319784,206-10-39,206-10-39,4G,IoT Device
260312202740-0800,310,260,310260,94117738,73775312,79377214,SUPPRESSED,310-260-36,4G,IoT Device
260228201144-0700,310,260,310260,91388505,87951271,91464096,SUPPRESSED,310-260-95,3G,Smartphone
260310135630+0100,240,5,24005,16471015,11902155,16587829,SUPPRESSED,240-05-12,5G,Smartphone
260228222140+0200,240,24,24024,14058636,30720128,11070968,SUPPRESSED,240-24-23,5G,Smartphone
260320024547-0600,310,410,310410,74718129,81313065,65586676,SUPPRESSED,310-410-96,5G,Smartphone
260322003341+0000,234,15,23415,62304095,62997938,60299370,SUPPRESSED,234-15-56,3G,IoT Device
260302003048+0100,206,1,20601,34361660,34244057,53857177,SUPPRESSED,206-01-52,5G,Tablet
260307110548+0000,234,20,23420,58257663,58431598,66091749,SUPPRESSED,234-20-62,5G,Smartphone
260322110157+0100,240,7,24007,14970489,29889301,11022807,SUPPRESSED,240-07-85,3G,Smartphone
260228200458+0200,240,1,24001,38836831,27720844,21923014,SUPPRESSED,240-01-85,4G,Smartphone
260312034846-0800,310,480,310480,84279543,73361052,85844099,310-480-51,310-480-51,3G,Smartphone
260302051329+0000,234,10,23410,59986767,71695760,77854572,SUPPRESSED,234-10-29,3G,Tablet
260322083454-0800,310,480,310480,94728541,93115117,99587110,SUPPRESSED,310-480-46,3G,Smartphone
260227122626+0000,234,33,23433,69980789,66926760,76173779,SUPPRESSED,234-33-83,3G,IoT Device
260316144625-0600,310,120,310120,75790657,72070794,66724224,SUPPRESSED,310-120-23,5G,IoT Device
260315145954+0000,234,30,23430,51447360,69758248,61899785,SUPPRESSED,234-30-87,3G,Smartphone
260316080800+0100,206,10,20610,48347511,38343474,49171100,SUPPRESSED,206-10-24,4G,Smartphone
260321052008+0100,234,10,23410,70605113,51378682,64626653,SUPPRESSED,234-10-53,4G,Smartphone
260310163043+0200,206,20,20620,36260598,38342483,26469377,SUPPRESSED,206-20-88,5G,Tablet
260310062834+0100,234,33,23433,73494632,58680258,69949693,234-33-93,234-33-93,3G,IoT Device
260307065356+0100,240,16,24016,20480737,33108572,13029826,SUPPRESSED,240-16-85,4G,Smartphone
260319023502+0100,234,33,23433,63783811,73802058,71730470,SUPPRESSED,234-33-52,4G,Smartphone
260301000642+0100,206,10,20610,35430089,30481676,52521055,SUPPRESSED,206-10-63,5G,Smartphone
260306154325+0100,234,30,23430,70409152,61644175,57680680,SUPPRESSED,234-30-69,4G,Smartphone
260310134009+0100,240,16,24016,35517908,28013711,10503786,SUPPRESSED,240-16-36,4G,Smartphone
260305185446+0200,240,16,24016,21600412,33368457,29754910,SUPPRESSED,240-16-88,5G,Smartphone
260304124253-0500,310,480,310480,76494429,75172879,95027821,SUPPRESSED,310-480-67,3G,IoT Device
260321113951+0100,234,38,23438,62972579,70430648,76602831,SUPPRESSED,234-38-23,3G,IoT Device
260302183826+0200,206,5,20605,57496153,47954312,54494620,SUPPRESSED,206-05-53,5G,Smartphone
260312010402+0000,234,30,23430,73591368,54457535,66084024,SUPPRESSED,234-30-45,4G,Tablet
260227184744+0200,240,24,24024,17049459,15784867,27350362,SUPPRESSED,240-24-32,4G,Smartphone
260326015828+0100,240,4,24004,36738170,13118564,19689308,240-04-33,240-04-33,3G,Smartphone
260226125938+0100,240,7,24007,22723485,24681234,12500908,SUPPRESSED,240-07-62,4G,IoT Device
260305154156+0000,234,38,23438,50504806,62324014,75937763,SUPPRESSED,234-38-17,3G,IoT Device
260310001341+0200,206,20,20620,56939200,49842812,39386607,SUPPRESSED,206-20-99,4G,Smartphone
260319235613+0200,206,20,20620,40547989,33951992,40454186,SUPPRESSED,206-20-22,4G,Smartphone
260226144737-0800,310,410,310410,97218105,93727444,82739141,SUPPRESSED,310-410-24,4G,Smartphone
260313161650+0100,234,15,23415,59343101,65770673,55960116,SUPPRESSED,234-15-27,3G,Smartphone
260320001952+0200,206,10,20610,35972697,45563278,54726159,SUPPRESSED,206-10-10,3G,Smartphone
260228223552+0100,240,8,24008,36757940,29041703,27512157,SUPPRESSED,240-08-40,3G,Tablet
260320221710-0800,310,260,310260,99944037,79957946,79316719,310-260-77,310-260-77,3G,Smartphone
260319173206+0100,234,20,23420,54627147,68125839,51591582,SUPPRESSED,234-20-95,3G,IoT Device
260312020058+0100,234,10,23410,53346379,52796247,53359371,SUPPRESSED,234-10-82,5G,Tablet
260318114447-0800,310,120,310120,72648783,80720894,72448667,SUPPRESSED,310-120-13,4G,Smartphone
260301131151+0000,234,38,23438,59658496,72734416,70872222,SUPPRESSED,234-38-39,5G,Tablet
260306220544+0200,206,1,20601,41424197,34915990,26533592,SUPPRESSED,206-01-43,5G,Smartphone
260308205315+0100,234,10,23410,78920163,57550696,50688241,SUPPRESSED,234-10-15,3G,Tablet
260314212631+0200,240,24,24024,17342888,17426346,20325211,SUPPRESSED,240-24-85,5G,Tablet
260318081510+0000,234,10,23410,68672489,68221075,65138001,SUPPRESSED,234-10-12,4G,Tablet
260308031040+0000,234,10,23410,78247923,55439262,57571549,SUPPRESSED,234-10-38,4G,IoT Device
260314141332+0100,240,5,24005,29091634,25560867,25785520,SUPPRESSED,240-05-80,5G,Smartphone
260314234406+0100,206,20,20620,31811078,35960349,43495197,206-20-94,206-20-94,5G,Tablet
260318172206+0200,206,5,20605,34381688,54056498,39727264,206-05-47,206-05-47,5G,Smartphone
260312192427-0700,310,260,310260,92944084,70768992,75864866,SUPPRESSED,310-260-26,4G,Smartphone
260301122131+0200,240,2,24002,28695859,22367304,24015150,SUPPRESSED,240-02-86,4G,Smartphone
260314061239-0800,310,120,310120,82647632,75612811,95441610,SUPPRESSED,310-120-72,4G,IoT Device
260225153542+0100,206,5,20605,52079319,50159003,44156011,SUPPRESSED,206-05-73,4G,Tablet
260309111729-0700,310,260,310260,93146818,88915152,83022957,SUPPRESSED,310-260-42,4G,Smartphone
260323062320-0700,310,480,310480,93412314,70265728,87282855,SUPPRESSED,310-480-75,4G,IoT Device
260318060706+0000,234,20,23420,58315203,55281909,63940393,SUPPRESSED,234-20-40,4G,Smartphone
260327003631+0200,240,8,24008,37368520,32076853,19373771,SUPPRESSED,240-08-60,5G,Smartphone
260306115143+0200,206,20,20620,32078542,51666281,52763438,SUPPRESSED,206-20-52,5G,Tablet
260313111637+0200,240,4,24004,37048998,31056967,12914021,SUPPRESSED,240-04-81,3G,IoT Device
260315091255-0600,310,120,310120,90398535,75848750,65095574,SUPPRESSED,310-120-42,3G,Tablet
260305105041+0100,234,30,23430,55233515,63301840,53347949,SUPPRESSED,234-30-46,3G,Smartphone
260320051220+0000,234,33,23433,72493312,74849295,68994275,SUPPRESSED,234-33-39,5G,Tablet
260306141346+0100,206,5,20605,40870255,34982737,25454731,SUPPRESSED,206-05-67,3G,Smartphone
260305171007+0100,240,16,24016,21071228,24370195,19114027,SUPPRESSED,240-16-38,5G,Smartphone
260323225428+0100,240,16,24016,25527562,27850296,29009575,SUPPRESSED,240-16-44,4G,Smartphone
260325171643-0800,310,120,310120,73076790,91138126,90651104,310-120-95,310-120-95,4G,Smartphone
260226081453+0100,234,15,23415,65578222,63275583,60273372,SUPPRESSED,234-15-15,4G,IoT Device
260307112031+0100,234,30,23430,65582781,64810236,52653423,SUPPRESSED,234-30-75,4G,Tablet
260319120238+0200,240,4,24004,23202693,21699790,19452047,SUPPRESSED,240-04-72,4G,Smartphone
260325014415-0800,310,260,310260,95470178,92683521,76498255,SUPPRESSED,310-260-58,5G,IoT Device
260228083612+0100,206,1,20601,51149266,53815438,51319056,206-01-63,206-01-63,4G,Tablet
260304083148-0700,310,410,310410,87742409,93722271,91280255,SUPPRESSED,310-410-87,3G,IoT Device
260316051649+0200,206,10,20610,35287216,52506585,49859193,206-10-87,206-10-87,5G,Smartphone
260306234618+0100,206,5,20605,32161284,45630198,33841457,SUPPRESSED,206-05-41,4G,Smartphone
260225054127+0100,206,10,20610,49247389,33617407,32231860,SUPPRESSED,206-10-44,3G,Smartphone
260309065601+0100,206,5,20605,48660579,38667617,52382588,SUPPRESSED,206-05-13,4G,Smartphone
260311094323-0600,310,260,310260,97677046,78739255,92777699,SUPPRESSED,310-260-14,4G,IoT Device
260306171203+0100,240,7,24007,29240226,12560509,16251421,SUPPRESSED,240-07-18,4G,Smartphone
260316153655+0100,240,2,24002,34669844,13670585,26575612,SUPPRESSED,240-02-24,4G,Smartphone
260324112908+0100,240,4,24004,20134845,24858527,10621484,240-04-33,240-04-33,5G,Tablet
260325022304+0100,234,33,23433,66710380,65910347,60700735,SUPPRESSED,234-33-64,3G,Smartphone
260320171730+0100,206,10,20610,38199486,45544840,47426945,206-10-35,206-10-35,4G,IoT Device
260323091255+0200,206,5,20605,33166236,35801419,51243289,SUPPRESSED,206-05-58,5G,Smartphone
260324222651+0200,240,7,24007,15961326,29126605,26860300,SUPPRESSED,240-07-93,5G,Smartphone
260326180642-0800,310,480,310480,90526394,78487111,79559815,SUPPRESSED,310-480-50,4G,IoT Device
260323181338+0200,240,24,24024,34746409,33091787,15640214,SUPPRESSED,240-24-93,5G,Tablet
260305062410+0100,240,1,24001,23358273,27917458,24502076,SUPPRESSED,240-01-66,5G,Smartphone
260301225722+0200,206,20,20620,52274237,46973223,51544976,SUPPRESSED,206-20-49,4G,Smartphone
260318152103+0100,206,5,20605,50843003,34276031,40672902,SUPPRESSED,206-05-34,5G,Tablet
260320191846-0800,310,120,310120,80336372,90694449,99039615,SUPPRESSED,310-120-85,4G,Smartphone
260302081859+0200,206,10,20610,45343915,40300993,48018395,SUPPRESSED,206-10-46,4G,Smartphone
260321212334-0700,310,410,310410,96586358,90298015,76184718,SUPPRESSED,310-410-56,4G,IoT Device
260309023336-0500,310,410,310410,99357914,92338037,67761463,SUPPRESSED,310-410-38,5G,IoT Device
260311094338+0100,234,20,23420,59824195,53257846,68721968,SUPPRESSED,234-20-98,3G,Tablet
260304214332+0000,234,30,23430,69975154,51451761,63200134,SUPPRESSED,234-30-98,4G,IoT Device
260325165155-0700,310,410,310410,84749750,70986485,82355680,SUPPRESSED,310-410-79,5G,Smartphone
260304221642-0700,310,480,310480,83233413,74285766,77404058,SUPPRESSED,310-480-73,4G,IoT Device
260226224123+0100,240,24,24024,26416624,22356197,12819692,SUPPRESSED,240-24-48,4G,IoT Device
260301205723-0500,310,120,310120,76692055,78722725,84420295,SUPPRESSED,310-120-65,4G,Tablet
260317185809+0100,206,10,20610,30323554,39571100,52756559,SUPPRESSED,206-10-47,5G,Smartphone
260308023530-0600,310,410,310410,97147957,83337567,69382504,SUPPRESSED,310-410-20,3G,Smartphone
260311101504+0000,234,15,23415,68129546,69946464,63743853,SUPPRESSED,234-15-74,4G,Tablet
260309132208+0100,234,15,23415,74532587,68079568,70441450,SUPPRESSED,234-15-58,3G,IoT Device
260319191509+0100,240,7,24007,21466187,24576629,27997794,SUPPRESSED,240-07-96,4G,Smartphone
260319222957+0100,240,5,24005,35318300,34223358,25592054,SUPPRESSED,240-05-90,3G,IoT Device
260312201930+0200,240,5,24005,34064529,14127763,11433327,SUPPRESSED,240-05-30,4G,Tablet
260227101139+0100,234,10,23410,79320370,64435177,53031561,SUPPRESSED,234-10-32,3G,Tablet
260321224039+0100,234,30,23430,64154071,71815646,62690632,SUPPRESSED,234-30-50,4G,IoT Device
260314061819-0500,310,410,310410,70277581,78860341,74577100,SUPPRESSED,310-410-50,3G,Smartphone
260322171124-0800,310,260,310260,88004672,79335501,99168311,SUPPRESSED,310-260-79,5G,Tablet
260318140828-0700,310,410,310410,76896993,88400469,96534004,SUPPRESSED,310-410-67,5G,Smartphone
260321081306-0700,310,260,310260,98935880,77806229,70703751,SUPPRESSED,310-260-48,4G,IoT Device
260310185118+0200,240,24,24024,29709259,34501103,28724075,SUPPRESSED,240-24-85,3G,Tablet
260317062110-0600,310,480,310480,85934702,70402626,75019976,310-480-51,310-480-51,4G,Smartphone
260308230236-0800,310,260,310260,70413533,70872309,95963685,310-260-19,310-260-19,5G,Smartphone
260314102039+0200,206,1,20601,45903491,30211012,40260158,SUPPRESSED,206-01-41,5G,Smartphone
260318021414+0100,234,15,23415,50758462,56987513,72629207,SUPPRESSED,234-15-76,5G,Smartphone
260325025135+0200,206,10,20610,57025517,44423944,43135922,206-10-61,206-10-61,4G,Smartphone
260226004833-0700,310,480,310480,98399490,89033878,73766397,310-480-51,310-480-51,4G,IoT Device
260320012122+0200,240,7,24007,14967203,33971819,10326429,240-07-17,240-07-17,5G,Tablet
260308073419+0100,206,5,20605,33019271,34070759,33459829,SUPPRESSED,206-05-42,5G,Tablet
260323040512+0200,240,1,24001,11363332,11699941,10773686,SUPPRESSED,240-01-13,5G,Tablet
260227114424+0000,234,15,23415,59319209,63853717,63794757,SUPPRESSED,234-15-81,5G,Tablet
260316163017+0200,240,8,24008,39886359,23122535,14722397,SUPPRESSED,240-08-71,5G,Smartphone
260326204835+0200,240,2,24002,36383909,31191189,20984512,SUPPRESSED,240-02-91,5G,IoT Device
260318220105+0000,234,20,23420,54197439,50985328,71973588,SUPPRESSED,234-20-75,5G,Smartphone
260319182434+0100,234,10,23410,61734734,68734589,64155130,SUPPRESSED,234-10-91,3G,Smartphone
260317065248+0200,240,16,24016,25672655,12701789,15356753,SUPPRESSED,240-16-97,4G,Smartphone
260321184647+0100,240,8,24008,15490409,21976154,18616036,SUPPRESSED,240-08-12,5G,IoT Device
260301173851+0100,206,20,20620,49685931,44085326,43013372,SUPPRESSED,206-20-55,5G,Smartphone
260226010924+0200,240,16,24016,11774069,11961396,16799327,SUPPRESSED,240-16-52,4G,Smartphone
260304071424+0100,206,5,20605,54218197,47023060,33669475,SUPPRESSED,206-05-27,4G,Tablet
260310112352+0200,240,24,24024,13549509,24319420,10922423,SUPPRESSED,240-24-95,5G,IoT Device
260304101007+0200,240,4,24004,10494272,15694738,18619904,SUPPRESSED,240-04-31,5G,Tablet
260304024104+0000,234,15,23415,51842766,74689347,53873526,SUPPRESSED,234-15-44,5G,Smartphone
260301065128-0700,310,260,310260,97157914,72502967,66038192,SUPPRESSED,310-260-73,3G,IoT Device
260321131934+0000,234,10,23410,76415323,64243396,54103018,234-10-34,234-10-34,3G,Smartphone
260314094431+0100,234,15,23415,50632862,55150883,59919891,SUPPRESSED,234-15-65,4G,IoT Device
260304043152+0100,234,38,23438,67786408,50535050,76048865,SUPPRESSED,234-38-70,3G,Tablet
260309114325+0200,206,10,20610,52924141,36941553,29825692,SUPPRESSED,206-10-21,5G,Smartphone
260315204031-0500,310,260,310260,78714362,70202213,88276919,SUPPRESSED,310-260-65,4G,IoT Device
260226114300+0100,240,24,24024,18713145,14937956,16070925,SUPPRESSED,240-24-42,5G,Smartphone
260320154422-0600,310,480,310480,83560967,89365084,80615491,SUPPRESSED,310-480-31,4G,Smartphone
260309075424+0200,240,4,24004,16510168,24953472,11319952,SUPPRESSED,240-04-26,5G,Smartphone
260319170823+0000,234,10,23410,70662222,74445329,70560416,SUPPRESSED,234-10-57,3G,Smartphone
260306022925+0000,234,38,23438,61941945,56892381,69733767,SUPPRESSED,234-38-45,3G,Tablet
260324123426-0700,310,410,310410,78692210,88193679,67321616,SUPPRESSED,310-410-13,4G,Tablet
260313191224+0100,206,5,20605,55335374,38241077,31467553,SUPPRESSED,206-05-67,4G,Smartphone
260304173325+0200,206,5,20605,46656855,43471718,31646727,SUPPRESSED,206-05-74,5G,Smartphone
260324175747+0200,240,24,24024,25886431,20687151,15071576,SUPPRESSED,240-24-60,4G,Smartphone
260313033704-0700,310,480,310480,77042529,94152323,74366653,SUPPRESSED,310-480-26,4G,IoT Device
260305031509+0100,240,7,24007,26530194,11390742,24476122,SUPPRESSED,240-07-48,5G,Smartphone
260323065801-0800,310,260,310260,74529032,83573800,76536086,310-260-44,310-260-44,5G,Tablet
260311110726+0200,240,16,24016,16331820,29762969,18454107,SUPPRESSED,240-16-89,5G,Tablet
260306041520+0100,206,1,20601,58049957,39564366,46710251,SUPPRESSED,206-01-37,4G,Smartphone
260325044255+0100,240,5,24005,19428345,23429600,13721095,SUPPRESSED,240-05-22,5G,Smartphone
260319114247-0500,310,480,310480,84605332,80055266,74208469,SUPPRESSED,310-480-81,4G,Smartphone
260317224840+0100,206,20,20620,48471010,44810265,25663465,SUPPRESSED,206-20-67,5G,Smartphone
260324125104+0200,240,5,24005,35927874,27987397,22405849,SUPPRESSED,240-05-38,5G,Smartphone
260308120212+0200,206,5,20605,49513615,37394541,41003973,SUPPRESSED,206-05-78,5G,Smartphone
260306080127+0200,240,16,24016,37150071,12252964,22339407,SUPPRESSED,240-16-18,5G,Smartphone
260311012859+0000,234,33,23433,58959337,64254116,69868925,SUPPRESSED,234-33-71,4G,Tablet
260319221959+0100,206,1,20601,57123327,31566684,37992639,SUPPRESSED,206-01-74,5G,Tablet
260308045204-0600,310,480,310480,76268606,72053271,69679376,SUPPRESSED,310-480-43,4G,Smartphone
260319073943-0600,310,120,310120,79795771,75292710,67027159,SUPPRESSED,310-120-87,5G,Tablet
260305222955+0100,206,1,20601,48837833,47200997,49914137,SUPPRESSED,206-01-48,4G,IoT Device
260308112641+0000,234,10,23410,75994976,51556299,53839890,234-10-34,234-10-34,4G,Tablet
260313142522-0500,310,260,310260,87033650,92138243,87741788,310-260-77,310-260-77,4G,Smartphone
260304191407+0200,206,10,20610,37326342,40940877,51946511,SUPPRESSED,206-10-24,4G,Smartphone
260310214525-0600,310,410,310410,97612548,93629566,68945918,SUPPRESSED,310-410-64,4G,IoT Device
260302034953+0200,206,20,20620,46723964,38347325,42373503,SUPPRESSED,206-20-10,5G,Smartphone
260302142828+0100,234,38,23438,62983940,56191426,55562840,SUPPRESSED,234-38-75,3G,Smartphone
260312191200-0600,310,120,310120,82487917,84556863,65829284,SUPPRESSED,310-120-72,4G,IoT Device
260325102944+0000,234,15,23415,74870250,71879612,72190719,SUPPRESSED,234-15-51,3G,Tablet
260309105257+0100,206,10,20610,41302260,37788906,26039524,SUPPRESSED,206-10-21,4G,Smartphone
260227025349-0800,310,480,310480,95424047,91865322,84487050,SUPPRESSED,310-480-26,5G,Tablet
260312060516+0200,240,5,24005,33320658,21191273,29590038,SUPPRESSED,240-05-60,4G,Tablet
260316203842+0100,240,24,24024,36388131,25811418,11144743,SUPPRESSED,240-24-41,5G,Smartphone
260225102934+0000,234,30,23430,70209074,72360856,53924967,SUPPRESSED,234-30-49,3G,Tablet
260313034130-0500,310,480,310480,88612070,83399633,83703320,SUPPRESSED,310-480-87,3G,Smartphone
260321062403+0200,240,1,24001,34153629,30304428,28736430,SUPPRESSED,240-01-34,4G,Smartphone
260324145719-0500,310,260,310260,89931319,92018343,92063520,SUPPRESSED,310-260-16,4G,Tablet
260302200904+0200,240,24,24024,36974625,23001870,23696048,SUPPRESSED,240-24-36,3G,Smartphone
260305022602+0200,206,5,20605,43281171,38009644,39561707,SUPPRESSED,206-05-50,5G,Smartphone
260325203916+0200,240,1,24001,35399904,22449614,29073134,SUPPRESSED,240-01-31,5G,Smartphone
260326185541-0700,310,260,310260,73038788,74172685,66093202,SUPPRESSED,310-260-28,4G,Smartphone
260316163859+0200,240,8,24008,25020472,10351818,19943275,SUPPRESSED,240-08-67,4G,Tablet
260227211650-0600,310,480,310480,78578528,80140891,70036742,SUPPRESSED,310-480-76,3G,Smartphone
260226182146+0100,206,10,20610,48580061,37887018,31536681,SUPPRESSED,206-10-60,5G,Smartphone
260227132939+0100,234,20,23420,76378279,72904669,54471511,SUPPRESSED,234-20-85,4G,Smartphone
260314012237+0200,206,10,20610,33151456,38434315,48110274,SUPPRESSED,206-10-52,4G,Smartphone
260323221235+0100,240,16,24016,33143370,30446454,12330021,SUPPRESSED,240-16-40,5G,Smartphone
260303101050+0100,206,1,20601,42130136,31756908,32987303,SUPPRESSED,206-01-14,5G,Smartphone
260305050855-0500,310,410,310410,78224535,93709175,92168216,SUPPRESSED,310-410-61,4G,IoT Device
260324012752+0200,206,20,20620,30476675,39465559,45039223,SUPPRESSED,206-20-52,5G,Smartphone
260302110543+0100,206,20,20620,34612750,36479647,52401234,SUPPRESSED,206-20-81,4G,Smartphone
260325221305+0100,234,20,23420,71556501,62417753,63449087,SUPPRESSED,234-20-38,3G,Smartphone
260324224500+0100,234,38,23438,54442891,50248605,53320427,SUPPRESSED,234-38-97,3G,IoT Device
260314015852-0700,310,410,310410,79770048,92927520,68858077,SUPPRESSED,310-410-62,4G,Smartphone
260308141946+0000,234,30,23430,58225882,63697229,56509085,SUPPRESSED,234-30-72,3G,Smartphone
260312023152+0200,240,7,24007,21295608,15129015,28630718,SUPPRESSED,240-07-35,5G,Smartphone
260228001738+0000,234,15,23415,58421312,59068583,54937161,SUPPRESSED,234-15-69,4G,Tablet
260307071113+0100,240,2,24002,24272737,34756932,18969260,SUPPRESSED,240-02-67,5G,Tablet
260326033459+0100,206,1,20601,33310378,44879799,31458214,SUPPRESSED,206-01-92,5G,Smartphone
260320140653+0200,240,16,24016,17384108,31936658,25896653,SUPPRESSED,240-16-39,4G,IoT Device
260307180839+0200,240,1,24001,28145797,30948542,11335182,SUPPRESSED,240-01-34,4G,Smartphone
260302154129-0600,310,480,310480,72659979,75064628,80958174,SUPPRESSED,310-480-94,4G,Smartphone
260227153936-0500,310,260,310260,96150169,74923595,74662235,SUPPRESSED,310-260-28,5G,Tablet
260318112354-0600,310,260,310260,73360477,80834880,87096908,SUPPRESSED,310-260-55,4G,IoT Device
260308113336+0000,234,38,23438,71749197,60828152,51651534,SUPPRESSED,234-38-62,4G,Smartphone
260319063043+0200,206,20,20620,54348076,44336901,35004694,SUPPRESSED,206-20-28,5G,Smartphone
260227195117+0100,240,16,24016,31559828,15492102,17609093,SUPPRESSED,240-16-45,5G,Smartphone
260307210603+0100,206,10,20610,38983688,54854562,45460128,SUPPRESSED,206-10-24,5G,Tablet
260227164851+0200,240,2,24002,27985663,23591829,19684329,SUPPRESSED,240-02-82,4G,IoT Device
260228041952+0100,206,1,20601,34510630,34295166,29484197,SUPPRESSED,206-01-34,5G,Tablet
260314234445+0200,206,1,20601,45365286,40202072,53570464,SUPPRESSED,206-01-21,5G,IoT Device
260225105043-0700,310,480,310480,90396261,71509318,66766695,SUPPRESSED,310-480-60,5G,Smartphone
260318195052+0200,206,1,20601,49470282,36642873,29993466,SUPPRESSED,206-01-39,4G,Tablet
260314054618+0000,234,10,23410,53352264,74262762,73377716,SUPPRESSED,234-10-52,4G,Tablet
260302040005-0600,310,120,310120,98150475,71774326,92282850,310-120-61,310-120-61,4G,Smartphone
260311210034+0100,240,16,24016,23718986,26119536,11230380,SUPPRESSED,240-16-42,5G,Tablet
260305083910+0200,240,2,24002,32255140,34802100,11555485,SUPPRESSED,240-02-51,5G,Smartphone
260307215812+0100,240,5,24005,24855165,24367900,10166984,SUPPRESSED,240-05-51,4G,Smartphone
260314213003+0200,206,20,20620,46372055,43089138,30291737,206-20-80,206-20-80,4G,Tablet
260301033045+0000,234,38,23438,75096623,58383294,55170602,SUPPRESSED,234-38-93,4G,Tablet
260307010924+0000,234,38,23438,59933289,68975258,65783632,SUPPRESSED,234-38-73,5G,Smartphone
260310065514+0100,206,20,20620,53876612,30640855,43653980,SUPPRESSED,206-20-25,5G,Tablet
260306021625+0200,206,10,20610,37221972,43267811,52536760,SUPPRESSED,206-10-44,3G,Smartphone
260311105050+0000,234,38,23438,76040610,74106017,58284539,234-38-27,234-38-27,4G,Tablet
260326032632+0000,234,10,23410,50349701,59493413,69405934,SUPPRESSED,234-10-41,3G,IoT Device
260326024458+0100,240,1,24001,17030655,20712302,16626388,SUPPRESSED,240-01-61,5G,Smartphone
260308084312+0200,240,1,24001,19708242,13087532,14000731,SUPPRESSED,240-01-88,5G,Smartphone
260308004617+0200,206,10,20610,38371951,51522332,30091944,206-10-61,206-10-61,5G,IoT Device
260314202149+0200,240,7,24007,33742670,25654641,29587382,240-07-17,240-07-17,5G,Smartphone
260325160724+0100,234,30,23430,63592686,62313078,50868735,SUPPRESSED,234-30-73,3G,Tablet
260310053852+0100,234,10,23410,65828041,63678257,55653939,SUPPRESSED,234-10-88,4G,Smartphone
260321153655+0100,206,1,20601,45179056,50311824,51928564,SUPPRESSED,206-01-67,4G,Smartphone
260317063015+0100,240,8,24008,10796234,20069750,13433513,SUPPRESSED,240-08-26,5G,Smartphone
260304081255+0100,234,15,23415,65591373,68733813,69635477,SUPPRESSED,234-15-59,4G,IoT Device
260320180543+0100,240,2,24002,31395405,11638762,20000472,SUPPRESSED,240-02-46,5G,IoT Device
260314131033+0000,234,33,23433,54698070,62002901,57380364,SUPPRESSED,234-33-99,3G,Smartphone
260313092305+0200,240,5,24005,13711487,34164099,21106316,SUPPRESSED,240-05-88,5G,Smartphone
260318030813+0000,234,30,23430,60809845,71476042,68046256,SUPPRESSED,234-30-27,4G,Smartphone
260228084222+0200,206,5,20605,35908698,43627132,37832883,SUPPRESSED,206-05-17,3G,Tablet
260302014326+0200,206,1,20601,46421841,50273430,41348174,SUPPRESSED,206-01-74,5G,Tablet
260326020351+0100,240,1,24001,34927582,17862904,12779776,SUPPRESSED,240-01-19,3G,Tablet
260228061425-0800,310,480,310480,96298403,89310530,75745536,SUPPRESSED,310-480-97,4G,Smartphone
260312093849+0200,240,24,24024,12402910,14632507,22702056,SUPPRESSED,240-24-99,5G,Smartphone
260310105515+0100,234,30,23430,57002534,54255035,66064109,SUPPRESSED,234-30-46,3G,Smartphone
260307102012+0000,234,30,23430,61590580,57402354,77105219,SUPPRESSED,234-30-43,3G,Smartphone
260305224017+0200,206,10,20610,44052819,40971998,37853948,SUPPRESSED,206-10-74,5G,Smartphone
260228133148+0000,234,15,23415,65484332,68458422,73138241,SUPPRESSED,234-15-18,4G,IoT Device
260307124524+0200,240,8,24008,26382537,23428518,24940682,SUPPRESSED,240-08-90,5G,Tablet
260312170946+0200,240,5,24005,15582974,33197448,28128028,SUPPRESSED,240-05-76,4G,Smartphone
260310052623-0800,310,120,310120,81133437,79790294,91273418,SUPPRESSED,310-120-43,3G,Smartphone
260227021932+0200,240,8,24008,19208693,27282263,17289414,SUPPRESSED,240-08-96,5G,Smartphone
260225181317-0700,310,480,310480,93546042,73450425,94254864,SUPPRESSED,310-480-62,4G,Smartphone
260317093002+0100,240,8,24008,31596431,28089815,12247269,SUPPRESSED,240-08-94,5G,Tablet
260312132833+0100,234,20,23420,50144299,56791207,50216764,SUPPRESSED,234-20-82,4G,Smartphone
260313210305+0200,206,5,20605,59729263,54228323,53265250,SUPPRESSED,206-05-35,4G,Tablet
260321002040+0200,240,5,24005,17268102,32743546,11739094,SUPPRESSED,240-05-37,5G,Smartphone
260316070618+0100,234,38,23438,70635749,73937728,62302581,SUPPRESSED,234-38-83,3G,Tablet
260319045247+0100,206,10,20610,41031120,31246274,50005488,206-10-32,206-10-32,4G,Tablet
260314202047+0100,240,2,24002,29141294,23519740,25837479,SUPPRESSED,240-02-75,5G,Smartphone
260303060730+0200,240,16,24016,37207410,11153689,14739571,SUPPRESSED,240-16-49,5G,IoT Device
260314093902+0200,240,1,24001,11908053,34239114,11265547,SUPPRESSED,240-01-24,5G,Smartphone
260308011952+0100,240,2,24002,15717463,27911006,10829886,SUPPRESSED,240-02-82,4G,Smartphone
260304225117+0100,240,4,24004,28713291,29613556,14187324,SUPPRESSED,240-04-80,3G,Tablet
260314234645+0000,234,38,23438,63472712,55767925,69868402,SUPPRESSED,234-38-79,3G,IoT Device
260307122757+0100,206,20,20620,41455429,50887193,40992753,206-20-80,206-20-80,4G,Tablet
260321115106-0800,310,260,310260,99105200,83303718,88549766,SUPPRESSED,310-260-81,5G,IoT Device
260324152442+0200,240,2,24002,12141036,31600531,27017995,SUPPRESSED,240-02-28,5G,Smartphone
260306112714-0500,310,480,310480,74660469,78709467,95281687,SUPPRESSED,310-480-55,4G,IoT Device
260302134508+0000,234,30,23430,72235180,64053706,61876115,SUPPRESSED,234-30-57,4G,Smartphone
260309150532+0200,206,5,20605,55885684,50471022,43819092,SUPPRESSED,206-05-58,5G,Smartphone
260309183253+0200,206,10,20610,44993347,37626134,49773372,SUPPRESSED,206-10-49,5G,Tablet
260313172950-0600,310,410,310410,85569095,90019414,82771987,SUPPRESSED,310-410-54,5G,Smartphone
260302164016+0100,206,20,20620,47734514,36457176,43589397,SUPPRESSED,206-20-64,3G,Tablet
260323010810+0100,234,20,23420,58394640,62927557,53203386,SUPPRESSED,234-20-66,3G,IoT Device
260301041554+0100,206,10,20610,56511343,37880975,45752290,206-10-87,206-10-87,5G,Tablet
260309083213+0000,234,30,23430,70394608,58129956,63446531,SUPPRESSED,234-30-90,3G,Smartphone
260311174926+0100,234,10,23410,64625660,70637218,62499433,SUPPRESSED,234-10-33,3G,Tablet
260320225940+0100,206,1,20601,57517886,50755198,30221733,SUPPRESSED,206-01-35,5G,Smartphone
260305075115+0100,206,5,20605,30347364,35958650,25197246,SUPPRESSED,206-05-75,5G,Tablet
260320120535+0200,206,5,20605,48176554,46944606,28229891,SUPPRESSED,206-05-90,5G,IoT Device
260313134547+0100,240,5,24005,14078825,34282162,23793376,SUPPRESSED,240-05-31,4G,Smartphone
260305025025+0200,206,1,20601,44552611,38101522,34025949,SUPPRESSED,206-01-48,5G,Tablet
260313081353+0000,234,38,23438,64354119,66727431,52625545,SUPPRESSED,234-38-97,3G,Smartphone
260313112004+0200,206,20,20620,35565783,54475898,29690569,206-20-29,206-20-29,5G,Smartphone
260319035219+0200,206,20,20620,59768657,43947174,33788975,SUPPRESSED,206-20-21,4G,Smartphone
260306001838-0500,310,410,310410,92190238,91603990,76251952,SUPPRESSED,310-410-73,4G,IoT Device
260304231114-0500,310,480,310480,81229521,92721222,95078165,SUPPRESSED,310-480-64,4G,Smartphone
260310060526+0100,234,20,23420,56714787,53158088,55642612,234-20-83,234-20-83,4G,Smartphone
260303090421-0700,310,410,310410,72578984,84294800,98135110,SUPPRESSED,310-410-83,4G,IoT Device
260322215455+0000,234,38,23438,61467105,73315115,64129703,SUPPRESSED,234-38-38,3G,IoT Device
260302012801+0100,206,5,20605,50073406,38761738,37012738,SUPPRESSED,206-05-88,5G,Smartphone
260321114206+0000,234,15,23415,65465313,66222063,71342335,SUPPRESSED,234-15-51,3G,Smartphone
260313011208+0200,206,1,20601,43817537,52605934,33242094,SUPPRESSED,206-01-78,5G,Smartphone
260306185927+0100,206,20,20620,43976374,39192721,25270595,SUPPRESSED,206-20-61,5G,Smartphone
260314061947+0000,234,20,23420,55886400,51182211,71279325,SUPPRESSED,234-20-91,3G,Tablet
260301033503+0100,206,20,20620,42701919,44248549,47593794,SUPPRESSED,206-20-72,4G,Tablet
260324152825+0100,206,10,20610,34481220,48605431,36065226,SUPPRESSED,206-10-77,4G,Smartphone
260318025914+0000,234,30,23430,65364803,54180909,76929705,SUPPRESSED,234-30-54,3G,IoT Device
260318100952+0100,206,1,20601,50844868,44774510,27752653,SUPPRESSED,206-01-65,3G,Smartphone
260311182214+0100,240,5,24005,22345929,30491566,24594075,SUPPRESSED,240-05-95,5G,IoT Device
260315215907+0000,234,20,23420,60862446,73680213,66458527,SUPPRESSED,234-20-63,4G,IoT Device
260316021020-0600,310,480,310480,97062069,90481286,78985234,SUPPRESSED,310-480-59,5G,Smartphone
260309040046+0200,240,8,24008,16582583,17460838,22441439,SUPPRESSED,240-08-34,5G,Smartphone
260310172028-0800,310,120,310120,90578118,79147441,84250467,SUPPRESSED,310-120-88,4G,Smartphone
260323033425+0200,206,10,20610,32551188,40639776,50312829,206-10-32,206-10-32,4G,Smartphone
260319001352-0600,310,260,310260,91182839,92935739,65904544,310-260-19,310-260-19,4G,IoT Device
260322140212+0200,240,24,24024,34500313,20281502,25783462,SUPPRESSED,240-24-14,5G,Smartphone
260303144752-0800,310,120,310120,93208105,77769775,65242188,SUPPRESSED,310-120-93,5G,Smartphone
260311220918+0100,206,20,20620,38500359,45226429,49603194,SUPPRESSED,206-20-79,5G,Smartphone
260307050838+0000,234,20,23420,52562044,66961179,72626290,SUPPRESSED,234-20-84,5G,IoT Device
260320173220+0100,206,5,20605,41082763,42113349,52100272,SUPPRESSED,206-05-68,4G,Smartphone
260226110221+0200,240,24,24024,34983382,18125631,11745572,240-24-66,240-24-66,4G,Smartphone
260225134058+0100,240,2,24002,32539137,33897803,13349009,SUPPRESSED,240-02-94,4G,IoT Device
260310074110+0200,240,8,24008,24071084,13511187,22832733,SUPPRESSED,240-08-99,5G,Smartphone
260303033745-0500,310,120,310120,96831162,93770510,70794870,SUPPRESSED,310-120-19,4G,Tablet
260323130624+0100,240,8,24008,12965282,19906663,21229900,SUPPRESSED,240-08-47,5G,Smartphone
260227210954+0100,206,10,20610,54450344,49610003,41946983,SUPPRESSED,206-10-93,3G,IoT Device
260308054116+0100,234,30,23430,79686306,52958971,53277828,SUPPRESSED,234-30-52,3G,IoT Device
260226151449+0200,206,1,20601,54530873,31603218,37136210,SUPPRESSED,206-01-55,5G,Smartphone
260309230023+0200,206,20,20620,59280859,35330130,42634100,SUPPRESSED,206-20-30,4G,Smartphone
260225024432+0100,206,1,20601,41231438,34917714,27662524,SUPPRESSED,206-01-96,4G,Smartphone
260314212434+0200,206,5,20605,37516855,38999997,45573180,SUPPRESSED,206-05-23,4G,Smartphone
260225083848-0700,310,410,310410,74851417,74236337,83841776,SUPPRESSED,310-410-21,5G,Smartphone
260326172554+0200,206,5,20605,38764910,39145784,38986455,SUPPRESSED,206-05-88,4G,Smartphone
260311095416+0200,240,5,24005,39510415,21992917,20770379,SUPPRESSED,240-05-35,3G,Tablet
260319000635+0100,206,1,20601,50372569,46940707,27170102,SUPPRESSED,206-01-91,4G,Smartphone
260308023616-0800,310,410,310410,89540387,71231461,97306797,SUPPRESSED,310-410-70,3G,IoT Device
260320065106+0200,240,8,24008,25562977,25657209,14193947,SUPPRESSED,240-08-59,4G,Tablet
260316075342+0100,240,2,24002,21032663,31766803,22552463,SUPPRESSED,240-02-30,5G,Smartphone
260312235534-0600,310,410,310410,84899496,70063114,85171784,SUPPRESSED,310-410-34,5G,Tablet
260310064954+0200,240,2,24002,37670515,23029319,13381379,SUPPRESSED,240-02-51,5G,IoT Device
260324161702+0100,240,24,24024,24234478,24937413,23482313,SUPPRESSED,240-24-67,5G,Smartphone
260322210759+0200,206,5,20605,45706679,40398098,30535424,SUPPRESSED,206-05-80,5G,Smartphone
260301064611-0700,310,260,310260,94476607,85799961,82744693,310-260-80,310-260-80,5G,IoT Device
260307150357+0100,240,16,24016,16068771,22575687,20637613,SUPPRESSED,240-16-80,4G,Tablet
260304122159+0100,234,10,23410,58729882,62817854,72506994,SUPPRESSED,234-10-27,3G,IoT Device
260313162421+0100,206,1,20601,33637547,48235595,32960397,SUPPRESSED,206-01-22,5G,Smartphone
260320104906-0800,310,260,310260,78613510,90627864,93816527,310-260-71,310-260-71,4G,IoT Device
260303055252-0700,310,120,310120,88281433,74771490,91257003,SUPPRESSED,310-120-23,3G,IoT Device
260319122427-0500,310,480,310480,95927597,82349950,80488082,SUPPRESSED,310-480-55,3G,Smartphone
260320141750+0000,234,38,23438,73707337,66179646,69000578,SUPPRESSED,234-38-23,3G,Tablet
260311221645+0100,240,8,24008,25039701,22924659,28744028,SUPPRESSED,240-08-84,5G,Smartphone
260316052246+0000,234,33,23433,76155062,50010814,60139970,SUPPRESSED,234-33-84,3G,IoT Device
260326163056+0000,234,33,23433,63160206,60290252,65085233,SUPPRESSED,234-33-59,5G,Tablet
260308162901+0100,234,38,23438,56106782,71808852,74086335,SUPPRESSED,234-38-67,3G,Smartphone
260308010326-0500,310,260,310260,95477524,77998131,88997485,SUPPRESSED,310-260-95,5G,IoT Device
260325170959+0100,240,16,24016,21535672,31956873,14379348,SUPPRESSED,240-16-38,5G,Smartphone
260314165143+0200,206,20,20620,42150395,41746172,35436039,SUPPRESSED,206-20-98,4G,Smartphone
260226063808+0100,206,10,20610,48796610,43464848,38915213,SUPPRESSED,206-10-50,4G,IoT Device
260312064311+0100,206,20,20620,45804385,30150628,25650490,SUPPRESSED,206-20-95,4G,IoT Device
260309185604+0000,234,38,23438,60721915,71818230,74820933,SUPPRESSED,234-38-16,4G,Smartphone
260305094413+0100,240,8,24008,11643306,12950257,18711258,SUPPRESSED,240-08-38,5G,Smartphone
260326072757+0100,234,33,23433,78467102,68869370,55192125,SUPPRESSED,234-33-35,3G,Tablet
260308191713+0000,234,15,23415,61215463,65417940,60157058,SUPPRESSED,234-15-47,5G,Tablet
260306091656+0200,240,4,24004,31128037,21496011,20210635,SUPPRESSED,240-04-58,5G,Tablet
260226193909-0800,310,260,310260,84057636,93454605,88779130,310-260-71,310-260-71,4G,Smartphone
260228132814-0600,310,480,310480,83287620,80426674,69418016,SUPPRESSED,310-480-78,4G,Smartphone
260306083856+0100,234,20,23420,61841751,58361640,69969198,SUPPRESSED,234-20-78,5G,Smartphone
260228155733+0100,240,4,24004,18717696,32100919,11761523,SUPPRESSED,240-04-80,5G,Smartphone
260301235511+0000,234,38,23438,61219725,65323423,56648073,SUPPRESSED,234-38-50,3G,Tablet
260302021024+0100,206,5,20605,32436820,43413757,26617248,SUPPRESSED,206-05-50,5G,Smartphone
260319014026+0100,206,5,20605,37803761,47135971,51869865,SUPPRESSED,206-05-63,5G,Smartphone
260307031005+0200,240,2,24002,38182218,24447977,14037423,SUPPRESSED,240-02-24,5G,Tablet
260304231702-0600,310,120,310120,93012925,77240103,93350690,SUPPRESSED,310-120-97,4G,IoT Device
260311231111+0100,240,1,24001,33747194,27973658,21821707,SUPPRESSED,240-01-27,3G,Smartphone
260312014046+0200,240,16,24016,24092021,19486437,10595343,SUPPRESSED,240-16-17,5G,Smartphone
260301191324-0600,310,120,310120,85080716,82501517,69588777,SUPPRESSED,310-120-97,3G,Smartphone
260303222441+0100,234,10,23410,76662415,58118635,50618358,SUPPRESSED,234-10-23,3G,Tablet
260322201258+0100,206,20,20620,52340808,48910782,44667902,SUPPRESSED,206-20-91,5G,Smartphone
260311053750+0200,206,20,20620,33568735,44686201,44063576,206-20-85,206-20-85,5G,Smartphone
260302104843-0700,310,410,310410,98625806,73425388,77378377,SUPPRESSED,310-410-77,3G,Tablet
260313160122+0000,234,38,23438,68685584,62804954,76832049,SUPPRESSED,234-38-70,4G,Smartphone
260303193640+0200,206,1,20601,58105130,33686852,42884967,206-01-63,206-01-63,4G,Tablet
260305051557+0100,240,16,24016,28797156,28529145,17094023,SUPPRESSED,240-16-72,5G,Smartphone
260228155544+0000,234,10,23410,76588025,51602773,77067425,SUPPRESSED,234-10-46,3G,Smartphone
260302110517-0800,310,120,310120,90744587,91051635,95184062,SUPPRESSED,310-120-58,5G,Smartphone
260325165350+0100,240,5,24005,27911873,30218582,23624655,SUPPRESSED,240-05-27,4G,IoT Device
260323013012+0100,234,30,23430,50850710,51797082,65300649,SUPPRESSED,234-30-25,3G,Smartphone
260306213700-0500,310,120,310120,79855764,72890076,88935875,SUPPRESSED,310-120-82,5G,IoT Device
260308033455+0100,234,30,23430,74137076,62949219,74079769,SUPPRESSED,234-30-55,3G,Tablet
260319062717+0200,240,24,24024,16736327,14173096,26159983,SUPPRESSED,240-24-48,5G,Smartphone
260314195839-0800,310,120,310120,85027702,70522627,71819892,SUPPRESSED,310-120-80,4G,Tablet
260319012001+0100,234,20,23420,77446728,60962331,64231521,SUPPRESSED,234-20-89,4G,Smartphone
260301142205+0200,240,2,24002,32324116,18804662,27757854,SUPPRESSED,240-02-85,5G,Tablet
260304014307+0200,240,24,24024,23873415,18784497,13904677,SUPPRESSED,240-24-50,5G,Tablet
260325144023-0600,310,480,310480,85471793,89568050,82450769,310-480-93,310-480-93,4G,Tablet
260322131440+0000,234,15,23415,52857928,61205290,60645614,SUPPRESSED,234-15-61,5G,Tablet
260303054200+0000,234,38,23438,52431362,67957909,76719529,SUPPRESSED,234-38-73,5G,IoT Device
260311201315+0100,240,8,24008,33839887,27706876,24284005,SUPPRESSED,240-08-66,5G,Smartphone
260318102100+0200,206,20,20620,52916063,54028890,42505428,206-20-85,206-20-85,3G,Smartphone
260324000026+0100,206,5,20605,40947037,32222055,30268386,SUPPRESSED,206-05-82,5G,IoT Device
260310200300+0100,234,20,23420,57748181,50094642,73668941,SUPPRESSED,234-20-24,4G,Smartphone
260312055205+0200,206,5,20605,39343170,38479908,27156798,SUPPRESSED,206-05-54,5G,Smartphone
260227075017+0200,240,2,24002,37451430,10609295,23688377,SUPPRESSED,240-02-81,4G,Smartphone
260316225511-0500,310,260,310260,95890207,73573779,70834419,SUPPRESSED,310-260-30,5G,IoT Device
260304215225+0200,240,4,24004,24487677,12261802,20385038,SUPPRESSED,240-04-63,5G,Smartphone
260318022857+0100,206,5,20605,34791439,44836156,54328220,SUPPRESSED,206-05-70,4G,Tablet
260310155645+0100,234,38,23438,71327862,69386646,67321302,234-38-27,234-38-27,5G,Smartphone
260301035738+0100,206,20,20620,51876185,33520309,43324015,SUPPRESSED,206-20-56,5G,Tablet
260301175121+0000,234,33,23433,71483208,61521243,59556612,SUPPRESSED,234-33-86,4G,Smartphone
260306120351+0200,206,20,20620,46003831,47657940,35382748,SUPPRESSED,206-20-68,3G,Smartphone
260326002950+0200,206,1,20601,49725596,50267372,36410773,SUPPRESSED,206-01-90,4G,IoT Device
260310233411+0200,206,1,20601,56582178,50547869,36064212,SUPPRESSED,206-01-40,3G,IoT Device
260301192636+0100,240,8,24008,26025901,32716377,10478792,SUPPRESSED,240-08-61,4G,Smartphone
260303124630-0700,310,120,310120,86767901,86724167,97701382,SUPPRESSED,310-120-81,3G,Smartphone
260227193800+0000,234,15,23415,53495815,65364962,75946264,234-15-32,234-15-32,3G,IoT Device
260308231522+0200,240,24,24024,29394174,22681040,14922634,SUPPRESSED,240-24-13,5G,Smartphone
260304211649+0100,240,8,24008,23429468,16493308,15057521,SUPPRESSED,240-08-46,5G,Smartphone
260325152811+0100,206,1,20601,48458705,45628862,48316198,SUPPRESSED,206-01-37,5G,Smartphone
260227220944+0100,234,30,23430,79983597,63457129,73052478,SUPPRESSED,234-30-99,3G,Tablet
260228172423+0200,240,7,24007,39531835,15845188,18808326,SUPPRESSED,240-07-29,3G,Smartphone
260301000430+0200,206,5,20605,54311230,31839255,40814056,SUPPRESSED,206-05-71,5G,Smartphone
260317160508+0000,234,20,23420,51612801,54986096,61677465,SUPPRESSED,234-20-47,3G,Tablet
260314131400+0100,234,15,23415,59438212,52797788,63571544,SUPPRESSED,234-15-47,4G,Smartphone
260225173923+0000,234,20,23420,76841483,62185966,67480684,SUPPRESSED,234-20-44,3G,IoT Device
260321083919+0100,234,33,23433,54877375,64809984,74717452,234-33-93,234-33-93,3G,Tablet
260228181048+0100,240,2,24002,10278975,11338257,15241089,SUPPRESSED,240-02-24,5G,IoT Device
260302025445+0200,206,10,20610,49591580,38318365,40289654,206-10-35,206-10-35,5G,IoT Device
260311231016+0200,240,7,24007,21052474,27204063,18656453,SUPPRESSED,240-07-87,3G,Smartphone
260302062253-0700,310,120,310120,90268313,78133632,93315398,SUPPRESSED,310-120-48,3G,IoT Device
260305075649+0100,234,10,23410,77126284,71829436,74007299,SUPPRESSED,234-10-21,3G,IoT Device
260226025428-0500,310,480,310480,83466731,82640255,80545553,SUPPRESSED,310-480-36,4G,IoT Device
260316120002+0100,234,20,23420,65066192,51208071,61017214,SUPPRESSED,234-20-58,4G,Smartphone
260226215154+0100,206,5,20605,47756478,45527931,49789376,SUPPRESSED,206-05-22,4G,Tablet
260309154833-0500,310,260,310260,81092815,77145937,87793987,310-260-34,310-260-34,4G,IoT Device
260316000612+0100,234,15,23415,65994596,68720607,68033394,SUPPRESSED,234-15-19,4G,Smartphone
260326181951+0200,240,16,24016,10973327,10354584,24201598,SUPPRESSED,240-16-56,5G,Smartphone
260311111959+0100,206,10,20610,34824481,48263736,32511013,206-10-61,206-10-61,5G,Tablet
260324110515+0200,206,20,20620,52147611,50837132,37351080,SUPPRESSED,206-20-18,5G,Smartphone
260305044026-0700,310,410,310410,85204552,92439024,98596285,SUPPRESSED,310-410-91,4G,Tablet
260225230331+0100,206,20,20620,52924454,38119246,30781524,SUPPRESSED,206-20-61,5G,Tablet
260226200845+0100,240,7,24007,14573317,31991836,17941220,SUPPRESSED,240-07-56,5G,Smartphone
260320020511+0200,206,10,20610,55769913,33908999,30057904,SUPPRESSED,206-10-76,3G,IoT Device
260228020325+0100,240,2,24002,11211326,27218018,15170059,SUPPRESSED,240-02-43,3G,Smartphone
260313021300+0100,240,5,24005,18025473,34232237,16910342,SUPPRESSED,240-05-62,5G,Tablet
260320000433+0100,206,5,20605,51888329,52543138,49976348,SUPPRESSED,206-05-54,5G,Smartphone
260307172510+0200,240,24,24024,27546114,10298719,10886776,SUPPRESSED,240-24-15,5G,Smartphone
260302084509-0500,310,410,310410,88177753,93234844,74487399,310-410-17,310-410-17,4G,Smartphone
260324120133+0100,234,38,23438,58660318,73315530,57898232,SUPPRESSED,234-38-54,3G,IoT Device
260325121209-0700,310,480,310480,87226361,80130407,65326879,SUPPRESSED,310-480-69,4G,Smartphone
260322042255+0100,240,7,24007,22719942,21765329,18663901,SUPPRESSED,240-07-51,4G,Smartphone
260313081723+0200,206,5,20605,56019325,35027655,32400312,SUPPRESSED,206-05-72,5G,IoT Device
260227185644-0800,310,410,310410,96961931,93259039,82422915,SUPPRESSED,310-410-30,3G,IoT Device
260225161830+0100,240,7,24007,38271938,33330829,21869154,SUPPRESSED,240-07-96,4G,Smartphone
260324145043-0600,310,480,310480,93046913,92934991,68099281,SUPPRESSED,310-480-66,4G,IoT Device
260307071824+0100,240,24,24024,37168280,25833395,22052753,SUPPRESSED,240-24-12,5G,IoT Device
260226205026-0800,310,120,310120,80089709,83466358,82300337,SUPPRESSED,310-120-44,5G,Smartphone
260320073014+0100,234,38,23438,71223950,54933561,61429879,SUPPRESSED,234-38-23,5G,IoT Device
260325213345+0100,206,10,20610,40315936,43506029,50433609,SUPPRESSED,206-10-25,3G,Tablet
260314155332+0100,206,1,20601,52561548,53328530,48205055,206-01-12,206-01-12,5G,Tablet
260301041219-0800,310,410,310410,86723927,85993016,88489778,SUPPRESSED,310-410-98,5G,IoT Device
260320200512+0100,240,5,24005,12903846,24518349,27278534,SUPPRESSED,240-05-60,5G,Tablet
260302072310+0000,234,38,23438,61910226,73392540,63430055,SUPPRESSED,234-38-34,3G,Tablet
260303184127+0100,206,20,20620,59770749,47268400,32064621,SUPPRESSED,206-20-32,4G,Smartphone
260308102348+0100,234,30,23430,72336775,73378321,68098568,SUPPRESSED,234-30-23,3G,Tablet
260228213903+0200,206,5,20605,53266165,42492128,25766962,SUPPRESSED,206-05-81,3G,Smartphone
260322143019+0100,206,1,20601,38274963,34775664,43774170,SUPPRESSED,206-01-93,5G,Tablet
260302130332+0000,234,38,23438,68887192,61672457,60750339,SUPPRESSED,234-38-10,4G,Smartphone
260316063021+0100,234,20,23420,65167192,58989289,68934103,SUPPRESSED,234-20-81,4G,Smartphone
260301071324+0100,206,20,20620,46251882,44453420,51674411,206-20-74,206-20-74,5G,Smartphone
260307113948+0100,240,5,24005,23052374,24654668,21568578,SUPPRESSED,240-05-91,5G,Smartphone
260321173324+0100,240,24,24024,38876063,29147783,29853911,SUPPRESSED,240-24-98,5G,Smartphone
260310113201-0700,310,480,310480,79755528,82809767,93666663,SUPPRESSED,310-480-37,5G,Smartphone
260317210249+0200,240,1,24001,27486348,30205735,17436027,SUPPRESSED,240-01-44,5G,Smartphone
260318163929+0100,206,10,20610,48754799,31838749,37910635,SUPPRESSED,206-10-31,4G,Tablet
260319012516+0200,240,2,24002,35206544,28740137,22268853,SUPPRESSED,240-02-41,5G,Tablet
260311205845+0200,240,2,24002,28149635,10231695,23041260,SUPPRESSED,240-02-79,4G,Smartphone
260228025919-0500,310,120,310120,71989351,76110585,86779921,SUPPRESSED,310-120-39,5G,IoT Device
260301230422+0100,234,33,23433,76595461,64166430,50197493,SUPPRESSED,234-33-32,3G,Smartphone
260305221740+0200,240,7,24007,11165396,23890558,14419217,SUPPRESSED,240-07-26,5G,Tablet
260227072304-0700,310,410,310410,85238388,83631031,91208320,SUPPRESSED,310-410-75,4G,Smartphone
260301214841+0200,240,5,24005,10264341,16363295,20349579,SUPPRESSED,240-05-17,4G,Tablet
260307051704+0200,206,20,20620,41461223,54923278,38095567,SUPPRESSED,206-20-99,5G,IoT Device
260318051213+0100,240,8,24008,18126896,15013804,14257231,SUPPRESSED,240-08-95,4G,Smartphone
260315071344+0100,240,2,24002,17281672,26511673,28986759,SUPPRESSED,240-02-34,4G,Smartphone
260228025157+0100,240,1,24001,20555124,20429267,19912906,SUPPRESSED,240-01-16,5G,Smartphone
260309083830+0100,206,10,20610,47860249,34311881,43130655,SUPPRESSED,206-10-43,3G,IoT Device
260316213526-0700,310,410,310410,97020357,83008708,70477394,SUPPRESSED,310-410-92,3G,IoT Device
260226134152+0100,234,20,23420,50843912,51533709,75042065,SUPPRESSED,234-20-33,4G,Tablet
260301163242+0200,206,5,20605,34280323,46476709,34679313,SUPPRESSED,206-05-58,5G,Smartphone
260227170309+0100,240,5,24005,22918319,23795237,21853178,SUPPRESSED,240-05-29,4G,Smartphone
260303014334-0500,310,120,310120,91603919,89670598,93916449,SUPPRESSED,310-120-83,5G,Smartphone
260316052727+0100,206,20,20620,59290273,43045917,50144398,206-20-75,206-20-75,5G,Smartphone
260322092826+0200,206,1,20601,41289519,49334082,41661276,206-01-87,206-01-87,4G,Tablet
260311050225+0200,206,20,20620,36727126,50394572,45365262,206-20-85,206-20-85,5G,Smartphone
260227193443+0200,240,16,24016,13263128,22900786,18391603,SUPPRESSED,240-16-28,5G,Smartphone
260308050542-0500,310,410,310410,87076427,82984018,94449497,SUPPRESSED,310-410-24,5G,Smartphone
260310105506+0200,206,10,20610,48516163,53080749,42986542,SUPPRESSED,206-10-86,5G,Tablet
260304233631-0500,310,120,310120,84913261,92005756,90987638,310-120-95,310-120-95,4G,Smartphone
260301144627-0700,310,410,310410,77953184,84795030,88447678,SUPPRESSED,310-410-82,4G,IoT Device
260227154010+0000,234,30,23430,74216593,62962876,57329073,SUPPRESSED,234-30-96,3G,Tablet
260326045205+0200,206,1,20601,45922820,38873681,28739955,SUPPRESSED,206-01-61,3G,Tablet
260322072003+0000,234,10,23410,58442669,57212956,60785470,SUPPRESSED,234-10-56,3G,Smartphone
260326011244-0700,310,410,310410,73683853,74274029,77589840,SUPPRESSED,310-410-87,4G,IoT Device
260314061852-0800,310,410,310410,76878153,88046980,85225988,SUPPRESSED,310-410-69,4G,Tablet
260227104828-0700,310,260,310260,84362056,86523809,99846775,SUPPRESSED,310-260-11,4G,IoT Device
260312032824+0100,234,20,23420,62787506,56571086,57346570,SUPPRESSED,234-20-53,4G,Tablet
260228163347+0100,240,5,24005,12630200,32290250,27840893,SUPPRESSED,240-05-68,4G,IoT Device
260325131704+0100,206,20,20620,57845723,33522476,37574447,206-20-94,206-20-94,5G,Smartphone
260321080307+0100,240,24,24024,34425305,34384668,21017422,SUPPRESSED,240-24-33,4G,Smartphone
260227102308+0100,234,38,23438,70177433,73413246,76840973,SUPPRESSED,234-38-92,3G,Tablet
260326235938+0200,206,10,20610,45768474,50659294,26293103,SUPPRESSED,206-10-93,3G,Smartphone
260306161047+0200,240,1,24001,24990492,18841840,10698656,SUPPRESSED,240-01-56,5G,Smartphone
260227163712-0700,310,120,310120,74128068,84225826,79407576,SUPPRESSED,310-120-35,4G,IoT Device
260322184346+0200,206,20,20620,43118744,48655861,37875356,SUPPRESSED,206-20-77,5G,Smartphone
260320161636+0100,240,2,24002,33743614,17285791,29148303,SUPPRESSED,240-02-78,5G,IoT Device
260228105825-0600,310,480,310480,80032025,87196767,71221330,SUPPRESSED,310-480-16,5G,IoT Device
260324195430+0200,206,5,20605,40438786,43024836,42665553,SUPPRESSED,206-05-76,4G,Smartphone
260320154149-0500,310,410,310410,92403352,87426852,69286674,SUPPRESSED,310-410-52,5G,Smartphone
260323100237+0100,240,4,24004,18207667,11726635,18908545,240-04-33,240-04-33,5G,Smartphone
260314054901+0100,234,33,23433,63793785,53602769,58568461,SUPPRESSED,234-33-73,4G,IoT Device
260305081530-0700,310,260,310260,80623294,88365352,86441584,SUPPRESSED,310-260-51,3G,Smartphone
260226055301+0100,240,7,24007,30237982,12735409,27741733,SUPPRESSED,240-07-40,5G,Tablet
260317190748+0100,234,30,23430,51347159,64364877,52577339,SUPPRESSED,234-30-58,4G,Tablet
260324165741+0100,240,4,24004,16752705,23479022,12900710,SUPPRESSED,240-04-27,5G,Smartphone
260307051325-0700,310,410,310410,80710802,85514239,70101302,SUPPRESSED,310-410-93,4G,Smartphone
260305114835+0100,240,2,24002,33698278,27717176,17623638,SUPPRESSED,240-02-95,5G,Smartphone
260326060928+0100,240,7,24007,23980373,16814325,17989848,SUPPRESSED,240-07-38,5G,Smartphone
260326072353+0200,240,24,24024,31058297,28971592,25794095,SUPPRESSED,240-24-70,4G,Smartphone
260305035633+0200,240,8,24008,19647651,31595067,26762708,SUPPRESSED,240-08-72,4G,Smartphone
260302171626+0200,240,7,24007,32200888,15372574,23779795,240-07-17,240-07-17,4G,Tablet
260319072625+0100,240,16,24016,25496518,25600768,26473464,SUPPRESSED,240-16-20,5G,Smartphone
260321170534-0500,310,120,310120,99035344,74030774,78733982,SUPPRESSED,310-120-55,4G,Smartphone
260227011216+0100,234,15,23415,66747892,65137304,70374680,SUPPRESSED,234-15-85,4G,IoT Device
260301033741+0200,206,10,20610,49300375,36346790,32073907,SUPPRESSED,206-10-60,5G,Smartphone
260302070304+0000,234,38,23438,66917500,54157061,53816359,SUPPRESSED,234-38-16,4G,Smartphone
260322043500+0100,206,20,20620,32646693,45390751,35088327,SUPPRESSED,206-20-42,5G,Smartphone
260226142146+0100,206,5,20605,38609465,36612878,31693010,SUPPRESSED,206-05-59,4G,Smartphone
260305071326+0200,240,16,24016,13583754,27601698,12382485,SUPPRESSED,240-16-85,5G,Smartphone
260316032719-0500,310,260,310260,83966221,75458178,65217868,SUPPRESSED,310-260-35,4G,Smartphone
260304080920+0100,206,5,20605,58629748,32583414,26727091,206-05-65,206-05-65,5G,Tablet
260302094913-0700,310,120,310120,83155543,82068068,65827656,SUPPRESSED,310-120-74,4G,Smartphone
260307094910+0200,206,1,20601,46903956,33788397,34737267,206-01-63,206-01-63,5G,IoT Device
260319131244+0200,240,1,24001,26884470,27229857,27467496,SUPPRESSED,240-01-23,5G,IoT Device
260225214328-0800,310,410,310410,99617456,74610177,79611499,SUPPRESSED,310-410-58,3G,Tablet
260322190449+0200,240,16,24016,22913931,10994480,20433306,SUPPRESSED,240-16-97,5G,Smartphone
260305034201+0100,206,20,20620,44504258,41621752,34708628,SUPPRESSED,206-20-79,5G,Smartphone
260323002937+0200,240,5,24005,25321230,31825102,17750569,SUPPRESSED,240-05-39,5G,Smartphone
260311071836+0200,240,5,24005,36247556,21626714,25303123,SUPPRESSED,240-05-21,5G,Smartphone
260315024656-0800,310,480,310480,83873768,76984996,88782526,SUPPRESSED,310-480-30,4G,IoT Device
260315075804+0100,240,1,24001,31250053,28286914,13759333,SUPPRESSED,240-01-77,4G,Smartphone
260309190604+0100,206,20,20620,43514046,35434942,33077820,SUPPRESSED,206-20-20,5G,Tablet
260310202619+0200,240,8,24008,24182005,12103230,24247609,SUPPRESSED,240-08-52,5G,Smartphone
260317093229-0800,310,260,310260,91105944,79807824,72417214,SUPPRESSED,310-260-40,4G,Tablet
260314144727+0100,206,5,20605,45975969,54680960,39695310,206-05-65,206-05-65,4G,Tablet
260313221233+0000,234,15,23415,71649334,74714333,76520274,SUPPRESSED,234-15-91,3G,Smartphone
260306005146-0600,310,410,310410,76416059,77903352,77260807,SUPPRESSED,310-410-28,4G,IoT Device
260307040504-0500,310,410,310410,92734165,83864010,95603824,SUPPRESSED,310-410-51,5G,Smartphone
260322221403-0600,310,260,310260,87509261,84040466,82254504,SUPPRESSED,310-260-27,4G,Smartphone
260302173446+0000,234,30,23430,54516553,60333346,62623443,SUPPRESSED,234-30-30,3G,IoT Device
260324014405-0800,310,410,310410,95763220,79677512,81445766,SUPPRESSED,310-410-19,4G,Smartphone
260316213231+0100,206,1,20601,40576438,33067196,54371510,206-01-53,206-01-53,5G,Tablet
260316175055+0100,206,1,20601,48808539,38909177,47473910,SUPPRESSED,206-01-21,4G,Tablet
260324065611+0200,206,20,20620,58572081,50536682,44479337,206-20-29,206-20-29,5G,Smartphone
260314134414+0000,234,15,23415,56067785,59411976,73613736,SUPPRESSED,234-15-41,3G,Tablet
260307090225-0800,310,480,310480,86671153,85523522,80292092,SUPPRESSED,310-480-89,4G,IoT Device
260324063933+0100,234,38,23438,54565950,62098685,72428749,SUPPRESSED,234-38-72,4G,Smartphone
260322103943+0200,240,7,24007,34357454,18810166,21278425,SUPPRESSED,240-07-42,5G,Tablet
260305212905+0100,234,38,23438,73840158,51020029,75717645,SUPPRESSED,234-38-68,4G,IoT Device
260318200540+0000,234,20,23420,66157102,59157256,56125710,SUPPRESSED,234-20-73,4G,Smartphone
260325114442+0100,206,10,20610,59434231,49100888,47363456,SUPPRESSED,206-10-53,5G,Smartphone
260303175858-0700,310,260,310260,90545404,85983124,77936579,SUPPRESSED,310-260-91,4G,Smartphone
260309164201+0000,234,38,23438,58231264,70005453,71581555,SUPPRESSED,234-38-61,3G,IoT Device
260304213346+0100,234,10,23410,55680765,74637178,59384363,SUPPRESSED,234-10-31,3G,IoT Device
260311044447+0100,240,1,24001,24942225,15972064,26834427,SUPPRESSED,240-01-17,5G,Smartphone
260311055730-0700,310,120,310120,88653337,92776225,93149833,310-120-98,310-120-98,4G,IoT Device
260323023331+0100,234,30,23430,64467332,74848236,58924466,SUPPRESSED,234-30-54,3G,IoT Device
260309112351+0000,234,20,23420,62220721,63065833,66232535,SUPPRESSED,234-20-50,4G,Smartphone
260301045147+0100,206,5,20605,31034354,36784190,34014994,SUPPRESSED,206-05-50,3G,Tablet
260326164417+0100,240,16,24016,34480369,32161903,26381302,SUPPRESSED,240-16-65,4G,Smartphone
260301090454+0100,234,15,23415,55715659,66409218,66975338,SUPPRESSED,234-15-73,3G,Tablet
260320104752+0000,234,38,23438,72206897,73355230,50225517,SUPPRESSED,234-38-20,3G,Tablet
260306113706+0100,234,33,23433,77394562,65899235,74144986,SUPPRESSED,234-33-52,3G,IoT Device
260305065401-0800,310,480,310480,86362837,74818123,96408268,310-480-51,310-480-51,5G,Smartphone
260314085251+0100,234,38,23438,58621580,58293706,51865952,SUPPRESSED,234-38-55,3G,Tablet
260228230757+0100,206,5,20605,43826712,50421656,40349779,SUPPRESSED,206-05-49,5G,IoT Device
260309042412+0100,234,30,23430,51540492,73236464,54116017,SUPPRESSED,234-30-95,3G,IoT Device
260225051919+0200,240,4,24004,30358061,11950459,20496095,SUPPRESSED,240-04-53,5G,Smartphone
260325140034+0100,206,5,20605,47512855,35223045,34661960,SUPPRESSED,206-05-98,4G,Smartphone
260225145135+0100,206,20,20620,54746435,38279619,31177248,SUPPRESSED,206-20-31,4G,Smartphone
260303205217+0200,240,1,24001,24891897,21977853,25965710,SUPPRESSED,240-01-32,4G,Smartphone
260228224725+0200,206,10,20610,31695813,44652014,30288094,SUPPRESSED,206-10-60,5G,Smartphone
260302021253-0700,310,260,310260,75948373,71127309,91279582,SUPPRESSED,310-260-57,4G,Smartphone
260325125114+0000,234,10,23410,67066198,51575626,71045335,SUPPRESSED,234-10-10,4G,Smartphone
260310021157-0700,310,480,310480,92081167,80370540,96039267,SUPPRESSED,310-480-27,4G,Smartphone
260307084340+0100,240,7,24007,33610094,29002539,22110824,SUPPRESSED,240-07-54,5G,Smartphone
260319140236-0700,310,480,310480,85205497,91514230,73755140,SUPPRESSED,310-480-12,5G,Tablet
260225154348+0200,206,20,20620,35576598,50379470,46406431,SUPPRESSED,206-20-77,4G,Smartphone
260303100102+0000,234,10,23410,63157765,62659610,70386539,SUPPRESSED,234-10-60,3G,Smartphone
260228183812+0000,234,30,23430,66369248,58222433,71206644,SUPPRESSED,234-30-10,5G,Tablet
260308080555+0100,234,33,23433,75425916,74790786,75038645,SUPPRESSED,234-33-37,5G,Tablet
260314213508-0600,310,410,310410,94870598,76395944,82975456,SUPPRESSED,310-410-51,5G,Smartphone
260316163144-0800,310,120,310120,72456055,76537993,81264900,SUPPRESSED,310-120-32,5G,IoT Device
260309140219-0600,310,120,310120,93459790,70191366,72059775,SUPPRESSED,310-120-57,4G,Smartphone
260311073132+0200,240,16,24016,27885810,16253724,11113293,SUPPRESSED,240-16-66,5G,Smartphone
260306024550+0000,234,10,23410,62111336,54951138,71996292,SUPPRESSED,234-10-48,5G,Tablet
260315182228+0100,240,2,24002,16335145,27018841,23320336,SUPPRESSED,240-02-46,3G,Smartphone
260322000148+0000,234,30,23430,58705959,66837633,60734399,SUPPRESSED,234-30-82,4G,Smartphone
260305133032+0200,206,20,20620,45252583,51516473,44962973,SUPPRESSED,206-20-90,3G,Tablet
260303005909-0600,310,260,310260,80562871,72154730,69438799,SUPPRESSED,310-260-99,4G,Smartphone
260322003821-0700,310,480,310480,74170716,73348679,83412976,SUPPRESSED,310-480-22,4G,IoT Device
260318042605+0100,234,30,23430,73621266,61744278,57717619,SUPPRESSED,234-30-75,3G,IoT Device
260313123712+0100,234,33,23433,55483098,73489033,58554234,SUPPRESSED,234-33-36,3G,Smartphone
260306235941+0100,240,16,24016,18352650,21190077,17574835,SUPPRESSED,240-16-79,5G,Tablet
260324065450+0200,206,1,20601,45413902,31078926,34506385,SUPPRESSED,206-01-73,4G,IoT Device
260301132039+0100,234,20,23420,66967372,53679600,62317412,SUPPRESSED,234-20-69,4G,IoT Device
260318185533+0100,240,2,24002,25593339,20606032,14000673,SUPPRESSED,240-02-30,4G,Smartphone
260316095257+0100,234,38,23438,77446520,71330192,52382749,SUPPRESSED,234-38-22,3G,Smartphone
260305000749+0100,234,10,23410,53435143,53606467,55526077,SUPPRESSED,234-10-79,4G,Tablet
260323072029+0000,234,15,23415,63254990,62775068,70732830,SUPPRESSED,234-15-41,3G,Smartphone
260321030634-0700,310,260,310260,77158505,86434211,98812332,SUPPRESSED,310-260-15,4G,Smartphone
260227222133+0100,206,1,20601,54899892,30852840,54345788,SUPPRESSED,206-01-65,4G,Smartphone
260225085527+0200,206,20,20620,59408752,34384079,53675798,SUPPRESSED,206-20-72,5G,IoT Device
260306223545+0100,234,33,23433,52551765,55719801,55722120,SUPPRESSED,234-33-58,4G,IoT Device
260323102745+0100,234,30,23430,59033019,51276660,64685320,SUPPRESSED,234-30-85,4G,Smartphone
260302133734+0100,240,7,24007,10730330,19097263,11998192,SUPPRESSED,240-07-24,5G,Smartphone
260305054048+0000,234,10,23410,58227844,56789149,77792197,SUPPRESSED,234-10-75,3G,IoT Device
260321015315+0100,206,10,20610,58632388,43959911,36477899,SUPPRESSED,206-10-57,3G,Tablet
260228112139-0800,310,410,310410,93191061,78371461,77656212,SUPPRESSED,310-410-68,4G,Tablet
260326124124+0100,240,8,24008,28873934,18210213,18555558,SUPPRESSED,240-08-21,5G,Smartphone
260309133000+0200,206,20,20620,49855526,52478010,54874801,SUPPRESSED,206-20-50,4G,Smartphone
260302122804+0100,234,10,23410,58578052,66566175,50313246,SUPPRESSED,234-10-72,4G,Tablet
260315100818+0200,240,24,24024,23878294,13279748,17434321,240-24-66,240-24-66,4G,Smartphone
260311134639+0000,234,38,23438,61661042,62031742,74921400,SUPPRESSED,234-38-89,4G,IoT Device
260310071519-0500,310,410,310410,76304196,76286944,73838160,SUPPRESSED,310-410-69,4G,Smartphone
260225105134+0100,234,10,23410,51961428,61660316,55437037,SUPPRESSED,234-10-93,3G,Tablet
260326100242-0500,310,410,310410,78177785,85659548,66139460,SUPPRESSED,310-410-43,4G,IoT Device
260312154243+0100,234,15,23415,56819583,50619622,57314919,SUPPRESSED,234-15-73,3G,Smartphone
260310013638+0200,206,5,20605,53829383,33455258,28150333,SUPPRESSED,206-05-82,5G,IoT Device
260307105359+0100,206,20,20620,52409093,52280848,45173510,206-20-89,206-20-89,3G,IoT Device
260301125929+0000,234,15,23415,61065001,55092312,59530758,SUPPRESSED,234-15-90,3G,Tablet
260225102040+0000,234,33,23433,67050480,55587600,54492188,SUPPRESSED,234-33-68,4G,Tablet
260322151827-0500,310,410,310410,81632610,94168014,91862272,SUPPRESSED,310-410-54,4G,Smartphone
260319145923-0600,310,260,310260,92445944,74692743,66950705,310-260-44,310-260-44,4G,IoT Device
260326042752+0100,206,1,20601,52124201,40937961,41454543,SUPPRESSED,206-01-20,3G,IoT Device
260313141901+0000,234,33,23433,61090271,57125122,53171551,SUPPRESSED,234-33-76,3G,Smartphone
260227104305+0100,206,20,20620,40745001,38644734,38169721,SUPPRESSED,206-20-78,4G,IoT Device
260227172004-0600,310,410,310410,91387630,78493267,76753675,SUPPRESSED,310-410-91,4G,Smartphone
260228152545+0000,234,10,23410,78607973,64435316,51217144,SUPPRESSED,234-10-24,4G,Smartphone
260228035148-0600,310,410,310410,95236642,82813740,81264225,SUPPRESSED,310-410-21,5G,IoT Device
260321203652+0100,206,20,20620,35237359,47806199,39895181,SUPPRESSED,206-20-30,5G,Smartphone
260323185024+0100,234,20,23420,78236981,63898485,65992876,SUPPRESSED,234-20-15,4G,IoT Device
260325141257+0100,234,10,23410,52502076,60729599,65433261,SUPPRESSED,234-10-60,3G,Smartphone
260321135414-0700,310,480,310480,98659184,76931296,75115310,SUPPRESSED,310-480-91,4G,Smartphone
260313211607+0200,206,10,20610,54690576,38420057,41153154,206-10-32,206-10-32,5G,Smartphone
260318135714-0600,310,260,310260,78412292,94573405,71361460,SUPPRESSED,310-260-86,4G,Tablet
260228120325+0100,234,20,23420,69447207,68342985,62760862,SUPPRESSED,234-20-70,3G,Tablet
260225033231+0100,234,10,23410,78556106,62129947,68266191,SUPPRESSED,234-10-79,4G,Tablet
260313121750-0600,310,410,310410,79438448,89158345,70418108,SUPPRESSED,310-410-74,5G,IoT Device
260226105513+0200,240,5,24005,29291690,21811003,12548544,SUPPRESSED,240-05-51,5G,Tablet
260321174102+0100,240,7,24007,31021398,26495576,28310281,SUPPRESSED,240-07-96,3G,Smartphone
260228065821+0100,234,30,23430,78203625,64282373,64553265,SUPPRESSED,234-30-46,5G,Tablet
260228165350-0500,310,410,310410,87079577,89680005,88770975,SUPPRESSED,310-410-98,4G,Smartphone
260310190200+0100,206,20,20620,50144540,43335645,52316120,206-20-74,206-20-74,3G,IoT Device
260228073305+0100,206,5,20605,49823391,51771777,26570610,SUPPRESSED,206-05-92,4G,Tablet
260320055417+0000,234,20,23420,65826468,54190082,66254609,SUPPRESSED,234-20-19,5G,Tablet
260325235608+0000,234,10,23410,68734409,53544146,68227814,SUPPRESSED,234-10-42,3G,Tablet
260313161659+0100,240,16,24016,11722004,17282265,13310048,SUPPRESSED,240-16-94,4G,Smartphone
260324193026-0600,310,480,310480,81600636,76315146,77135996,SUPPRESSED,310-480-86,3G,Smartphone
260317200408-0600,310,410,310410,85123645,77818664,90833291,SUPPRESSED,310-410-14,3G,Tablet
260228043108+0100,240,5,24005,13384556,22992462,20746635,SUPPRESSED,240-05-51,4G,Smartphone
260312045510-0600,310,260,310260,91760836,75523223,82331175,310-260-77,310-260-77,4G,Smartphone
260305065657+0200,240,1,24001,33823189,13203713,19092692,SUPPRESSED,240-01-96,3G,Smartphone
260310160033+0000,234,10,23410,69753170,73863297,66288105,SUPPRESSED,234-10-19,3G,Tablet
260315034640+0200,206,1,20601,55764792,51313070,28584228,206-01-88,206-01-88,4G,Smartphone
260322085825-0700,310,260,310260,70311069,83771907,84839349,SUPPRESSED,310-260-13,3G,IoT Device
260318103035+0200,206,5,20605,31817943,39487842,37883227,SUPPRESSED,206-05-13,4G,Smartphone
260303023601-0600,310,120,310120,94692153,91304543,76996378,SUPPRESSED,310-120-43,4G,Smartphone
260317161913+0000,234,38,23438,62913406,59952664,61975513,SUPPRESSED,234-38-28,5G,IoT Device
260326123118+0100,234,15,23415,68834652,63326014,70021986,SUPPRESSED,234-15-76,3G,Smartphone
260312044548+0200,206,5,20605,51688434,30667529,47449187,SUPPRESSED,206-05-61,3G,Smartphone
260318092451+0200,240,16,24016,30650187,28735789,27959811,SUPPRESSED,240-16-36,4G,Smartphone
260314133450+0000,234,33,23433,56462255,57268909,59483141,SUPPRESSED,234-33-51,3G,IoT Device
260317072456+0200,240,1,24001,14838101,26969152,13850433,SUPPRESSED,240-01-28,5G,Smartphone
260323094437+0200,206,5,20605,41892457,46474174,53542098,SUPPRESSED,206-05-74,3G,Tablet
260312181933+0100,240,1,24001,18545412,13154960,16252843,SUPPRESSED,240-01-56,5G,Tablet
260226161001-0500,310,260,310260,70509277,84541504,90707645,SUPPRESSED,310-260-69,4G,Smartphone
260319140536+0100,234,33,23433,76287369,54503050,67244356,SUPPRESSED,234-33-42,3G,IoT Device
260317140004+0100,240,24,24024,38117914,32245908,24326137,SUPPRESSED,240-24-91,5G,Smartphone
260317191118-0500,310,480,310480,76321295,79479171,74560800,SUPPRESSED,310-480-79,4G,IoT Device
260307201241+0200,206,5,20605,36362067,47825617,32727348,206-05-47,206-05-47,3G,Smartphone
260319082950-0800,310,410,310410,72725083,84082340,96823077,SUPPRESSED,310-410-38,5G,IoT Device
260312094927+0100,234,38,23438,59421566,65456053,57172735,SUPPRESSED,234-38-82,3G,Tablet
260317205227-0800,310,480,310480,71936383,83257772,77227560,SUPPRESSED,310-480-32,4G,Tablet
260308165958+0000,234,20,23420,59979457,67323291,56656357,SUPPRESSED,234-20-90,4G,Smartphone
260326012136+0200,240,2,24002,10304509,20051447,29806811,SUPPRESSED,240-02-84,5G,Smartphone
260303041059-0500,310,410,310410,86792382,92026255,81440321,310-410-10,310-410-10,5G,Smartphone
260321233254+0100,240,4,24004,16154351,32812472,22713019,SUPPRESSED,240-04-67,4G,IoT Device
260319173816+0200,240,5,24005,22036075,32777510,12591089,SUPPRESSED,240-05-76,5G,Smartphone
260320084709-0700,310,120,310120,80005908,87341902,67478537,SUPPRESSED,310-120-82,4G,IoT Device
260310130625-0500,310,260,310260,98330221,87976596,84268798,SUPPRESSED,310-260-72,5G,IoT Device
260302163500+0200,240,24,24024,39179819,24669299,16541749,SUPPRESSED,240-24-88,5G,Tablet
260308093234+0100,240,4,24004,11135095,25262348,15063047,SUPPRESSED,240-04-99,5G,Smartphone
260228233629+0100,206,1,20601,38510703,46762058,39604291,SUPPRESSED,206-01-30,5G,Tablet
260225060129+0100,240,24,24024,16084028,17334226,26271325,SUPPRESSED,240-24-97,5G,Smartphone
260226064303+0000,234,33,23433,62671803,50539378,69197846,SUPPRESSED,234-33-91,3G,Smartphone
260320065946+0000,234,33,23433,63096398,52164936,64600899,SUPPRESSED,234-33-25,4G,Tablet
260311190925+0200,206,5,20605,34255806,54510552,31288070,206-05-65,206-05-65,4G,Smartphone
260227062604+0100,240,1,24001,39640167,11856386,23637188,SUPPRESSED,240-01-63,3G,Smartphone
260325185929+0000,234,15,23415,78586344,64258061,58306431,SUPPRESSED,234-15-70,5G,Smartphone
260309132550+0200,240,24,24024,24812376,30540477,17761905,SUPPRESSED,240-24-45,5G,Smartphone
260307133149+0100,206,20,20620,45446888,52501471,26150882,SUPPRESSED,206-20-68,4G,Smartphone
260307001941+0000,234,30,23430,67942538,53582178,60655950,SUPPRESSED,234-30-63,4G,Tablet
260326233204-0600,310,480,310480,83690109,88765896,82502275,SUPPRESSED,310-480-14,4G,IoT Device
260228123336+0200,206,1,20601,53100406,47891001,46843479,SUPPRESSED,206-01-79,4G,Smartphone
260324051151+0100,240,8,24008,24365398,32834849,13844685,SUPPRESSED,240-08-63,5G,Smartphone
260325202157+0200,240,8,24008,18120042,21141197,24666466,SUPPRESSED,240-08-72,3G,Smartphone
260308123254+0000,234,38,23438,75850810,51363202,74482360,SUPPRESSED,234-38-46,3G,Tablet
260308154727+0200,240,8,24008,39780897,23354663,23632674,SUPPRESSED,240-08-44,5G,Tablet
260225194454+0100,240,1,24001,26796630,25180975,23242664,SUPPRESSED,240-01-47,5G,Smartphone
260312121546+0100,206,10,20610,44005372,41172567,26237885,SUPPRESSED,206-10-91,5G,Smartphone
260226093200+0100,234,10,23410,64906349,58272191,69939029,SUPPRESSED,234-10-70,3G,Smartphone
260306163507-0700,310,260,310260,97887821,72962341,78946681,SUPPRESSED,310-260-61,5G,IoT Device
260302022904+0000,234,38,23438,51094515,73228604,72278769,SUPPRESSED,234-38-68,3G,Smartphone
260315212107+0100,206,20,20620,49581354,53018187,30068349,SUPPRESSED,206-20-96,5G,Smartphone
260323004329+0100,234,33,23433,61460295,58164656,60147097,SUPPRESSED,234-33-41,3G,Tablet
260303055839+0100,240,5,24005,36001110,32419408,18085598,SUPPRESSED,240-05-41,4G,Smartphone
260316112903-0500,310,410,310410,74852219,81304176,72030689,SUPPRESSED,310-410-89,4G,Smartphone
260225190344+0200,206,1,20601,42555034,31664889,42897897,SUPPRESSED,206-01-50,3G,Smartphone
260227165831+0200,206,1,20601,56712394,31327509,41185846,SUPPRESSED,206-01-74,5G,Tablet
260313194651+0100,240,7,24007,13762579,19956104,29886332,SUPPRESSED,240-07-90,5G,Smartphone
260324095214+0200,206,20,20620,57903168,41280391,43258797,SUPPRESSED,206-20-70,4G,Smartphone
260315234300+0200,206,10,20610,33876604,31636144,27798308,206-10-16,206-10-16,5G,Smartphone
260308182405+0100,234,10,23410,53536764,50261778,52140994,SUPPRESSED,234-10-24,4G,IoT Device
260316074704-0500,310,480,310480,96835986,84502170,81014267,SUPPRESSED,310-480-29,5G,Smartphone
260318023543+0000,234,20,23420,52867229,66722713,61312239,SUPPRESSED,234-20-27,4G,Smartphone
260305183833+0100,206,5,20605,35275227,39823484,48545775,SUPPRESSED,206-05-91,5G,Tablet
260305123910+0100,234,20,23420,65485585,50970633,62983971,SUPPRESSED,234-20-78,3G,IoT Device
260308222630+0100,240,1,24001,28554102,14984592,19761250,SUPPRESSED,240-01-28,5G,Smartphone
260301183047+0100,240,16,24016,27398624,30052041,21667095,SUPPRESSED,240-16-55,4G,Smartphone
260320233805+0200,240,4,24004,31537271,32625673,19750942,SUPPRESSED,240-04-49,5G,Smartphone
260325211525-0600,310,120,310120,91957740,91912052,96460471,SUPPRESSED,310-120-11,4G,IoT Device
260325191656+0200,206,20,20620,35675798,48946824,25712901,SUPPRESSED,206-20-15,5G,Smartphone
260228184122+0100,234,10,23410,71678874,70515654,50870058,SUPPRESSED,234-10-67,5G,Smartphone
260313044235+0200,240,5,24005,33121244,25451602,13896581,SUPPRESSED,240-05-24,4G,Smartphone
260303091154+0000,234,15,23415,70723670,73787042,70684408,SUPPRESSED,234-15-55,3G,Tablet
260303102439+0000,234,20,23420,54283547,69562077,54985789,SUPPRESSED,234-20-18,3G,Tablet
260301215050+0100,240,8,24008,26243561,18364151,27573213,SUPPRESSED,240-08-26,5G,Smartphone
260302215230+0100,234,10,23410,52268489,62494879,53580575,SUPPRESSED,234-10-59,4G,IoT Device
260322145733+0100,206,20,20620,58733392,46383879,54606146,SUPPRESSED,206-20-99,4G,Smartphone
260316100733+0100,240,8,24008,34706836,21881849,17354521,SUPPRESSED,240-08-48,4G,IoT Device
260304142719-0500,310,410,310410,86444170,76897503,72656376,SUPPRESSED,310-410-79,3G,IoT Device
260325150408+0200,206,1,20601,34260702,40017816,39482061,SUPPRESSED,206-01-47,4G,Smartphone
260228015933+0100,234,15,23415,50374939,68022405,53312361,SUPPRESSED,234-15-34,5G,IoT Device
260306144558-0700,310,410,310410,92802031,78144815,67378004,SUPPRESSED,310-410-62,4G,IoT Device
260317211500+0100,240,5,24005,30913474,25500872,22919931,SUPPRESSED,240-05-52,3G,Tablet
260321073014+0200,206,20,20620,35935200,52859425,47074629,SUPPRESSED,206-20-67,4G,Smartphone
260225052621+0000,234,33,23433,55441233,62154137,60310913,SUPPRESSED,234-33-29,4G,Tablet
260318104437-0500,310,480,310480,89283558,73097640,82861340,310-480-93,310-480-93,5G,Smartphone
260322065022+0100,234,10,23410,59200154,54966580,61764553,SUPPRESSED,234-10-10,4G,Smartphone
260323100217+0100,240,24,24024,39013552,29440456,26650291,SUPPRESSED,240-24-30,4G,Smartphone
260320074732+0200,240,16,24016,30726641,19468197,11200614,SUPPRESSED,240-16-83,5G,Smartphone
260302083053+0100,234,20,23420,54386941,67715808,70972444,SUPPRESSED,234-20-31,3G,Tablet
260322201402+0200,206,20,20620,46171424,50238597,52885205,SUPPRESSED,206-20-63,5G,Smartphone
260304232921-0500,310,480,310480,83025734,90348682,69963222,SUPPRESSED,310-480-68,4G,IoT Device
260318214223+0100,234,33,23433,50126863,53029526,73377505,SUPPRESSED,234-33-88,3G,Tablet
260321110346-0700,310,120,310120,90224516,82910798,94005893,310-120-29,310-120-29,4G,Tablet
260324062955-0700,310,260,310260,89309061,76856802,70007660,SUPPRESSED,310-260-45,5G,Smartphone
260316164626-0600,310,410,310410,86992818,86360903,97220772,310-410-17,310-410-17,4G,Smartphone
260303184427+0100,234,33,23433,52317312,54518142,69969644,SUPPRESSED,234-33-72,3G,Smartphone
260301022117+0000,234,38,23438,78297942,57558070,53074544,SUPPRESSED,234-38-50,3G,IoT Device
260308233844+0200,206,1,20601,35764811,43882523,30250756,SUPPRESSED,206-01-17,5G,IoT Device
260322123025+0100,240,4,24004,12781848,20597524,18134377,SUPPRESSED,240-04-52,5G,Smartphone
260319190855+0100,240,8,24008,22978519,29819358,18839979,SUPPRESSED,240-08-76,5G,Smartphone
260302105641-0500,310,480,310480,98530589,80942068,68129846,SUPPRESSED,310-480-65,5G,IoT Device
260319034921+0100,234,38,23438,51442853,59841991,54797597,SUPPRESSED,234-38-57,5G,IoT Device
260226070345+0000,234,30,23430,54076827,65401146,76287486,SUPPRESSED,234-30-92,3G,IoT Device
260226231313+0200,240,1,24001,14403246,33087424,13098405,SUPPRESSED,240-01-14,5G,Smartphone
260317032030+0100,206,5,20605,57116459,39615859,48087924,SUPPRESSED,206-05-59,5G,Smartphone
260308172314-0800,310,120,310120,90772038,81802515,72087293,SUPPRESSED,310-120-24,4G,Smartphone
260226064129+0000,234,30,23430,50658339,62992622,70617332,SUPPRESSED,234-30-81,4G,Tablet
260318043901+0000,234,33,23433,73540542,60508582,71813968,SUPPRESSED,234-33-81,4G,Tablet
260322030405-0500,310,480,310480,82359050,73811186,77621351,SUPPRESSED,310-480-16,4G,IoT Device
260308090918+0100,240,8,24008,16166780,10441162,22430285,SUPPRESSED,240-08-18,5G,Smartphone
260312135727+0200,206,1,20601,30740403,53930514,52676199,SUPPRESSED,206-01-62,5G,Smartphone
260312134452+0200,240,7,24007,38547139,16833526,11625277,SUPPRESSED,240-07-16,5G,Smartphone
260311163002-0500,310,410,310410,92749539,93264690,78083463,SUPPRESSED,310-410-77,4G,Smartphone
260312031658+0200,240,8,24008,18075749,17449704,27386108,SUPPRESSED,240-08-55,5G,Smartphone
260303233313+0100,206,20,20620,44315009,36796022,38868927,SUPPRESSED,206-20-10,4G,Tablet
260303101509+0200,240,5,24005,32153587,30982609,23892509,SUPPRESSED,240-05-89,5G,Tablet
260315032453+0200,206,20,20620,48318423,32519219,47736995,SUPPRESSED,206-20-96,4G,Tablet
260309122855-0600,310,260,310260,76455789,78555634,92949313,SUPPRESSED,310-260-56,4G,Tablet
260311123908+0100,234,38,23438,64724193,53587484,54252124,SUPPRESSED,234-38-85,3G,Smartphone
260314191947-0800,310,120,310120,77584368,94240117,67618567,SUPPRESSED,310-120-57,4G,IoT Device
260225180717+0100,234,30,23430,55022729,58826888,61210547,SUPPRESSED,234-30-81,3G,Smartphone
260301025741-0800,310,480,310480,96960476,76807814,91191045,SUPPRESSED,310-480-38,3G,Tablet
260226181300+0100,206,10,20610,30136469,51727404,38381128,SUPPRESSED,206-10-51,5G,Tablet
260312135629+0100,240,2,24002,39698539,27412312,19018287,SUPPRESSED,240-02-34,5G,Smartphone
260323102912-0600,310,480,310480,99008832,73957573,98197935,SUPPRESSED,310-480-58,4G,IoT Device
260325115859+0100,240,7,24007,10499082,15266780,27057249,SUPPRESSED,240-07-10,4G,Smartphone
260323022504+0100,234,15,23415,71587836,59639057,57625696,SUPPRESSED,234-15-98,3G,Tablet
260315023350+0100,206,10,20610,48758147,39783640,34783371,SUPPRESSED,206-10-66,4G,Smartphone
260315184021+0100,206,5,20605,38875117,52768248,36769002,SUPPRESSED,206-05-20,5G,Smartphone
260318192229-0700,310,120,310120,75487426,72460353,71761506,SUPPRESSED,310-120-34,4G,IoT Device
260314232751+0100,240,16,24016,24890945,23578276,16016489,SUPPRESSED,240-16-60,4G,IoT Device
260308152934+0000,234,15,23415,77204612,67420748,60084508,SUPPRESSED,234-15-80,3G,Smartphone
260312181844+0100,234,20,23420,62117084,71568136,61123051,SUPPRESSED,234-20-27,4G,Tablet
260321210301+0100,206,5,20605,41971417,47508832,47492381,SUPPRESSED,206-05-21,4G,IoT Device
260311083509-0500,310,120,310120,85962821,80645456,78048298,SUPPRESSED,310-120-67,4G,IoT Device
260323095631+0100,240,8,24008,28551032,19326576,10212814,SUPPRESSED,240-08-36,4G,Tablet
260227210325+0200,206,20,20620,57805602,54891260,37525371,SUPPRESSED,206-20-22,4G,IoT Device
260323234640-0800,310,120,310120,86095866,80095204,70609569,SUPPRESSED,310-120-76,4G,IoT Device
260312174955+0200,240,1,24001,26466531,33801554,27722955,SUPPRESSED,240-01-80,4G,Smartphone
260318001547+0200,240,4,24004,30427317,24453293,16802549,SUPPRESSED,240-04-43,5G,Tablet
260320182625+0200,240,16,24016,25276303,21684176,23531424,SUPPRESSED,240-16-82,5G,Smartphone
260309201845-0800,310,260,310260,79295362,70596039,75695853,SUPPRESSED,310-260-83,5G,Smartphone
260324091318+0200,206,20,20620,53795553,38096982,37791192,SUPPRESSED,206-20-60,5G,Tablet
260304193447+0100,240,7,24007,10708289,30925580,26795094,SUPPRESSED,240-07-82,3G,Smartphone
260314100639-0500,310,480,310480,90906966,91727609,97186729,SUPPRESSED,310-480-95,5G,IoT Device
260308075854-0700,310,480,310480,98279948,81617756,98960772,SUPPRESSED,310-480-38,5G,Smartphone
260309081943+0100,206,10,20610,38592215,48059278,51435518,SUPPRESSED,206-10-22,5G,Smartphone
260316150541+0100,206,5,20605,35598060,40729970,30021537,SUPPRESSED,206-05-95,3G,Smartphone
260314003122+0100,206,10,20610,59941150,39818227,26398117,SUPPRESSED,206-10-48,5G,Smartphone
260319173224-0600,310,480,310480,98494077,70674006,69262502,SUPPRESSED,310-480-40,4G,Tablet
260302103818+0200,240,5,24005,28106789,29573116,28480326,SUPPRESSED,240-05-32,5G,Tablet
260304164048+0100,240,4,24004,14094442,17036334,27374712,SUPPRESSED,240-04-46,5G,Smartphone
260320072249+0200,240,2,24002,33524966,26621688,13550396,SUPPRESSED,240-02-71,5G,Smartphone
260322173334+0100,240,16,24016,13079026,10121652,25448118,SUPPRESSED,240-16-41,3G,Smartphone
260310113030+0200,240,4,24004,11839509,20214964,17816002,SUPPRESSED,240-04-43,3G,Tablet
260228020939+0000,234,10,23410,50247299,57288139,51921388,SUPPRESSED,234-10-86,5G,Smartphone
260321023429+0100,206,1,20601,59421100,43295710,28000800,SUPPRESSED,206-01-31,4G,Smartphone
260301214129+0100,240,8,24008,23024726,30673915,23002869,SUPPRESSED,240-08-46,5G,Smartphone
260321050622+0100,240,16,24016,22679081,14010329,26285628,SUPPRESSED,240-16-15,5G,Tablet
260324203450+0100,206,10,20610,52177312,47363682,37143467,SUPPRESSED,206-10-22,3G,Smartphone
260304232311-0700,310,260,310260,95787859,91244150,89841578,SUPPRESSED,310-260-46,3G,Smartphone
260318193547+0100,234,30,23430,55419593,63082299,77338642,SUPPRESSED,234-30-57,3G,Smartphone
260315120055-0800,310,410,310410,82636421,79910443,70931574,SUPPRESSED,310-410-13,4G,IoT Device
260325105232+0100,234,15,23415,77227759,65068573,73083016,SUPPRESSED,234-15-86,4G,Tablet
260310060112+0200,206,5,20605,35820371,42180440,30697532,SUPPRESSED,206-05-77,3G,IoT Device
260302221039+0100,234,15,23415,56305824,70587818,56850675,SUPPRESSED,234-15-23,3G,Smartphone
260315125349+0200,206,1,20601,56652096,49246572,44473285,SUPPRESSED,206-01-14,4G,Smartphone
260304061330+0200,206,20,20620,31185255,41706781,31230264,SUPPRESSED,206-20-12,5G,Smartphone
260227162913+0100,206,10,20610,50195633,41878118,41275107,206-10-41,206-10-41,5G,Smartphone
260307161243+0100,234,20,23420,57602784,55505104,74024860,SUPPRESSED,234-20-55,4G,Tablet
260312144406-0600,310,260,310260,71120494,81885733,70821598,SUPPRESSED,310-260-53,4G,Smartphone
260324154604+0200,240,1,24001,13645787,34845262,19628450,SUPPRESSED,240-01-36,4G,Tablet
260307120832-0800,310,260,310260,99131186,91713840,83021038,SUPPRESSED,310-260-14,4G,Smartphone
260315063230+0100,206,1,20601,53235825,42667913,26140323,SUPPRESSED,206-01-30,5G,Smartphone
260314075335-0600,310,480,310480,89482742,76204937,97029534,SUPPRESSED,310-480-43,4G,Smartphone
260312062706+0200,206,1,20601,46899952,40432358,27438406,SUPPRESSED,206-01-43,5G,Smartphone
260307064408-0800,310,480,310480,81037239,91280311,79984906,SUPPRESSED,310-480-12,4G,Smartphone
260323084542+0100,240,4,24004,26720089,28540185,10985109,SUPPRESSED,240-04-83,5G,Smartphone
260317214642+0200,240,16,24016,33576537,12356329,26094291,SUPPRESSED,240-16-90,5G,Smartphone
260320042011+0100,206,20,20620,43974943,32873021,53878056,206-20-85,206-20-85,3G,Smartphone
260317124230+0100,234,15,23415,58958327,60884866,50145848,SUPPRESSED,234-15-66,3G,Tablet
260311125843+0200,206,20,20620,33020806,50976089,30260128,SUPPRESSED,206-20-91,3G,Smartphone
260316021148-0500,310,480,310480,82531916,85042767,89457242,SUPPRESSED,310-480-62,5G,Smartphone
260321020435+0100,234,30,23430,52660411,64780903,62699224,SUPPRESSED,234-30-59,3G,Tablet
260312135035-0500,310,260,310260,77900961,87612415,75563022,SUPPRESSED,310-260-58,4G,Smartphone
260304124220+0100,234,33,23433,51896603,55526940,55307156,SUPPRESSED,234-33-75,4G,Tablet
260227084203+0100,206,10,20610,58974868,47679191,31646605,SUPPRESSED,206-10-58,5G,Smartphone
260306115655-0500,310,410,310410,71010251,90293430,85517784,SUPPRESSED,310-410-27,4G,Smartphone
260302133354+0100,234,38,23438,67426903,66070199,67388480,SUPPRESSED,234-38-13,4G,Tablet
260312011423-0600,310,120,310120,81208718,78474000,95874566,SUPPRESSED,310-120-58,4G,Smartphone
260323062005+0200,206,10,20610,30014241,54145074,40760245,SUPPRESSED,206-10-18,4G,Smartphone
260322030702+0000,234,10,23410,63164359,56966898,76545598,SUPPRESSED,234-10-41,4G,Tablet
260301181637+0100,240,1,24001,14427709,13655326,25605410,SUPPRESSED,240-01-42,5G,Smartphone
260317083242-0600,310,120,310120,71323008,71286736,70343954,310-120-98,310-120-98,3G,Smartphone
260320001257+0100,206,5,20605,33143349,48502280,33984230,SUPPRESSED,206-05-24,3G,Smartphone
260322123140+0100,234,30,23430,54277333,72115391,76850542,SUPPRESSED,234-30-74,3G,IoT Device
260311202643+0100,240,7,24007,36245299,27004838,19520246,SUPPRESSED,240-07-77,5G,Smartphone
260311192024-0700,310,120,310120,95880528,89859846,95489786,SUPPRESSED,310-120-50,5G,Smartphone
260309002600+0200,206,5,20605,30506419,41484671,47969362,SUPPRESSED,206-05-63,5G,Smartphone
260226165649+0100,206,1,20601,49476715,39706802,31963243,SUPPRESSED,206-01-49,5G,Tablet
260325063041+0100,240,8,24008,23563112,31308329,10594780,SUPPRESSED,240-08-23,5G,Smartphone
260308212611-0700,310,410,310410,71576919,85525998,84295781,SUPPRESSED,310-410-78,4G,IoT Device
260310190829+0100,206,20,20620,52854930,51775437,27416403,SUPPRESSED,206-20-52,4G,IoT Device
260306131345-0700,310,260,310260,91325155,87612434,79844909,SUPPRESSED,310-260-81,5G,IoT Device
260308110854+0100,206,10,20610,31279657,42776848,26618807,206-10-35,206-10-35,5G,Smartphone
260315110937-0500,310,480,310480,79107470,85601153,93760293,SUPPRESSED,310-480-84,4G,IoT Device
260304044201+0100,234,30,23430,60597040,57180881,56496021,SUPPRESSED,234-30-69,4G,IoT Device
260308012532+0000,234,10,23410,51768251,56457855,77152200,SUPPRESSED,234-10-53,4G,Smartphone
260309154225+0000,234,10,23410,54480805,64939176,53590915,SUPPRESSED,234-10-87,5G,IoT Device
260322170430-0500,310,120,310120,79758461,85859813,80785973,SUPPRESSED,310-120-96,5G,IoT Device
260314052230+0100,234,30,23430,72694651,74310106,50569363,SUPPRESSED,234-30-99,3G,Tablet
260321121039+0000,234,38,23438,75392732,72930387,77391119,SUPPRESSED,234-38-82,4G,Smartphone
260313174818+0200,240,4,24004,31105597,18349266,19542025,SUPPRESSED,240-04-99,3G,Tablet
260301105803-0600,310,410,310410,73497981,84113824,76327363,SUPPRESSED,310-410-52,4G,Smartphone
260311063039+0200,240,8,24008,38513915,14330445,20178773,SUPPRESSED,240-08-53,5G,Smartphone
260312014014-0800,310,410,310410,85422573,87369688,85006298,SUPPRESSED,310-410-28,4G,Smartphone
260320152359+0100,240,5,24005,23669536,13577988,18792861,SUPPRESSED,240-05-29,5G,Smartphone
260309004834+0100,240,2,24002,16530881,30185481,10150818,SUPPRESSED,240-02-15,3G,Smartphone
260303130548+0200,240,7,24007,20802924,14252954,23957516,SUPPRESSED,240-07-54,5G,IoT Device
260310135120+0100,234,15,23415,68325908,63330944,67578884,SUPPRESSED,234-15-95,5G,Smartphone
260307212251-0600,310,260,310260,92251733,75592290,85686545,SUPPRESSED,310-260-18,3G,Smartphone
260307094428+0200,206,5,20605,51792226,37417727,33809534,SUPPRESSED,206-05-64,5G,Smartphone
260323022756-0600,310,120,310120,90640632,92891813,71434313,SUPPRESSED,310-120-81,4G,Smartphone
260314091741+0100,234,20,23420,72038084,56220964,50718284,SUPPRESSED,234-20-98,4G,Tablet
260326110632+0100,240,8,24008,38762487,15111858,19167021,SUPPRESSED,240-08-84,3G,IoT Device
260317063932+0200,206,10,20610,41183711,44746137,29430230,SUPPRESSED,206-10-89,3G,Smartphone
260323182944+0100,240,1,24001,22076899,34416483,21986647,SUPPRESSED,240-01-16,5G,Smartphone
260310235142+0000,234,20,23420,58008394,59586976,64922455,SUPPRESSED,234-20-93,4G,IoT Device
260316071042+0000,234,33,23433,78705990,62212871,71976646,SUPPRESSED,234-33-53,4G,Tablet
260316002837+0100,234,33,23433,67440503,61134727,70253951,SUPPRESSED,234-33-55,3G,Tablet
260227105515+0200,206,1,20601,36343527,32727790,51488379,SUPPRESSED,206-01-52,5G,Smartphone
260306140645-0700,310,260,310260,91487706,75723379,92901218,SUPPRESSED,310-260-21,4G,Tablet
260315055014+0100,240,1,24001,37211323,33469731,25610512,SUPPRESSED,240-01-91,4G,Tablet
260320121541+0000,234,20,23420,56088715,71795371,75075571,234-20-26,234-20-26,4G,Tablet
260309120156-0600,310,260,310260,83034553,71721056,74510105,SUPPRESSED,310-260-70,4G,IoT Device
260228195920+0200,206,10,20610,48871309,52301227,32565368,206-10-87,206-10-87,5G,Smartphone
260325070430+0200,206,10,20610,43624979,51127998,38029642,SUPPRESSED,206-10-68,4G,Smartphone
260303093418+0200,240,1,24001,18457645,18060817,10608780,SUPPRESSED,240-01-59,5G,IoT Device
260226235326+0200,240,5,24005,34017330,14415814,19649072,SUPPRESSED,240-05-20,4G,Smartphone
260225205634+0100,234,15,23415,73962776,57829428,61262565,SUPPRESSED,234-15-33,4G,Smartphone
260228044719+0100,206,10,20610,50045914,31803677,38157066,SUPPRESSED,206-10-72,5G,Smartphone
260316172623+0100,206,20,20620,35241194,32148419,34373874,SUPPRESSED,206-20-18,4G,Smartphone
260303230547-0600,310,260,310260,75382213,76225183,75391545,SUPPRESSED,310-260-37,5G,IoT Device
260315210134+0100,234,30,23430,52673835,74540537,77065987,SUPPRESSED,234-30-82,3G,Tablet
260225223153+0200,240,5,24005,23214260,32859672,25313598,SUPPRESSED,240-05-15,5G,Smartphone
260323001250+0100,234,38,23438,54792737,64187509,72136318,SUPPRESSED,234-38-67,4G,Smartphone
260313125446-0800,310,480,310480,80011687,71968216,78942083,310-480-93,310-480-93,5G,IoT Device
260314192130-0500,310,410,310410,79746614,79455978,75960602,SUPPRESSED,310-410-34,3G,Smartphone
260312185104-0600,310,120,310120,97736967,71833577,69142617,SUPPRESSED,310-120-86,4G,Smartphone
260324082305-0600,310,260,310260,87232347,85291068,86239781,SUPPRESSED,310-260-21,5G,Smartphone
260321052059+0200,240,16,24016,21239188,14099166,13942035,SUPPRESSED,240-16-12,5G,Tablet
260309104449+0200,240,4,24004,20801430,34617627,11068414,SUPPRESSED,240-04-87,4G,Tablet
260225020136+0100,234,38,23438,55527786,74120580,70949123,SUPPRESSED,234-38-38,5G,Tablet
260307093326-0500,310,260,310260,72098892,72785380,67518301,SUPPRESSED,310-260-40,4G,IoT Device
260317170916+0000,234,15,23415,74020221,73307425,57347812,234-15-32,234-15-32,5G,Smartphone
260306014047+0100,206,10,20610,52595827,38031876,45964300,SUPPRESSED,206-10-84,4G,Smartphone
260314234810+0100,240,24,24024,17318663,11444555,23961646,SUPPRESSED,240-24-74,4G,Smartphone
260302174352+0200,206,1,20601,33947703,51150969,41936711,SUPPRESSED,206-01-92,4G,IoT Device
260308221054+0200,240,5,24005,30830408,20812648,11759500,SUPPRESSED,240-05-77,5G,Smartphone
260321222539+0200,206,1,20601,31502059,53998358,25864698,SUPPRESSED,206-01-42,3G,Smartphone
260309175821+0200,206,1,20601,40483411,38920822,45106604,SUPPRESSED,206-01-10,3G,Tablet
260305145539+0200,240,5,24005,33732735,27797312,29721681,SUPPRESSED,240-05-57,5G,Tablet
260309111503+0100,234,33,23433,57779500,62674939,75875062,234-33-93,234-33-93,5G,IoT Device
260301041946+0100,240,8,24008,36490982,15356933,13736679,SUPPRESSED,240-08-81,4G,Tablet
260315144331-0800,310,480,310480,93133046,77803488,91803393,SUPPRESSED,310-480-10,5G,Smartphone
260302171007+0100,206,10,20610,53671473,47678420,48354663,SUPPRESSED,206-10-71,5G,Smartphone
260326040921-0800,310,120,310120,85363104,80351938,79923236,SUPPRESSED,310-120-22,3G,IoT Device
260305130457+0100,206,5,20605,39423454,32836524,36955053,SUPPRESSED,206-05-68,3G,Tablet
260318212838+0200,240,5,24005,32471366,18553569,12884734,SUPPRESSED,240-05-34,4G,Smartphone
260225123343-0700,310,120,310120,99727486,76484872,95313336,SUPPRESSED,310-120-19,5G,Tablet
260306101743+0000,234,15,23415,62013522,61047298,57947788,SUPPRESSED,234-15-97,4G,Tablet
260310234847-0700,310,260,310260,85124453,72106467,88701829,SUPPRESSED,310-260-39,3G,Tablet
260227114315+0200,206,10,20610,36689515,38554417,47050963,SUPPRESSED,206-10-46,3G,Smartphone
260226181828+0200,206,5,20605,32528958,49098016,48180710,SUPPRESSED,206-05-60,5G,Smartphone
260313090330+0200,240,16,24016,23167527,24868721,13087083,SUPPRESSED,240-16-78,5G,Smartphone
260321142250+0100,234,30,23430,78772743,56064369,52221782,SUPPRESSED,234-30-33,3G,Smartphone
260326074016+0200,240,2,24002,18156197,33299027,15866457,SUPPRESSED,240-02-82,5G,IoT Device
260320051433+0100,240,2,24002,18917199,17261287,21064613,SUPPRESSED,240-02-36,5G,Smartphone
260303012211+0100,234,30,23430,79110094,69480509,59882692,SUPPRESSED,234-30-41,5G,Tablet
260312171049+0100,206,1,20601,49714007,49992168,54538522,SUPPRESSED,206-01-24,5G,Smartphone
260308180743+0100,240,8,24008,17087485,18061422,23968280,SUPPRESSED,240-08-10,5G,Smartphone
260301200937+0200,240,24,24024,33466620,29091896,14322899,SUPPRESSED,240-24-52,4G,Tablet
260304162043+0200,240,7,24007,10100078,29575343,23893318,SUPPRESSED,240-07-98,4G,Smartphone
260307212802+0100,240,8,24008,34569211,17057117,15468816,SUPPRESSED,240-08-42,4G,Smartphone
260326064303+0000,234,20,23420,58763110,73321659,56346327,234-20-83,234-20-83,5G,Smartphone
260306193635+0000,234,33,23433,71557341,73077978,60263157,SUPPRESSED,234-33-12,5G,Tablet
260314145631+0000,234,38,23438,74284485,74864634,54535357,SUPPRESSED,234-38-20,3G,Tablet
260225082323+0200,206,1,20601,38581493,33619579,41651472,SUPPRESSED,206-01-11,4G,Smartphone
260317173646-0500,310,120,310120,89451629,82802507,87633113,SUPPRESSED,310-120-25,4G,Smartphone
260304130225+0100,234,38,23438,70627946,74474835,59070665,SUPPRESSED,234-38-86,3G,Tablet
260325001017+0100,206,20,20620,41988615,54098221,51509854,SUPPRESSED,206-20-99,4G,Smartphone
260226205954+0000,234,33,23433,54885841,51098951,60481342,SUPPRESSED,234-33-79,3G,Smartphone
260228203321+0100,234,33,23433,66850127,72746163,72715115,SUPPRESSED,234-33-28,3G,Smartphone
260321055618+0200,240,8,24008,33185917,24578123,19729340,SUPPRESSED,240-08-32,5G,IoT Device
260225172003-0800,310,260,310260,91775023,94083212,74281471,SUPPRESSED,310-260-83,3G,Tablet
260304142741+0100,206,10,20610,49558794,32014230,31618748,SUPPRESSED,206-10-48,3G,IoT Device
260313202729-0500,310,410,310410,99828942,86700689,82325445,SUPPRESSED,310-410-70,4G,Smartphone
260302183555+0100,234,10,23410,55663853,74824467,66434284,SUPPRESSED,234-10-19,4G,IoT Device
260306190037-0600,310,410,310410,90170509,94131786,69095528,SUPPRESSED,310-410-82,4G,Smartphone
260227033305-0800,310,120,310120,81473259,91667291,75910755,SUPPRESSED,310-120-60,4G,Smartphone
260321155629+0000,234,30,23430,62616173,61423782,55247399,234-30-86,234-30-86,4G,Smartphone
260225022842+0100,240,7,24007,32583027,34186478,21267790,SUPPRESSED,240-07-94,5G,Smartphone
260319021137+0100,234,38,23438,65863747,69805190,76598068,SUPPRESSED,234-38-67,3G,Smartphone
260320084131+0200,206,1,20601,46328869,39833370,30516110,SUPPRESSED,206-01-65,4G,Smartphone
260316195543-0500,310,120,310120,79051621,79614133,67011434,SUPPRESSED,310-120-89,5G,IoT Device
260302183958-0600,310,260,310260,94872681,82936169,67334936,SUPPRESSED,310-260-53,4G,Tablet
260315112054+0100,234,38,23438,63320802,72399196,59010104,SUPPRESSED,234-38-72,3G,IoT Device
260228092940+0100,234,10,23410,76726642,69519281,52589671,234-10-58,234-10-58,4G,IoT Device
260226092847-0700,310,260,310260,88777934,77257431,80763863,310-260-33,310-260-33,5G,Tablet
260323065230+0000,234,33,23433,70666612,56768373,73217102,SUPPRESSED,234-33-42,3G,Smartphone
260302195527-0500,310,410,310410,97622913,83978366,73453149,SUPPRESSED,310-410-87,4G,Tablet
260316193948+0100,206,20,20620,44683132,34918813,34015679,206-20-93,206-20-93,3G,Smartphone
260226131806+0100,234,15,23415,73643175,72317110,63241648,SUPPRESSED,234-15-40,3G,Smartphone
260225112256+0000,234,30,23430,55202393,56486357,74723521,SUPPRESSED,234-30-10,3G,IoT Device
260324222439+0100,240,7,24007,19218704,20279327,29196517,SUPPRESSED,240-07-75,5G,Tablet
260321024140+0000,234,20,23420,67220603,53108627,72419492,SUPPRESSED,234-20-48,4G,Tablet
260321174909+0100,240,7,24007,12195748,33379826,24747035,SUPPRESSED,240-07-82,4G,Smartphone
260321185859+0100,240,16,24016,27187317,20188465,21629015,SUPPRESSED,240-16-47,5G,Smartphone
260319023923-0500,310,480,310480,73371114,84406477,65727985,SUPPRESSED,310-480-26,4G,Tablet
260325100429+0100,234,15,23415,64975488,54724785,51765764,SUPPRESSED,234-15-47,4G,Tablet
260228025032+0000,234,33,23433,53764623,59897219,73689504,SUPPRESSED,234-33-80,4G,Smartphone
260302182218+0200,206,1,20601,47015164,47543945,31242587,SUPPRESSED,206-01-47,5G,Smartphone
260314042248+0100,206,5,20605,53230237,43656167,31581639,SUPPRESSED,206-05-34,5G,Smartphone
260319110929-0800,310,260,310260,90358814,89251384,95985336,SUPPRESSED,310-260-92,3G,Smartphone
260317073541+0200,206,10,20610,30757998,42417012,30331273,SUPPRESSED,206-10-55,4G,Smartphone
260323133536-0800,310,120,310120,75131817,88910928,75170029,SUPPRESSED,310-120-42,4G,Smartphone
260313135607+0100,206,5,20605,50575482,46593859,36573998,SUPPRESSED,206-05-62,5G,Smartphone
260313022207-0700,310,410,310410,83609262,92207176,82091138,SUPPRESSED,310-410-71,4G,Smartphone
260324034458+0000,234,15,23415,65478848,71299225,72340682,SUPPRESSED,234-15-69,4G,Smartphone
260322101518+0100,240,1,24001,18355503,29858636,28977184,SUPPRESSED,240-01-99,4G,Tablet
260321204730-0600,310,410,310410,81408208,77903944,71015028,SUPPRESSED,310-410-12,3G,Tablet
260313232528+0200,240,24,24024,31289076,33466997,22218627,SUPPRESSED,240-24-47,4G,Smartphone
260307210959+0100,234,20,23420,55903780,50209275,73190696,SUPPRESSED,234-20-60,4G,Smartphone
260225020604+0000,234,38,23438,53472052,65668570,62989788,SUPPRESSED,234-38-18,4G,Smartphone
260314225434-0800,310,260,310260,95189509,80017728,98450929,SUPPRESSED,310-260-29,4G,Smartphone
260225064123+0000,234,30,23430,74484549,69497480,63876709,SUPPRESSED,234-30-80,4G,IoT Device
260322180444+0100,234,10,23410,66929242,62458109,51062422,SUPPRESSED,234-10-26,4G,Smartphone
260324154315+0000,234,30,23430,69800853,65813920,71140809,SUPPRESSED,234-30-33,3G,IoT Device
260227215049+0200,240,2,24002,31886751,32801905,20794234,SUPPRESSED,240-02-31,5G,Smartphone
260301053651+0100,240,1,24001,31958282,25176137,19032546,SUPPRESSED,240-01-17,5G,Smartphone
260304014257+0100,240,8,24008,11168677,33692514,22524700,SUPPRESSED,240-08-90,5G,Smartphone
260314044239+0000,234,20,23420,77842497,62230276,68055487,SUPPRESSED,234-20-29,3G,Smartphone
260319023754+0200,206,20,20620,55595405,38684644,37262120,SUPPRESSED,206-20-20,4G,Tablet
260302062700-0500,310,410,310410,96721807,85879723,86864071,SUPPRESSED,310-410-86,4G,Tablet
260314223136+0100,206,5,20605,39459848,47416737,34856288,SUPPRESSED,206-05-25,4G,Smartphone
260227102750+0200,206,1,20601,58583318,51032519,51349060,SUPPRESSED,206-01-90,5G,Tablet
260307122812+0100,240,24,24024,24041055,28556793,22348615,SUPPRESSED,240-24-90,4G,Smartphone
260324234414+0100,234,15,23415,59088652,58599554,70325319,SUPPRESSED,234-15-23,3G,Tablet
260319121720-0700,310,120,310120,89092720,78627876,65127200,SUPPRESSED,310-120-31,3G,IoT Device
260316022132+0100,234,20,23420,59856479,55209510,52564927,234-20-26,234-20-26,3G,Smartphone
260306052415+0100,206,5,20605,39662734,45931871,29611872,SUPPRESSED,206-05-81,5G,IoT Device
260306211644+0100,206,20,20620,51480183,45436370,37271065,SUPPRESSED,206-20-33,4G,IoT Device
260226142004+0000,234,30,23430,63815645,58563324,56365268,SUPPRESSED,234-30-47,5G,Tablet
260326050633+0200,206,10,20610,51741338,37630764,25127491,SUPPRESSED,206-10-40,4G,Smartphone
260303175142-0600,310,410,310410,75921753,71252147,94571736,SUPPRESSED,310-410-51,4G,IoT Device
260301123145-0500,310,410,310410,73264987,83051422,74235234,SUPPRESSED,310-410-33,4G,Smartphone
260314052351+0100,234,20,23420,67983647,55333029,56442464,SUPPRESSED,234-20-25,5G,Smartphone
260304230007-0600,310,480,310480,81296644,93617785,83694539,SUPPRESSED,310-480-31,5G,Smartphone
260320070651-0800,310,260,310260,89731355,70398211,83622344,SUPPRESSED,310-260-22,4G,Smartphone
260311121328+0100,234,15,23415,53641566,64367964,51556502,SUPPRESSED,234-15-33,4G,Smartphone
260316153444+0200,240,16,24016,39944416,21820969,26866312,SUPPRESSED,240-16-66,5G,Smartphone
260304082537+0200,206,10,20610,57071692,53245913,54857739,SUPPRESSED,206-10-62,5G,Smartphone
260306184859-0800,310,480,310480,77259897,84733900,72080068,SUPPRESSED,310-480-39,4G,IoT Device
260228105854+0100,240,4,24004,12381728,32071220,11924104,SUPPRESSED,240-04-70,5G,Smartphone
260307124430+0200,206,20,20620,56833026,53422236,32856034,SUPPRESSED,206-20-63,5G,Smartphone
260320040750-0600,310,120,310120,88259605,70291439,90362285,SUPPRESSED,310-120-78,5G,Smartphone
260315133821+0100,240,8,24008,36269725,22818780,25542473,SUPPRESSED,240-08-49,3G,Smartphone
260315183905-0800,310,120,310120,78495498,80114062,91204340,SUPPRESSED,310-120-16,4G,Smartphone
260303014401+0100,234,10,23410,59646316,66884130,64852267,SUPPRESSED,234-10-35,5G,Smartphone
260228105204-0500,310,260,310260,84508892,77730649,67099814,SUPPRESSED,310-260-35,3G,Smartphone
260323032743-0800,310,480,310480,73733285,81561930,78255385,SUPPRESSED,310-480-83,3G,Smartphone
260307090656+0000,234,30,23430,78514216,60074769,57841023,SUPPRESSED,234-30-92,3G,IoT Device
260310140016-0800,310,410,310410,88360276,70024296,72586108,SUPPRESSED,310-410-58,5G,Smartphone
260319064610+0100,206,20,20620,59370342,54240445,38589913,206-20-74,206-20-74,5G,Smartphone
260313130546+0000,234,33,23433,72727588,62585271,61270870,SUPPRESSED,234-33-20,3G,Tablet
260317222441-0700,310,260,310260,84491287,94199686,84584969,SUPPRESSED,310-260-83,4G,Smartphone
260314134325+0100,206,1,20601,59431306,41275924,29482295,SUPPRESSED,206-01-71,5G,Smartphone
260304175319-0600,310,410,310410,77004244,88987477,67103633,SUPPRESSED,310-410-64,4G,Tablet
260320181033+0100,234,38,23438,60450698,62151755,67811864,SUPPRESSED,234-38-99,3G,Smartphone
260311004355-0500,310,120,310120,72346012,85354833,69592858,SUPPRESSED,310-120-46,4G,Smartphone
260308174705+0200,206,5,20605,52186634,54237982,48611332,SUPPRESSED,206-05-67,5G,Tablet
260323001436-0700,310,260,310260,76894121,73333610,70623361,SUPPRESSED,310-260-87,4G,Smartphone
260304002406+0200,240,16,24016,38068942,24771168,18068213,SUPPRESSED,240-16-98,4G,Smartphone
260324044453-0500,310,410,310410,76605289,71334053,87314920,SUPPRESSED,310-410-93,4G,IoT Device
260302161050-0700,310,480,310480,82934951,78544317,98316360,SUPPRESSED,310-480-92,4G,Smartphone
260313213919+0000,234,38,23438,57231786,73854664,72716435,SUPPRESSED,234-38-52,3G,Smartphone
260304120457+0200,206,1,20601,34232577,43807545,29401248,SUPPRESSED,206-01-25,5G,Tablet
260311184242+0000,234,20,23420,58289220,66503876,64195985,SUPPRESSED,234-20-31,4G,Smartphone
260307113830+0000,234,10,23410,59504314,63497320,50415244,SUPPRESSED,234-10-94,3G,IoT Device
260304040139-0700,310,480,310480,95821058,72185212,87846649,SUPPRESSED,310-480-92,4G,Smartphone
260321103123+0100,240,7,24007,36056206,25392267,14541287,SUPPRESSED,240-07-72,3G,Tablet
260323190259-0800,310,480,310480,77309356,92523992,83479283,SUPPRESSED,310-480-70,5G,IoT Device
260325094419+0100,240,8,24008,38640487,26796354,26495376,SUPPRESSED,240-08-93,5G,Smartphone
260301151124+0100,234,38,23438,69169708,67621244,60122373,SUPPRESSED,234-38-88,3G,IoT Device
260227171021+0100,206,1,20601,38345265,53890673,46154114,SUPPRESSED,206-01-47,5G,IoT Device
260309142625-0500,310,120,310120,95186565,72289930,83840416,310-120-98,310-120-98,5G,IoT Device
260326044449+0100,206,10,20610,56783798,46472582,49254324,SUPPRESSED,206-10-42,5G,Tablet
260310132143+0100,206,1,20601,53774546,41430404,54976907,SUPPRESSED,206-01-43,5G,Smartphone
260314121808+0200,240,8,24008,36134469,27026918,24625544,SUPPRESSED,240-08-13,5G,Smartphone
260322230124+0100,206,20,20620,36141754,44846318,41970889,206-20-93,206-20-93,5G,Smartphone
260309233623+0000,234,10,23410,78822504,63511018,66817720,SUPPRESSED,234-10-11,4G,Tablet
260316182649-0500,310,260,310260,78680001,72550978,74269323,SUPPRESSED,310-260-87,4G,IoT Device
260306143327+0200,206,20,20620,32042187,31642715,29848212,SUPPRESSED,206-20-60,5G,Smartphone
260302143215+0100,234,33,23433,76538992,67761058,55021484,SUPPRESSED,234-33-96,4G,Smartphone
260318212727+0000,234,30,23430,70026243,63551803,51022759,SUPPRESSED,234-30-44,5G,Tablet
260325220117+0100,206,10,20610,50428064,31523603,37042109,SUPPRESSED,206-10-38,5G,Tablet
260301152209-0700,310,480,310480,96170049,90322308,72451132,SUPPRESSED,310-480-92,5G,Smartphone
260302145839-0800,310,120,310120,70906517,89426083,99289945,SUPPRESSED,310-120-44,4G,Smartphone
260315055943-0800,310,260,310260,86759393,94212807,94838588,SUPPRESSED,310-260-53,5G,IoT Device
260304001301-0600,310,260,310260,78063806,88592146,90322811,SUPPRESSED,310-260-36,4G,Smartphone
260317172519+0100,240,16,24016,16090049,14267087,13218424,SUPPRESSED,240-16-94,4G,IoT Device
260318103650+0100,234,20,23420,78168237,64474773,77589201,SUPPRESSED,234-20-23,4G,IoT Device
260311194803+0200,206,1,20601,49336955,37870777,25249816,SUPPRESSED,206-01-20,5G,Smartphone
260303205236+0200,206,1,20601,59322858,38113872,43240637,SUPPRESSED,206-01-69,3G,Smartphone
260324201624-0700,310,410,310410,98825334,73267832,74296482,SUPPRESSED,310-410-85,4G,Smartphone
260319082751+0200,206,1,20601,45491046,35099088,54405137,SUPPRESSED,206-01-78,5G,IoT Device
260227013442+0100,240,8,24008,26272606,25100096,16447364,SUPPRESSED,240-08-34,5G,Tablet
260323021735+0100,240,5,24005,35095977,32092148,21195855,SUPPRESSED,240-05-11,5G,Smartphone
260323020217+0100,240,1,24001,39236792,13840607,21661944,SUPPRESSED,240-01-69,5G,Smartphone
260309052751+0200,240,7,24007,24547845,22098963,21817712,240-07-80,240-07-80,3G,Smartphone
260318163017+0100,240,5,24005,32119309,22551018,16933560,SUPPRESSED,240-05-55,5G,Tablet
260312164939+0100,206,10,20610,50473232,53452330,54115855,SUPPRESSED,206-10-23,4G,Tablet
260323095742-0600,310,260,310260,84740065,86277418,68729250,SUPPRESSED,310-260-66,4G,IoT Device
260326141906-0500,310,260,310260,78453024,90362123,72872125,SUPPRESSED,310-260-57,3G,Smartphone
260312133417+0100,234,20,23420,71115471,66488563,67006338,SUPPRESSED,234-20-44,3G,IoT Device
260302183909+0100,240,1,24001,11664760,27954919,18631587,SUPPRESSED,240-01-89,5G,Smartphone
260320070027+0100,206,20,20620,58140004,47221648,41086271,SUPPRESSED,206-20-98,5G,IoT Device
260309180758+0100,206,1,20601,35513166,44036640,50421528,SUPPRESSED,206-01-14,4G,Tablet
260317184335+0100,234,33,23433,79611306,50371486,73510146,SUPPRESSED,234-33-43,5G,IoT Device
260321232900+0000,234,20,23420,56833213,62079598,65518896,SUPPRESSED,234-20-49,5G,Smartphone
260302112344+0200,206,10,20610,43684879,44207694,36645283,SUPPRESSED,206-10-70,5G,Smartphone
260308205805-0500,310,260,310260,88855166,93257712,73535885,SUPPRESSED,310-260-23,3G,Smartphone
260302104510+0000,234,20,23420,68305379,51557743,72295670,SUPPRESSED,234-20-56,3G,IoT Device
260323132342+0100,240,5,24005,13818202,19897627,18861120,SUPPRESSED,240-05-13,4G,Smartphone
260317195948+0000,234,30,23430,76611908,59016663,63909015,SUPPRESSED,234-30-27,4G,Smartphone
260318151124+0100,240,5,24005,19535581,10734883,29571610,SUPPRESSED,240-05-73,5G,Smartphone
260318062636+0100,206,20,20620,50086519,53351685,47217756,206-20-93,206-20-93,5G,Smartphone
260312190631+0100,240,4,24004,12982783,22925473,15421254,SUPPRESSED,240-04-57,4G,Smartphone
260308103632+0100,240,16,24016,28388014,22852828,25145301,SUPPRESSED,240-16-68,4G,Smartphone
260324104656+0200,206,10,20610,56782432,40132882,50003260,SUPPRESSED,206-10-43,5G,Smartphone
260301224122+0200,240,1,24001,34290009,23349186,10439948,SUPPRESSED,240-01-68,5G,Smartphone
260309160332+0000,234,20,23420,76150437,68015270,51312818,SUPPRESSED,234-20-14,5G,Tablet
260305175256-0500,310,260,310260,71725762,80347511,80815517,SUPPRESSED,310-260-11,5G,Smartphone
260325212821-0800,310,410,310410,89959750,83910447,98765998,SUPPRESSED,310-410-85,5G,Smartphone
260225104459+0200,206,10,20610,41029353,32800769,50061431,206-10-35,206-10-35,4G,Smartphone
260313091652+0100,234,15,23415,50004137,72929952,63004429,SUPPRESSED,234-15-40,4G,Smartphone
260304051357+0000,234,30,23430,79046655,50554182,72674792,SUPPRESSED,234-30-57,3G,IoT Device
260310163907+0000,234,30,23430,63701545,73798682,56525767,SUPPRESSED,234-30-75,4G,Tablet
260304100913+0100,240,5,24005,23952213,34797276,11396413,SUPPRESSED,240-05-43,4G,Smartphone
260226131054+0200,206,10,20610,46934277,41240331,51738036,SUPPRESSED,206-10-34,3G,Smartphone
260226042357+0200,240,1,24001,36487806,16867007,18137723,SUPPRESSED,240-01-41,5G,Tablet
260307002136+0000,234,15,23415,69903031,62857758,77172625,SUPPRESSED,234-15-46,4G,Tablet
260309141009-0700,310,120,310120,72112293,76995636,65677594,SUPPRESSED,310-120-59,4G,IoT Device
260315095641+0200,240,5,24005,28738447,31813424,10200426,SUPPRESSED,240-05-45,4G,Smartphone
260326014129+0200,206,10,20610,35879156,43904819,53622816,SUPPRESSED,206-10-28,3G,Smartphone
260325003732+0100,234,10,23410,79775041,55964530,77918931,SUPPRESSED,234-10-63,3G,IoT Device
260306182331+0200,240,8,24008,17643896,12737384,23391881,SUPPRESSED,240-08-29,5G,Smartphone
260319200218-0800,310,480,310480,77804567,70056188,67055759,SUPPRESSED,310-480-18,4G,Smartphone
260305204759+0100,206,1,20601,45152924,44085943,42648094,SUPPRESSED,206-01-45,5G,Tablet
260306225925+0100,206,10,20610,34243909,47815084,35385830,SUPPRESSED,206-10-68,3G,Smartphone
260317225727+0100,240,16,24016,26007744,34682879,15287186,SUPPRESSED,240-16-74,4G,Tablet
260314052040+0100,206,1,20601,42888209,53251597,34336927,SUPPRESSED,206-01-20,3G,Tablet
260311141151+0200,240,8,24008,21582826,25449373,24127416,SUPPRESSED,240-08-74,5G,Smartphone
260309212619+0200,240,1,24001,12165863,33889645,18067891,SUPPRESSED,240-01-48,4G,Tablet
260312201431+0100,206,1,20601,54677669,50195182,43912218,206-01-12,206-01-12,3G,Smartphone
260324212834+0200,240,16,24016,30056370,23792492,29144262,SUPPRESSED,240-16-41,5G,Smartphone
260312160854+0000,234,38,23438,78272780,67927281,52696006,SUPPRESSED,234-38-73,3G,IoT Device
260321074222-0800,310,410,310410,80467639,85930158,94357779,SUPPRESSED,310-410-14,4G,Tablet
260318080834+0200,206,20,20620,45451680,54090455,47323672,SUPPRESSED,206-20-40,4G,Smartphone
260228150409+0100,206,20,20620,31129793,34781188,42672217,SUPPRESSED,206-20-10,5G,Tablet
260319045615+0200,240,24,24024,28939837,33505836,10734339,240-24-66,240-24-66,3G,Tablet
260309120411+0000,234,30,23430,59304179,53917715,75581818,SUPPRESSED,234-30-14,4G,Tablet
260225100539+0100,234,15,23415,68057666,72864784,54276168,SUPPRESSED,234-15-78,5G,Tablet
260304170827+0000,234,30,23430,52258678,67578294,68014763,SUPPRESSED,234-30-66,3G,Tablet
260312064636-0600,310,480,310480,98774829,80669995,72602476,SUPPRESSED,310-480-89,5G,IoT Device
260228115521+0000,234,10,23410,51241312,53590900,77341245,SUPPRESSED,234-10-31,3G,Smartphone
260318193133+0100,234,38,23438,51684159,52008701,54802500,SUPPRESSED,234-38-37,3G,Smartphone
260322010151+0200,240,1,24001,29717317,27212252,10333265,SUPPRESSED,240-01-15,4G,IoT Device
260324180006+0100,234,33,23433,63396014,50942765,69249148,SUPPRESSED,234-33-94,3G,Tablet
260320235900+0100,234,33,23433,58243213,73000769,69029401,SUPPRESSED,234-33-42,4G,Smartphone
260301175018+0100,240,2,24002,12594010,30618831,11810068,SUPPRESSED,240-02-33,3G,IoT Device
260310225619+0100,240,4,24004,11849693,21929435,28387205,SUPPRESSED,240-04-35,3G,Smartphone
260322031411+0000,234,10,23410,54281764,61067860,65682272,SUPPRESSED,234-10-79,4G,Tablet
260313174116+0200,240,24,24024,34333899,24403360,17745467,SUPPRESSED,240-24-19,5G,Smartphone
260321013732+0100,234,33,23433,57896416,68448043,76214253,SUPPRESSED,234-33-56,4G,Tablet
260227013801-0600,310,120,310120,99617514,87071669,96647898,SUPPRESSED,310-120-90,4G,Smartphone
260307060900+0100,240,1,24001,38968560,28003300,16085142,SUPPRESSED,240-01-16,5G,Smartphone
260314050401+0100,234,20,23420,77592347,56685502,54249464,234-20-26,234-20-26,5G,Smartphone
260323002803-0500,310,410,310410,78827913,76421140,95020912,SUPPRESSED,310-410-35,5G,IoT Device
260318090242+0100,234,38,23438,64144516,64666306,52634262,SUPPRESSED,234-38-25,4G,Smartphone
260311235022+0100,240,1,24001,11605290,31759985,10632980,SUPPRESSED,240-01-13,5G,Tablet
260321231010-0700,310,480,310480,88426751,80358321,76875995,SUPPRESSED,310-480-65,4G,IoT Device
260302075810+0100,206,20,20620,51719264,51744065,41122774,SUPPRESSED,206-20-55,4G,Smartphone
260320095809-0700,310,480,310480,70750313,89634739,98087975,SUPPRESSED,310-480-10,4G,Smartphone
260312061635+0000,234,15,23415,72292366,55139579,61352515,SUPPRESSED,234-15-71,3G,Smartphone
260302185445+0000,234,10,23410,76286528,57036624,59682340,SUPPRESSED,234-10-11,4G,Smartphone
260320082039+0200,240,5,24005,19126629,31435789,27732332,SUPPRESSED,240-05-32,3G,Smartphone
260321175400+0100,240,1,24001,31645976,25042085,24109846,SUPPRESSED,240-01-14,5G,Smartphone
260303054141+0100,234,30,23430,76452640,57523896,57475268,SUPPRESSED,234-30-22,4G,Tablet
260318114828+0200,206,10,20610,42453966,50036745,40096779,SUPPRESSED,206-10-79,5G,Smartphone
260306095200-0700,310,480,310480,85059142,71751448,94981341,SUPPRESSED,310-480-90,4G,IoT Device
260307015544+0200,206,10,20610,31850854,47182132,42536305,SUPPRESSED,206-10-75,5G,Tablet
260312164634+0200,206,1,20601,39836331,50456385,42731205,SUPPRESSED,206-01-81,5G,Tablet
260225180845+0100,234,15,23415,52114735,72713564,70793569,SUPPRESSED,234-15-51,3G,IoT Device
260306165938+0200,240,2,24002,25894122,17983339,19910770,SUPPRESSED,240-02-86,3G,Tablet
260313011155+0200,240,7,24007,27078251,23408908,21166039,SUPPRESSED,240-07-24,5G,IoT Device
260305061616+0100,240,24,24024,19195145,19243033,28372975,SUPPRESSED,240-24-58,4G,Smartphone
260225125642-0700,310,120,310120,99045530,75804003,93807317,310-120-61,310-120-61,4G,Smartphone
260303064145+0000,234,33,23433,73299347,70385359,55665062,SUPPRESSED,234-33-53,4G,Tablet
260305050704+0000,234,15,23415,54719259,70566835,55010936,SUPPRESSED,234-15-93,3G,Smartphone
260314071759+0100,206,10,20610,48061001,35811458,27601140,SUPPRESSED,206-10-30,5G,Smartphone
260315113034+0200,206,10,20610,55035580,32637289,30320425,SUPPRESSED,206-10-73,4G,IoT Device
260226142859+0100,234,10,23410,56123886,61737109,57278864,234-10-58,234-10-58,5G,IoT Device
260228061339+0100,206,5,20605,33473935,53686659,39388146,SUPPRESSED,206-05-53,5G,Tablet
260308200825+0100,206,1,20601,35892017,30715723,49312438,SUPPRESSED,206-01-59,5G,Smartphone
260315134226-0500,310,260,310260,75683295,86079053,74139695,310-260-38,310-260-38,4G,Smartphone
260318111450+0100,234,33,23433,54980199,59854475,62791843,234-33-93,234-33-93,3G,IoT Device
260326070040+0200,240,4,24004,18324993,25811959,14222218,SUPPRESSED,240-04-18,4G,IoT Device
260314024606+0000,234,10,23410,51492068,65694413,52962942,SUPPRESSED,234-10-33,4G,Tablet
260227235922+0100,240,5,24005,12157547,21504120,20197177,SUPPRESSED,240-05-70,4G,Tablet
260311044511+0100,206,1,20601,53486252,33115421,44019380,SUPPRESSED,206-01-95,5G,Smartphone
260322215658+0100,240,2,24002,29431694,28725059,11369076,SUPPRESSED,240-02-10,4G,Smartphone
260308201520+0200,206,10,20610,43064652,42911758,34665788,SUPPRESSED,206-10-52,5G,Smartphone
260320175251+0100,240,1,24001,21011237,17218895,26736614,SUPPRESSED,240-01-83,3G,Smartphone
260311165754+0100,234,20,23420,65581037,51336023,71078171,SUPPRESSED,234-20-68,3G,Smartphone
260307145951+0100,206,20,20620,44587316,53484827,51724998,SUPPRESSED,206-20-96,4G,Smartphone
260305131108+0100,240,7,24007,20184468,31638380,20089803,SUPPRESSED,240-07-32,5G,Tablet
260312074102+0100,234,15,23415,61648966,68703766,52204556,SUPPRESSED,234-15-71,4G,Tablet
260306203511+0100,240,7,24007,31113709,25013483,15818353,SUPPRESSED,240-07-70,5G,Smartphone
260313013213-0700,310,410,310410,88271827,94106018,89977807,SUPPRESSED,310-410-92,5G,Smartphone
260304054404+0100,206,1,20601,55221957,32118294,37690511,SUPPRESSED,206-01-22,4G,Tablet
260326070944-0600,310,260,310260,85742453,89295265,69857812,SUPPRESSED,310-260-17,5G,Smartphone
260303075330+0100,234,38,23438,56985712,50195127,51587386,SUPPRESSED,234-38-66,3G,Tablet
260320143958+0100,206,10,20610,44148990,45809496,39393637,206-10-39,206-10-39,4G,IoT Device
260313100110+0000,234,10,23410,78248234,70037706,62023130,SUPPRESSED,234-10-29,3G,IoT Device
260319061816+0200,206,5,20605,41828200,50002545,30509477,SUPPRESSED,206-05-32,5G,Tablet
260228121621+0200,240,16,24016,36475527,32402686,20135984,SUPPRESSED,240-16-48,4G,Smartphone
260313173724+0100,234,38,23438,63529826,59449740,72250807,SUPPRESSED,234-38-74,4G,Tablet
260306074445-0500,310,260,310260,93972017,86068452,88062711,310-260-44,310-260-44,4G,Smartphone
260317153135+0100,206,1,20601,46851933,41196065,38263386,SUPPRESSED,206-01-41,5G,Smartphone
260306214139-0600,310,120,310120,80882631,79526715,87390440,SUPPRESSED,310-120-86,5G,IoT Device
260227190838+0100,240,4,24004,37159380,26770776,24318469,240-04-33,240-04-33,3G,Smartphone
260319190322-0800,310,120,310120,77294282,82221991,87308066,SUPPRESSED,310-120-76,4G,Tablet
260313002752+0100,206,1,20601,55321428,53416267,41568577,SUPPRESSED,206-01-36,4G,Tablet
260302225024+0100,206,10,20610,35025808,54455453,52727845,SUPPRESSED,206-10-71,5G,Smartphone
260306014610-0800,310,120,310120,71776502,76147345,84716744,SUPPRESSED,310-120-26,4G,IoT Device
260324151653+0200,240,5,24005,38841294,27387584,25533979,SUPPRESSED,240-05-82,5G,Smartphone
260326185806-0700,310,120,310120,73438490,80551015,77480390,SUPPRESSED,310-120-62,5G,Tablet
260322121531+0000,234,30,23430,79490942,54639202,60425742,SUPPRESSED,234-30-72,4G,Tablet
260308034802+0200,240,2,24002,11524913,12740249,25212238,SUPPRESSED,240-02-80,5G,Smartphone
260225023402+0100,234,20,23420,59033699,74570369,56478564,SUPPRESSED,234-20-25,4G,Tablet
260228085635-0700,310,260,310260,93229381,78080918,78964415,SUPPRESSED,310-260-64,3G,Smartphone
260304032002+0100,234,20,23420,59934727,53650466,72973085,SUPPRESSED,234-20-47,3G,Smartphone
260315200652+0100,234,33,23433,64157743,60538187,71190530,SUPPRESSED,234-33-19,3G,Smartphone
260308124113+0000,234,10,23410,68662839,67617457,71618307,234-10-34,234-10-34,3G,Smartphone
260311075203+0200,240,7,24007,12707405,18722925,21567544,SUPPRESSED,240-07-98,4G,Smartphone
260322090922+0100,234,20,23420,74636289,51690917,75224885,234-20-83,234-20-83,3G,Smartphone
260301170157+0200,240,1,24001,34272168,29868193,19765076,SUPPRESSED,240-01-50,5G,Smartphone
260301023824+0200,240,16,24016,34046091,18235876,24985824,SUPPRESSED,240-16-57,5G,Smartphone
260301093814+0100,206,1,20601,46381301,51068333,41497508,206-01-87,206-01-87,5G,Smartphone
260326075632+0100,240,1,24001,37745726,18364693,24798259,SUPPRESSED,240-01-37,5G,Smartphone
260316082230+0100,206,5,20605,37068723,49392902,28158913,SUPPRESSED,206-05-70,3G,Tablet
260323212022+0200,240,4,24004,28310926,21779669,12746640,SUPPRESSED,240-04-15,5G,Tablet
260315184157+0100,240,8,24008,38272724,15638212,26346139,SUPPRESSED,240-08-53,4G,Tablet
260313152610+0100,206,1,20601,39611263,32044198,45594193,SUPPRESSED,206-01-29,4G,Smartphone
260303202937-0600,310,410,310410,88133748,77934137,72845894,SUPPRESSED,310-410-97,5G,Tablet
260314100433+0200,206,5,20605,46585570,53790381,45122730,SUPPRESSED,206-05-88,4G,Smartphone
260318104137+0200,206,10,20610,34392690,40641758,49177187,SUPPRESSED,206-10-81,5G,Smartphone
260226020310+0100,206,20,20620,34379955,47028367,54032425,206-20-94,206-20-94,5G,Tablet
260318052832+0100,234,15,23415,67215844,56919884,50872587,SUPPRESSED,234-15-89,3G,Tablet
260325222441+0100,206,20,20620,47070872,54217395,34120630,SUPPRESSED,206-20-37,5G,Smartphone
260311004251-0700,310,260,310260,75862008,81285245,81676267,SUPPRESSED,310-260-94,3G,Tablet
260304103136+0100,240,4,24004,20715307,12700835,23660434,SUPPRESSED,240-04-87,4G,Tablet
260317142936+0100,206,20,20620,32678918,50516783,37148943,SUPPRESSED,206-20-79,4G,Smartphone
260315112054-0700,310,120,310120,81748028,88081988,81991024,SUPPRESSED,310-120-63,4G,Smartphone
260311033244-0500,310,480,310480,71682531,87702248,97637697,SUPPRESSED,310-480-10,5G,IoT Device
260314071255+0100,234,33,23433,67074559,60836088,59843971,SUPPRESSED,234-33-62,5G,Tablet
260325213443+0100,234,20,23420,77402618,62845109,55430973,SUPPRESSED,234-20-88,3G,Smartphone
260302023358-0800,310,120,310120,87472268,76766163,80091055,310-120-98,310-120-98,5G,Smartphone
260318212247+0100,206,10,20610,36886207,35630583,50082135,SUPPRESSED,206-10-50,4G,IoT Device
260315230322-0800,310,480,310480,82362304,76803584,95635549,SUPPRESSED,310-480-24,4G,Tablet
260316183038+0000,234,30,23430,58903029,69277390,53928660,SUPPRESSED,234-30-21,3G,Smartphone
260305162803-0700,310,120,310120,93311183,82901733,77550077,SUPPRESSED,310-120-84,5G,IoT Device
260322150003+0200,206,5,20605,32817993,49205214,38006917,SUPPRESSED,206-05-31,5G,Smartphone
260315132004+0100,234,33,23433,53332730,50206554,51137192,SUPPRESSED,234-33-89,3G,IoT Device
260225121111+0100,234,33,23433,61649806,62843033,66706001,SUPPRESSED,234-33-89,3G,Smartphone
260324091517+0100,206,5,20605,53055182,44987464,38110935,SUPPRESSED,206-05-77,5G,Smartphone
260308041132+0200,206,5,20605,42196034,31002523,33353906,SUPPRESSED,206-05-37,4G,Smartphone
260311150605+0200,240,7,24007,26131069,23561902,26905563,SUPPRESSED,240-07-23,4G,Smartphone
260307084839+0100,234,20,23420,77673223,64805039,60473524,SUPPRESSED,234-20-63,4G,Smartphone
260314224507+0000,234,15,23415,67358941,62859816,73863870,SUPPRESSED,234-15-38,3G,Smartphone
260319155654+0200,206,5,20605,49125474,46419241,32351533,206-05-47,206-05-47,5G,Smartphone
260304051656+0100,240,24,24024,37064929,29970282,28287431,SUPPRESSED,240-24-93,5G,IoT Device
260303094637+0200,240,16,24016,36107006,13238772,23548628,SUPPRESSED,240-16-27,4G,Smartphone
260226170429-0800,310,120,310120,97237227,71199014,78611098,SUPPRESSED,310-120-66,4G,IoT Device
260226154637+0000,234,20,23420,56360468,53665758,68361873,SUPPRESSED,234-20-77,5G,Smartphone
260306025640+0100,240,2,24002,12957811,19917962,21174921,SUPPRESSED,240-02-34,4G,Smartphone
260308112500+0200,206,1,20601,45056683,49818187,31440701,SUPPRESSED,206-01-86,5G,Tablet
260304230301+0100,234,20,23420,65441676,57996001,61328388,SUPPRESSED,234-20-67,4G,Tablet
260225103005+0200,206,20,20620,47711969,46579494,54520578,SUPPRESSED,206-20-30,5G,Smartphone
260308130011-0700,310,260,310260,88221367,76652711,92039462,SUPPRESSED,310-260-36,5G,IoT Device
260228000345-0800,310,410,310410,88173896,77012553,70955318,310-410-40,310-410-40,5G,Tablet
260325182445-0500,310,480,310480,91575432,79068608,98155056,SUPPRESSED,310-480-78,4G,IoT Device
260307030812-0700,310,120,310120,75151519,75196325,79338330,SUPPRESSED,310-120-39,4G,Tablet
260304174828+0200,240,24,24024,37093137,19605363,29978695,SUPPRESSED,240-24-75,4G,Smartphone
260320063744+0200,206,5,20605,38422732,33846714,47252102,206-05-65,206-05-65,5G,Smartphone
260312161933+0200,206,20,20620,32680901,40452346,29396827,SUPPRESSED,206-20-23,5G,Smartphone
260306113052+0200,206,10,20610,31224793,34043896,54828232,SUPPRESSED,206-10-14,4G,IoT Device
260322004636+0200,206,10,20610,37456283,42076535,44075346,SUPPRESSED,206-10-84,4G,IoT Device
260312200901+0100,234,30,23430,52991864,53720695,58247059,SUPPRESSED,234-30-22,4G,Tablet
260303155624-0500,310,410,310410,84583706,84184009,98759941,SUPPRESSED,310-410-86,5G,Smartphone
260226022813+0100,234,30,23430,79105680,74831183,56350857,SUPPRESSED,234-30-82,4G,Smartphone
260325054103-0600,310,480,310480,76544060,93690473,72607255,SUPPRESSED,310-480-95,4G,Smartphone
260325141844+0100,206,5,20605,53767270,54717864,36644405,SUPPRESSED,206-05-38,5G,IoT Device
260227160930+0100,240,4,24004,16586784,23807166,29455578,SUPPRESSED,240-04-31,5G,Smartphone
260316183351-0700,310,260,310260,87983048,73613419,98898289,SUPPRESSED,310-260-99,5G,Tablet
260323230453+0100,240,1,24001,34405058,14753664,26700610,SUPPRESSED,240-01-75,5G,Smartphone
260305220258+0100,234,33,23433,51453838,55210872,57219055,SUPPRESSED,234-33-48,3G,IoT Device
260316055256+0100,206,1,20601,44220266,48802294,34845911,SUPPRESSED,206-01-19,3G,Smartphone
260320035355+0000,234,33,23433,67686788,74409730,55034708,SUPPRESSED,234-33-86,4G,IoT Device
260304191433+0000,234,15,23415,65929139,50482134,58699376,SUPPRESSED,234-15-17,3G,Smartphone
260320092835+0100,206,10,20610,30505829,30942744,29763232,SUPPRESSED,206-10-88,5G,IoT Device
260326230301+0100,206,10,20610,33768217,53997353,50245260,SUPPRESSED,206-10-98,4G,Tablet
260302100410+0200,206,10,20610,51968781,38437963,50958521,206-10-61,206-10-61,5G,Tablet
260315092239+0200,206,5,20605,58804444,36179558,51105258,SUPPRESSED,206-05-49,3G,Tablet
260228080148+0100,234,20,23420,78670572,64807065,77016137,SUPPRESSED,234-20-22,3G,Smartphone
260303151154+0200,206,20,20620,37649357,41531242,26285246,SUPPRESSED,206-20-43,3G,Smartphone
260318130254+0100,240,4,24004,39371126,19578361,26482163,SUPPRESSED,240-04-87,3G,Smartphone
260227043925-0600,310,480,310480,93173878,83057929,99661652,SUPPRESSED,310-480-78,5G,IoT Device
260225152815-0700,310,410,310410,75644439,72411055,92938355,310-410-46,310-410-46,4G,IoT Device
260325013837+0200,206,10,20610,37574417,34815981,41258914,SUPPRESSED,206-10-57,5G,Smartphone
260301150703+0200,240,16,24016,22742423,21830223,21504275,SUPPRESSED,240-16-46,4G,Smartphone
260314074204+0000,234,20,23420,66688398,53057878,67923050,SUPPRESSED,234-20-70,5G,Smartphone
260311101314+0100,240,4,24004,32285305,13716205,28733101,SUPPRESSED,240-04-58,5G,Tablet
260313065110+0200,240,7,24007,10597243,26369254,24409269,SUPPRESSED,240-07-32,5G,Smartphone
260228171336+0100,206,20,20620,35943112,43542363,37045191,SUPPRESSED,206-20-47,4G,Tablet
260307020212+0100,234,20,23420,65953536,70113539,56589243,SUPPRESSED,234-20-88,4G,Tablet
260316011147+0000,234,33,23433,54038000,73552747,74709608,SUPPRESSED,234-33-65,3G,Smartphone
260308010058-0800,310,410,310410,89780594,87805441,76603461,SUPPRESSED,310-410-55,4G,Smartphone
260227115320+0100,206,1,20601,40069592,43821752,42559741,206-01-87,206-01-87,4G,Smartphone
260316122215+0000,234,10,23410,62941386,57727557,62487247,234-10-58,234-10-58,4G,Smartphone
260326023410+0200,206,5,20605,58605251,51520326,44485654,SUPPRESSED,206-05-76,3G,Tablet
260317225943-0500,310,260,310260,81907298,86705714,68521646,310-260-71,310-260-71,4G,Smartphone
260311161434+0000,234,33,23433,51854966,72786391,72888071,SUPPRESSED,234-33-96,3G,Tablet
260319032337-0500,310,410,310410,89095004,85804517,96532413,SUPPRESSED,310-410-59,3G,IoT Device
260225201322-0800,310,120,310120,78651170,91699910,66767495,SUPPRESSED,310-120-18,3G,Smartphone
260311181227+0000,234,10,23410,51992653,74471825,72266560,SUPPRESSED,234-10-40,4G,Smartphone
260312014358+0100,206,10,20610,49411047,31974350,41607599,SUPPRESSED,206-10-42,4G,Smartphone
260326015337+0100,240,5,24005,34501027,18445839,16056924,SUPPRESSED,240-05-79,5G,IoT Device
260226181910-0500,310,260,310260,78708680,88851268,97604405,SUPPRESSED,310-260-85,4G,IoT Device
260309055533+0100,240,7,24007,25894805,33340048,23371664,SUPPRESSED,240-07-37,3G,Smartphone
260325064929+0200,240,7,24007,28504348,31502071,29417376,240-07-17,240-07-17,4G,Tablet
260319073102+0100,206,5,20605,42386686,33920330,45628823,SUPPRESSED,206-05-17,4G,Smartphone
260226043043-0600,310,410,310410,93374067,90021652,87217896,SUPPRESSED,310-410-64,4G,Tablet
260311051418+0100,206,20,20620,53115714,42002198,34731009,SUPPRESSED,206-20-28,4G,Smartphone
260304084130+0000,234,33,23433,76453812,63024674,69454332,SUPPRESSED,234-33-63,3G,Tablet
260302055846+0200,240,7,24007,21598520,14734192,28936808,240-07-17,240-07-17,5G,Smartphone
260321165333-0600,310,410,310410,72963268,94978394,86881047,SUPPRESSED,310-410-48,4G,IoT Device
260322032449+0100,234,20,23420,51913219,60323226,51332934,SUPPRESSED,234-20-94,3G,Tablet
260228121010+0100,206,10,20610,44356721,45341827,39717999,SUPPRESSED,206-10-11,4G,Smartphone
260226232358+0100,234,20,23420,65757725,51907385,76307418,SUPPRESSED,234-20-75,5G,IoT Device
260321101519+0200,206,5,20605,35267433,38580333,54022428,SUPPRESSED,206-05-31,5G,Smartphone
260306192433+0100,206,1,20601,36700793,39278621,32464190,SUPPRESSED,206-01-50,3G,IoT Device
260306173017+0100,240,8,24008,18263652,10893844,10908305,SUPPRESSED,240-08-17,4G,Smartphone
260320001215-0600,310,410,310410,96259464,93213270,69840113,SUPPRESSED,310-410-85,5G,IoT Device
260226232848+0200,206,20,20620,39874999,31235373,43757853,SUPPRESSED,206-20-27,5G,Smartphone
260302025724-0800,310,260,310260,70883671,94469431,97447166,310-260-33,310-260-33,5G,IoT Device
260310054746-0700,310,480,310480,91802646,72277232,75917410,SUPPRESSED,310-480-89,3G,IoT Device
260301015914+0200,240,8,24008,17084766,29434244,26908125,SUPPRESSED,240-08-99,5G,Smartphone
260320095235+0200,240,5,24005,35682929,22275553,18662352,SUPPRESSED,240-05-36,5G,Tablet
260227120449+0200,206,1,20601,51647918,32587656,54997395,SUPPRESSED,206-01-21,4G,Smartphone
260318064850-0500,310,480,310480,73752306,89710366,93678601,SUPPRESSED,310-480-60,3G,Smartphone
260309133825+0100,234,20,23420,56610402,68552901,52202101,SUPPRESSED,234-20-34,3G,IoT Device
260317202729+0100,234,38,23438,72809875,73298491,62864187,SUPPRESSED,234-38-84,5G,IoT Device
260312183458+0100,234,20,23420,53399141,62846500,77294489,SUPPRESSED,234-20-91,4G,IoT Device
260315093251+0200,206,20,20620,45057394,35299982,39163429,SUPPRESSED,206-20-78,4G,Tablet
260318142036-0500,310,410,310410,76717921,71680332,67117812,SUPPRESSED,310-410-79,3G,Smartphone
260315213217+0100,234,20,23420,50042797,74072023,62702569,SUPPRESSED,234-20-86,4G,IoT Device
260309152909-0600,310,120,310120,88098681,70075811,71445902,SUPPRESSED,310-120-91,4G,IoT Device
260228143357-0800,310,410,310410,72409901,93322160,82857707,SUPPRESSED,310-410-99,3G,Smartphone
260315153500-0500,310,260,310260,92672892,89705421,97432543,SUPPRESSED,310-260-52,4G,Smartphone
260311001144-0500,310,120,310120,98853210,72766673,81312470,SUPPRESSED,310-120-41,5G,Smartphone
260305085914+0200,240,4,24004,13219073,32707149,29024491,SUPPRESSED,240-04-15,5G,Smartphone
260317152008+0000,234,15,23415,53987037,59886053,57361055,SUPPRESSED,234-15-39,4G,Tablet
260312001015+0100,206,1,20601,31996634,53184572,37011770,SUPPRESSED,206-01-89,4G,Smartphone
260226165136-0500,310,260,310260,82848461,86413676,71197614,310-260-80,310-260-80,4G,Smartphone
260310025525-0800,310,260,310260,92727070,72299254,99637448,SUPPRESSED,310-260-91,3G,IoT Device
260226090855+0100,206,1,20601,39452981,35277401,49092854,206-01-88,206-01-88,3G,Smartphone
260301194511-0800,310,120,310120,75878968,82515968,98974964,SUPPRESSED,310-120-85,5G,Smartphone
260227045844+0100,234,10,23410,57924883,67160529,75452963,SUPPRESSED,234-10-11,4G,Smartphone
260314204232+0200,240,16,24016,13854551,33934284,10633909,SUPPRESSED,240-16-97,4G,Smartphone
260319115145-0500,310,410,310410,97683087,86361462,78339532,SUPPRESSED,310-410-55,3G,IoT Device
260320104920+0200,240,8,24008,24040306,30707509,26652435,SUPPRESSED,240-08-41,5G,Smartphone
260304044107+0200,206,20,20620,44515401,50058221,38470092,SUPPRESSED,206-20-88,5G,Smartphone
260308082036+0100,234,38,23438,51201023,73312303,50978959,SUPPRESSED,234-38-53,3G,Smartphone
260314151336+0100,234,38,23438,71611534,66575594,66367996,SUPPRESSED,234-38-65,5G,Smartphone
260301101904+0200,206,1,20601,58626287,48727791,30849307,SUPPRESSED,206-01-48,5G,Smartphone
260302100950+0100,240,1,24001,18761220,31581522,22935144,SUPPRESSED,240-01-62,3G,Smartphone
260318161353+0100,234,33,23433,50400834,50130740,53644379,SUPPRESSED,234-33-35,3G,Tablet
260303033307+0100,240,8,24008,21795183,34900822,18816140,SUPPRESSED,240-08-31,5G,Tablet
260305115942-0600,310,260,310260,97681554,79974642,68806265,310-260-34,310-260-34,4G,IoT Device
260310200813+0200,240,16,24016,31102750,13003454,21989496,SUPPRESSED,240-16-64,3G,Smartphone
260303161517+0200,240,16,24016,19690930,13703878,18034593,SUPPRESSED,240-16-37,5G,Smartphone
260320182602-0600,310,260,310260,79068191,73535810,84563092,SUPPRESSED,310-260-16,4G,Smartphone
260314101227+0200,206,1,20601,33386071,40952171,36927911,SUPPRESSED,206-01-57,5G,Smartphone
260227161318+0100,240,16,24016,17958510,19276121,20333902,SUPPRESSED,240-16-43,4G,Smartphone
260322224436+0100,240,24,24024,31074141,31031109,19654083,SUPPRESSED,240-24-69,4G,Smartphone
260322043532-0500,310,480,310480,97026348,77450241,77948259,SUPPRESSED,310-480-68,5G,Tablet
260319040032+0100,240,2,24002,20010975,16708548,16584832,SUPPRESSED,240-02-35,3G,Smartphone
260310023709+0200,240,8,24008,18326146,29882385,20621964,SUPPRESSED,240-08-15,5G,Smartphone
260324115149+0200,206,5,20605,41906746,40847632,48140434,SUPPRESSED,206-05-70,3G,Tablet
260326114134+0100,234,20,23420,56808099,60791686,72024352,SUPPRESSED,234-20-18,3G,Tablet
260319020347-0700,310,410,310410,90724828,72030913,66692470,SUPPRESSED,310-410-76,3G,Smartphone
260313002204+0100,240,4,24004,36485444,26317701,18506097,SUPPRESSED,240-04-51,3G,Tablet
260310154305+0100,206,10,20610,40283606,41757569,46653645,SUPPRESSED,206-10-19,5G,Smartphone
260317210207+0000,234,33,23433,62849387,58753978,66138143,SUPPRESSED,234-33-86,5G,Smartphone
260301013046+0100,234,20,23420,53393040,52399235,58267787,SUPPRESSED,234-20-29,3G,Smartphone
260225132547+0000,234,15,23415,62015707,64704601,59251028,SUPPRESSED,234-15-62,4G,IoT Device
260318042022+0100,234,20,23420,52568264,57270466,64568409,SUPPRESSED,234-20-30,4G,Smartphone
260326085859+0100,240,24,24024,32305287,32250154,19167415,SUPPRESSED,240-24-25,5G,IoT Device
260323072300+0100,206,20,20620,32259576,44213870,54569547,206-20-75,206-20-75,3G,Tablet
260315211550+0100,234,30,23430,67253522,69634661,68708596,SUPPRESSED,234-30-18,4G,IoT Device
260322212608+0000,234,10,23410,75526846,74563295,59637758,SUPPRESSED,234-10-99,4G,Smartphone
260313001322+0200,206,5,20605,39915135,54510688,40616598,SUPPRESSED,206-05-72,5G,Smartphone
260318003335-0500,310,410,310410,85535761,82368223,83400560,310-410-10,310-410-10,4G,IoT Device
260320170554+0200,240,24,24024,34163410,30807288,12829265,SUPPRESSED,240-24-45,4G,Smartphone
260319034228+0200,240,5,24005,19517504,18345516,12928252,SUPPRESSED,240-05-84,5G,Tablet
260323171815+0100,240,5,24005,37613291,28160651,28479269,SUPPRESSED,240-05-33,3G,Smartphone
260311010051+0100,206,10,20610,38521752,35539256,52402716,SUPPRESSED,206-10-60,3G,IoT Device
260302080910+0000,234,20,23420,53396709,73174692,63738567,SUPPRESSED,234-20-76,5G,Smartphone
260313214222+0200,240,16,24016,21988921,19968963,10141794,SUPPRESSED,240-16-39,3G,IoT Device
260326122741+0100,234,33,23433,65956126,52459548,69353021,SUPPRESSED,234-33-73,3G,Tablet
260316131604+0200,240,24,24024,13842950,17388883,18891885,SUPPRESSED,240-24-42,5G,Tablet
260319161442+0200,206,20,20620,50250675,46142665,27667525,SUPPRESSED,206-20-19,5G,Smartphone
260307155445+0100,240,4,24004,13462461,23186917,29602975,SUPPRESSED,240-04-17,4G,Smartphone
260305093017+0000,234,15,23415,56439157,64175688,62271663,SUPPRESSED,234-15-37,4G,Smartphone
260310154145+0200,240,16,24016,19139758,22495922,13766830,SUPPRESSED,240-16-19,5G,Smartphone
260311042841+0200,206,10,20610,44541653,43133943,36343805,206-10-16,206-10-16,5G,Tablet
260310152304+0000,234,30,23430,54048555,52120590,53338766,SUPPRESSED,234-30-17,4G,Smartphone
260302173429+0100,234,33,23433,60412244,56639533,58561318,SUPPRESSED,234-33-91,3G,Smartphone
260227114058-0800,310,480,310480,90772885,76713951,93565562,SUPPRESSED,310-480-30,3G,Smartphone
260325195417+0100,240,24,24024,24287131,28742821,22606675,SUPPRESSED,240-24-58,4G,Smartphone
260305083820+0100,240,5,24005,18289338,16853714,28281159,SUPPRESSED,240-05-65,5G,Smartphone
260301141907-0700,310,410,310410,88631523,92069490,96182581,SUPPRESSED,310-410-90,3G,Smartphone
260305210232+0100,234,30,23430,63154114,73484239,54864344,234-30-86,234-30-86,3G,Tablet
260311071018-0600,310,260,310260,91499767,83832702,84786331,SUPPRESSED,310-260-47,3G,Smartphone
260305195108+0100,234,33,23433,68676099,55933919,56679801,SUPPRESSED,234-33-31,3G,Tablet
260322030720+0200,240,2,24002,22556838,24217550,17689313,SUPPRESSED,240-02-87,4G,Smartphone
260309102241-0700,310,120,310120,96628371,92887722,94027968,SUPPRESSED,310-120-92,5G,Smartphone
260311155913+0200,206,10,20610,48800661,40726144,35547702,SUPPRESSED,206-10-34,3G,Smartphone
260310194331+0000,234,15,23415,61947487,66005357,76672582,SUPPRESSED,234-15-16,3G,IoT Device
260302053639-0600,310,260,310260,97776627,73911248,95627096,310-260-71,310-260-71,5G,Smartphone
260308054347+0100,234,10,23410,76985524,67721367,65131995,SUPPRESSED,234-10-64,5G,Smartphone
260301124549+0100,240,8,24008,31121460,11010047,14612710,SUPPRESSED,240-08-24,3G,Smartphone
260315152226-0600,310,120,310120,98784903,82865384,90711992,SUPPRESSED,310-120-28,4G,Smartphone
260302131208-0500,310,120,310120,73397606,85251021,77760728,SUPPRESSED,310-120-72,4G,IoT Device
260301220349+0200,206,20,20620,56436151,46797408,43326563,SUPPRESSED,206-20-27,5G,Smartphone
260314073706+0100,234,10,23410,71883363,73315413,68555466,SUPPRESSED,234-10-77,3G,IoT Device
260302144752+0100,234,30,23430,73885555,70149031,68108727,SUPPRESSED,234-30-92,3G,Tablet
260317010931+0100,240,24,24024,35379608,27627417,14454636,SUPPRESSED,240-24-96,4G,Smartphone
260308062732+0200,240,8,24008,17772685,21912288,19641558,SUPPRESSED,240-08-68,4G,Smartphone
260313021059+0100,240,24,24024,29280459,19196666,11319553,SUPPRESSED,240-24-42,5G,Tablet
260309051442+0200,240,7,24007,29905087,34029642,23638932,240-07-80,240-07-80,4G,Smartphone
260325122206-0600,310,260,310260,75674351,87567347,68941411,310-260-71,310-260-71,4G,Smartphone
260225050307+0000,234,30,23430,73190145,67850682,76137029,SUPPRESSED,234-30-98,4G,Smartphone
260316115833+0100,234,20,23420,75117034,51312510,64283661,SUPPRESSED,234-20-67,3G,Tablet
260326040434-0500,310,410,310410,75084248,82724899,93434023,SUPPRESSED,310-410-92,4G,Tablet
260321013918-0800,310,260,310260,74756738,83615694,71223723,SUPPRESSED,310-260-55,4G,IoT Device
260307054847-0500,310,480,310480,80190543,92825524,81225189,SUPPRESSED,310-480-87,4G,Smartphone
260324020509-0600,310,410,310410,87757002,90547682,78603263,SUPPRESSED,310-410-74,3G,Smartphone
260306074646+0200,206,10,20610,34376580,40453679,27126538,206-10-41,206-10-41,5G,Tablet
260310110338+0000,234,10,23410,69807074,60335498,62413129,SUPPRESSED,234-10-35,4G,IoT Device
260315074944+0100,206,20,20620,59082141,32385431,33699177,SUPPRESSED,206-20-30,5G,Smartphone
260320122903+0100,240,16,24016,34363055,31209133,15902916,SUPPRESSED,240-16-43,4G,Smartphone
260225181143+0100,206,1,20601,48918058,43657114,47049913,SUPPRESSED,206-01-22,5G,Smartphone
260317092645+0100,240,7,24007,24050122,18766674,19173014,SUPPRESSED,240-07-48,5G,IoT Device
260302215751+0100,206,10,20610,57677006,43477554,31382967,SUPPRESSED,206-10-96,5G,Smartphone
260324080231+0200,240,16,24016,22058233,29902417,22676935,SUPPRESSED,240-16-68,4G,Smartphone
260318132715-0500,310,410,310410,81231999,81808252,76651676,SUPPRESSED,310-410-60,4G,Smartphone
260308062355+0200,206,1,20601,52100498,45986327,32852911,SUPPRESSED,206-01-59,4G,Smartphone
260306074654+0100,240,16,24016,33475949,19688002,24172387,SUPPRESSED,240-16-68,5G,Tablet
260303131538+0100,206,10,20610,30621073,53387347,27942880,SUPPRESSED,206-10-48,3G,Smartphone
260321043649+0200,240,16,24016,28802399,14704395,25666096,SUPPRESSED,240-16-93,5G,Smartphone
260318223322-0600,310,410,310410,70867686,84837687,69973096,SUPPRESSED,310-410-44,4G,Smartphone
260301092250+0100,206,5,20605,42344000,48907254,50234463,SUPPRESSED,206-05-79,5G,Tablet
260227013349+0200,240,5,24005,16866360,29510387,28998781,SUPPRESSED,240-05-30,5G,Smartphone
260227173834+0200,206,5,20605,32742758,50452966,36217261,SUPPRESSED,206-05-73,5G,IoT Device
260309122437+0200,206,10,20610,47890462,49135202,49683567,SUPPRESSED,206-10-74,4G,Smartphone
260303012532+0100,206,10,20610,37841683,51050290,40616600,SUPPRESSED,206-10-46,4G,IoT Device
260313164440+0000,234,15,23415,73064771,63723419,59320041,SUPPRESSED,234-15-34,3G,Smartphone
260322025141+0100,206,10,20610,38544417,30060992,52171394,SUPPRESSED,206-10-63,3G,Tablet
260303193653-0700,310,120,310120,76261964,86606414,80666852,SUPPRESSED,310-120-71,5G,Smartphone
260304230515+0000,234,15,23415,71731985,60222915,73074752,234-15-32,234-15-32,4G,IoT Device
260228192203+0200,240,2,24002,28356868,16322248,15920134,SUPPRESSED,240-02-89,4G,Smartphone
260309141847-0600,310,480,310480,89344909,85117621,73764447,SUPPRESSED,310-480-70,4G,IoT Device
260225222620+0000,234,15,23415,64380288,63092000,76361350,SUPPRESSED,234-15-37,4G,Tablet
260326215248+0100,234,38,23438,72723256,53224213,66231544,SUPPRESSED,234-38-19,3G,Tablet
260314121939+0100,206,5,20605,51564237,42187852,38424989,SUPPRESSED,206-05-75,5G,Smartphone
260315220702+0100,234,33,23433,59072315,70219591,52914658,SUPPRESSED,234-33-95,5G,Smartphone
260308063957+0100,206,1,20601,56542975,40206633,39813326,SUPPRESSED,206-01-26,5G,Smartphone
260322103342-0700,310,120,310120,70015365,71622783,84824420,SUPPRESSED,310-120-81,4G,IoT Device
260301111044+0100,206,10,20610,57090377,44205362,52471082,206-10-16,206-10-16,4G,Tablet
260307191640+0100,234,38,23438,55178058,57603379,60442051,SUPPRESSED,234-38-74,5G,Tablet
260309160037+0000,234,30,23430,59487719,61233554,51226236,SUPPRESSED,234-30-38,5G,Smartphone
260226130206+0200,206,1,20601,34371329,48030654,51175084,SUPPRESSED,206-01-80,5G,Tablet
260312115638-0800,310,260,310260,85419503,93431353,94023406,310-260-33,310-260-33,3G,Tablet
260320003211-0700,310,480,310480,89979939,81415113,97099614,SUPPRESSED,310-480-29,4G,IoT Device
260313092559+0100,240,5,24005,30731074,28371539,22216112,SUPPRESSED,240-05-95,5G,Smartphone
260305052438-0500,310,120,310120,89240483,84071379,70915616,SUPPRESSED,310-120-17,3G,Tablet
260227225737+0200,240,1,24001,33027515,19017317,21296183,SUPPRESSED,240-01-94,5G,Smartphone
260225111447+0200,240,24,24024,29642215,24611029,17669858,SUPPRESSED,240-24-43,3G,Smartphone
260320104206+0200,240,5,24005,18787336,16521407,18029531,SUPPRESSED,240-05-42,5G,Smartphone
260228034204+0100,234,10,23410,65784550,63364722,71448886,SUPPRESSED,234-10-38,5G,Smartphone
260322004135+0200,240,1,24001,17148844,12333327,16033731,SUPPRESSED,240-01-12,5G,Smartphone
260309142658+0100,206,5,20605,57304263,33345335,46088350,SUPPRESSED,206-05-75,4G,Smartphone
260321153142+0200,240,5,24005,25199392,26579768,19752102,SUPPRESSED,240-05-36,5G,Tablet
260307124017-0700,310,260,310260,93019673,85275454,82716064,SUPPRESSED,310-260-93,4G,Tablet
260321141341+0100,206,1,20601,59871635,40059968,46203745,SUPPRESSED,206-01-95,5G,IoT Device
260302055657+0100,206,1,20601,48737860,45036938,33687132,SUPPRESSED,206-01-70,5G,Smartphone
260303180328+0000,234,10,23410,63460651,63803429,56510349,SUPPRESSED,234-10-93,3G,IoT Device
260317172115+0200,206,5,20605,42010608,39218165,41189794,SUPPRESSED,206-05-55,4G,IoT Device
260228234302+0100,234,38,23438,59275576,64955331,73760047,SUPPRESSED,234-38-26,4G,Smartphone
260227095546+0100,206,20,20620,36655957,47569469,26692926,SUPPRESSED,206-20-40,4G,Tablet
260226083420-0600,310,480,310480,96003441,88407677,84473671,310-480-93,310-480-93,5G,Smartphone
260311034158+0100,206,10,20610,56943312,35811601,38262668,SUPPRESSED,206-10-69,4G,Tablet
260227013930+0000,234,33,23433,64536357,52660550,77033605,SUPPRESSED,234-33-25,4G,Smartphone
260320131602+0100,206,10,20610,41755014,38737434,37317268,SUPPRESSED,206-10-34,5G,Smartphone
260314170204-0800,310,480,310480,93089564,72099963,96704536,SUPPRESSED,310-480-18,4G,Smartphone
260225230136+0200,240,8,24008,33719333,12347957,29168889,SUPPRESSED,240-08-92,4G,Smartphone
260325130524+0000,234,30,23430,74283066,59229513,65827876,SUPPRESSED,234-30-63,4G,IoT Device
260322173934+0100,240,4,24004,14395789,26853070,13676569,SUPPRESSED,240-04-74,3G,Smartphone
260312052941+0100,240,5,24005,34285903,17266697,17158917,SUPPRESSED,240-05-29,4G,Smartphone
260312224327+0200,240,4,24004,37986968,30789626,11361099,SUPPRESSED,240-04-42,5G,Smartphone
260302053813-0500,310,260,310260,85637599,77201246,95517519,SUPPRESSED,310-260-59,4G,Smartphone
260326065616+0100,206,20,20620,50183116,46256023,25566144,SUPPRESSED,206-20-66,4G,Smartphone
260324164213+0000,234,33,23433,50772020,59882704,72388011,SUPPRESSED,234-33-87,5G,Tablet
260308014849+0100,234,33,23433,58208529,64791958,55009397,SUPPRESSED,234-33-56,3G,IoT Device
260317065355+0200,240,24,24024,25271260,18460625,13524654,SUPPRESSED,240-24-52,5G,Smartphone
260326122949-0600,310,480,310480,79808117,83483315,76939204,SUPPRESSED,310-480-67,5G,Tablet
260309072459+0200,240,16,24016,34944434,24456264,20583599,SUPPRESSED,240-16-89,5G,Smartphone
260228185748+0200,240,24,24024,26111544,17128725,27613490,SUPPRESSED,240-24-38,5G,Smartphone
260311225652+0100,240,4,24004,31064702,14140026,12795475,SUPPRESSED,240-04-37,4G,Smartphone
260313190543+0200,240,1,24001,30305410,18073715,26537365,SUPPRESSED,240-01-59,4G,Smartphone
260311212600+0100,240,1,24001,30606094,30725503,11877789,SUPPRESSED,240-01-55,4G,Smartphone
260315021426+0000,234,15,23415,64848121,65143476,62107960,SUPPRESSED,234-15-41,4G,Tablet
260303203520-0800,310,480,310480,99862045,73906862,93781370,SUPPRESSED,310-480-31,3G,IoT Device
260302175307+0100,240,8,24008,27926860,17825425,16328756,SUPPRESSED,240-08-50,5G,Smartphone
260325060557+0100,234,10,23410,65822443,72093529,70322450,SUPPRESSED,234-10-62,5G,Tablet
260327010227-0600,310,260,310260,94862582,82402793,75497695,310-260-19,310-260-19,3G,IoT Device
260308232047-0600,310,480,310480,74171349,87678435,93690903,SUPPRESSED,310-480-53,4G,Smartphone
260228154749+0100,234,10,23410,64636115,68049463,54856499,SUPPRESSED,234-10-52,3G,IoT Device
260319074729+0100,240,4,24004,24220843,21499946,27270553,SUPPRESSED,240-04-15,5G,Tablet
260227003306-0700,310,260,310260,96959738,85615591,90346620,310-260-44,310-260-44,4G,Smartphone
260303020859+0200,240,2,24002,33078610,20495427,29917352,SUPPRESSED,240-02-83,4G,Smartphone
260228182056+0100,240,24,24024,14435576,23208783,29962585,SUPPRESSED,240-24-84,5G,Tablet
260305102936+0200,206,5,20605,55905598,43103681,36261017,SUPPRESSED,206-05-31,5G,Smartphone
260319182954+0100,206,20,20620,57629087,32640646,48580941,206-20-29,206-20-29,3G,Smartphone
260307182101+0200,206,20,20620,55840691,51579278,27575369,206-20-80,206-20-80,5G,Smartphone
260326165837+0200,206,1,20601,48121464,38490764,40959097,SUPPRESSED,206-01-47,4G,Smartphone
260320025511+0200,206,20,20620,52871887,52077499,37464965,SUPPRESSED,206-20-16,3G,Tablet
260311181709+0100,234,30,23430,53393482,68487905,66120221,SUPPRESSED,234-30-28,3G,Tablet
260225232140+0000,234,20,23420,52447413,50983654,75520743,SUPPRESSED,234-20-92,3G,Smartphone
260312003702-0600,310,480,310480,72421632,85243548,89568588,SUPPRESSED,310-480-10,4G,Smartphone
260308132721+0000,234,20,23420,79893360,71901565,76699848,SUPPRESSED,234-20-49,3G,Smartphone
260306035631+0100,240,24,24024,39001011,18302462,18219855,SUPPRESSED,240-24-51,5G,Smartphone
260316215617+0200,206,5,20605,39394231,33672065,52262805,SUPPRESSED,206-05-35,4G,Tablet
260320204336+0200,206,5,20605,39047426,54671859,44934146,SUPPRESSED,206-05-68,4G,Smartphone
260311185625+0100,234,20,23420,53593955,63065745,61069569,SUPPRESSED,234-20-60,4G,Tablet
260321084713+0100,206,5,20605,41248401,48489940,35236944,SUPPRESSED,206-05-78,4G,Smartphone
260325154905+0100,240,5,24005,37067568,19523429,28251481,SUPPRESSED,240-05-52,3G,Smartphone
260323113902-0600,310,480,310480,90354251,79726799,98597234,SUPPRESSED,310-480-61,4G,Smartphone
260306122634-0600,310,260,310260,76438281,90865125,92873851,310-260-19,310-260-19,5G,IoT Device
260226035200+0100,234,33,23433,68863671,67372867,67749139,SUPPRESSED,234-33-34,4G,Smartphone
260323145639+0100,206,5,20605,31580709,50116159,41446662,SUPPRESSED,206-05-11,5G,Tablet
260301024730+0100,234,38,23438,79819359,66159654,76023644,SUPPRESSED,234-38-14,5G,Tablet
260320000253+0200,206,1,20601,36714268,45607781,30457091,206-01-88,206-01-88,5G,Smartphone
260316211300+0200,206,20,20620,37191910,39179390,53975482,SUPPRESSED,206-20-70,4G,Smartphone
260311083658+0100,206,5,20605,48167961,40441237,32868651,SUPPRESSED,206-05-57,3G,Smartphone
260308194526+0100,206,5,20605,56333707,44355508,43911227,SUPPRESSED,206-05-26,5G,Smartphone
260315140924+0200,206,10,20610,58971376,35342968,49478358,206-10-16,206-10-16,5G,Smartphone
260306164228+0100,240,24,24024,16736792,11636030,26301196,SUPPRESSED,240-24-31,4G,Tablet
260228221546-0500,310,120,310120,79251008,88228910,68613341,SUPPRESSED,310-120-25,5G,IoT Device
260320005359-0800,310,480,310480,96892595,87736830,98070791,SUPPRESSED,310-480-72,4G,Smartphone
260228000308+0100,240,1,24001,31137912,26713414,11075758,SUPPRESSED,240-01-96,4G,Smartphone
260309103258-0600,310,480,310480,90576524,93810908,69531216,SUPPRESSED,310-480-48,4G,Tablet
260304121432-0500,310,410,310410,91648157,72955501,90547356,310-410-17,310-410-17,5G,Smartphone
260324092625+0200,240,5,24005,31324405,26922883,23760932,SUPPRESSED,240-05-30,5G,Tablet
260228122246+0200,240,2,24002,39937086,33491075,24692852,SUPPRESSED,240-02-69,5G,Smartphone
260226045219+0200,240,24,24024,14513299,21148080,23831846,SUPPRESSED,240-24-18,5G,Smartphone
260314025721+0000,234,15,23415,71520622,59226576,58944835,SUPPRESSED,234-15-70,3G,IoT Device
260225163859-0600,310,410,310410,95967079,77435581,85227599,SUPPRESSED,310-410-16,4G,Tablet
260326154239+0100,234,10,23410,79236498,70933249,74568336,SUPPRESSED,234-10-86,3G,Tablet
260306180613+0100,206,5,20605,47699956,45138439,38910260,SUPPRESSED,206-05-12,5G,Smartphone
260228020003+0000,234,30,23430,55763863,67399935,53512792,SUPPRESSED,234-30-45,5G,Tablet
260311233624-0700,310,120,310120,92656269,90490958,87216350,SUPPRESSED,310-120-84,3G,Tablet
260302015554+0000,234,38,23438,70969390,65709054,63455919,SUPPRESSED,234-38-25,4G,Tablet
260303031335+0200,240,16,24016,28334362,24033956,20520670,SUPPRESSED,240-16-30,5G,Smartphone
260322070203+0200,240,16,24016,27684936,16098106,19172507,SUPPRESSED,240-16-91,5G,Smartphone
260305005219-0500,310,260,310260,98916362,83118314,72616350,SUPPRESSED,310-260-23,3G,IoT Device
260321051628-0800,310,260,310260,78867388,81924217,89454099,SUPPRESSED,310-260-41,3G,Smartphone
260318144233-0700,310,260,310260,78393249,79247365,95297507,SUPPRESSED,310-260-20,5G,IoT Device
260305064658+0000,234,10,23410,70645302,64764450,53529268,SUPPRESSED,234-10-64,4G,IoT Device
260309212835+0000,234,10,23410,50204339,69816342,74016041,SUPPRESSED,234-10-17,4G,Tablet
260316150400-0800,310,120,310120,93512981,92802382,74147916,SUPPRESSED,310-120-39,4G,Smartphone
260310013920-0500,310,120,310120,79197600,80728094,92364830,SUPPRESSED,310-120-76,4G,IoT Device
260309121559+0100,234,15,23415,67238789,66029479,70939781,SUPPRESSED,234-15-29,3G,Tablet
260317052901-0500,310,480,310480,91565441,86992059,71411773,SUPPRESSED,310-480-13,5G,Tablet
260315220028-0500,310,120,310120,92281102,93137546,89399588,SUPPRESSED,310-120-23,3G,Smartphone
260314091714-0500,310,120,310120,84472939,86381670,99869232,SUPPRESSED,310-120-82,5G,IoT Device
260305025226-0500,310,480,310480,96778545,73291604,74750237,SUPPRESSED,310-480-91,3G,Smartphone
260325025353+0000,234,15,23415,69018853,68805597,73583603,SUPPRESSED,234-15-22,3G,Tablet
260312175939+0200,206,20,20620,38704415,46133866,42734107,SUPPRESSED,206-20-86,5G,Smartphone
260304070146+0100,234,10,23410,68607067,52406808,51964502,SUPPRESSED,234-10-61,3G,IoT Device
260322094341-0700,310,410,310410,89965624,78686235,88925701,310-410-10,310-410-10,4G,IoT Device
260316022317-0500,310,260,310260,85228000,81139640,98008967,SUPPRESSED,310-260-45,4G,IoT Device
260321190155-0700,310,410,310410,92859495,81103529,93318902,SUPPRESSED,310-410-71,4G,IoT Device
260317162944-0600,310,480,310480,79236310,73026450,76436630,SUPPRESSED,310-480-71,4G,IoT Device
260228114320+0200,206,20,20620,49685927,37311375,27813610,206-20-89,206-20-89,5G,Smartphone
260320234957+0100,240,2,24002,12344327,12588445,13993535,SUPPRESSED,240-02-34,5G,Smartphone
260313210203+0100,206,1,20601,53267782,40748014,30242051,SUPPRESSED,206-01-68,4G,Smartphone
260303032336-0500,310,410,310410,78990186,88274794,88047302,SUPPRESSED,310-410-27,5G,IoT Device
260304200021-0700,310,260,310260,82821673,73122590,86760401,310-260-77,310-260-77,5G,IoT Device
260316095106+0100,240,1,24001,20357660,23708374,12112284,SUPPRESSED,240-01-43,4G,Smartphone
260320131006+0100,234,30,23430,50845797,67085373,65707907,SUPPRESSED,234-30-93,4G,Tablet
260306115818+0100,240,5,24005,21366322,21787000,13873935,SUPPRESSED,240-05-10,4G,Smartphone
260324022227+0100,234,10,23410,61313115,57000187,68919899,SUPPRESSED,234-10-43,3G,Smartphone
260317053351+0200,206,5,20605,47155354,34725348,37924622,SUPPRESSED,206-05-71,5G,IoT Device
260325090213+0200,206,5,20605,34435973,33429173,50703193,206-05-65,206-05-65,5G,IoT Device
260304035435+0200,206,5,20605,42711216,45075620,35124059,SUPPRESSED,206-05-78,5G,Smartphone
260312174610+0000,234,30,23430,54630745,66000233,73976083,SUPPRESSED,234-30-90,4G,Smartphone
260311232418+0000,234,20,23420,56457210,67474272,53872718,SUPPRESSED,234-20-51,3G,Smartphone
260320063927+0100,206,20,20620,52509914,35428360,29262921,SUPPRESSED,206-20-81,5G,Tablet
260321060958+0200,206,10,20610,42762341,39659625,43401258,SUPPRESSED,206-10-40,4G,Smartphone
260303145534+0000,234,20,23420,69369147,61724681,76360721,SUPPRESSED,234-20-29,3G,Smartphone
260326041818+0000,234,38,23438,54814446,64665586,60933761,234-38-27,234-38-27,4G,IoT Device
260322231453+0100,206,1,20601,38325811,42684327,30222953,SUPPRESSED,206-01-19,4G,IoT Device
260318014106+0100,206,5,20605,59152753,46136432,40993309,SUPPRESSED,206-05-44,4G,Smartphone
260311075118+0200,206,5,20605,52792884,40482006,42200024,SUPPRESSED,206-05-69,4G,Smartphone
260323110908+0000,234,10,23410,79557927,54110927,73797850,SUPPRESSED,234-10-91,5G,Tablet
260311080711+0100,234,38,23438,68078969,65893979,76663077,SUPPRESSED,234-38-70,3G,Smartphone
260225170801-0800,310,410,310410,98015505,93808546,80444648,SUPPRESSED,310-410-65,4G,Smartphone
260322074914+0100,240,8,24008,33704387,30937522,14214197,SUPPRESSED,240-08-62,5G,Smartphone
260317191505+0100,234,30,23430,52415645,57799005,52827337,SUPPRESSED,234-30-54,5G,Smartphone
260304160628+0200,240,4,24004,39927133,30487629,28543728,SUPPRESSED,240-04-76,5G,Tablet
260324041400+0100,206,1,20601,33996412,54342252,45516621,SUPPRESSED,206-01-77,4G,Smartphone
260322192758+0000,234,15,23415,76400667,58728846,54951481,SUPPRESSED,234-15-18,3G,Smartphone
260324214556+0100,234,10,23410,51673685,67074757,77048057,234-10-34,234-10-34,5G,Tablet
260227185625+0200,240,1,24001,23930220,22182963,24488480,SUPPRESSED,240-01-36,5G,Smartphone
260306000617+0100,234,10,23410,75384569,52158263,73236064,SUPPRESSED,234-10-88,3G,Tablet
260324132405+0200,206,10,20610,59090576,40004326,29918214,SUPPRESSED,206-10-68,4G,IoT Device
260320181607+0000,234,30,23430,75840676,52307819,53476037,SUPPRESSED,234-30-19,3G,Tablet
260321183945+0100,206,5,20605,42295613,42189471,39820880,SUPPRESSED,206-05-73,3G,Tablet
260319043330+0000,234,33,23433,64108377,50065446,69677436,SUPPRESSED,234-33-65,3G,IoT Device
260318142841+0100,206,20,20620,41485035,52146578,30449727,SUPPRESSED,206-20-43,4G,Smartphone
260321193144+0100,234,30,23430,79487657,73776340,64608129,SUPPRESSED,234-30-48,3G,Smartphone
260307151748-0700,310,480,310480,98249540,88279273,76827185,SUPPRESSED,310-480-19,5G,IoT Device
260310161831+0100,240,24,24024,37696110,29015868,29511333,SUPPRESSED,240-24-90,5G,Smartphone
260316074455-0800,310,410,310410,70684770,86178998,83666123,SUPPRESSED,310-410-69,4G,Smartphone
260320192939+0100,206,20,20620,47619286,32539030,48130005,SUPPRESSED,206-20-35,4G,Smartphone
260303020052+0200,240,5,24005,31872621,25480730,17354009,SUPPRESSED,240-05-99,5G,Tablet
260228094523+0100,206,5,20605,57939134,48436838,30422322,SUPPRESSED,206-05-63,5G,Smartphone
260322114618+0000,234,20,23420,67798371,71009808,51505009,SUPPRESSED,234-20-94,3G,IoT Device
260310150158+0000,234,33,23433,69958194,68960120,65701588,SUPPRESSED,234-33-33,3G,Tablet
260304213859+0200,240,24,24024,28618792,23583445,24541578,SUPPRESSED,240-24-83,3G,Smartphone
260321013715+0200,240,1,24001,37635034,31484305,17118725,SUPPRESSED,240-01-60,5G,Smartphone
260308023755+0100,240,1,24001,38269378,10983717,16116105,SUPPRESSED,240-01-87,5G,Tablet
260325101107-0500,310,410,310410,76307834,80537158,95443627,310-410-40,310-410-40,4G,Smartphone
260225165321+0200,206,10,20610,33697950,30435892,47770721,206-10-39,206-10-39,5G,IoT Device
260324065318-0700,310,480,310480,80610133,71629953,70054360,SUPPRESSED,310-480-67,5G,Smartphone
260304222638+0200,206,20,20620,30904748,48927393,41420729,SUPPRESSED,206-20-32,4G,Smartphone
260309024219-0700,310,260,310260,90958120,70295747,73008748,SUPPRESSED,310-260-68,3G,IoT Device
260301132516-0700,310,120,310120,93556443,89987723,95911182,SUPPRESSED,310-120-25,4G,Smartphone
260325115832+0200,240,24,24024,24088839,15260167,11870427,SUPPRESSED,240-24-76,5G,Smartphone
260320064644-0600,310,410,310410,77981251,87757956,80376996,310-410-46,310-410-46,3G,Smartphone
260228151721+0000,234,30,23430,70389465,74334678,65901770,SUPPRESSED,234-30-66,5G,Smartphone
260325110704+0100,240,16,24016,24839121,28334897,21228207,SUPPRESSED,240-16-14,5G,Smartphone
260305171734-0600,310,260,310260,93953420,85081572,86478240,SUPPRESSED,310-260-94,5G,IoT Device
260310003008+0200,206,1,20601,44489521,53888335,35984724,SUPPRESSED,206-01-13,5G,IoT Device
260326223034-0500,310,480,310480,79760170,90167135,66495392,SUPPRESSED,310-480-96,4G,Smartphone
260309150930-0600,310,260,310260,82396738,77439214,89033059,310-260-33,310-260-33,4G,Smartphone
260225224036-0600,310,410,310410,83081520,70365005,69708887,SUPPRESSED,310-410-98,4G,Smartphone
260315144124+0200,206,20,20620,32576558,38772321,54739605,SUPPRESSED,206-20-37,4G,Smartphone
260314133901-0700,310,260,310260,74016142,76099838,65350823,SUPPRESSED,310-260-17,3G,Smartphone
260225092327+0100,234,33,23433,58670607,72858090,68417966,SUPPRESSED,234-33-90,4G,Tablet
260326073139+0200,240,16,24016,15926730,10530283,12244091,SUPPRESSED,240-16-88,5G,Smartphone
260318113343+0100,240,16,24016,15635368,18875908,10699482,SUPPRESSED,240-16-90,4G,Smartphone
260227063337-0800,310,480,310480,91649831,82330395,81543841,SUPPRESSED,310-480-88,4G,IoT Device
260307013716+0200,206,10,20610,46729969,54098056,26889305,SUPPRESSED,206-10-22,5G,Smartphone
260326233645+0200,240,24,24024,39024549,25063971,28674371,SUPPRESSED,240-24-67,5G,Smartphone
260225054912+0100,240,8,24008,20823552,26135410,23935993,SUPPRESSED,240-08-76,5G,Smartphone
260306034556+0000,234,33,23433,73090988,70017584,74440810,SUPPRESSED,234-33-48,3G,Smartphone
260301011018+0100,234,33,23433,74861961,50161183,55266833,SUPPRESSED,234-33-95,4G,Tablet
260314115439+0100,206,10,20610,59358128,52486575,40816892,SUPPRESSED,206-10-97,4G,Tablet
260324234744+0200,206,1,20601,55831548,35709056,25757801,SUPPRESSED,206-01-25,5G,Smartphone
260227183024+0200,206,5,20605,56202918,44407567,29666923,SUPPRESSED,206-05-39,4G,IoT Device
260301080311+0000,234,33,23433,65376720,72457902,58229948,SUPPRESSED,234-33-79,4G,Tablet
260326102932+0200,206,1,20601,59093341,52881640,50492874,SUPPRESSED,206-01-36,5G,Smartphone
260319122335+0200,206,1,20601,51881797,47893772,45553216,206-01-12,206-01-12,3G,Smartphone
260324035815+0200,206,10,20610,37107036,40192704,53489523,SUPPRESSED,206-10-64,5G,Smartphone
260312141050+0200,240,24,24024,34921374,22472663,18200400,SUPPRESSED,240-24-91,5G,Tablet
260306130904+0000,234,38,23438,50771260,53261610,68921893,SUPPRESSED,234-38-14,3G,Tablet
260313180245+0000,234,10,23410,68147176,69737262,53218505,SUPPRESSED,234-10-86,3G,IoT Device
260226161648+0100,234,20,23420,67417783,68481478,54614797,SUPPRESSED,234-20-80,3G,Tablet
260302134919+0100,240,5,24005,29681310,29652401,24883406,SUPPRESSED,240-05-25,4G,Smartphone
260318061512+0000,234,30,23430,53059042,65451768,69056056,SUPPRESSED,234-30-21,3G,Smartphone
260226071949+0100,234,33,23433,77709870,69569686,53487577,SUPPRESSED,234-33-70,4G,Tablet
260310193250+0100,234,10,23410,79983784,67962112,70839466,SUPPRESSED,234-10-11,5G,Smartphone
260228185928+0100,240,16,24016,28398109,27888872,12966331,SUPPRESSED,240-16-80,5G,Smartphone
260302120154-0500,310,480,310480,91990221,84169096,75144381,310-480-51,310-480-51,4G,IoT Device
260313232954+0100,240,16,24016,23337280,17030322,28994939,SUPPRESSED,240-16-12,4G,Smartphone
260314140651-0500,310,120,310120,97597767,70968312,86850729,310-120-61,310-120-61,4G,Smartphone
260309134655+0200,206,5,20605,51562955,35466171,30573632,SUPPRESSED,206-05-46,3G,Smartphone
260317092003-0500,310,120,310120,72857509,92154352,75687099,SUPPRESSED,310-120-68,5G,IoT Device
260305143834+0200,206,5,20605,55359601,45563603,34933240,SUPPRESSED,206-05-30,5G,Smartphone
260308214545+0200,206,10,20610,56567808,48630454,53903514,206-10-41,206-10-41,5G,Smartphone
260322043501-0700,310,260,310260,78618844,89081857,97211777,SUPPRESSED,310-260-54,4G,Tablet
260310211941-0700,310,260,310260,94854857,78367208,81344668,310-260-44,310-260-44,4G,Tablet
260310165248+0100,234,30,23430,68091311,52995904,72553084,SUPPRESSED,234-30-50,4G,IoT Device
260306230851+0200,240,16,24016,32791488,13476924,13962920,SUPPRESSED,240-16-47,5G,Smartphone
260306195357+0000,234,15,23415,54891784,66196766,56326015,SUPPRESSED,234-15-11,4G,Smartphone
260303100839+0100,240,16,24016,24651689,14366090,15000021,SUPPRESSED,240-16-65,4G,Smartphone
260306183835+0100,206,10,20610,49187798,42608498,25787935,SUPPRESSED,206-10-77,3G,Smartphone
260313115445-0500,310,260,310260,76277142,82745428,69024540,SUPPRESSED,310-260-54,4G,Smartphone
260309010818-0500,310,120,310120,99194745,84240640,81200246,SUPPRESSED,310-120-84,3G,IoT Device
260227181033+0200,206,1,20601,39710879,43662957,27338152,SUPPRESSED,206-01-99,3G,Smartphone
260308174056-0800,310,480,310480,86299974,75062657,67841451,SUPPRESSED,310-480-24,5G,Smartphone
260228164737-0800,310,260,310260,88469233,90975018,77885656,SUPPRESSED,310-260-98,4G,Smartphone
260319034802+0200,206,1,20601,42387231,45067578,46637957,SUPPRESSED,206-01-26,4G,Tablet
260307202819-0800,310,260,310260,86243680,90668192,90695630,SUPPRESSED,310-260-59,4G,Tablet
260312110414+0100,206,20,20620,41056318,38063819,51945037,206-20-29,206-20-29,3G,Smartphone
260311085948+0100,234,20,23420,67908688,63772025,72372531,SUPPRESSED,234-20-58,4G,IoT Device
260227185513+0000,234,30,23430,71459487,53521713,56301523,SUPPRESSED,234-30-78,3G,IoT Device
260315115642-0500,310,120,310120,76641660,92475714,65445255,310-120-98,310-120-98,4G,IoT Device
260227205256+0200,240,8,24008,27750252,29425327,10396623,SUPPRESSED,240-08-24,5G,Smartphone
260317085949+0200,240,4,24004,34629154,29449406,10492096,SUPPRESSED,240-04-53,4G,Smartphone
260325000227+0100,234,38,23438,57351916,65286889,51321859,SUPPRESSED,234-38-53,3G,Tablet
260305191559+0100,240,1,24001,39787500,18090960,10430376,SUPPRESSED,240-01-42,5G,Smartphone
260306021436+0200,206,5,20605,51152151,53583330,33874910,SUPPRESSED,206-05-80,4G,Tablet
260322075203+0200,240,8,24008,13132234,18149399,17728391,SUPPRESSED,240-08-78,5G,Smartphone
260314031821+0100,240,1,24001,24505325,10236771,24601182,SUPPRESSED,240-01-57,5G,Smartphone
260312113707+0100,206,1,20601,42943470,46300113,50850812,206-01-53,206-01-53,5G,Smartphone
260227215920+0000,234,15,23415,69668912,58576232,75262672,SUPPRESSED,234-15-25,3G,Smartphone
260307175323+0200,206,1,20601,46006314,31059172,31318095,SUPPRESSED,206-01-97,5G,Tablet
260228115937+0100,206,20,20620,39070541,52985896,34635007,SUPPRESSED,206-20-12,5G,Tablet
260320160028-0600,310,480,310480,80581644,77601422,91940688,SUPPRESSED,310-480-64,4G,Smartphone
260227135546+0200,240,7,24007,28896479,30848700,27109269,SUPPRESSED,240-07-57,5G,Smartphone
260306120005+0100,240,2,24002,23819490,24447905,24877431,SUPPRESSED,240-02-56,4G,Smartphone
260315190613+0100,206,20,20620,36677902,37303219,41049306,206-20-89,206-20-89,4G,Smartphone
260303095546-0700,310,480,310480,83712454,76093947,83700381,SUPPRESSED,310-480-35,5G,Smartphone
260323053125+0100,240,4,24004,35696801,29731388,14259663,SUPPRESSED,240-04-55,5G,Tablet
260225061012+0200,240,2,24002,14791661,17773715,23276150,SUPPRESSED,240-02-19,4G,Tablet
260316180813+0200,240,1,24001,28892188,32555345,28053218,SUPPRESSED,240-01-48,4G,Smartphone
260323032856+0000,234,15,23415,71717177,50597762,59542766,SUPPRESSED,234-15-82,4G,Tablet
260306035834+0100,234,33,23433,73045014,66409912,75014378,SUPPRESSED,234-33-73,4G,Tablet
260317191413+0200,240,7,24007,24733288,11756665,24384993,SUPPRESSED,240-07-62,5G,Tablet
260321051805+0100,234,10,23410,58909884,59962490,59733682,SUPPRESSED,234-10-44,4G,Smartphone
260225115703+0100,240,4,24004,13611455,10089535,20572943,SUPPRESSED,240-04-61,5G,Tablet
260317230613+0000,234,30,23430,53926055,73026989,62812383,SUPPRESSED,234-30-76,3G,Tablet
260303083619+0000,234,33,23433,60630531,60934046,72787905,234-33-93,234-33-93,3G,Tablet
260310034340-0600,310,480,310480,90232159,86657706,73795821,SUPPRESSED,310-480-16,4G,IoT Device
260227155651+0100,240,16,24016,39360385,28734815,28148895,SUPPRESSED,240-16-79,4G,Smartphone
260311071356+0100,240,8,24008,34980303,16651674,16271899,SUPPRESSED,240-08-43,4G,IoT Device
260324034157+0100,234,38,23438,73718018,67077409,74419237,SUPPRESSED,234-38-93,5G,Smartphone
260325235639+0000,234,38,23438,62811948,68540551,76585872,SUPPRESSED,234-38-40,4G,Smartphone
260314151923+0000,234,10,23410,64889668,57011744,69931365,SUPPRESSED,234-10-17,4G,Smartphone
260226143727+0200,206,10,20610,44608841,53564342,41304598,SUPPRESSED,206-10-37,5G,Smartphone
260326111127+0200,206,5,20605,30759318,32048086,53524240,SUPPRESSED,206-05-73,5G,Smartphone
260226043645+0200,206,10,20610,31051169,50950659,54992116,SUPPRESSED,206-10-94,5G,Smartphone
260304005556+0100,206,20,20620,50197879,47119664,48898285,SUPPRESSED,206-20-21,5G,Smartphone
260309174812-0700,310,120,310120,85571550,94378393,66277126,SUPPRESSED,310-120-58,4G,Smartphone
260305024841-0800,310,120,310120,72366266,83280410,92607373,SUPPRESSED,310-120-68,4G,IoT Device
260228140927+0100,240,24,24024,23764889,14516166,11838296,SUPPRESSED,240-24-12,4G,Tablet
260310124516+0000,234,38,23438,58397526,69224730,65716873,SUPPRESSED,234-38-91,3G,IoT Device
260305171940+0100,234,20,23420,76269443,72330643,63669706,SUPPRESSED,234-20-34,3G,Smartphone
260310052359+0100,234,30,23430,51647265,64588454,60810839,SUPPRESSED,234-30-12,3G,Smartphone
260324173635+0100,234,33,23433,62533866,62403151,64493882,SUPPRESSED,234-33-34,3G,Smartphone
260301002340-0800,310,410,310410,92843116,92376270,72887651,310-410-40,310-410-40,5G,Smartphone
260325210107+0000,234,20,23420,57119749,74110197,69215657,SUPPRESSED,234-20-91,3G,Smartphone
260320230338+0000,234,33,23433,56760575,52977560,52385273,SUPPRESSED,234-33-57,3G,Tablet
260315174112+0100,234,30,23430,62003798,62498450,52440978,SUPPRESSED,234-30-77,3G,Smartphone
260317021427+0100,234,33,23433,67406428,61057128,71261264,SUPPRESSED,234-33-95,5G,Smartphone
260301183023-0800,310,480,310480,93033379,82283234,88606317,SUPPRESSED,310-480-30,3G,Smartphone
260325085734+0100,234,20,23420,57980454,67721564,77302030,234-20-83,234-20-83,3G,Smartphone
260303084507+0200,206,10,20610,41648234,53422587,27831400,SUPPRESSED,206-10-26,5G,Smartphone
260307201712+0200,240,7,24007,27465986,34488570,13560383,SUPPRESSED,240-07-39,4G,Smartphone
260302074517-0600,310,120,310120,77532829,90802026,73025398,SUPPRESSED,310-120-88,5G,Smartphone
260321065202-0500,310,120,310120,83966668,92780442,80266479,SUPPRESSED,310-120-32,3G,IoT Device
260315143620+0200,240,4,24004,19145810,34602710,27014947,SUPPRESSED,240-04-61,5G,IoT Device
260311160835-0700,310,410,310410,70801444,83115189,79401212,310-410-46,310-410-46,4G,IoT Device
260320035434+0100,234,33,23433,52754455,57036638,63231851,SUPPRESSED,234-33-65,4G,Tablet
260323231832+0200,206,5,20605,53793809,36176346,26110020,SUPPRESSED,206-05-63,5G,Smartphone
260318063418+0200,240,2,24002,23129204,12091655,25112447,SUPPRESSED,240-02-28,5G,Tablet
260321011351+0000,234,30,23430,53101717,65025422,64520614,SUPPRESSED,234-30-95,3G,Smartphone
260326074255+0000,234,33,23433,53360149,65918149,57916971,SUPPRESSED,234-33-54,4G,Smartphone
260321185734-0500,310,410,310410,76316951,78297211,72199995,SUPPRESSED,310-410-83,3G,IoT Device
260302021401-0700,310,260,310260,84419795,76168783,90570646,SUPPRESSED,310-260-81,5G,IoT Device
260324095212+0200,240,7,24007,33660714,18531210,11993136,SUPPRESSED,240-07-65,3G,Smartphone
260318075016-0800,310,410,310410,72310499,93758308,98398850,SUPPRESSED,310-410-72,4G,IoT Device
260319012351+0100,234,33,23433,62843533,71570160,70428018,SUPPRESSED,234-33-78,4G,Tablet
260307025239+0100,240,7,24007,20323121,24527731,11739994,SUPPRESSED,240-07-72,5G,Smartphone
260310060706-0600,310,120,310120,71063341,85299985,88584512,310-120-95,310-120-95,4G,Smartphone
260304103516+0100,240,5,24005,31281730,23693945,26391880,SUPPRESSED,240-05-59,5G,Smartphone
260305162534+0000,234,38,23438,68970571,62537353,56913951,SUPPRESSED,234-38-10,3G,IoT Device
260308060652+0200,206,1,20601,37286710,52526840,46267106,SUPPRESSED,206-01-93,4G,Tablet
260315230926+0200,206,20,20620,44025645,45814049,45710839,SUPPRESSED,206-20-60,5G,Smartphone
260320164520+0100,206,20,20620,37101892,47568975,39445399,SUPPRESSED,206-20-46,4G,Tablet
260309113654+0200,206,5,20605,55286529,52060517,38429232,SUPPRESSED,206-05-45,5G,Tablet
260325151707+0100,206,1,20601,52455815,32652927,36406590,SUPPRESSED,206-01-96,3G,Tablet
260325092711+0200,240,24,24024,15580822,34506495,19063767,SUPPRESSED,240-24-64,5G,Smartphone
260318143902-0500,310,260,310260,74898181,86244754,98503832,SUPPRESSED,310-260-25,4G,IoT Device
260227150002+0000,234,15,23415,56756552,62958075,59121185,SUPPRESSED,234-15-28,3G,Smartphone
260310022932+0100,234,30,23430,54600628,67640912,66891063,SUPPRESSED,234-30-79,3G,IoT Device
260316211713+0200,206,5,20605,37523275,54268238,39503585,SUPPRESSED,206-05-97,5G,Smartphone
260326095540+0100,234,20,23420,60598576,54250143,75953683,SUPPRESSED,234-20-59,5G,Smartphone
260309155136-0500,310,410,310410,97118765,92930237,79947980,SUPPRESSED,310-410-84,4G,Smartphone
260318172837+0200,206,1,20601,43197643,50909240,49409962,SUPPRESSED,206-01-82,5G,IoT Device
260225073859+0100,206,1,20601,39014727,43219234,40797073,SUPPRESSED,206-01-23,4G,Smartphone
260318021021+0100,206,1,20601,34773006,33246764,42167189,SUPPRESSED,206-01-35,4G,Smartphone
260323170103-0700,310,410,310410,90047666,85069079,77150096,SUPPRESSED,310-410-32,4G,Smartphone
260318000821+0200,240,16,24016,32349673,15352931,18380499,SUPPRESSED,240-16-12,5G,Tablet
260320081454+0100,234,15,23415,59340258,73156380,68033550,SUPPRESSED,234-15-42,3G,IoT Device
260226043443+0000,234,33,23433,71588036,56749421,70983957,SUPPRESSED,234-33-80,4G,Tablet
260312164154+0100,206,5,20605,50303433,35718223,42558109,206-05-47,206-05-47,4G,Smartphone
260227204725-0600,310,480,310480,97588126,75310468,90197822,310-480-93,310-480-93,3G,IoT Device
260319190201-0500,310,480,310480,80472335,73248663,97212032,SUPPRESSED,310-480-97,5G,Smartphone
260323185924-0500,310,480,310480,74343644,83006892,85194695,SUPPRESSED,310-480-28,5G,Smartphone
260304074329+0200,240,5,24005,18891591,12683261,23659418,SUPPRESSED,240-05-62,5G,Smartphone
260326163403+0100,206,5,20605,42459466,41128853,49840078,SUPPRESSED,206-05-62,5G,Smartphone
260322075401+0100,240,16,24016,18051372,17316977,21789275,SUPPRESSED,240-16-76,4G,Smartphone
260228190620+0000,234,33,23433,62672353,58426150,75295217,SUPPRESSED,234-33-61,5G,Smartphone
260310130303+0100,234,38,23438,73849086,61301145,53487136,SUPPRESSED,234-38-76,4G,Tablet
260310161334+0100,234,38,23438,72282106,60157965,74401792,SUPPRESSED,234-38-24,3G,Smartphone
260307141210+0000,234,38,23438,54566444,73162097,74123195,SUPPRESSED,234-38-98,3G,IoT Device
260318121734+0100,234,20,23420,61649189,62122560,72262348,SUPPRESSED,234-20-91,3G,Smartphone
260228054325-0700,310,260,310260,90988290,85235389,73798900,SUPPRESSED,310-260-26,4G,Smartphone
260321182425-0700,310,120,310120,77325282,83689790,85117390,SUPPRESSED,310-120-45,5G,IoT Device
260301112843-0600,310,410,310410,77790228,86093187,76836173,SUPPRESSED,310-410-18,4G,Smartphone
260227125744-0600,310,410,310410,88961754,90787445,91471916,SUPPRESSED,310-410-90,5G,Tablet
260311085144+0200,240,2,24002,26101980,19269419,15162096,SUPPRESSED,240-02-80,3G,Smartphone
260317091620+0100,240,2,24002,29119299,31315623,18644040,SUPPRESSED,240-02-50,5G,Smartphone
260323054839+0100,206,20,20620,43137442,32105640,45212394,SUPPRESSED,206-20-34,5G,Smartphone
260326232655+0100,234,30,23430,79754767,60028218,75859458,SUPPRESSED,234-30-84,3G,Smartphone
260319004747-0800,310,260,310260,81730774,88571886,99112166,SUPPRESSED,310-260-10,5G,IoT Device
260301095322+0000,234,10,23410,51221846,64208532,72713912,SUPPRESSED,234-10-98,4G,Tablet
260228230703+0200,240,24,24024,29914929,34435332,27131592,SUPPRESSED,240-24-20,5G,Smartphone
260317215845+0100,206,10,20610,33294062,39490082,41463389,SUPPRESSED,206-10-31,4G,Smartphone
260319112615+0100,234,15,23415,52888526,51944377,68289243,SUPPRESSED,234-15-83,4G,Smartphone
260324173456-0800,310,410,310410,99906824,89834302,97949700,SUPPRESSED,310-410-52,4G,IoT Device
260228092408+0100,206,1,20601,39208011,44160262,51372021,SUPPRESSED,206-01-19,5G,Smartphone
260226065748+0200,240,2,24002,23269642,16411991,26216382,SUPPRESSED,240-02-64,5G,Smartphone
260306053021+0100,234,20,23420,69696261,54306965,62130606,SUPPRESSED,234-20-71,3G,IoT Device
260311154936-0700,310,120,310120,71232416,90801212,99442872,SUPPRESSED,310-120-26,3G,Smartphone
260320141727+0100,234,33,23433,75352517,53016313,56656168,SUPPRESSED,234-33-23,3G,IoT Device
260323180453-0800,310,410,310410,92323600,76172897,71279299,SUPPRESSED,310-410-50,4G,IoT Device
260225032743+0100,240,2,24002,11999974,25653599,27261727,SUPPRESSED,240-02-99,5G,Tablet
260323044002+0100,240,8,24008,26017264,29878397,19578596,SUPPRESSED,240-08-14,5G,Smartphone
260314011837+0200,240,7,24007,15515384,22648574,14993440,SUPPRESSED,240-07-10,4G,Smartphone
260311080726+0200,206,1,20601,35609386,49095628,25189633,SUPPRESSED,206-01-99,4G,Smartphone
260319223354+0100,240,2,24002,33852183,19070827,11966037,SUPPRESSED,240-02-36,5G,Smartphone
260319222208+0100,240,7,24007,23388358,17689954,29094959,SUPPRESSED,240-07-67,5G,Tablet
260323014344+0200,240,1,24001,31075319,23545205,18180184,SUPPRESSED,240-01-17,4G,Smartphone
260308164610+0200,206,5,20605,49336684,45500313,50757541,SUPPRESSED,206-05-42,3G,Smartphone
260313072834+0100,234,20,23420,69779230,69530925,57799320,SUPPRESSED,234-20-74,5G,Tablet
260319034902-0700,310,120,310120,81862232,83649815,80588121,SUPPRESSED,310-120-16,5G,IoT Device
260318070901-0500,310,120,310120,83709718,70217532,90329002,SUPPRESSED,310-120-73,3G,Tablet
260313215443+0100,234,30,23430,73190444,55183609,73272220,SUPPRESSED,234-30-93,4G,Tablet
260302203027+0000,234,33,23433,52186963,59012834,56711030,SUPPRESSED,234-33-68,5G,Tablet
260325191239+0200,240,5,24005,38799033,32116237,24299901,SUPPRESSED,240-05-35,5G,Tablet
260312035136-0700,310,480,310480,70325593,94802025,93796182,SUPPRESSED,310-480-71,5G,Smartphone
260325225217+0100,240,1,24001,10552235,24846064,27504603,SUPPRESSED,240-01-91,5G,Smartphone
260304103400-0500,310,260,310260,91720986,72053832,67522931,SUPPRESSED,310-260-41,5G,Smartphone
260227145424+0100,240,2,24002,20357758,21369722,11199578,SUPPRESSED,240-02-96,4G,IoT Device
260309031517+0000,234,38,23438,54171138,61501335,65236984,SUPPRESSED,234-38-88,4G,IoT Device
260307064344-0700,310,410,310410,81019390,92100742,66981415,SUPPRESSED,310-410-23,4G,IoT Device
260322205425+0200,240,8,24008,24332543,12898306,22417579,SUPPRESSED,240-08-84,3G,Smartphone
260227192954+0000,234,20,23420,71633582,61206691,76746526,SUPPRESSED,234-20-50,4G,IoT Device
260305152448+0100,234,15,23415,59885190,58658915,69905956,SUPPRESSED,234-15-11,3G,Tablet
260301170014-0500,310,480,310480,87428503,85178065,90258038,SUPPRESSED,310-480-65,4G,Smartphone
260226202241+0200,240,2,24002,28281242,12480968,13549107,SUPPRESSED,240-02-17,4G,Smartphone
260225213124+0100,234,30,23430,61440420,72135348,54484948,SUPPRESSED,234-30-69,4G,Smartphone
260228010322-0700,310,120,310120,71042097,72801216,72831586,SUPPRESSED,310-120-85,3G,Smartphone
260304194022+0200,206,5,20605,53736450,48577194,26034047,SUPPRESSED,206-05-28,5G,Tablet
260226151845-0600,310,480,310480,98708577,85160426,80643689,SUPPRESSED,310-480-56,4G,Tablet
260311205419+0000,234,33,23433,69060798,55710317,56991568,SUPPRESSED,234-33-39,3G,IoT Device
260325132950+0100,206,20,20620,38280130,32953724,30869790,SUPPRESSED,206-20-55,5G,Smartphone
260311003759+0000,234,10,23410,72040449,52113864,69086155,SUPPRESSED,234-10-93,4G,IoT Device
260225224622+0000,234,20,23420,73686582,55136535,64135288,SUPPRESSED,234-20-30,3G,Smartphone
260305034519+0100,240,24,24024,39233330,34140612,21535713,SUPPRESSED,240-24-57,3G,Smartphone
260304111828+0200,206,1,20601,30218703,38722078,43218794,SUPPRESSED,206-01-68,5G,Smartphone
260306051653+0100,240,4,24004,10647447,13490625,19598359,SUPPRESSED,240-04-89,5G,Smartphone
260322111649-0800,310,480,310480,94630800,83781815,72040171,SUPPRESSED,310-480-75,4G,Smartphone
260308064424-0600,310,410,310410,98104851,90024533,78056346,SUPPRESSED,310-410-66,5G,Tablet
260313045909-0600,310,410,310410,76360046,92924862,98483442,SUPPRESSED,310-410-66,3G,IoT Device
260226080302+0100,234,15,23415,69162925,71550237,52712223,SUPPRESSED,234-15-63,3G,Tablet
260316160945+0100,234,20,23420,73556921,56190409,50786421,SUPPRESSED,234-20-67,5G,Smartphone
260325020506+0000,234,30,23430,71230018,51758462,51037613,SUPPRESSED,234-30-93,3G,Tablet
260322062329+0200,206,5,20605,48086623,42835778,46993138,206-05-47,206-05-47,4G,Smartphone
260322083058+0100,240,16,24016,20791545,28563760,29947716,SUPPRESSED,240-16-29,5G,Smartphone
260226104233-0800,310,410,310410,85853828,77817873,70835980,SUPPRESSED,310-410-95,4G,Tablet
260306022511+0100,240,4,24004,24121501,30618145,27632390,SUPPRESSED,240-04-19,5G,Smartphone
260321235508+0100,240,4,24004,14373455,33278243,10332760,SUPPRESSED,240-04-82,5G,Tablet
260323101916+0100,234,38,23438,74885071,54688291,65693535,SUPPRESSED,234-38-46,3G,Smartphone
260323142327+0100,206,1,20601,55799034,42494186,30477125,SUPPRESSED,206-01-94,5G,Smartphone
260326111804+0200,206,5,20605,37292583,38064503,37017890,SUPPRESSED,206-05-20,5G,Smartphone
260304110143+0200,240,16,24016,30403422,18713393,21285650,SUPPRESSED,240-16-92,3G,IoT Device
260303093634-0800,310,260,310260,91964591,89644141,78462506,SUPPRESSED,310-260-51,5G,Tablet
260225132324+0000,234,10,23410,59276774,67861803,69272138,SUPPRESSED,234-10-64,3G,IoT Device
260315081712+0200,206,1,20601,31118947,32466553,32510055,SUPPRESSED,206-01-85,5G,Smartphone
260317061831+0100,206,20,20620,38980371,30280727,26369590,SUPPRESSED,206-20-14,5G,IoT Device
260319225606-0600,310,260,310260,71572340,92562520,77512535,SUPPRESSED,310-260-54,4G,Smartphone
260313054716+0100,240,16,24016,14784600,31751650,10316414,SUPPRESSED,240-16-31,5G,Tablet
260317055838-0700,310,260,310260,71077746,92191693,69537099,SUPPRESSED,310-260-29,5G,Tablet
260321214411-0600,310,260,310260,79743140,94074706,67809792,SUPPRESSED,310-260-52,4G,Smartphone
260322060842+0100,240,4,24004,38235141,12995333,13670185,SUPPRESSED,240-04-11,5G,Tablet
260228194724+0100,240,1,24001,22358073,17451411,27117396,SUPPRESSED,240-01-38,5G,Smartphone
260310100322-0500,310,480,310480,86285393,76085881,82201504,SUPPRESSED,310-480-24,4G,Smartphone
260319200124+0000,234,15,23415,78207098,55871332,56873568,SUPPRESSED,234-15-13,3G,Smartphone
260302195055+0200,206,20,20620,48528247,54025277,41206150,SUPPRESSED,206-20-56,4G,IoT Device
260321080107-0700,310,120,310120,96140887,91201570,90894813,310-120-95,310-120-95,4G,IoT Device
260326022449+0100,206,1,20601,37770483,36643919,52759112,SUPPRESSED,206-01-39,3G,IoT Device
260324051220+0000,234,20,23420,65101512,58974525,57876833,SUPPRESSED,234-20-93,3G,Tablet
260225070551+0100,240,16,24016,19993791,32375829,21301812,SUPPRESSED,240-16-31,5G,IoT Device
260228095030+0200,206,10,20610,36903722,33722697,27965212,SUPPRESSED,206-10-99,3G,IoT Device
260302044213+0000,234,38,23438,75267669,58934051,56051567,SUPPRESSED,234-38-84,3G,Smartphone
260227010111-0700,310,120,310120,87942567,87188589,80451868,SUPPRESSED,310-120-15,4G,Tablet
260228214237+0100,240,7,24007,35328026,34181997,17102594,SUPPRESSED,240-07-76,5G,Smartphone
260323121657+0100,240,2,24002,16013930,33401175,15659566,SUPPRESSED,240-02-64,4G,Smartphone
260302200536+0200,240,2,24002,34410391,10908808,11295076,SUPPRESSED,240-02-36,5G,Smartphone
260317120300+0200,206,10,20610,56704217,33284265,34755002,SUPPRESSED,206-10-64,5G,IoT Device
260325051428+0200,240,2,24002,39163437,27213248,19456945,SUPPRESSED,240-02-24,4G,Smartphone
260322164421+0100,206,1,20601,32964601,50398152,26709327,SUPPRESSED,206-01-45,4G,Smartphone
260305071557-0600,310,410,310410,94008261,74343255,73059101,SUPPRESSED,310-410-59,3G,Smartphone
260311224626+0000,234,20,23420,71369972,72660153,69721934,SUPPRESSED,234-20-53,4G,Tablet
260323141752+0000,234,20,23420,76157139,69450523,50245326,SUPPRESSED,234-20-47,3G,IoT Device
260324151207+0100,206,1,20601,47417463,49838032,50934840,SUPPRESSED,206-01-95,5G,Tablet
260225054029+0000,234,20,23420,76535881,73310932,67887525,SUPPRESSED,234-20-20,3G,Smartphone
260323113752+0100,234,38,23438,58948292,67606486,53099993,SUPPRESSED,234-38-98,5G,Tablet
260326101120+0100,206,10,20610,31510318,34679807,44413346,SUPPRESSED,206-10-31,5G,Tablet
260324141148+0200,240,24,24024,35734934,31251114,25509913,SUPPRESSED,240-24-45,4G,Smartphone
260306094425+0200,206,1,20601,42919524,44230917,31094478,206-01-88,206-01-88,3G,Smartphone
260225220143+0200,206,20,20620,49973208,50437713,33152330,SUPPRESSED,206-20-51,5G,Smartphone
260314203456-0500,310,410,310410,97800388,89303249,82346777,310-410-40,310-410-40,4G,Tablet
260322070732+0100,206,20,20620,59960808,36919189,54875089,SUPPRESSED,206-20-52,3G,Smartphone
260304053444+0200,240,24,24024,38345100,29400879,25809323,SUPPRESSED,240-24-48,5G,IoT Device
260321173211-0500,310,410,310410,88743788,73026978,92480266,310-410-46,310-410-46,4G,Smartphone
260325091852-0500,310,120,310120,84376195,74508454,97993963,310-120-29,310-120-29,4G,Smartphone
260320000640-0500,310,480,310480,74846139,88812349,66271571,SUPPRESSED,310-480-94,4G,Smartphone
260227153242+0000,234,30,23430,66564011,56490651,76088434,SUPPRESSED,234-30-71,4G,Tablet
260308094105+0200,240,5,24005,13837983,12778280,10704782,SUPPRESSED,240-05-80,5G,Tablet
260320132756+0000,234,15,23415,67608440,50240965,76500646,SUPPRESSED,234-15-85,5G,IoT Device
260226172429+0100,234,30,23430,76720016,69436925,66896706,SUPPRESSED,234-30-37,5G,Smartphone
260227011945+0100,206,10,20610,58928914,54968550,27114044,SUPPRESSED,206-10-59,4G,IoT Device
260305221801+0100,206,1,20601,37223218,45768450,48375783,SUPPRESSED,206-01-32,5G,IoT Device
260315142503+0000,234,10,23410,56697221,59900329,50439497,SUPPRESSED,234-10-59,3G,Tablet
260310162458+0000,234,10,23410,66329852,71564272,52933547,SUPPRESSED,234-10-47,5G,Smartphone
260323113056+0100,234,10,23410,51610187,55186358,58376388,SUPPRESSED,234-10-37,4G,Tablet
260316143725+0200,240,4,24004,36283219,32247611,16576688,SUPPRESSED,240-04-72,5G,Smartphone
260310165343+0100,240,2,24002,16463283,33450791,23446535,SUPPRESSED,240-02-50,4G,Smartphone
260228074330+0200,240,16,24016,31216900,28636111,25471616,SUPPRESSED,240-16-19,5G,Smartphone
260314205018+0100,240,7,24007,19033078,13677853,24468651,SUPPRESSED,240-07-13,5G,Smartphone
260316045143+0100,206,5,20605,42000458,51509837,47324454,SUPPRESSED,206-05-82,3G,Smartphone
260311123403+0100,240,1,24001,23902254,26755137,10949712,SUPPRESSED,240-01-26,3G,Smartphone
260304090148-0800,310,480,310480,86791851,81929178,89931341,SUPPRESSED,310-480-88,3G,IoT Device
260228215325+0200,206,20,20620,43796257,47324561,39335485,206-20-85,206-20-85,5G,Smartphone
260306100056+0100,240,24,24024,11820623,12334210,28074361,SUPPRESSED,240-24-38,5G,Smartphone
260301120541+0100,206,20,20620,55661588,48791763,33738559,206-20-93,206-20-93,5G,Smartphone
260305193134+0100,234,15,23415,57402400,58807259,67680280,SUPPRESSED,234-15-86,3G,IoT Device
260226191344+0100,234,33,23433,70932482,55957105,66757819,SUPPRESSED,234-33-84,3G,Smartphone
260309175039+0100,206,5,20605,37698688,39209577,49144995,SUPPRESSED,206-05-97,5G,Tablet
260316070935-0500,310,410,310410,89973168,90499225,70421794,SUPPRESSED,310-410-34,4G,Smartphone
260307075239-0500,310,480,310480,80389422,91661589,94916784,SUPPRESSED,310-480-74,3G,Smartphone
260315014720+0200,206,10,20610,33058243,31471506,48822281,SUPPRESSED,206-10-72,4G,Tablet
260315133316+0000,234,10,23410,55029909,67065310,60108851,SUPPRESSED,234-10-98,3G,Smartphone
260228052702-0500,310,260,310260,74329678,84886158,94139463,SUPPRESSED,310-260-84,4G,Tablet
260311230149+0200,240,24,24024,14640776,32734732,20875226,SUPPRESSED,240-24-14,3G,Smartphone
260317210444-0700,310,120,310120,81028231,70408221,88196818,SUPPRESSED,310-120-73,4G,Smartphone
260304060314+0200,206,10,20610,52449512,50563677,30452486,206-10-41,206-10-41,3G,Smartphone
260321071144+0100,240,1,24001,12447975,11626738,25252293,SUPPRESSED,240-01-93,5G,Smartphone
260302143658+0200,206,20,20620,45386141,31617166,46405509,206-20-89,206-20-89,5G,IoT Device
260225090457+0200,206,10,20610,39682438,30314091,46557510,SUPPRESSED,206-10-70,5G,Smartphone
260301082922+0100,240,7,24007,31407798,28542120,15047669,SUPPRESSED,240-07-68,4G,Smartphone
260226093418+0100,234,33,23433,68916290,57146703,75660344,SUPPRESSED,234-33-60,3G,Smartphone
260305143046+0100,240,7,24007,35765979,32031776,20377314,SUPPRESSED,240-07-55,5G,Smartphone
260318153121+0000,234,33,23433,52256323,74839734,68274659,SUPPRESSED,234-33-57,3G,Tablet
260302103036+0100,234,30,23430,79020685,73948255,55205504,SUPPRESSED,234-30-94,3G,Tablet
260324093739-0800,310,260,310260,74686808,89871993,86181626,SUPPRESSED,310-260-36,4G,IoT Device
260308104704+0100,206,10,20610,45821312,42093657,48866458,SUPPRESSED,206-10-43,3G,Smartphone
260307053546+0100,206,1,20601,52761551,30049445,35678360,SUPPRESSED,206-01-97,5G,IoT Device
260304065205+0000,234,30,23430,74350987,60633900,75022039,SUPPRESSED,234-30-13,4G,Smartphone
260325073548+0200,240,7,24007,30863998,15607579,11046904,SUPPRESSED,240-07-14,5G,Tablet
260323102358+0100,240,8,24008,27300506,32458143,19109758,SUPPRESSED,240-08-65,4G,Smartphone
260323133115+0000,234,20,23420,73294923,72367087,58662099,SUPPRESSED,234-20-52,5G,Tablet
260302195814-0800,310,480,310480,93228962,87117395,84682400,SUPPRESSED,310-480-45,4G,Smartphone
260306145307+0000,234,20,23420,75651057,55815715,58389093,SUPPRESSED,234-20-14,5G,IoT Device
260324170524+0100,206,1,20601,30861342,33691345,32618450,SUPPRESSED,206-01-64,5G,Smartphone
260322170913+0200,206,20,20620,35536782,32771944,35116976,206-20-93,206-20-93,4G,Smartphone
260306215325+0100,206,20,20620,56204289,39139271,53793739,206-20-94,206-20-94,4G,Smartphone
260323062448+0100,240,24,24024,21489234,21477413,26570383,SUPPRESSED,240-24-33,4G,IoT Device
260303083640-0600,310,410,310410,75235820,80702744,79700978,SUPPRESSED,310-410-30,3G,Smartphone
260320192841+0200,240,1,24001,17626267,30726321,22615807,SUPPRESSED,240-01-31,5G,Smartphone
260312080943-0500,310,260,310260,73398416,71663407,72493173,310-260-34,310-260-34,4G,Smartphone
260312005636-0500,310,410,310410,72023854,85778218,81718435,310-410-17,310-410-17,5G,Smartphone
260318105702+0100,234,30,23430,55940582,66295644,57060863,SUPPRESSED,234-30-71,3G,Tablet
260318131341+0200,240,24,24024,32462256,17059638,26071162,SUPPRESSED,240-24-96,4G,Tablet
260314122452+0100,234,33,23433,71767279,50510372,52810675,SUPPRESSED,234-33-53,3G,Tablet
260303070838-0500,310,260,310260,71901891,81078055,88834147,SUPPRESSED,310-260-86,3G,Smartphone
260322232629-0500,310,120,310120,96902166,79864333,73479558,SUPPRESSED,310-120-55,5G,IoT Device
260309195836-0800,310,480,310480,83580509,74150845,93237304,SUPPRESSED,310-480-74,3G,Smartphone
260325033110+0200,206,20,20620,44018692,36383832,47798784,SUPPRESSED,206-20-24,5G,Smartphone
260301024041+0200,240,7,24007,25478107,34525872,21355939,SUPPRESSED,240-07-92,5G,IoT Device
260312153040-0500,310,120,310120,94363773,76027078,75057145,SUPPRESSED,310-120-64,4G,Smartphone
260311005633+0100,240,4,24004,11465878,13341252,29993195,SUPPRESSED,240-04-78,5G,Smartphone
260310144720+0000,234,33,23433,73573755,50628936,62809182,SUPPRESSED,234-33-56,3G,Tablet
260321051212+0100,234,20,23420,63329644,63740500,63999806,SUPPRESSED,234-20-77,4G,IoT Device
260225194526+0200,240,4,24004,33642044,31974230,10776837,SUPPRESSED,240-04-31,5G,Tablet
260316103656+0100,206,1,20601,56778085,49620399,32399927,206-01-53,206-01-53,5G,Smartphone
260305220047+0200,206,10,20610,49085852,48682348,30738730,206-10-32,206-10-32,4G,IoT Device
260320154720-0600,310,410,310410,81780591,90718567,85631616,SUPPRESSED,310-410-58,5G,IoT Device
260228152036-0500,310,260,310260,88970193,91058936,98178465,SUPPRESSED,310-260-90,4G,IoT Device
260307021557-0800,310,410,310410,98180082,87461924,74985488,SUPPRESSED,310-410-19,5G,Tablet
260306035455-0600,310,480,310480,71305557,89936432,82904726,SUPPRESSED,310-480-57,4G,Smartphone
260302191322+0200,206,10,20610,42105983,49245322,54177315,SUPPRESSED,206-10-80,5G,Smartphone
260327004843-0500,310,480,310480,97908887,70142921,83468238,SUPPRESSED,310-480-15,4G,IoT Device
260225080616+0100,206,10,20610,46061739,47819788,35741700,SUPPRESSED,206-10-50,5G,IoT Device
260320134845+0200,206,5,20605,31534143,33519413,45133988,SUPPRESSED,206-05-53,5G,Tablet
260321174201+0100,234,10,23410,59115034,67104370,59547601,SUPPRESSED,234-10-95,4G,Tablet
260311054811-0500,310,120,310120,96475171,88068749,71582580,SUPPRESSED,310-120-34,4G,IoT Device
260323010545+0100,206,10,20610,44064248,53688536,39055235,SUPPRESSED,206-10-21,5G,Smartphone
260311073320+0100,234,15,23415,67665520,54881037,54055175,234-15-32,234-15-32,4G,IoT Device
260318181003+0100,240,2,24002,10809103,17282235,23258265,SUPPRESSED,240-02-67,4G,Smartphone
260306112226+0200,240,2,24002,35125985,26516268,27909495,SUPPRESSED,240-02-57,5G,Smartphone
260303085140+0100,240,1,24001,39716906,22097709,26515160,SUPPRESSED,240-01-67,5G,Smartphone
260308074439+0100,206,20,20620,33638791,36296317,31850734,206-20-74,206-20-74,3G,Smartphone
260306055819+0200,240,24,24024,25992700,15195549,21616818,SUPPRESSED,240-24-38,5G,Smartphone
260321092657+0100,240,16,24016,34200934,22365823,21640010,SUPPRESSED,240-16-81,3G,Smartphone
260303201848-0700,310,260,310260,86538654,76480324,90252036,310-260-38,310-260-38,5G,Smartphone
260319231222+0000,234,30,23430,68889003,52193200,55052113,SUPPRESSED,234-30-74,4G,Tablet
260306204415-0800,310,480,310480,86165637,80015015,75786529,SUPPRESSED,310-480-27,4G,Smartphone
260324175414+0200,240,1,24001,22576619,14805083,10439146,SUPPRESSED,240-01-16,4G,Smartphone
260314030327+0100,206,10,20610,35184070,41898633,37317624,SUPPRESSED,206-10-86,5G,Tablet
260326114103+0200,206,10,20610,36468592,41020760,45642449,SUPPRESSED,206-10-70,4G,Tablet
260226234951+0200,240,1,24001,12056316,22323530,26824476,SUPPRESSED,240-01-74,3G,Smartphone
260228081047+0200,206,5,20605,41616937,49930670,49981586,SUPPRESSED,206-05-55,5G,IoT Device
260316060233+0100,234,38,23438,53309842,67551256,74848385,SUPPRESSED,234-38-66,3G,IoT Device
260228050356+0200,240,8,24008,23666545,16764914,25468821,SUPPRESSED,240-08-91,5G,Smartphone
260321210119+0100,206,5,20605,38134257,37261327,26071501,SUPPRESSED,206-05-80,5G,IoT Device
260302162242+0200,240,2,24002,24802073,16549706,27067869,SUPPRESSED,240-02-21,4G,Smartphone
260305141832-0700,310,480,310480,72197531,84912986,82579319,SUPPRESSED,310-480-61,4G,IoT Device
260310171905+0100,234,33,23433,60556559,52180523,76967907,SUPPRESSED,234-33-97,3G,Smartphone
260302054029-0700,310,410,310410,87141015,74768205,78192749,SUPPRESSED,310-410-20,3G,IoT Device
260308193321+0100,234,38,23438,68081011,65032345,51875015,SUPPRESSED,234-38-33,4G,IoT Device
260313041223+0100,234,20,23420,52833119,66956690,63938680,SUPPRESSED,234-20-96,3G,Tablet
260308180206+0200,240,4,24004,32294507,15494794,22379369,SUPPRESSED,240-04-74,4G,IoT Device
260228233041+0000,234,30,23430,64706568,71444376,50480357,SUPPRESSED,234-30-46,3G,Tablet
260321145043+0100,206,1,20601,47431499,33659205,30343373,SUPPRESSED,206-01-84,3G,Smartphone
260315043751+0200,240,16,24016,22219842,26154731,17143989,SUPPRESSED,240-16-18,4G,Tablet
260312034432+0200,240,8,24008,29976640,30487376,25110294,SUPPRESSED,240-08-80,5G,Smartphone
260303031110+0100,206,10,20610,37239149,49364034,45592405,SUPPRESSED,206-10-95,5G,Smartphone
260227000107+0100,240,16,24016,32573929,19696518,29492920,SUPPRESSED,240-16-92,4G,Smartphone
260312203437+0100,240,2,24002,15337145,12424982,17822446,SUPPRESSED,240-02-14,5G,Tablet
260310211827+0100,206,1,20601,35016417,35695426,43212450,SUPPRESSED,206-01-77,5G,IoT Device
260305171524+0000,234,33,23433,60088155,65719291,69848561,SUPPRESSED,234-33-36,3G,Smartphone
260307113835-0700,310,480,310480,76717014,76344940,96012505,SUPPRESSED,310-480-58,4G,Smartphone
260308193243+0200,206,1,20601,33946636,31482785,48481532,SUPPRESSED,206-01-83,5G,Tablet
260309124753+0200,240,8,24008,18303655,15073945,28488175,SUPPRESSED,240-08-92,5G,Smartphone
260310193547+0200,206,5,20605,33132800,41705393,39771914,SUPPRESSED,206-05-57,4G,Tablet
260318005346+0200,240,16,24016,28387055,16816760,27230476,SUPPRESSED,240-16-60,5G,Tablet
260304063227+0000,234,30,23430,64023903,53493210,65340252,SUPPRESSED,234-30-89,4G,Tablet
260323132401-0600,310,120,310120,85380214,75409190,85302197,SUPPRESSED,310-120-13,4G,IoT Device
260318003307+0200,206,5,20605,30046391,52440083,42864153,SUPPRESSED,206-05-18,4G,Smartphone
260324081501+0200,240,8,24008,15494265,20974536,27012506,SUPPRESSED,240-08-85,3G,Smartphone
260326223517+0100,240,7,24007,16314509,33661329,22708805,SUPPRESSED,240-07-27,5G,Smartphone
260312050728+0200,206,1,20601,35558495,39631136,46218813,SUPPRESSED,206-01-99,4G,Smartphone
260310143803+0200,240,1,24001,32693859,32407027,28286527,SUPPRESSED,240-01-51,4G,Smartphone
260310224315-0700,310,480,310480,72747948,89702541,88523693,SUPPRESSED,310-480-13,4G,IoT Device
260308122332-0600,310,120,310120,77564992,87348293,87790704,SUPPRESSED,310-120-10,4G,Smartphone
260308233356-0700,310,480,310480,82623141,87520441,83303299,SUPPRESSED,310-480-96,4G,IoT Device
260318083043+0100,240,1,24001,26056734,34995519,11273681,SUPPRESSED,240-01-73,5G,Smartphone
260311145912+0000,234,15,23415,53303594,54408934,73413328,SUPPRESSED,234-15-25,5G,IoT Device
260318114420+0100,240,1,24001,37165113,33287065,15188222,SUPPRESSED,240-01-76,5G,Tablet
260321164002+0000,234,15,23415,51106709,51908431,77481985,SUPPRESSED,234-15-79,3G,Smartphone
260322054038-0600,310,120,310120,73114570,82601708,68260088,SUPPRESSED,310-120-79,5G,Smartphone
260305214439-0500,310,260,310260,89542090,86514476,99727093,310-260-33,310-260-33,3G,Smartphone
260302031448-0800,310,260,310260,78544661,88403934,76663759,310-260-19,310-260-19,5G,Smartphone
260317094034+0100,206,1,20601,45277371,33478555,35195609,SUPPRESSED,206-01-41,5G,Tablet
260302100438+0200,206,1,20601,51708891,33139780,36421164,SUPPRESSED,206-01-78,5G,Smartphone
260310081431+0200,206,20,20620,46709034,30970711,27753349,SUPPRESSED,206-20-46,3G,Smartphone
260308191219+0200,206,5,20605,59324638,33792767,34305816,SUPPRESSED,206-05-37,5G,IoT Device
260315004005-0500,310,120,310120,79489450,84336057,72776225,SUPPRESSED,310-120-99,4G,IoT Device
260320021657+0100,240,16,24016,32757441,28517157,29815788,SUPPRESSED,240-16-43,5G,Smartphone
260324081553+0200,240,1,24001,37807312,15157127,15465743,SUPPRESSED,240-01-99,5G,IoT Device
260309173418-0700,310,120,310120,70609643,81626925,77169646,SUPPRESSED,310-120-59,4G,Smartphone
260321164421+0100,234,15,23415,65811101,59234519,66841812,SUPPRESSED,234-15-54,4G,Tablet
260303164608-0700,310,410,310410,81968583,73652822,90268504,310-410-40,310-410-40,5G,IoT Device
260318191454+0100,234,20,23420,59507489,64345284,68492701,SUPPRESSED,234-20-40,4G,Smartphone
260321131235-0800,310,260,310260,82344217,77741762,80518828,SUPPRESSED,310-260-14,5G,Smartphone
260315194330-0500,310,260,310260,75168600,86447088,80201771,310-260-80,310-260-80,3G,Tablet
260325055906+0100,234,20,23420,75953284,51135347,76717302,SUPPRESSED,234-20-68,4G,Tablet
260228061151+0100,240,24,24024,30961892,24739122,25363801,SUPPRESSED,240-24-44,4G,Smartphone
260309033002+0100,234,30,23430,58302879,68492685,73825712,234-30-86,234-30-86,4G,Smartphone
260303110911+0100,240,5,24005,18268298,26135226,11291332,SUPPRESSED,240-05-32,5G,Smartphone
260316135514+0100,240,2,24002,29889731,24882919,27368379,SUPPRESSED,240-02-13,4G,Smartphone
260323152929+0200,240,7,24007,28207009,30649344,19903844,SUPPRESSED,240-07-86,4G,Smartphone
260326134738-0700,310,480,310480,77162635,72667456,87144403,SUPPRESSED,310-480-22,4G,Smartphone
260304152125+0100,206,10,20610,56338874,34001010,53512028,SUPPRESSED,206-10-10,5G,IoT Device
260326123446+0100,234,15,23415,66617590,55939986,76421246,SUPPRESSED,234-15-53,4G,Smartphone
260307010201+0000,234,30,23430,52586930,69324062,62554526,SUPPRESSED,234-30-30,4G,IoT Device
260326100808+0200,206,5,20605,35631789,54147602,43930705,SUPPRESSED,206-05-17,4G,Smartphone
260307031409-0600,310,480,310480,75034302,87058071,76815728,SUPPRESSED,310-480-18,3G,IoT Device
260308131603+0200,206,20,20620,38213280,51209060,45024225,206-20-75,206-20-75,4G,Smartphone
260312042521+0100,234,33,23433,54957908,62542464,67100291,SUPPRESSED,234-33-26,3G,Smartphone
260304012611+0000,234,10,23410,57942772,63945241,61427304,SUPPRESSED,234-10-33,3G,Smartphone
260306081952+0100,234,38,23438,52720525,72067728,55543743,SUPPRESSED,234-38-67,3G,IoT Device
260315161131+0100,240,4,24004,12481054,17265220,21249454,SUPPRESSED,240-04-23,5G,Smartphone
260312010236+0100,206,5,20605,53834363,40193086,54109544,SUPPRESSED,206-05-95,3G,Tablet
260303050703+0200,240,1,24001,10040959,34422042,13837079,SUPPRESSED,240-01-84,4G,Smartphone
260319061327+0200,206,20,20620,59261108,46034839,25026502,SUPPRESSED,206-20-78,3G,Smartphone
260306143517-0700,310,260,310260,70530387,79392759,81532769,SUPPRESSED,310-260-72,3G,IoT Device
260312165919+0000,234,38,23438,66151759,51108584,52265417,SUPPRESSED,234-38-96,3G,IoT Device
260319142124+0200,240,4,24004,35318876,14285496,10960555,SUPPRESSED,240-04-48,4G,Tablet
260307084329-0800,310,260,310260,77383738,72144734,97217046,SUPPRESSED,310-260-37,4G,Smartphone
260324064407-0800,310,260,310260,99705937,70865874,97462672,310-260-80,310-260-80,5G,Tablet
260321030020+0100,234,30,23430,76074684,60842513,62475239,SUPPRESSED,234-30-44,3G,Smartphone
260315074556-0500,310,480,310480,89338639,85501608,83484305,SUPPRESSED,310-480-56,3G,IoT Device
260302140646+0000,234,33,23433,55977852,60412611,65771596,SUPPRESSED,234-33-73,4G,IoT Device
260323041551+0100,206,5,20605,45602104,33058653,42964019,SUPPRESSED,206-05-91,5G,Tablet
260226152837+0200,240,4,24004,17177774,15875122,12331890,SUPPRESSED,240-04-60,5G,Smartphone
260228202151-0500,310,410,310410,72947619,78869040,74564789,SUPPRESSED,310-410-12,5G,Tablet
260304040612+0100,234,33,23433,54936381,56786336,68302320,SUPPRESSED,234-33-44,3G,Tablet
260306101249+0200,206,20,20620,59346775,39236427,41474446,SUPPRESSED,206-20-65,4G,Smartphone
260309191508-0800,310,260,310260,98714865,84164798,99366343,SUPPRESSED,310-260-89,4G,Smartphone
260305152451+0200,206,1,20601,45257249,38427638,51200331,SUPPRESSED,206-01-24,5G,Smartphone
260305054200+0100,234,20,23420,58852546,62782479,75105984,SUPPRESSED,234-20-93,3G,IoT Device
260325144123-0700,310,120,310120,85253318,85505274,90527564,SUPPRESSED,310-120-89,3G,IoT Device
260302024506-0600,310,120,310120,87598057,77642978,94674491,SUPPRESSED,310-120-28,4G,IoT Device
260319212338+0100,206,1,20601,33993647,31720089,40227130,SUPPRESSED,206-01-90,5G,Smartphone
260225161327+0200,206,10,20610,34000834,44885280,36691889,SUPPRESSED,206-10-70,5G,Smartphone
260319202017+0200,206,10,20610,41664949,48100375,26855761,SUPPRESSED,206-10-45,5G,Tablet
260313160049+0200,240,24,24024,23572564,31855743,21283633,SUPPRESSED,240-24-22,4G,Smartphone
260310234721+0100,234,20,23420,61846023,51947165,62179528,234-20-26,234-20-26,5G,Tablet
260313224209+0100,234,15,23415,76603799,55580784,68982199,SUPPRESSED,234-15-34,3G,IoT Device
260301042110+0200,240,1,24001,37573238,15565901,24884903,SUPPRESSED,240-01-39,4G,Tablet
260324133430+0100,206,10,20610,35826784,31073938,54367109,SUPPRESSED,206-10-79,4G,Smartphone
260311194825-0500,310,260,310260,86579848,77983389,78839034,SUPPRESSED,310-260-88,4G,Smartphone
260326044253+0100,240,4,24004,20215523,27992438,21646168,SUPPRESSED,240-04-41,5G,IoT Device
260306073502+0100,206,20,20620,30910699,46411594,48556596,SUPPRESSED,206-20-39,5G,IoT Device
260309081714+0100,206,10,20610,49409819,36890733,43881317,206-10-35,206-10-35,4G,Smartphone
260308150206+0100,240,7,24007,21504712,22496327,16812375,SUPPRESSED,240-07-86,3G,Smartphone
260319231705+0000,234,20,23420,69298301,72911487,68762495,SUPPRESSED,234-20-49,3G,Smartphone
260312085241+0200,240,2,24002,19585576,21673823,12856002,SUPPRESSED,240-02-95,4G,Smartphone
260317232429-0500,310,410,310410,93990154,92221417,85701474,SUPPRESSED,310-410-55,3G,IoT Device
260319033818+0200,206,5,20605,40297878,35080531,37756017,SUPPRESSED,206-05-35,5G,Tablet
260324172503+0100,234,33,23433,56088478,58314780,63557077,SUPPRESSED,234-33-95,3G,IoT Device
260318000822-0600,310,480,310480,78991049,78322572,66877575,SUPPRESSED,310-480-46,4G,Smartphone
260315055226+0200,206,1,20601,59719074,41858442,35831606,SUPPRESSED,206-01-22,3G,Smartphone
260304170251+0100,206,1,20601,32941711,50275861,49847887,SUPPRESSED,206-01-99,5G,Smartphone
260225105035+0100,240,7,24007,25617447,17472515,26345210,SUPPRESSED,240-07-35,4G,Smartphone
260309001649+0200,206,20,20620,46768528,46830948,30452059,SUPPRESSED,206-20-82,3G,Smartphone
260312151825+0000,234,33,23433,67777871,60575503,68230774,SUPPRESSED,234-33-32,3G,IoT Device
260302012111+0100,206,20,20620,48800815,31076760,52246482,SUPPRESSED,206-20-43,4G,IoT Device
260312022533+0100,240,1,24001,18315648,29215690,12204178,SUPPRESSED,240-01-69,4G,Smartphone
260314155615+0200,240,4,24004,26246034,34880795,12465861,SUPPRESSED,240-04-37,4G,Tablet
260228083815-0800,310,480,310480,97107467,71687709,72471209,SUPPRESSED,310-480-66,5G,IoT Device
260321121216+0100,234,15,23415,51214910,66601935,56594781,SUPPRESSED,234-15-11,3G,Smartphone
260324233420+0100,240,7,24007,31869992,16992834,27452774,SUPPRESSED,240-07-53,3G,Smartphone
260225063458+0100,240,8,24008,29202899,22227429,27036637,SUPPRESSED,240-08-32,5G,Smartphone
260225030548+0200,206,1,20601,57980801,50583133,50759695,206-01-87,206-01-87,5G,Smartphone
260312195558+0100,240,8,24008,10972699,30889228,27040390,SUPPRESSED,240-08-50,5G,Smartphone
260302044900+0000,234,38,23438,50458712,65022105,68363790,SUPPRESSED,234-38-51,4G,IoT Device
260303003206+0200,206,5,20605,58104783,42117505,32628089,SUPPRESSED,206-05-41,5G,Smartphone
260310142609-0800,310,480,310480,94096072,73528517,68654859,SUPPRESSED,310-480-95,4G,Smartphone
260303023815+0200,206,1,20601,48506940,43336484,35310938,SUPPRESSED,206-01-90,5G,Smartphone
260304204137-0800,310,260,310260,88377918,89684401,68856159,SUPPRESSED,310-260-92,5G,Tablet
260310071710+0100,240,5,24005,16090290,33287442,27187020,SUPPRESSED,240-05-13,4G,Smartphone
260323031051+0000,234,38,23438,51731828,62326322,74791472,SUPPRESSED,234-38-98,3G,IoT Device
260227154009+0100,206,20,20620,43166366,44762347,54001032,206-20-94,206-20-94,4G,Smartphone
260307081834-0600,310,410,310410,90991093,87318703,67419931,SUPPRESSED,310-410-56,4G,Smartphone
260311151800+0200,206,20,20620,43443126,47119410,27559332,SUPPRESSED,206-20-81,3G,Smartphone
260226215515+0200,206,1,20601,32407463,51542906,43645554,SUPPRESSED,206-01-31,5G,Tablet
260317005932+0100,240,24,24024,16015903,24416801,23321793,SUPPRESSED,240-24-86,5G,Tablet
260227234111+0100,206,20,20620,39417091,40429139,28007176,SUPPRESSED,206-20-61,4G,IoT Device
260308082622-0700,310,260,310260,86168150,78701986,89214987,SUPPRESSED,310-260-79,4G,Smartphone
260325010533+0000,234,10,23410,67446717,74690786,75041182,SUPPRESSED,234-10-54,4G,Smartphone
260315050628-0600,310,480,310480,82626009,78854653,90710044,SUPPRESSED,310-480-49,4G,Smartphone
260327013338+0200,206,20,20620,35111988,49382436,39350976,SUPPRESSED,206-20-76,5G,Smartphone
260317004859+0000,234,33,23433,72667905,55007948,75347233,SUPPRESSED,234-33-92,4G,IoT Device
260326081047-0600,310,480,310480,94464344,72595811,92174521,SUPPRESSED,310-480-14,3G,Smartphone
260225041052-0700,310,260,310260,75101050,75800497,84876040,SUPPRESSED,310-260-84,5G,Smartphone
260318200707-0500,310,410,310410,88955578,80273883,98535997,SUPPRESSED,310-410-63,3G,Smartphone
260225202700+0000,234,38,23438,51077200,63413723,55838479,SUPPRESSED,234-38-90,3G,Tablet
260325144329+0100,240,1,24001,24049014,25624181,18421800,SUPPRESSED,240-01-52,3G,Tablet
260308031347-0600,310,120,310120,79038288,80963978,91146621,SUPPRESSED,310-120-57,5G,IoT Device
260312124154+0200,206,5,20605,54768232,32326389,40200007,SUPPRESSED,206-05-70,5G,IoT Device
260326160039-0700,310,260,310260,87112415,81579326,99385071,SUPPRESSED,310-260-58,4G,Smartphone
260225135602+0100,240,1,24001,31894435,27142439,24434018,SUPPRESSED,240-01-95,3G,Tablet
260326040413-0800,310,410,310410,84986201,93914443,91180427,310-410-10,310-410-10,4G,IoT Device
260304020721+0100,206,10,20610,38803740,37623677,44470817,SUPPRESSED,206-10-65,3G,Smartphone
260307124538+0000,234,38,23438,51350852,62463520,64721127,SUPPRESSED,234-38-26,3G,Tablet
260326163027+0100,234,10,23410,64282067,59832528,61097793,SUPPRESSED,234-10-13,3G,Tablet
260319023824+0100,206,10,20610,57117366,51321483,42820854,SUPPRESSED,206-10-69,5G,Smartphone
260318103330-0800,310,120,310120,84079706,91677879,71028511,310-120-95,310-120-95,4G,IoT Device
260228220113+0200,240,2,24002,25411156,28886547,28580337,SUPPRESSED,240-02-77,4G,Tablet
260322011518-0600,310,260,310260,92809063,92166726,96248497,SUPPRESSED,310-260-23,4G,IoT Device
260302025729+0100,206,20,20620,43471634,38950143,33466184,SUPPRESSED,206-20-70,4G,Smartphone
260311130717-0700,310,410,310410,74127710,87149280,94034385,SUPPRESSED,310-410-51,4G,IoT Device
260303102030-0600,310,120,310120,87437035,89789770,87915093,310-120-95,310-120-95,4G,Tablet
260228055354+0100,240,16,24016,25359577,31292179,12245208,SUPPRESSED,240-16-54,5G,Tablet
260301211946+0100,234,33,23433,74941935,54615899,54480624,SUPPRESSED,234-33-82,4G,Smartphone
260320014209+0100,240,7,24007,29546690,25823126,18908423,SUPPRESSED,240-07-51,5G,Tablet
260317012554+0200,206,20,20620,40957182,44632394,27230111,206-20-75,206-20-75,5G,Smartphone
260317010611+0200,240,4,24004,33801586,31663755,17034450,SUPPRESSED,240-04-30,5G,Smartphone
260227190442+0100,234,10,23410,61552582,52376633,60793331,SUPPRESSED,234-10-70,4G,Tablet
260325005030+0000,234,30,23430,71494217,66310976,53289768,SUPPRESSED,234-30-88,4G,IoT Device
260316093750-0800,310,480,310480,87720111,90680238,97650436,SUPPRESSED,310-480-84,4G,Smartphone
260316164656-0500,310,480,310480,79377073,85872209,72108202,SUPPRESSED,310-480-33,4G,Tablet
260321080232+0000,234,38,23438,59532471,63247910,77844651,SUPPRESSED,234-38-23,3G,Smartphone
260305192748+0100,234,20,23420,75420811,67633246,73267090,SUPPRESSED,234-20-70,5G,Smartphone
260319071043+0200,240,1,24001,33321868,32041772,29456028,SUPPRESSED,240-01-12,4G,Tablet
260314062415-0600,310,120,310120,71240642,85057997,90519250,SUPPRESSED,310-120-90,4G,Smartphone
260325165322-0700,310,260,310260,88583991,92481928,93732941,SUPPRESSED,310-260-21,3G,IoT Device
260306094407+0200,240,7,24007,28081874,33323794,28399525,SUPPRESSED,240-07-10,5G,IoT Device
260322115308+0200,206,10,20610,54565802,36846970,53648624,SUPPRESSED,206-10-33,4G,Tablet
260320051657+0100,234,15,23415,54496886,67003662,57826839,SUPPRESSED,234-15-57,3G,Smartphone
260312161052+0100,234,33,23433,52044532,62828868,59195731,SUPPRESSED,234-33-37,4G,Tablet
260228064207-0800,310,480,310480,75873086,71407104,81582581,SUPPRESSED,310-480-98,4G,Tablet
260306132537-0700,310,410,310410,92593192,94912555,70017412,SUPPRESSED,310-410-61,4G,Smartphone
260322044522+0100,234,33,23433,68828984,68583158,76212695,SUPPRESSED,234-33-83,5G,IoT Device
260301120623+0100,240,8,24008,19900971,18187429,20129690,SUPPRESSED,240-08-48,4G,IoT Device
260315010914+0200,206,20,20620,39925496,50260778,36736656,SUPPRESSED,206-20-53,4G,Smartphone
260305065045-0700,310,480,310480,97508535,94192482,68204632,SUPPRESSED,310-480-74,4G,IoT Device
260316002008+0100,234,33,23433,66639769,62305342,72411282,SUPPRESSED,234-33-32,5G,Smartphone
260318045629+0000,234,20,23420,78492653,71105311,71766045,SUPPRESSED,234-20-92,3G,IoT Device
260301155421+0100,206,5,20605,33381110,42150439,43672921,SUPPRESSED,206-05-25,4G,IoT Device
260318021513+0100,234,15,23415,54126522,53580509,76154660,SUPPRESSED,234-15-45,3G,Tablet
260322185027+0100,206,20,20620,57033429,32494054,32540348,SUPPRESSED,206-20-53,4G,Smartphone
260326144314+0100,234,33,23433,76011177,72620034,62168600,SUPPRESSED,234-33-35,4G,Tablet
260326193132+0000,234,10,23410,52077775,69489381,71861051,SUPPRESSED,234-10-13,3G,Smartphone
260309180654+0200,240,16,24016,38939734,30663462,26259929,SUPPRESSED,240-16-73,4G,Tablet
260319193052+0200,206,10,20610,45883912,48556502,45628490,SUPPRESSED,206-10-51,5G,Smartphone
260305131544+0200,240,16,24016,27161370,31700884,15977189,SUPPRESSED,240-16-44,3G,Smartphone
260228000149+0200,206,1,20601,39045291,49079426,27077569,SUPPRESSED,206-01-81,5G,Smartphone
260322134923+0100,206,1,20601,47973015,44825332,31069508,SUPPRESSED,206-01-52,5G,Smartphone
260316171748+0200,206,20,20620,32764440,44546169,53947893,SUPPRESSED,206-20-64,4G,Smartphone
260317230253+0100,206,1,20601,39960443,53412966,37371070,SUPPRESSED,206-01-86,5G,Smartphone
260303085931-0700,310,120,310120,99662851,77983018,77130838,310-120-61,310-120-61,5G,Tablet
260319032323+0100,240,24,24024,27968443,29882788,23402037,SUPPRESSED,240-24-44,4G,Smartphone
260317102056+0100,240,8,24008,18926501,23627682,14280512,SUPPRESSED,240-08-40,5G,Tablet
260308090449+0200,240,5,24005,38070434,12886658,23661552,SUPPRESSED,240-05-44,5G,Tablet
260324204010+0200,240,7,24007,20696567,21195442,26630820,SUPPRESSED,240-07-68,4G,Smartphone
260302111745+0100,234,38,23438,66205157,69235836,68069308,SUPPRESSED,234-38-61,5G,IoT Device
260314211210-0700,310,260,310260,84228026,79335157,66306575,SUPPRESSED,310-260-95,4G,IoT Device
260304102139+0000,234,30,23430,55609653,73635980,75476986,SUPPRESSED,234-30-64,4G,Smartphone
260311174615+0200,206,10,20610,42931527,53231491,44429126,SUPPRESSED,206-10-83,5G,Smartphone
260316155826+0100,206,20,20620,46300795,37479552,52303751,SUPPRESSED,206-20-87,4G,Tablet
260320095535+0100,206,1,20601,30822809,40234261,47657946,SUPPRESSED,206-01-64,5G,Smartphone
260305080656+0200,240,7,24007,16303206,10256747,12028703,SUPPRESSED,240-07-54,5G,Smartphone
260225101850+0000,234,30,23430,68707172,69846463,65764980,SUPPRESSED,234-30-40,4G,Tablet
260311181151+0100,234,33,23433,55264217,60997220,74629908,SUPPRESSED,234-33-90,3G,Smartphone
260225183222+0200,206,10,20610,57349867,54500823,31133780,SUPPRESSED,206-10-83,4G,Smartphone
260305070231-0700,310,260,310260,91416119,80190707,85403693,SUPPRESSED,310-260-83,5G,Smartphone
260308142441+0200,206,10,20610,36522764,42074126,48196650,SUPPRESSED,206-10-28,4G,Smartphone
260306004654+0100,234,30,23430,55241472,53395025,50391218,234-30-86,234-30-86,4G,Smartphone
260226234044-0500,310,120,310120,71723409,75183569,75336553,SUPPRESSED,310-120-92,5G,Smartphone
260309054753+0200,206,10,20610,44495114,34835555,30798396,206-10-35,206-10-35,5G,Smartphone
260313181924-0700,310,260,310260,70638493,81460369,74176576,SUPPRESSED,310-260-51,5G,IoT Device
260226235927+0100,234,10,23410,64628661,62727646,61150870,234-10-58,234-10-58,4G,Tablet
260319162910+0200,206,20,20620,35510264,34541246,35982461,206-20-75,206-20-75,3G,Smartphone
260302120218+0100,234,30,23430,67932177,72192078,77356207,SUPPRESSED,234-30-50,3G,Tablet
260225054736+0100,234,10,23410,75866148,59453866,72770648,SUPPRESSED,234-10-75,3G,Smartphone
260228183310+0200,240,8,24008,34431720,32856502,17374585,SUPPRESSED,240-08-62,4G,Tablet
260316155141+0200,240,2,24002,36430861,23048943,18330202,SUPPRESSED,240-02-35,5G,IoT Device
260322150015+0100,234,33,23433,65713400,61981695,54674999,SUPPRESSED,234-33-17,4G,Smartphone
260312062313+0100,234,38,23438,54790359,71713006,68882260,SUPPRESSED,234-38-69,3G,Tablet
260309183326+0000,234,10,23410,61998489,74027290,77994079,SUPPRESSED,234-10-63,3G,Tablet
260304124546-0800,310,260,310260,84803893,81592355,95016639,SUPPRESSED,310-260-39,4G,Tablet
260316203313+0200,206,1,20601,56704216,33116634,32109904,SUPPRESSED,206-01-92,4G,Tablet
260317222600+0100,206,5,20605,58688578,40040325,36718997,SUPPRESSED,206-05-90,5G,IoT Device
260315062415+0200,240,7,24007,20698069,27975668,21182055,SUPPRESSED,240-07-22,5G,Smartphone
260316230240+0100,206,1,20601,35029657,54568365,42203942,SUPPRESSED,206-01-18,4G,IoT Device
260302172223+0100,234,15,23415,52000887,65030607,68822262,SUPPRESSED,234-15-73,4G,IoT Device
260325191817+0200,206,10,20610,35597492,50835012,44735551,SUPPRESSED,206-10-66,5G,Tablet
260314200238-0800,310,480,310480,80855101,79473768,85852780,SUPPRESSED,310-480-24,4G,IoT Device
260227072957+0100,234,33,23433,61576236,72153907,71680119,SUPPRESSED,234-33-30,4G,Tablet
260316134738+0200,206,20,20620,55256793,45151829,33551324,SUPPRESSED,206-20-44,5G,Smartphone
260227135411-0600,310,260,310260,89846356,87539266,97672188,SUPPRESSED,310-260-76,4G,Smartphone
260325065413+0100,240,2,24002,29963986,18093565,29940204,SUPPRESSED,240-02-90,4G,IoT Device
260227044543+0100,240,1,24001,16031952,29538452,12676135,SUPPRESSED,240-01-25,4G,Smartphone
260318122138-0500,310,410,310410,82281440,70324008,88692978,SUPPRESSED,310-410-21,4G,IoT Device
260309160804-0700,310,260,310260,98997503,88613941,67521562,SUPPRESSED,310-260-12,4G,Smartphone
260308104754-0800,310,260,310260,79149392,89967238,75428865,SUPPRESSED,310-260-35,4G,IoT Device
260227094640+0100,234,30,23430,65765749,67284235,62664643,SUPPRESSED,234-30-53,4G,Smartphone
260317142531+0100,240,5,24005,31102713,31003274,17073567,SUPPRESSED,240-05-71,5G,IoT Device
260316065317+0200,240,24,24024,30598501,21661611,27248624,SUPPRESSED,240-24-96,5G,Smartphone
260320101016-0600,310,410,310410,79513750,76233980,82553581,SUPPRESSED,310-410-58,5G,Tablet
260305065909+0100,206,5,20605,43758706,38017305,39806154,SUPPRESSED,206-05-52,5G,Smartphone
260308103432-0700,310,120,310120,93580961,76735873,84016593,SUPPRESSED,310-120-23,5G,Smartphone
260302082912-0700,310,260,310260,85089043,79443768,82744251,310-260-80,310-260-80,4G,IoT Device
260314175456+0200,240,5,24005,32430600,12159591,17872896,SUPPRESSED,240-05-71,5G,Smartphone
260312224841+0000,234,38,23438,63772688,55484384,55783802,SUPPRESSED,234-38-25,5G,Smartphone
260313150414+0100,206,10,20610,50484521,36413613,48982288,SUPPRESSED,206-10-31,3G,Tablet
260302045354+0000,234,10,23410,76909277,69310917,63748068,SUPPRESSED,234-10-21,3G,Tablet
260302120240+0100,240,7,24007,12364107,11934547,13551570,SUPPRESSED,240-07-23,5G,Tablet
260311091802+0100,240,16,24016,39949778,28150338,10869839,SUPPRESSED,240-16-18,4G,Tablet
260317162115+0200,240,1,24001,21070160,24562750,27003329,SUPPRESSED,240-01-68,5G,Tablet
260301084058+0100,234,33,23433,75363199,68062850,54423871,SUPPRESSED,234-33-89,3G,IoT Device
260226160122+0100,234,10,23410,57173557,52747795,58255680,SUPPRESSED,234-10-46,3G,Tablet
260318072143-0800,310,260,310260,92787891,71800589,73791369,SUPPRESSED,310-260-42,3G,IoT Device
260318065048-0600,310,410,310410,84962938,91901432,79634713,310-410-10,310-410-10,4G,Smartphone
260321005128+0100,240,16,24016,17046289,13637435,17570425,SUPPRESSED,240-16-14,5G,Smartphone
260325155038-0600,310,410,310410,80452318,92808015,76055798,SUPPRESSED,310-410-70,4G,Smartphone
260306054142+0100,240,16,24016,14242327,15078856,16618766,SUPPRESSED,240-16-16,4G,Smartphone
260309063903+0100,240,7,24007,30905687,24138916,13546159,SUPPRESSED,240-07-24,5G,Tablet
260316025538-0700,310,260,310260,72951803,92328808,66363117,SUPPRESSED,310-260-95,4G,IoT Device
260325101552-0600,310,260,310260,73814465,90399980,99283270,SUPPRESSED,310-260-76,5G,Tablet
260227145141+0000,234,20,23420,78113691,61051300,74896631,SUPPRESSED,234-20-71,5G,Tablet
260321075812-0700,310,120,310120,95033249,83342296,86942740,SUPPRESSED,310-120-54,5G,Smartphone
260317092526+0100,240,8,24008,35508368,17938220,26828005,SUPPRESSED,240-08-48,3G,Smartphone
260311111845+0100,234,10,23410,63242987,50674081,51831622,SUPPRESSED,234-10-94,4G,IoT Device
260309055359+0200,206,5,20605,58533744,37500428,49211315,SUPPRESSED,206-05-13,5G,IoT Device
260318120919+0200,240,2,24002,20527999,11351295,14989181,SUPPRESSED,240-02-41,4G,IoT Device
260304094811-0800,310,260,310260,90203407,72358606,84364480,SUPPRESSED,310-260-73,5G,Smartphone
260315071609+0100,206,10,20610,50617493,54265477,45463413,SUPPRESSED,206-10-10,5G,Smartphone
260302074935+0100,206,10,20610,30637318,42547609,37387880,206-10-16,206-10-16,5G,Smartphone
260312114847+0100,240,5,24005,22594139,20213456,18902316,SUPPRESSED,240-05-30,5G,Tablet
260311224333+0000,234,30,23430,76483869,63465262,54344988,SUPPRESSED,234-30-56,3G,Tablet
260307051725+0100,206,5,20605,55747168,45659197,30261295,SUPPRESSED,206-05-33,5G,IoT Device
260305184824+0100,206,10,20610,52628009,34060836,30185869,SUPPRESSED,206-10-76,4G,Tablet
260303112203-0500,310,120,310120,72882166,70479189,78144792,SUPPRESSED,310-120-19,5G,Tablet
260303143201+0000,234,20,23420,67581783,57999404,72562349,234-20-26,234-20-26,3G,Tablet
260325032731+0000,234,33,23433,66923741,63791690,58707376,SUPPRESSED,234-33-44,3G,Smartphone
260226192128+0200,240,16,24016,18790098,31466257,27879589,SUPPRESSED,240-16-29,4G,Tablet
260306223103+0200,206,20,20620,49065014,51337027,33996439,SUPPRESSED,206-20-60,4G,Smartphone
260307134535-0600,310,480,310480,84760800,91731464,75927213,SUPPRESSED,310-480-32,5G,IoT Device
260307171324+0000,234,20,23420,65683822,70412366,64420311,SUPPRESSED,234-20-90,3G,Tablet
260303001132-0800,310,120,310120,85013794,70410392,76982535,310-120-61,310-120-61,4G,Smartphone
260309094040+0200,240,4,24004,25614729,27382659,11402855,SUPPRESSED,240-04-48,4G,Smartphone
260301180050+0100,206,20,20620,36055044,46903367,37493958,SUPPRESSED,206-20-41,4G,Smartphone
260311045147+0100,206,1,20601,37655328,53758771,26753578,SUPPRESSED,206-01-45,5G,Smartphone
260309222158+0000,234,20,23420,66633011,65154961,56112694,SUPPRESSED,234-20-90,3G,IoT Device
260228081314+0200,240,5,24005,30466574,33940306,18259238,SUPPRESSED,240-05-45,5G,Smartphone
260301222851+0100,206,20,20620,43940846,51947561,48374985,206-20-80,206-20-80,5G,Smartphone
260225060837+0000,234,33,23433,76854812,72267752,73979628,SUPPRESSED,234-33-52,4G,Smartphone
260228093822+0100,206,1,20601,57478546,39769790,47998529,SUPPRESSED,206-01-31,5G,IoT Device
260308220200+0100,234,15,23415,59272674,52051058,71803591,SUPPRESSED,234-15-54,4G,Smartphone
260301212307+0200,240,16,24016,16639188,34803584,10113383,SUPPRESSED,240-16-84,5G,IoT Device
260325205636-0600,310,260,310260,89864650,93669762,65987340,SUPPRESSED,310-260-69,5G,Smartphone
260309170856+0100,234,33,23433,79706864,74555555,73872150,SUPPRESSED,234-33-30,5G,Tablet
260306195245+0200,240,16,24016,10729175,31656041,22755851,SUPPRESSED,240-16-69,4G,Tablet
260312031754+0100,206,5,20605,56972901,32088794,54527741,SUPPRESSED,206-05-19,5G,Smartphone
260301003451+0100,206,20,20620,48812958,38390922,36189008,SUPPRESSED,206-20-46,5G,Smartphone
260228204609-0700,310,410,310410,85501110,90112342,90872440,SUPPRESSED,310-410-72,4G,IoT Device
260320022838+0100,240,16,24016,38713877,32371877,11880303,SUPPRESSED,240-16-10,5G,Smartphone
260309231908+0100,234,15,23415,54158824,59903781,67317279,SUPPRESSED,234-15-55,3G,Smartphone
260310024036+0200,240,7,24007,25003378,18908622,23067051,SUPPRESSED,240-07-97,5G,Smartphone
260227132634+0100,234,38,23438,50430926,70241281,66574584,SUPPRESSED,234-38-51,3G,Smartphone
260318230109+0200,240,4,24004,38329632,10708107,27003934,SUPPRESSED,240-04-57,5G,Smartphone
260320020014+0200,240,5,24005,15945358,34441607,27279550,SUPPRESSED,240-05-70,5G,Smartphone
260317014305+0100,240,5,24005,11749842,27979735,28179935,SUPPRESSED,240-05-49,5G,Smartphone
260318063643+0000,234,15,23415,56401868,65361879,62938151,SUPPRESSED,234-15-99,5G,Smartphone
260302174807+0100,240,8,24008,34998127,14483353,27415266,SUPPRESSED,240-08-70,4G,Tablet
260303230700-0700,310,120,310120,79868462,90044902,87320890,SUPPRESSED,310-120-96,4G,IoT Device
260305070826+0200,240,24,24024,28666976,26219944,29267171,SUPPRESSED,240-24-52,5G,Smartphone
260309205354-0600,310,410,310410,91293637,74756119,72728121,SUPPRESSED,310-410-89,4G,Smartphone
260323001732+0100,234,20,23420,59231718,54153589,62627268,SUPPRESSED,234-20-32,3G,Tablet
260318020428+0100,234,33,23433,65035703,65679077,56996300,SUPPRESSED,234-33-60,4G,Smartphone
260307040029+0100,240,5,24005,13867548,14745359,11252769,SUPPRESSED,240-05-53,4G,Tablet
260316093256-0500,310,410,310410,87374406,87811864,80364703,SUPPRESSED,310-410-65,4G,IoT Device
260307234406+0100,234,15,23415,59150351,66579044,53044242,SUPPRESSED,234-15-63,4G,Smartphone
260304114639+0000,234,33,23433,56128459,61831210,76604978,SUPPRESSED,234-33-17,4G,Smartphone
260226072401+0100,240,7,24007,18333755,27529794,22224556,240-07-80,240-07-80,5G,Tablet
260303103502-0500,310,260,310260,77545505,74024188,65832542,SUPPRESSED,310-260-30,3G,Smartphone
260310001249+0000,234,38,23438,73041146,58517647,74588614,SUPPRESSED,234-38-90,4G,Smartphone
260307234419+0100,234,38,23438,50272130,64530427,71961839,SUPPRESSED,234-38-11,3G,Smartphone
260317033609+0100,206,1,20601,37649911,54351724,35980527,206-01-88,206-01-88,5G,Smartphone
260307002557+0100,234,10,23410,51202887,66441978,64998716,SUPPRESSED,234-10-10,3G,Smartphone
260319085216+0100,206,1,20601,55618609,47337789,52720561,SUPPRESSED,206-01-80,5G,Smartphone
260304053006+0200,206,1,20601,43372828,33421982,50529353,SUPPRESSED,206-01-57,5G,Smartphone
260227164600+0200,206,5,20605,38119087,42343156,53609951,SUPPRESSED,206-05-31,5G,Smartphone
260226073029-0700,310,260,310260,87274828,70357593,89114725,SUPPRESSED,310-260-58,4G,Smartphone
260302205205+0000,234,33,23433,63760615,73465365,53263294,SUPPRESSED,234-33-26,5G,Smartphone
260227075224+0200,240,5,24005,13061567,20692925,19536739,SUPPRESSED,240-05-67,5G,Smartphone
260306030123+0100,240,4,24004,10308583,13930452,18167683,SUPPRESSED,240-04-54,5G,Smartphone
260313020718-0500,310,120,310120,73173997,79262709,86260552,SUPPRESSED,310-120-67,5G,IoT Device
260302195920+0100,234,10,23410,75546869,63546411,57608332,SUPPRESSED,234-10-18,3G,IoT Device
260323195409+0200,206,20,20620,51407002,36672095,44311852,SUPPRESSED,206-20-44,3G,Smartphone
260323221751+0100,240,16,24016,31617459,18956943,22238568,SUPPRESSED,240-16-83,5G,Smartphone
260324094618+0100,206,1,20601,35965956,44483638,39999352,206-01-63,206-01-63,5G,Tablet
260312190410-0800,310,480,310480,88316768,70373617,72755106,SUPPRESSED,310-480-75,4G,Smartphone
260302020912-0600,310,260,310260,80205453,87422015,71695616,SUPPRESSED,310-260-79,5G,IoT Device
260305183046+0200,206,1,20601,56444201,42521183,50371073,SUPPRESSED,206-01-39,5G,IoT Device
260320215516+0200,240,16,24016,35203980,10960633,17606983,SUPPRESSED,240-16-67,4G,Smartphone
260311222244+0100,240,8,24008,23971122,29005981,14301231,SUPPRESSED,240-08-64,4G,Smartphone
260302010800+0100,234,38,23438,51124427,74618767,68391524,SUPPRESSED,234-38-63,5G,Smartphone
260313225733+0200,240,5,24005,39482239,13562227,15147586,SUPPRESSED,240-05-83,4G,Smartphone
260303065645-0800,310,480,310480,91384227,83864301,88521200,SUPPRESSED,310-480-13,4G,Smartphone
260314201653+0000,234,20,23420,76503675,57687513,77600048,SUPPRESSED,234-20-86,4G,Tablet
260312044232+0100,234,10,23410,56096337,65889546,65691283,234-10-58,234-10-58,4G,IoT Device
260306042456+0000,234,10,23410,56231974,55822445,53563444,SUPPRESSED,234-10-13,4G,IoT Device
260313153032-0800,310,480,310480,80654463,92118203,84399619,SUPPRESSED,310-480-55,5G,IoT Device
260313020739-0800,310,480,310480,84252086,78644078,97746024,SUPPRESSED,310-480-29,4G,IoT Device
260325081400+0000,234,15,23415,66837537,58628437,71826272,SUPPRESSED,234-15-58,3G,IoT Device
260305044024-0500,310,480,310480,72393996,88217238,76395079,SUPPRESSED,310-480-21,4G,Smartphone
260326182535-0700,310,410,310410,75634400,84963258,82424467,SUPPRESSED,310-410-45,5G,IoT Device
260225025805+0200,240,16,24016,38921460,14078781,25446385,SUPPRESSED,240-16-21,4G,Smartphone
260306193841+0200,206,20,20620,52639597,48608834,37776545,SUPPRESSED,206-20-47,5G,IoT Device
260318175127+0100,234,10,23410,77231502,71966584,57082083,SUPPRESSED,234-10-51,4G,Tablet
260306194151+0100,240,8,24008,17492775,13512741,29369289,SUPPRESSED,240-08-60,4G,IoT Device
260321191128+0000,234,15,23415,53939969,71178285,50802577,SUPPRESSED,234-15-65,4G,Tablet
260302091234-0700,310,260,310260,94536471,91276666,99785530,310-260-71,310-260-71,4G,Smartphone
260318181401+0200,206,10,20610,41195581,33748498,33874629,SUPPRESSED,206-10-98,5G,Tablet
260323042243-0600,310,260,310260,97188471,78566315,93815823,SUPPRESSED,310-260-13,5G,IoT Device
260321140524+0100,240,7,24007,32706036,32500229,23502057,240-07-80,240-07-80,5G,Tablet
260303044654+0100,206,10,20610,36244391,49212148,38167877,SUPPRESSED,206-10-33,3G,Smartphone
260301180119+0100,234,30,23430,59395817,70266990,60682726,SUPPRESSED,234-30-30,4G,IoT Device
260308032251+0200,206,5,20605,48444022,42564340,39820384,SUPPRESSED,206-05-62,4G,Smartphone
260311230308-0800,310,480,310480,89291770,89317897,91451453,SUPPRESSED,310-480-50,3G,IoT Device
260302175621-0700,310,480,310480,76611632,81710790,98012080,SUPPRESSED,310-480-12,4G,Smartphone
260316121223-0600,310,120,310120,91817755,87866676,69495933,310-120-95,310-120-95,4G,Tablet
260323152032+0100,240,1,24001,37658969,22801731,14844882,SUPPRESSED,240-01-19,5G,Smartphone
260227035802-0800,310,480,310480,78442212,89948899,82164241,SUPPRESSED,310-480-43,4G,Smartphone
260310173439+0000,234,15,23415,61203671,58423961,65531410,SUPPRESSED,234-15-29,5G,Smartphone
260228020743+0100,206,5,20605,59513883,32743142,25348339,SUPPRESSED,206-05-18,3G,Smartphone
260315041953-0500,310,260,310260,99540822,83369574,99138820,SUPPRESSED,310-260-60,4G,Tablet
260228091109-0800,310,480,310480,92191944,85689212,83223196,SUPPRESSED,310-480-72,4G,Smartphone
260301010745+0200,206,5,20605,59524361,41364760,28047743,SUPPRESSED,206-05-96,3G,Tablet
260301083928-0500,310,480,310480,80718313,86054823,65159248,SUPPRESSED,310-480-57,4G,IoT Device
260320202918+0000,234,38,23438,60026032,50996685,70264600,SUPPRESSED,234-38-87,4G,Tablet
260313082800-0600,310,260,310260,81114094,92618749,88383886,SUPPRESSED,310-260-20,5G,Smartphone
260303033754+0200,206,1,20601,37893866,48713490,27629016,SUPPRESSED,206-01-75,3G,Smartphone
260321130542-0700,310,410,310410,85155177,80513797,92486949,SUPPRESSED,310-410-47,4G,Smartphone
260301171235+0100,234,15,23415,73161311,60191302,55261298,SUPPRESSED,234-15-14,3G,IoT Device
260315214500+0100,240,4,24004,27754813,27136041,23607054,SUPPRESSED,240-04-40,5G,Smartphone
260228035914+0100,206,10,20610,30324297,51453227,38937200,SUPPRESSED,206-10-14,4G,Smartphone
260301080453-0500,310,410,310410,77146257,92191007,74667015,310-410-17,310-410-17,4G,Smartphone
260303210958-0600,310,120,310120,85846662,91965139,78937916,SUPPRESSED,310-120-12,5G,IoT Device
260316174922+0100,234,33,23433,79953965,68656092,62379392,234-33-93,234-33-93,4G,IoT Device
260317162555+0100,234,38,23438,67884294,52818860,58534716,SUPPRESSED,234-38-35,4G,Smartphone
260311200415+0200,240,4,24004,18192678,34751445,16033772,SUPPRESSED,240-04-53,5G,Tablet
260228031237+0100,206,5,20605,38624693,37636793,48760334,SUPPRESSED,206-05-36,5G,Smartphone
260227085320+0100,234,15,23415,67446025,71236193,68730822,SUPPRESSED,234-15-21,4G,Tablet
260324184501+0100,234,33,23433,52374430,54214681,57614056,SUPPRESSED,234-33-63,5G,Smartphone
260315051217+0000,234,33,23433,52249875,60775448,70417825,SUPPRESSED,234-33-37,3G,Tablet
260315014049+0100,240,1,24001,31796959,23942038,16706441,SUPPRESSED,240-01-56,4G,Smartphone
260323210017+0100,240,5,24005,32773617,25519085,16272504,SUPPRESSED,240-05-54,4G,Smartphone
260307124752+0100,206,5,20605,40938051,46307345,27103731,SUPPRESSED,206-05-27,4G,Tablet
260316222425+0200,240,2,24002,16724172,13332477,24578772,SUPPRESSED,240-02-89,5G,Smartphone
260320175612+0200,206,5,20605,54950567,53689977,43764468,SUPPRESSED,206-05-87,5G,Smartphone
260320095753+0200,206,10,20610,40944597,38422659,36947830,SUPPRESSED,206-10-37,4G,Smartphone
260308191131-0600,310,260,310260,77677973,80644737,78873905,SUPPRESSED,310-260-62,4G,Smartphone
260321123029-0600,310,260,310260,96599336,73877145,82101277,310-260-44,310-260-44,3G,Tablet
260325205142+0100,234,38,23438,57064163,62375279,67684479,SUPPRESSED,234-38-77,3G,Smartphone
260306183331-0600,310,480,310480,82479586,78827008,71860447,SUPPRESSED,310-480-49,4G,Tablet
260307155018+0200,206,5,20605,52084840,42836232,38718637,SUPPRESSED,206-05-44,5G,Smartphone
260317211323+0000,234,20,23420,76938829,64364854,54651078,SUPPRESSED,234-20-74,4G,IoT Device
260301052846-0800,310,260,310260,84636840,74857689,67927545,SUPPRESSED,310-260-85,3G,Smartphone
260308135113+0100,206,5,20605,56462643,40583794,41505060,SUPPRESSED,206-05-46,5G,IoT Device
260313012030+0100,206,20,20620,41173017,35966300,38190352,SUPPRESSED,206-20-58,4G,Tablet
260227140954+0200,206,1,20601,38934166,46566851,43046511,SUPPRESSED,206-01-55,5G,Smartphone
260318041114+0100,206,20,20620,51441960,51131234,52509479,SUPPRESSED,206-20-33,3G,Smartphone
260303041917+0100,234,33,23433,56069074,61569164,60143781,SUPPRESSED,234-33-16,3G,Smartphone
260313195923+0100,240,1,24001,20629687,32075618,29977952,SUPPRESSED,240-01-47,5G,Smartphone
260226205121-0600,310,260,310260,95778351,89991040,77798452,SUPPRESSED,310-260-66,3G,IoT Device
260305220832+0200,206,10,20610,58103724,48745861,41919383,SUPPRESSED,206-10-83,3G,Tablet
260304083330-0800,310,410,310410,76763347,70388709,71896548,SUPPRESSED,310-410-81,4G,Smartphone
260319114748+0000,234,33,23433,76050818,51461833,66121950,SUPPRESSED,234-33-69,4G,Smartphone
260308094355+0100,206,20,20620,38195328,50934300,54035688,SUPPRESSED,206-20-84,4G,Tablet
260308053422-0600,310,260,310260,84322891,72056678,81885176,SUPPRESSED,310-260-50,3G,IoT Device
260311091631+0100,206,20,20620,31887484,49048188,38049964,SUPPRESSED,206-20-35,5G,Tablet
260225234138+0100,234,38,23438,54173415,61904195,69363667,SUPPRESSED,234-38-74,3G,Tablet
260304102335-0600,310,480,310480,96381720,81655519,65439585,SUPPRESSED,310-480-57,5G,IoT Device
260301134524+0100,234,15,23415,59981679,74395934,73287001,SUPPRESSED,234-15-24,3G,Smartphone
260319123550+0100,206,10,20610,55223439,53730656,34539917,SUPPRESSED,206-10-23,5G,Smartphone
260311042935+0000,234,20,23420,60934606,71533616,67379298,SUPPRESSED,234-20-28,4G,Tablet
260320123357+0100,240,16,24016,26854812,18806236,26275567,SUPPRESSED,240-16-72,5G,Tablet
260228100420-0700,310,480,310480,77208573,83077652,84551945,SUPPRESSED,310-480-36,4G,Smartphone
260315045754+0000,234,38,23438,58840347,65792645,54471933,SUPPRESSED,234-38-29,5G,Smartphone
260225094705+0200,240,24,24024,21682410,19697018,24570045,SUPPRESSED,240-24-76,5G,Smartphone
260313165709+0100,206,10,20610,36592328,48532376,43250266,206-10-87,206-10-87,3G,Smartphone
260318084139+0200,240,24,24024,37028865,25310906,14815812,SUPPRESSED,240-24-31,5G,Smartphone
260305054034+0200,240,2,24002,26404791,11378905,24318471,SUPPRESSED,240-02-11,5G,Smartphone
260326100401+0100,240,4,24004,25648685,22390215,17152082,SUPPRESSED,240-04-73,5G,Smartphone
260309021500+0100,234,20,23420,62927207,66633038,64329521,SUPPRESSED,234-20-86,4G,Smartphone
260302141311+0100,240,5,24005,33419612,26883933,22120527,SUPPRESSED,240-05-67,5G,Smartphone
260321135257+0100,234,38,23438,68766009,65010616,52571090,SUPPRESSED,234-38-82,3G,IoT Device
260316155415+0100,240,24,24024,12204305,14832519,28076398,SUPPRESSED,240-24-10,5G,Smartphone
260302003801+0200,206,1,20601,41870668,31798376,28680726,SUPPRESSED,206-01-34,5G,IoT Device
260302220958+0100,206,5,20605,39093320,41895986,46808319,SUPPRESSED,206-05-32,3G,Smartphone
260307230619-0800,310,410,310410,86060668,77301763,94641700,SUPPRESSED,310-410-83,3G,IoT Device
260225220919-0600,310,480,310480,70970793,87317951,90526000,SUPPRESSED,310-480-67,4G,IoT Device
260227005924+0200,206,5,20605,50027393,43081999,35379634,SUPPRESSED,206-05-30,3G,Tablet
260302170808+0200,206,5,20605,39988925,50389367,37039742,SUPPRESSED,206-05-44,5G,Smartphone
260304070005+0200,206,10,20610,39060824,32953935,32528988,SUPPRESSED,206-10-18,5G,Smartphone
260313235109+0000,234,30,23430,74961926,65309327,71983127,SUPPRESSED,234-30-30,4G,Tablet
260226123319+0200,240,4,24004,19988267,19651483,13931332,SUPPRESSED,240-04-35,5G,Smartphone
260225080353+0200,240,2,24002,14541335,20040785,22241305,SUPPRESSED,240-02-37,5G,Tablet
260325201508+0200,240,1,24001,15226655,27220858,10292257,SUPPRESSED,240-01-77,4G,Smartphone
260319151712+0200,240,1,24001,21615606,29779309,17504740,SUPPRESSED,240-01-65,5G,Smartphone
260318035223+0000,234,33,23433,63403116,74779125,73126169,SUPPRESSED,234-33-98,4G,Smartphone
260323232653+0000,234,15,23415,74324731,66035221,53927030,SUPPRESSED,234-15-37,3G,Tablet
260225190049-0500,310,480,310480,91638050,91148722,93378310,SUPPRESSED,310-480-71,4G,IoT Device
260314160817+0200,240,5,24005,16413263,16007086,18584596,SUPPRESSED,240-05-53,5G,Smartphone
260301220227+0100,234,33,23433,74080816,63679578,57629027,SUPPRESSED,234-33-34,4G,IoT Device
260323151825+0100,240,2,24002,23140538,11056033,27032901,SUPPRESSED,240-02-91,4G,Tablet
260323144347+0100,234,33,23433,54682299,73335743,54033343,SUPPRESSED,234-33-92,3G,IoT Device
260320033053+0200,206,20,20620,56012214,53536294,40526856,SUPPRESSED,206-20-14,4G,Tablet
260310120845+0000,234,20,23420,50226146,50039039,53617058,234-20-83,234-20-83,4G,IoT Device
260307212316+0100,206,1,20601,35839250,40532790,27130666,SUPPRESSED,206-01-57,4G,Smartphone
260226064610+0100,206,5,20605,41953001,34623809,32878131,SUPPRESSED,206-05-87,5G,Tablet
