Timestamp,MCC,MNC,PLMN,LAI,RAI,Network_Type,Device_Type
260316062051+0100,240,7,310410,240-16-XXXX,240-07-XXXX,4G,Smartphone
260304101656+0200,240,2,23438,240-02-XXXX,240-02-XXXX,5G,Smartphone
260317091102+0100,206,5,20605,206-05-XXXX,206-05-XXXX,5G,IoT Device
260314190653+0200,206,1,20601,234-20-XXXX,206-01-XXXX,4G,Smartphone
260303152246+0100,206,10,20605,234-20-XXXX,206-10-XXXX,3G,IoT Device
260313220324+0200,206,20,20620,234-15-XXXX,206-20-XXXX,5G,Tablet
260303164039-0800,310,260,24007,234-30-XXXX,240-04-XXXX,5G,Smartphone
260319201805-0800,310,480,23415,206-20-XXXX,310-480-XXXX,5G,Smartphone
260307065626+0100,240,16,24016,240-16-XXXX,240-16-XXXX,5G,Smartphone
260228033306+0100,240,8,24008,240-08-XXXX,206-05-XXXX,5G,Smartphone
260322120922+0200,240,4,24004,206-05-XXXX,240-04-XXXX,5G,Smartphone
260318232201-0500,310,260,310260,240-07-XXXX,310-260-XXXX,4G,IoT Device
260227104147+0000,234,10,310410,206-01-XXXX,234-10-XXXX,5G,Smartphone
260314093913+0100,206,20,20620,206-20-XXXX,206-10-XXXX,5G,Smartphone
260316220411+0100,206,1,20601,206-10-XXXX,206-01-XXXX,4G,Tablet
260322174720-0800,310,260,310260,310-260-XXXX,310-260-XXXX,3G,Smartphone
260305100604-0500,310,480,23420,310-480-XXXX,310-260-XXXX,5G,Smartphone
260301230416+0200,240,16,23410,234-20-XXXX,206-01-XXXX,5G,Smartphone
260318031615+0100,240,7,24007,240-07-XXXX,240-07-XXXX,3G,Smartphone
260315083204+0100,234,30,20610,310-260-XXXX,240-24-XXXX,5G,Smartphone
260301233636+0200,206,20,310260,206-20-XXXX,206-20-XXXX,5G,Smartphone
260317145257+0000,234,15,23410,234-15-XXXX,234-15-XXXX,5G,Smartphone
260303225229+0100,206,10,24007,206-10-XXXX,310-120-XXXX,4G,Tablet
260309024756-0700,310,120,20601,310-410-XXXX,310-120-XXXX,4G,Tablet
260303110305+0100,240,16,24001,240-16-XXXX,240-16-XXXX,4G,Smartphone
260301084940+0200,240,2,20620,240-24-XXXX,240-02-XXXX,3G,IoT Device
260319114836-0500,310,260,24001,310-260-XXXX,310-260-XXXX,5G,Tablet
260307223551+0200,206,20,20610,240-24-XXXX,240-04-XXXX,5G,Smartphone
260312084909+0200,240,7,24007,240-07-XXXX,240-07-XXXX,5G,Smartphone
260322215715-0600,310,260,310260,310-260-XXXX,310-260-XXXX,4G,Smartphone
260320201526+0100,234,38,20605,310-480-XXXX,240-24-XXXX,3G,Smartphone
260308145933+0100,234,15,23415,234-38-XXXX,234-15-XXXX,5G,Tablet
260312225521+0200,240,7,24007,206-01-XXXX,234-15-XXXX,4G,Tablet
260317114551+0000,234,30,24001,234-30-XXXX,240-05-XXXX,5G,IoT Device
260320032104+0100,206,10,310480,206-10-XXXX,206-10-XXXX,4G,Smartphone
260310025928+0200,240,4,24005,240-04-XXXX,240-04-XXXX,3G,Smartphone
260326054310+0100,240,2,310260,240-02-XXXX,240-02-XXXX,3G,Tablet
260323044401+0200,206,1,20601,206-01-XXXX,206-01-XXXX,5G,Smartphone
260301160016+0200,240,24,310480,240-05-XXXX,240-24-XXXX,4G,Smartphone
260315011201+0200,206,5,20605,206-05-XXXX,206-05-XXXX,5G,Tablet
260324225440+0200,240,7,24007,234-10-XXXX,240-07-XXXX,5G,Smartphone
260304062157-0800,310,410,23410,234-20-XXXX,310-260-XXXX,3G,Smartphone
260227153750+0100,240,1,24001,310-120-XXXX,240-01-XXXX,3G,Smartphone
260326100632+0100,234,38,23438,234-38-XXXX,234-38-XXXX,3G,IoT Device
260228222407+0100,206,20,20620,310-120-XXXX,206-20-XXXX,4G,Tablet
260305004803+0200,240,2,24002,240-02-XXXX,310-260-XXXX,5G,Smartphone
260326001805-0500,310,120,20601,240-01-XXXX,234-20-XXXX,4G,Smartphone
260318111700-0600,310,120,24007,206-10-XXXX,310-120-XXXX,4G,Tablet
260310052332-0500,310,410,24024,240-16-XXXX,310-410-XXXX,5G,IoT Device
260304122708+0200,240,4,310120,240-04-XXXX,240-04-XXXX,5G,Smartphone
260314173233+0100,234,33,23433,240-16-XXXX,206-01-XXXX,4G,Tablet
260225070815+0200,240,4,24004,240-04-XXXX,310-410-XXXX,5G,Smartphone
260303224754-0800,310,480,310480,310-480-XXXX,206-20-XXXX,3G,Tablet
260227045839+0100,240,4,20620,240-04-XXXX,240-04-XXXX,5G,IoT Device
260303121238+0000,234,20,23420,234-20-XXXX,234-20-XXXX,4G,Tablet
260304085505-0500,310,120,310120,310-120-XXXX,240-16-XXXX,5G,Smartphone
260302190319-0700,310,120,20601,240-01-XXXX,310-120-XXXX,4G,Tablet
260307170316-0700,310,480,310480,240-08-XXXX,310-480-XXXX,3G,Smartphone
260317064657-0800,310,120,310120,240-16-XXXX,310-120-XXXX,4G,Smartphone
260226213605+0000,234,33,310480,234-33-XXXX,234-20-XXXX,5G,Smartphone
260304125934-0500,310,260,24004,310-260-XXXX,206-20-XXXX,5G,Smartphone
260301065329+0200,206,10,20610,206-20-XXXX,206-10-XXXX,4G,Tablet
260304134915+0200,240,8,24008,240-08-XXXX,240-24-XXXX,4G,IoT Device
260321074410+0100,240,5,23420,240-05-XXXX,240-05-XXXX,4G,Tablet
260226142301+0100,240,24,24024,240-05-XXXX,240-24-XXXX,5G,Tablet
260326033815+0000,234,38,310260,310-480-XXXX,234-38-XXXX,3G,Smartphone
260302014215+0200,206,10,20610,206-10-XXXX,206-10-XXXX,5G,Smartphone
260323003030+0200,206,5,20605,240-24-XXXX,206-05-XXXX,5G,Smartphone
260308104915+0100,234,30,23430,206-05-XXXX,234-20-XXXX,3G,IoT Device
260324210311+0100,234,30,23430,234-10-XXXX,234-30-XXXX,3G,Smartphone
260309183132-0500,310,120,310260,240-04-XXXX,310-120-XXXX,5G,Smartphone
260301172450+0100,240,4,24004,240-04-XXXX,240-04-XXXX,4G,Smartphone
260314105812+0100,234,38,24007,234-38-XXXX,234-38-XXXX,3G,Tablet
260226190709+0100,240,7,24024,310-260-XXXX,240-04-XXXX,4G,Smartphone
260226185448+0200,240,16,20610,240-16-XXXX,310-480-XXXX,5G,IoT Device
260227031744+0000,234,30,310260,310-120-XXXX,206-10-XXXX,3G,IoT Device
260309044043+0200,240,5,24005,206-20-XXXX,234-38-XXXX,4G,Smartphone
260314104655-0700,310,480,23438,310-480-XXXX,234-15-XXXX,3G,Smartphone
260309154807+0200,240,24,24007,234-33-XXXX,240-24-XXXX,4G,Tablet
260325025655+0200,206,1,20601,206-01-XXXX,206-01-XXXX,5G,Smartphone
260304054850+0200,206,20,20620,206-20-XXXX,240-01-XXXX,4G,Smartphone
260310190943+0200,206,1,20601,234-20-XXXX,234-38-XXXX,4G,Smartphone
260225084002+0100,234,15,24005,234-15-XXXX,234-15-XXXX,4G,IoT Device
260227064228-0800,310,480,20610,310-480-XXXX,310-480-XXXX,4G,IoT Device
260301011944+0100,240,2,20620,310-410-XXXX,240-08-XXXX,5G,Tablet
260323110205-0500,310,120,310480,234-20-XXXX,310-120-XXXX,5G,Smartphone
260310052711+0100,240,4,24004,240-04-XXXX,234-30-XXXX,5G,Smartphone
260315102205+0100,240,8,24008,206-01-XXXX,240-08-XXXX,4G,Smartphone
260317024918+0100,206,10,20610,206-10-XXXX,206-10-XXXX,4G,Tablet
260325055923+0100,240,8,23433,240-02-XXXX,234-33-XXXX,4G,Smartphone
260323183312-0600,310,410,24007,240-04-XXXX,240-24-XXXX,5G,Smartphone
260305060303+0100,206,5,310260,206-05-XXXX,206-05-XXXX,4G,Smartphone
260303043301+0200,240,4,20620,240-04-XXXX,240-04-XXXX,4G,Smartphone
260312055117+0100,240,8,24016,206-05-XXXX,240-08-XXXX,5G,Smartphone
260227202454+0100,240,24,24024,206-10-XXXX,240-24-XXXX,3G,Smartphone
260226094209-0500,310,120,310410,310-120-XXXX,310-120-XXXX,4G,Smartphone
260316044054+0100,206,10,24002,206-10-XXXX,206-10-XXXX,4G,Tablet
260313151012-0500,310,410,310410,310-120-XXXX,206-10-XXXX,4G,Smartphone
260228103034-0700,310,410,310410,206-01-XXXX,310-410-XXXX,4G,IoT Device
260313104707+0000,234,38,23438,234-33-XXXX,234-38-XXXX,3G,Smartphone
260309232424-0500,310,480,310260,310-480-XXXX,310-480-XXXX,5G,Smartphone
260324011337+0200,206,1,20601,206-01-XXXX,240-16-XXXX,5G,Smartphone
260324011109-0800,310,480,310480,310-480-XXXX,310-480-XXXX,5G,Smartphone
260317020908+0100,234,10,23410,206-01-XXXX,234-10-XXXX,3G,Smartphone
260326070722+0100,206,20,20620,206-20-XXXX,234-20-XXXX,3G,Tablet
260323002834+0100,240,5,23415,240-05-XXXX,240-01-XXXX,5G,Smartphone
260323123447+0100,206,5,20605,310-260-XXXX,206-05-XXXX,3G,Smartphone
260320131642+0100,234,38,23438,234-38-XXXX,234-38-XXXX,3G,Smartphone
260305020337+0100,234,15,23415,206-20-XXXX,234-15-XXXX,4G,Smartphone
260308132325+0100,234,10,24016,240-01-XXXX,310-410-XXXX,5G,Smartphone
260303180645+0200,206,1,310120,206-01-XXXX,310-480-XXXX,4G,Tablet
260307134251+0100,206,5,24002,206-05-XXXX,206-05-XXXX,5G,Tablet
260303182754+0200,206,1,20601,234-38-XXXX,206-01-XXXX,3G,Smartphone
260306221831+0200,240,5,24005,234-15-XXXX,234-30-XXXX,4G,Smartphone
260307144707+0100,206,5,20605,234-20-XXXX,206-05-XXXX,5G,Smartphone
260325061239+0200,240,5,20601,240-05-XXXX,240-16-XXXX,5G,Smartphone
260302103144-0700,310,120,310120,310-120-XXXX,310-120-XXXX,3G,Smartphone
260226053019+0100,234,38,23438,234-38-XXXX,234-38-XXXX,5G,Smartphone
260318223045-0600,310,260,310260,240-24-XXXX,310-260-XXXX,4G,Tablet
260308151803+0000,234,20,20610,234-20-XXXX,310-410-XXXX,4G,Tablet
260226095506+0200,206,5,23420,206-05-XXXX,206-05-XXXX,3G,Tablet
260308001159+0000,234,15,23438,234-15-XXXX,206-10-XXXX,4G,Smartphone
260315183755+0100,234,20,23420,206-01-XXXX,234-20-XXXX,4G,Tablet
260318161100+0100,240,4,24002,240-08-XXXX,240-04-XXXX,3G,Smartphone
260317020723+0100,240,2,24002,234-33-XXXX,206-05-XXXX,5G,Smartphone
260313170814-0500,310,410,310410,240-08-XXXX,310-410-XXXX,3G,IoT Device
260317093745+0200,206,20,20620,206-20-XXXX,206-20-XXXX,5G,Smartphone
260309062003+0100,206,10,24005,310-410-XXXX,206-10-XXXX,4G,Tablet
260305163217+0100,206,20,310260,206-20-XXXX,206-20-XXXX,4G,Smartphone
260311004506-0700,310,120,310120,310-120-XXXX,206-01-XXXX,5G,Tablet
260312100019-0600,310,260,310260,310-260-XXXX,240-24-XXXX,4G,Smartphone
260316201958+0000,234,38,23438,310-480-XXXX,234-38-XXXX,4G,Smartphone
260227211156+0200,240,5,20601,240-16-XXXX,240-05-XXXX,4G,Tablet
260317062223+0100,234,33,23433,234-33-XXXX,310-120-XXXX,3G,Smartphone
260301120318+0100,240,16,23430,240-16-XXXX,240-16-XXXX,3G,Smartphone
260315100439+0100,206,10,310260,206-10-XXXX,206-10-XXXX,4G,Smartphone
260309122128+0200,240,8,24005,310-480-XXXX,240-08-XXXX,5G,IoT Device
260318151009+0000,234,33,23410,240-04-XXXX,234-33-XXXX,3G,Smartphone
260304093744+0100,234,15,23415,310-480-XXXX,234-15-XXXX,5G,IoT Device
260323204031+0100,234,33,310410,234-33-XXXX,234-33-XXXX,5G,Tablet
260320102522-0700,310,410,310260,310-410-XXXX,310-410-XXXX,4G,IoT Device
260226140703+0200,240,7,20610,240-07-XXXX,240-07-XXXX,5G,Smartphone
260310183646+0100,240,4,24004,240-02-XXXX,240-04-XXXX,3G,IoT Device
260325135919-0600,310,260,310410,206-05-XXXX,310-260-XXXX,3G,Smartphone
260321235812+0000,234,10,24007,234-10-XXXX,240-24-XXXX,3G,IoT Device
260319092331-0600,310,410,310410,240-02-XXXX,240-16-XXXX,5G,Smartphone
260319151422+0200,206,20,20620,206-20-XXXX,206-20-XXXX,5G,Tablet
260320012046+0100,240,7,20605,240-07-XXXX,240-07-XXXX,3G,Smartphone
260305074013+0000,234,20,23420,206-10-XXXX,310-120-XXXX,3G,Tablet
260304024744+0200,206,1,24007,234-15-XXXX,206-01-XXXX,4G,Smartphone
260301053522+0100,206,1,23438,310-410-XXXX,206-01-XXXX,4G,IoT Device
260318063455-0500,310,410,310410,310-410-XXXX,310-410-XXXX,3G,IoT Device
260307001141+0100,240,7,24007,240-07-XXXX,234-38-XXXX,4G,Tablet
260303065251+0100,206,10,20610,240-04-XXXX,206-10-XXXX,5G,IoT Device
260322184826+0100,206,20,20620,206-20-XXXX,206-20-XXXX,5G,Smartphone
260311092308+0100,206,1,20601,206-01-XXXX,234-20-XXXX,4G,Smartphone
260319162744+0000,234,20,310480,234-20-XXXX,234-20-XXXX,3G,Smartphone
260313052844+0000,234,10,23420,234-10-XXXX,234-10-XXXX,4G,IoT Device
260311172907+0200,240,16,23433,240-16-XXXX,240-16-XXXX,5G,IoT Device
260225225129+0200,206,1,23430,206-01-XXXX,234-10-XXXX,4G,Smartphone
260318192215-0700,310,260,310260,310-260-XXXX,310-260-XXXX,3G,Smartphone
260326120448+0200,240,24,24024,240-24-XXXX,240-24-XXXX,4G,Smartphone
260314200723+0100,234,10,310120,234-10-XXXX,234-30-XXXX,4G,Smartphone
260316084424-0700,310,410,310410,310-410-XXXX,310-410-XXXX,5G,Smartphone
260302124818+0100,240,4,310260,240-04-XXXX,240-04-XXXX,5G,Tablet
260303102120+0200,240,24,23420,240-01-XXXX,240-24-XXXX,4G,Smartphone
260305101818-0600,310,260,310260,310-260-XXXX,310-260-XXXX,4G,Smartphone
260304153544+0100,234,38,24005,234-38-XXXX,234-38-XXXX,3G,Tablet
260319131527+0100,206,10,24007,206-20-XXXX,206-10-XXXX,4G,IoT Device
260303192400+0100,206,1,20601,206-01-XXXX,206-01-XXXX,4G,Smartphone
260319170029+0100,240,8,24008,240-07-XXXX,240-08-XXXX,5G,Tablet
260322061218+0200,240,4,23415,240-04-XXXX,206-10-XXXX,5G,Smartphone
260228205021+0200,240,2,20601,240-02-XXXX,240-02-XXXX,5G,IoT Device
260311004705+0100,234,10,23410,310-480-XXXX,234-10-XXXX,5G,Tablet
260302024606-0600,310,410,23415,240-04-XXXX,310-260-XXXX,5G,IoT Device
260320095813+0100,206,1,310480,206-20-XXXX,234-30-XXXX,4G,Tablet
260228074728+0000,234,10,24016,234-10-XXXX,206-20-XXXX,3G,Tablet
260314083202+0100,234,15,23415,234-15-XXXX,310-120-XXXX,5G,Tablet
260308233305+0200,206,10,23438,234-20-XXXX,206-10-XXXX,4G,Smartphone
260314201614-0800,310,480,23415,310-410-XXXX,310-480-XXXX,5G,Smartphone
260228031945+0100,240,16,24016,310-120-XXXX,240-16-XXXX,4G,Smartphone
260320231437+0000,234,10,23410,240-04-XXXX,234-10-XXXX,3G,Smartphone
260307115649-0600,310,120,310120,234-10-XXXX,310-120-XXXX,5G,Smartphone
260227033632+0100,206,1,310120,240-08-XXXX,206-01-XXXX,4G,Tablet
260322133917-0600,310,260,24002,310-260-XXXX,310-260-XXXX,4G,Smartphone
260310020549+0000,234,10,23410,310-480-XXXX,206-20-XXXX,5G,Smartphone
260318071321-0800,310,260,310260,310-260-XXXX,310-120-XXXX,4G,Tablet
260315132501+0100,240,8,24005,240-24-XXXX,240-08-XXXX,5G,Smartphone
260311004009+0100,206,20,20620,206-20-XXXX,206-05-XXXX,3G,Smartphone
260306180110+0100,206,1,20601,206-01-XXXX,206-01-XXXX,4G,IoT Device
260305104719+0100,240,16,24016,234-33-XXXX,240-16-XXXX,4G,Smartphone
260314041507+0000,234,33,23433,234-33-XXXX,234-33-XXXX,3G,Smartphone
260225223727+0200,240,7,24007,234-10-XXXX,240-07-XXXX,3G,IoT Device
260311165946+0000,234,10,24004,206-01-XXXX,234-10-XXXX,4G,IoT Device
260307070015+0000,234,15,23415,310-260-XXXX,234-15-XXXX,3G,Smartphone
260313180747+0100,234,30,23433,234-30-XXXX,234-30-XXXX,3G,IoT Device
260227153605+0200,240,5,24002,240-05-XXXX,240-05-XXXX,5G,Smartphone
260313174113+0100,234,33,23433,234-33-XXXX,234-33-XXXX,5G,Tablet
260316110037-0500,310,410,310410,310-410-XXXX,310-410-XXXX,5G,IoT Device
260227205731+0100,234,30,23438,234-30-XXXX,234-30-XXXX,4G,Tablet
260306062543+0100,206,1,20601,240-08-XXXX,206-01-XXXX,4G,Smartphone
260313162738-0500,310,260,310260,310-260-XXXX,310-260-XXXX,5G,Tablet
260307151549+0100,240,5,24005,240-05-XXXX,240-05-XXXX,4G,Tablet
260304145815+0100,240,8,23420,240-08-XXXX,240-08-XXXX,4G,Smartphone
260306130917+0200,206,1,23438,310-480-XXXX,206-10-XXXX,4G,Smartphone
260302195211+0000,234,20,310260,240-02-XXXX,206-20-XXXX,3G,Tablet
260318193941-0800,310,260,310410,206-10-XXXX,310-260-XXXX,5G,Smartphone
260326115540-0500,310,480,310480,234-10-XXXX,310-480-XXXX,5G,Smartphone
260303214453+0200,240,2,24002,240-02-XXXX,240-02-XXXX,5G,Tablet
260318074400-0600,310,410,20601,310-410-XXXX,310-410-XXXX,3G,Tablet
260326072709-0600,310,260,310260,310-260-XXXX,310-260-XXXX,3G,IoT Device
260316051335+0100,234,38,23410,234-38-XXXX,234-38-XXXX,5G,IoT Device
260323061906-0600,310,480,310480,240-08-XXXX,240-01-XXXX,3G,Smartphone
260311103804+0000,234,33,23433,234-20-XXXX,234-38-XXXX,5G,Smartphone
260304154440+0100,234,38,23415,240-05-XXXX,310-410-XXXX,4G,Smartphone
260321175300-0800,310,260,310480,310-260-XXXX,310-260-XXXX,5G,Tablet
260314092455-0800,310,260,310410,310-260-XXXX,310-260-XXXX,4G,IoT Device
260301132257+0200,240,5,310410,240-05-XXXX,240-05-XXXX,5G,IoT Device
260227151725+0100,240,24,24024,206-20-XXXX,240-24-XXXX,4G,Smartphone
260315063032-0800,310,480,20605,234-33-XXXX,310-480-XXXX,3G,Tablet
260320082734-0800,310,480,24005,310-480-XXXX,310-480-XXXX,5G,Smartphone
260306000316+0200,240,24,24024,240-24-XXXX,310-480-XXXX,5G,Smartphone
260306055002-0500,310,410,24001,206-20-XXXX,310-410-XXXX,3G,IoT Device
260325121330+0100,206,20,20620,206-20-XXXX,206-20-XXXX,4G,Tablet
260305003019+0100,234,20,23420,234-20-XXXX,234-20-XXXX,5G,Smartphone
260302070621-0500,310,410,310410,310-410-XXXX,310-410-XXXX,4G,IoT Device
260309080534-0800,310,120,310120,234-10-XXXX,234-10-XXXX,4G,Smartphone
260305194001+0000,234,15,23420,234-33-XXXX,234-15-XXXX,3G,Smartphone
260318040640+0100,240,2,23415,310-480-XXXX,240-02-XXXX,4G,Smartphone
260324191034+0200,206,5,20605,240-01-XXXX,206-05-XXXX,4G,Tablet
260309200337+0000,234,20,23420,234-15-XXXX,206-05-XXXX,3G,Tablet
260324080059+0000,234,20,23420,310-120-XXXX,234-20-XXXX,3G,Smartphone
260226205358+0200,206,20,20620,206-20-XXXX,206-20-XXXX,4G,Smartphone
260310060902-0600,310,120,310410,310-120-XXXX,206-05-XXXX,5G,Smartphone
260318014606+0200,206,1,20601,206-01-XXXX,206-01-XXXX,4G,IoT Device
260310050847-0700,310,120,24005,206-01-XXXX,206-05-XXXX,4G,Tablet
260319024928+0200,240,1,24016,240-01-XXXX,240-16-XXXX,5G,IoT Device
260227194256+0100,234,30,310410,234-30-XXXX,240-05-XXXX,5G,IoT Device
260327013908+0100,240,4,24004,240-04-XXXX,234-15-XXXX,5G,Tablet
260314085129+0100,240,7,310410,240-07-XXXX,240-07-XXXX,4G,Tablet
260311044315+0200,240,16,24016,206-20-XXXX,206-10-XXXX,4G,Tablet
260302123756-0600,310,260,310260,240-08-XXXX,310-260-XXXX,4G,Smartphone
260326034048+0200,240,16,310260,240-16-XXXX,240-16-XXXX,5G,Smartphone
260307015632+0100,206,20,20620,206-20-XXXX,310-260-XXXX,4G,IoT Device
260306232508-0500,310,410,20620,234-10-XXXX,310-410-XXXX,5G,Tablet
260316230113+0200,206,10,20610,240-01-XXXX,206-10-XXXX,3G,Smartphone
260310172605+0200,240,5,24016,240-05-XXXX,206-05-XXXX,5G,Smartphone
260228132525+0000,234,20,24002,234-33-XXXX,234-20-XXXX,3G,Tablet
260316192832+0100,206,5,20605,206-10-XXXX,206-05-XXXX,5G,IoT Device
260226165913+0100,240,5,24016,240-05-XXXX,240-05-XXXX,5G,Smartphone
260315201516+0100,234,10,23410,240-07-XXXX,234-10-XXXX,3G,Tablet
260305021426+0100,234,30,23430,234-30-XXXX,234-30-XXXX,4G,IoT Device
260310052413-0700,310,410,310410,310-410-XXXX,310-410-XXXX,3G,IoT Device
260225224446+0100,206,5,20605,206-05-XXXX,206-05-XXXX,3G,Smartphone
260318090014-0800,310,260,310120,206-20-XXXX,310-260-XXXX,4G,IoT Device
260313153452-0800,310,260,310260,206-10-XXXX,310-260-XXXX,5G,Smartphone
260310221209-0500,310,120,310260,310-120-XXXX,310-120-XXXX,5G,Smartphone
260312004726+0100,240,24,24024,240-24-XXXX,310-480-XXXX,4G,Smartphone
260309130647+0100,234,33,23433,234-33-XXXX,234-10-XXXX,5G,Tablet
260304092647+0200,206,1,310480,310-480-XXXX,206-01-XXXX,4G,Tablet
260302191159-0700,310,260,310260,206-01-XXXX,310-260-XXXX,4G,Smartphone
260323000334+0100,206,5,20605,234-33-XXXX,206-05-XXXX,3G,Smartphone
260307064013-0600,310,480,23420,310-480-XXXX,310-480-XXXX,4G,Smartphone
260321164521-0700,310,480,310480,310-120-XXXX,234-38-XXXX,4G,Tablet
260322045634+0100,240,2,20610,240-02-XXXX,240-02-XXXX,4G,Tablet
260323005652-0700,310,480,310260,310-480-XXXX,310-480-XXXX,4G,Smartphone
260307102658-0800,310,120,310120,234-15-XXXX,310-120-XXXX,4G,Tablet
260310174830-0800,310,260,20601,240-01-XXXX,310-260-XXXX,5G,Tablet
260326120704+0100,240,24,24024,240-02-XXXX,240-24-XXXX,4G,IoT Device
260304020730+0200,240,16,24016,206-05-XXXX,240-16-XXXX,4G,Smartphone
260306150250+0100,206,20,20620,206-20-XXXX,206-20-XXXX,5G,Smartphone
260308155613-0800,310,410,310410,310-410-XXXX,310-410-XXXX,4G,IoT Device
260311223548+0000,234,38,23438,310-480-XXXX,310-480-XXXX,5G,Tablet
260323040840-0700,310,120,310120,310-120-XXXX,310-120-XXXX,3G,Smartphone
260228014509+0100,240,5,24005,240-05-XXXX,240-05-XXXX,4G,Smartphone
260318180711-0600,310,480,20620,206-10-XXXX,310-480-XXXX,4G,IoT Device
260227075011-0500,310,410,310410,206-05-XXXX,310-410-XXXX,5G,Smartphone
260307054327+0200,206,1,20620,234-10-XXXX,206-01-XXXX,5G,Smartphone
260322151352+0100,240,4,20620,234-15-XXXX,240-04-XXXX,5G,Smartphone
260325165626-0500,310,480,310480,310-480-XXXX,310-480-XXXX,4G,Tablet
260323060433+0000,234,20,23420,240-16-XXXX,234-20-XXXX,4G,IoT Device
260304025941-0700,310,120,310120,310-120-XXXX,310-120-XXXX,4G,Tablet
260327000624+0100,240,7,310260,240-16-XXXX,240-07-XXXX,3G,Tablet
260326102148-0800,310,410,310480,240-05-XXXX,310-410-XXXX,5G,Smartphone
260310092431+0100,240,16,24016,240-16-XXXX,240-16-XXXX,4G,Smartphone
260226110425-0600,310,410,310410,310-410-XXXX,234-33-XXXX,5G,Smartphone
260307200313+0100,234,15,23415,240-07-XXXX,234-15-XXXX,4G,Smartphone
260313002400-0800,310,480,310480,310-480-XXXX,310-480-XXXX,3G,IoT Device
260302042054+0200,240,8,24008,240-08-XXXX,240-07-XXXX,5G,Tablet
260315160906+0200,206,5,20605,206-05-XXXX,206-05-XXXX,3G,Smartphone
260304010809+0200,240,16,24016,240-02-XXXX,240-16-XXXX,5G,IoT Device
260304174743+0100,240,2,24002,234-38-XXXX,240-02-XXXX,3G,Tablet
260324024951+0200,206,10,23430,206-10-XXXX,206-10-XXXX,4G,IoT Device
260227070827+0100,234,30,23430,234-30-XXXX,234-30-XXXX,3G,Tablet
260316055946+0100,240,8,20601,240-08-XXXX,240-08-XXXX,5G,Smartphone
260310185255+0100,206,20,20620,240-02-XXXX,206-20-XXXX,4G,Smartphone
260322162142+0200,206,1,20601,240-04-XXXX,206-01-XXXX,4G,Tablet
260314054440+0000,234,33,23433,240-24-XXXX,234-33-XXXX,4G,Smartphone
260225174524-0800,310,120,23430,240-24-XXXX,310-120-XXXX,3G,Smartphone
260305073510+0000,234,30,20610,310-260-XXXX,234-30-XXXX,5G,IoT Device
260324093616+0000,234,38,310410,206-20-XXXX,310-480-XXXX,3G,IoT Device
260320082937-0700,310,120,24008,310-120-XXXX,310-120-XXXX,4G,Smartphone
260303153836+0100,234,10,24016,310-120-XXXX,234-10-XXXX,5G,IoT Device
260317095702+0000,234,15,310410,240-01-XXXX,234-20-XXXX,4G,Smartphone
260315221756+0200,240,24,24024,234-30-XXXX,206-20-XXXX,4G,Tablet
260306082331+0200,240,1,23438,310-120-XXXX,240-01-XXXX,4G,Tablet
260319011533+0000,234,33,20620,240-08-XXXX,310-480-XXXX,3G,Smartphone
260306211152+0100,206,1,310480,310-260-XXXX,206-01-XXXX,5G,Smartphone
260301010655+0000,234,30,20610,234-30-XXXX,234-30-XXXX,4G,Smartphone
260313001026+0100,240,5,24005,206-20-XXXX,240-05-XXXX,5G,Smartphone
260304185843-0800,310,480,310480,234-33-XXXX,310-480-XXXX,5G,Tablet
260326022836+0000,234,20,24004,234-20-XXXX,206-20-XXXX,5G,Smartphone
260321050027+0200,240,16,24016,206-10-XXXX,240-16-XXXX,5G,Tablet
260301071819+0100,234,33,20605,234-33-XXXX,240-05-XXXX,4G,Tablet
260326022340-0700,310,260,310260,310-260-XXXX,310-260-XXXX,4G,Smartphone
260227185842-0800,310,260,310120,310-260-XXXX,206-05-XXXX,3G,IoT Device
260313041732+0100,206,20,20620,310-480-XXXX,206-20-XXXX,3G,Tablet
260314145036-0800,310,120,310120,310-120-XXXX,310-120-XXXX,4G,Smartphone
260228075810-0700,310,260,20605,310-260-XXXX,310-260-XXXX,4G,IoT Device
260315160202+0100,206,1,20601,206-01-XXXX,206-01-XXXX,5G,Smartphone
260324125640+0100,240,16,24016,240-16-XXXX,240-16-XXXX,5G,Smartphone
260316032703+0000,234,20,23415,234-20-XXXX,234-20-XXXX,5G,Smartphone
260316132445+0100,206,20,20620,234-33-XXXX,206-01-XXXX,5G,Tablet
260325111606+0200,206,10,20610,206-10-XXXX,206-10-XXXX,5G,Smartphone
260228133401+0100,240,1,20605,240-01-XXXX,240-08-XXXX,4G,Tablet
260308174706+0100,240,5,310480,240-05-XXXX,240-05-XXXX,3G,Smartphone
260314165043-0700,310,410,20610,310-410-XXXX,234-15-XXXX,4G,Smartphone
260316173014+0100,240,4,24004,234-15-XXXX,240-04-XXXX,3G,Smartphone
260325060442-0800,310,410,310410,310-410-XXXX,310-410-XXXX,5G,IoT Device
260303142340+0100,206,20,310410,240-04-XXXX,206-20-XXXX,4G,Smartphone
260322175303+0100,240,4,24004,310-480-XXXX,240-07-XXXX,5G,Smartphone
260313095832+0200,240,16,24016,240-16-XXXX,310-120-XXXX,4G,Tablet
260226213322-0700,310,260,310480,310-260-XXXX,310-480-XXXX,4G,IoT Device
260325131452+0200,206,1,24002,206-01-XXXX,206-01-XXXX,5G,Smartphone
260316230913+0100,234,38,24005,310-260-XXXX,234-38-XXXX,4G,Smartphone
260226142236+0100,234,30,23430,234-30-XXXX,206-10-XXXX,3G,Smartphone
260320163504+0000,234,30,20601,310-120-XXXX,240-16-XXXX,3G,Smartphone
260314160921+0100,234,38,310120,310-260-XXXX,234-38-XXXX,3G,IoT Device
260306223123+0200,240,7,310480,240-07-XXXX,240-07-XXXX,4G,Tablet
260305093553-0700,310,120,310120,310-120-XXXX,206-01-XXXX,5G,Smartphone
260313065455-0700,310,410,310410,234-33-XXXX,310-480-XXXX,4G,Smartphone
260316215518+0100,234,20,23420,234-20-XXXX,234-20-XXXX,4G,Tablet
260307195340+0200,206,1,20601,206-01-XXXX,206-01-XXXX,3G,Smartphone
260225131921+0100,234,20,23420,234-20-XXXX,240-05-XXXX,4G,Smartphone
260319075950+0100,240,7,24016,240-07-XXXX,240-07-XXXX,4G,Tablet
260311085126+0200,240,2,24002,240-02-XXXX,206-20-XXXX,4G,Smartphone
260310152415+0100,206,20,24007,310-120-XXXX,206-20-XXXX,4G,Smartphone
260318213430+0200,206,1,24005,206-01-XXXX,206-20-XXXX,5G,Tablet
260310194503+0000,234,20,23420,234-20-XXXX,234-20-XXXX,3G,IoT Device
260327005633+0100,234,15,24007,234-38-XXXX,234-10-XXXX,3G,Smartphone
260317155701-0600,310,410,310410,310-410-XXXX,234-30-XXXX,4G,Tablet
260227065224-0600,310,480,24005,310-260-XXXX,310-480-XXXX,3G,Smartphone
260227011505+0200,240,5,310260,240-05-XXXX,240-05-XXXX,5G,IoT Device
260308121241-0500,310,410,310410,310-410-XXXX,310-410-XXXX,4G,Smartphone
260310163807+0100,240,7,24007,240-07-XXXX,240-07-XXXX,4G,Tablet
260320205922+0200,206,5,20605,206-05-XXXX,206-05-XXXX,3G,Tablet
260309233638+0100,234,33,23433,310-410-XXXX,234-38-XXXX,4G,Smartphone
260307055927+0200,206,10,20610,206-10-XXXX,206-10-XXXX,4G,IoT Device
260318231652+0100,240,8,20605,240-08-XXXX,240-08-XXXX,5G,Smartphone
260317005016+0000,234,15,23415,234-15-XXXX,234-15-XXXX,4G,Smartphone
260317162817+0100,240,7,24001,234-10-XXXX,240-07-XXXX,5G,Smartphone
260322005009+0200,206,10,23410,234-15-XXXX,206-10-XXXX,4G,IoT Device
260319100351+0100,234,38,23438,310-120-XXXX,234-38-XXXX,5G,Smartphone
260313183249+0100,240,4,24005,240-04-XXXX,240-05-XXXX,3G,IoT Device
260317042211+0000,234,30,23430,234-30-XXXX,234-30-XXXX,3G,Tablet
260323025911+0200,240,2,23410,240-02-XXXX,240-02-XXXX,5G,Tablet
260315021519-0800,310,120,23430,310-260-XXXX,234-20-XXXX,4G,Smartphone
260301172157+0200,240,7,24008,310-260-XXXX,240-07-XXXX,3G,Smartphone
260307140232+0100,206,20,23410,206-20-XXXX,206-20-XXXX,4G,Tablet
260319230210+0100,206,10,310480,206-10-XXXX,206-10-XXXX,4G,Smartphone
260322102819-0800,310,410,310410,310-410-XXXX,310-410-XXXX,3G,Tablet
260315082611+0100,240,4,24004,240-04-XXXX,240-04-XXXX,5G,Smartphone
260225224823+0200,240,16,24016,240-16-XXXX,234-33-XXXX,5G,Smartphone
260324172802+0000,234,15,23415,234-15-XXXX,234-15-XXXX,3G,Smartphone
260323041541+0000,234,15,23415,234-15-XXXX,310-410-XXXX,4G,Smartphone
260227040342+0100,240,8,24005,240-08-XXXX,310-410-XXXX,3G,IoT Device
260227200132+0000,234,33,23415,234-33-XXXX,234-33-XXXX,4G,Tablet
260309161422-0800,310,260,23438,310-410-XXXX,310-260-XXXX,3G,IoT Device
260306102021+0200,240,5,310480,240-05-XXXX,240-05-XXXX,4G,Smartphone
260323135759+0200,206,1,310410,206-05-XXXX,206-01-XXXX,3G,Smartphone
260317071303+0200,206,10,20610,206-10-XXXX,310-120-XXXX,5G,Tablet
260311153812+0100,206,10,20610,240-07-XXXX,206-01-XXXX,4G,Tablet
260303131011+0200,206,10,24024,206-20-XXXX,206-10-XXXX,4G,Tablet
260309232953-0500,310,120,310120,206-05-XXXX,310-120-XXXX,4G,Tablet
260312212110+0100,234,38,310480,234-38-XXXX,234-38-XXXX,3G,Smartphone
260308223259+0100,240,2,23420,240-02-XXXX,206-10-XXXX,3G,Tablet
260303050841-0600,310,410,20601,234-15-XXXX,240-04-XXXX,4G,Smartphone
260320000922+0200,206,1,20601,206-01-XXXX,310-480-XXXX,5G,Tablet
260225073132+0100,234,20,23420,234-20-XXXX,234-20-XXXX,3G,Smartphone
260228225826+0100,240,5,23438,234-30-XXXX,206-20-XXXX,4G,Tablet
260312020857+0100,206,1,24016,206-01-XXXX,234-38-XXXX,5G,Smartphone
260227055116+0100,206,1,24007,234-38-XXXX,206-01-XXXX,4G,Tablet
260310040218+0200,240,24,24024,310-260-XXXX,240-24-XXXX,5G,Tablet
260322224046+0100,206,5,310120,206-05-XXXX,206-05-XXXX,5G,Tablet
260318084758+0200,206,5,310480,206-20-XXXX,206-05-XXXX,5G,IoT Device
260309053500-0600,310,260,23438,240-08-XXXX,310-260-XXXX,5G,IoT Device
260321025444+0200,206,10,24016,206-10-XXXX,206-10-XXXX,5G,Smartphone
260227172449+0100,234,38,24024,240-04-XXXX,234-38-XXXX,3G,IoT Device
260310033850+0200,206,20,20620,234-20-XXXX,240-16-XXXX,4G,Tablet
260308225444+0100,206,10,20610,206-10-XXXX,206-10-XXXX,5G,Smartphone
260303172931+0100,234,33,23433,234-33-XXXX,234-33-XXXX,4G,Tablet
260312093029+0100,206,5,20605,234-33-XXXX,234-33-XXXX,4G,Smartphone
260324061328+0200,206,5,23433,240-16-XXXX,206-05-XXXX,4G,IoT Device
260304040425+0100,206,10,20610,206-01-XXXX,206-10-XXXX,3G,IoT Device
260302065246-0600,310,260,310260,310-260-XXXX,310-260-XXXX,3G,IoT Device
260302093019+0200,240,24,23415,240-24-XXXX,240-24-XXXX,5G,Tablet
260311000023+0000,234,30,23420,234-30-XXXX,234-30-XXXX,3G,IoT Device
260317122234+0100,206,20,20620,206-20-XXXX,206-20-XXXX,3G,Tablet
260323001304-0800,310,410,20605,310-410-XXXX,310-410-XXXX,5G,Tablet
260310063522+0100,206,10,20620,206-10-XXXX,206-10-XXXX,4G,Smartphone
260320231903-0800,310,480,23438,234-15-XXXX,310-480-XXXX,3G,Smartphone
260312071434-0600,310,260,310260,310-260-XXXX,310-260-XXXX,3G,Smartphone
260226050214-0800,310,260,310260,310-260-XXXX,310-260-XXXX,5G,Smartphone
260227091223+0200,240,1,24001,310-480-XXXX,240-01-XXXX,5G,Smartphone
260315124558-0700,310,260,310260,206-01-XXXX,310-260-XXXX,5G,Smartphone
260314114750-0800,310,410,24002,310-480-XXXX,310-410-XXXX,4G,Smartphone
260310134606-0600,310,260,310260,234-20-XXXX,240-01-XXXX,4G,IoT Device
260306172734+0100,206,20,20620,206-20-XXXX,206-20-XXXX,5G,Smartphone
260325193113+0000,234,15,23415,206-20-XXXX,234-15-XXXX,3G,Smartphone
260326131640+0000,234,20,23420,234-20-XXXX,234-20-XXXX,3G,Smartphone
260226060833+0200,240,2,24002,240-02-XXXX,240-02-XXXX,4G,Smartphone
260312191722-0600,310,260,20601,310-260-XXXX,310-260-XXXX,5G,Tablet
260308062449-0700,310,480,310480,206-05-XXXX,310-480-XXXX,4G,Smartphone
260320073429+0100,234,20,24007,234-20-XXXX,234-20-XXXX,4G,Tablet
260320181213+0100,206,1,20601,206-20-XXXX,234-30-XXXX,3G,Smartphone
260306232015-0500,310,410,310260,310-410-XXXX,310-410-XXXX,5G,Smartphone
260305143245+0200,206,5,23410,206-05-XXXX,206-05-XXXX,3G,Smartphone
260307015851+0200,206,10,20610,206-10-XXXX,206-10-XXXX,5G,Smartphone
260324140103+0200,206,10,20610,206-05-XXXX,310-410-XXXX,4G,Smartphone
260228224819+0100,240,4,24002,240-04-XXXX,240-04-XXXX,3G,Smartphone
260306085133+0100,240,5,23438,240-05-XXXX,240-05-XXXX,3G,Tablet
260321112711+0200,206,5,310410,206-05-XXXX,206-05-XXXX,3G,IoT Device
260316110553+0100,240,5,24008,240-05-XXXX,310-410-XXXX,5G,Tablet
260225150510+0100,240,1,20610,206-01-XXXX,234-33-XXXX,5G,Smartphone
260307080027-0600,310,120,24008,310-120-XXXX,310-120-XXXX,3G,Smartphone
260303210416+0000,234,15,23415,234-15-XXXX,234-15-XXXX,3G,Smartphone
260305225550+0000,234,38,20601,234-38-XXXX,234-38-XXXX,4G,Smartphone
260316223257+0100,240,7,24007,240-07-XXXX,234-30-XXXX,5G,Smartphone
260314235839+0100,240,1,24001,310-410-XXXX,240-01-XXXX,3G,Smartphone
260322003143-0800,310,120,24002,310-120-XXXX,310-120-XXXX,3G,IoT Device
260318171243+0200,240,2,24002,240-02-XXXX,240-02-XXXX,5G,Smartphone
260317085629+0000,234,15,23420,234-15-XXXX,234-15-XXXX,4G,Tablet
260315093520+0100,234,30,23430,234-30-XXXX,234-30-XXXX,5G,IoT Device
260304022632+0100,240,7,24007,310-260-XXXX,240-07-XXXX,4G,Tablet
260324044918+0200,206,20,24007,240-07-XXXX,206-20-XXXX,5G,Smartphone
260310222211+0200,240,7,24007,240-07-XXXX,240-07-XXXX,5G,Smartphone
260312040311+0200,206,10,20610,206-10-XXXX,206-10-XXXX,4G,IoT Device
260321140719+0000,234,38,310410,234-38-XXXX,234-38-XXXX,3G,Tablet
260323063117-0500,310,480,24024,310-480-XXXX,310-480-XXXX,5G,Smartphone
260323071928+0000,234,15,23415,234-15-XXXX,310-120-XXXX,5G,Smartphone
260318101008-0800,310,260,20620,310-260-XXXX,310-260-XXXX,5G,Tablet
260305151220+0200,206,5,23420,310-480-XXXX,206-05-XXXX,4G,Smartphone
260310132812+0100,206,5,20605,234-10-XXXX,206-05-XXXX,4G,Smartphone
260227195938+0100,240,4,23410,240-04-XXXX,240-04-XXXX,3G,Smartphone
260323145337+0100,206,1,20601,310-480-XXXX,206-01-XXXX,5G,Smartphone
260226161818-0700,310,480,20605,310-480-XXXX,310-480-XXXX,5G,IoT Device
260308155959-0700,310,480,310410,240-04-XXXX,310-480-XXXX,4G,Smartphone
260225221519+0100,206,1,20605,206-01-XXXX,206-10-XXXX,5G,Smartphone
260320194515-0700,310,260,310120,310-260-XXXX,310-260-XXXX,4G,IoT Device
260324142907+0100,240,24,24024,240-08-XXXX,234-10-XXXX,5G,Smartphone
260319201933+0100,206,5,310410,206-05-XXXX,206-05-XXXX,4G,IoT Device
260324061039-0800,310,260,24001,310-260-XXXX,310-260-XXXX,3G,IoT Device
260322030801+0100,240,4,24004,240-04-XXXX,240-04-XXXX,4G,IoT Device
260228100053+0200,240,8,24008,240-08-XXXX,240-08-XXXX,3G,Smartphone
260228174127-0800,310,120,310480,310-120-XXXX,206-01-XXXX,3G,IoT Device
260226231053+0100,206,5,24005,206-20-XXXX,206-05-XXXX,5G,IoT Device
260314233644+0200,240,7,20605,206-20-XXXX,240-07-XXXX,4G,Smartphone
260318151843-0500,310,120,310120,234-38-XXXX,310-120-XXXX,5G,IoT Device
260315123723+0000,234,38,23438,206-10-XXXX,240-24-XXXX,3G,Smartphone
260302164934+0000,234,20,23420,234-20-XXXX,240-05-XXXX,5G,IoT Device
260227024121+0100,240,24,23430,240-01-XXXX,206-01-XXXX,4G,Smartphone
260308190513+0200,240,5,24001,240-05-XXXX,240-05-XXXX,5G,Smartphone
260326121831+0100,240,7,24007,240-07-XXXX,240-07-XXXX,4G,Smartphone
260307190404+0200,240,1,310480,234-33-XXXX,240-01-XXXX,5G,Smartphone
260319014040+0200,206,10,20610,234-10-XXXX,206-10-XXXX,5G,Tablet
260301020054+0200,240,4,24004,234-38-XXXX,240-07-XXXX,4G,Smartphone
260321114111+0200,240,1,24001,234-38-XXXX,240-01-XXXX,4G,Smartphone
260326120900+0200,206,5,310260,234-30-XXXX,206-05-XXXX,5G,Smartphone
260321101418+0200,240,16,24016,206-10-XXXX,234-30-XXXX,4G,IoT Device
260226043518+0100,240,4,24004,206-20-XXXX,234-20-XXXX,5G,Smartphone
260323154345+0100,206,20,20601,206-20-XXXX,240-08-XXXX,4G,Tablet
260312130211+0100,206,5,20605,234-15-XXXX,206-05-XXXX,4G,Smartphone
260304162046-0600,310,260,310260,234-20-XXXX,234-15-XXXX,4G,IoT Device
260305155736+0100,206,5,310120,206-05-XXXX,206-01-XXXX,3G,Smartphone
260323012006-0800,310,260,23433,310-260-XXXX,310-260-XXXX,4G,Smartphone
260321012912+0100,240,4,24024,240-04-XXXX,240-04-XXXX,4G,Smartphone
260319090830+0100,240,1,24001,240-16-XXXX,240-01-XXXX,5G,Smartphone
260307060359-0600,310,260,310260,310-260-XXXX,310-260-XXXX,5G,Tablet
260308022700+0200,240,7,20610,240-07-XXXX,240-07-XXXX,5G,Smartphone
260321024712+0000,234,15,23415,234-15-XXXX,310-480-XXXX,4G,IoT Device
260309235950+0200,240,1,20605,234-33-XXXX,240-01-XXXX,5G,IoT Device
260313104206+0200,206,5,23410,206-05-XXXX,234-33-XXXX,5G,Tablet
260306220345+0100,240,16,20610,234-10-XXXX,310-410-XXXX,5G,Smartphone
260315035052+0000,234,33,23433,234-33-XXXX,310-120-XXXX,4G,IoT Device
260307150426-0500,310,120,23438,310-120-XXXX,240-01-XXXX,4G,IoT Device
260315123912-0800,310,480,310480,240-01-XXXX,310-480-XXXX,3G,Tablet
260227075923+0100,240,8,24008,240-08-XXXX,240-08-XXXX,5G,Smartphone
260312112255+0200,240,1,24001,234-33-XXXX,240-01-XXXX,5G,Tablet
260325155807+0200,206,10,20610,206-05-XXXX,206-10-XXXX,4G,Smartphone
260226030055+0100,206,20,20620,240-16-XXXX,206-20-XXXX,5G,Smartphone
260307224231-0500,310,120,310120,240-07-XXXX,310-120-XXXX,4G,Smartphone
260315053742+0100,234,10,23438,234-10-XXXX,234-30-XXXX,4G,Smartphone
260308054835+0200,206,5,23410,234-20-XXXX,206-05-XXXX,5G,Smartphone
260312231017-0500,310,260,20610,234-33-XXXX,310-260-XXXX,3G,IoT Device
260304134050-0600,310,260,310260,310-260-XXXX,310-260-XXXX,5G,IoT Device
260312011618-0500,310,480,310480,240-05-XXXX,310-480-XXXX,5G,Smartphone
260304222622+0200,240,16,310120,206-20-XXXX,310-120-XXXX,5G,Tablet
260303122703-0700,310,410,310410,310-480-XXXX,310-410-XXXX,3G,Smartphone
260303020519+0100,240,24,20620,206-05-XXXX,310-480-XXXX,3G,Smartphone
260310152551+0100,234,33,310480,206-05-XXXX,234-33-XXXX,4G,Smartphone
260326235921+0100,234,15,24008,234-15-XXXX,234-15-XXXX,5G,IoT Device
260317024817+0100,234,33,23433,234-20-XXXX,234-33-XXXX,4G,Smartphone
260323194308+0100,234,30,24008,234-30-XXXX,234-30-XXXX,4G,Smartphone
260320212518-0500,310,260,20605,240-04-XXXX,240-16-XXXX,3G,Smartphone
260326151520+0100,234,20,23420,206-05-XXXX,234-20-XXXX,3G,Tablet
260320190143+0200,206,5,20605,206-05-XXXX,206-05-XXXX,4G,IoT Device
260311022932+0100,240,5,23410,240-05-XXXX,240-16-XXXX,4G,Smartphone
260315103347-0800,310,410,23430,310-410-XXXX,310-410-XXXX,4G,Smartphone
260309003807+0100,206,10,24001,234-30-XXXX,206-10-XXXX,4G,IoT Device
260312202740-0800,310,260,20610,234-10-XXXX,310-260-XXXX,4G,Tablet
260228201144-0700,310,260,310260,234-38-XXXX,310-260-XXXX,3G,Smartphone
260310135630+0100,240,5,24004,240-05-XXXX,240-05-XXXX,4G,Smartphone
260228222140+0200,240,24,24024,206-10-XXXX,310-410-XXXX,5G,Smartphone
260320024547-0600,310,410,310410,234-38-XXXX,310-410-XXXX,5G,Smartphone
260322003341+0000,234,15,23415,234-15-XXXX,234-15-XXXX,5G,Tablet
260302003048+0100,206,1,310120,206-01-XXXX,234-10-XXXX,5G,Tablet
260307110548+0000,234,20,23420,234-20-XXXX,310-410-XXXX,5G,Tablet
260322110157+0100,240,7,24007,240-07-XXXX,240-07-XXXX,3G,Smartphone
260228200458+0200,240,1,24001,240-01-XXXX,234-33-XXXX,3G,Smartphone
260312034846-0800,310,480,310260,234-15-XXXX,310-480-XXXX,4G,IoT Device
260302051329+0000,234,10,23410,234-20-XXXX,234-10-XXXX,3G,Tablet
260322083454-0800,310,480,24008,310-120-XXXX,240-01-XXXX,5G,Smartphone
260227122626+0000,234,33,23433,234-33-XXXX,234-33-XXXX,3G,IoT Device
260316144625-0600,310,120,310120,310-120-XXXX,310-120-XXXX,4G,IoT Device
260315145954+0000,234,30,23433,234-30-XXXX,234-30-XXXX,3G,Smartphone
260316080800+0100,206,10,20610,206-01-XXXX,206-10-XXXX,4G,Smartphone
260321052008+0100,234,10,310120,234-38-XXXX,234-10-XXXX,3G,Smartphone
260310163043+0200,206,20,20620,206-05-XXXX,206-10-XXXX,4G,Smartphone
260310062834+0100,234,33,23433,234-33-XXXX,234-38-XXXX,5G,IoT Device
260307065356+0100,240,16,24016,240-16-XXXX,240-04-XXXX,4G,Smartphone
260319023502+0100,234,33,24005,234-33-XXXX,234-30-XXXX,5G,Smartphone
260301000642+0100,206,10,23438,234-30-XXXX,206-10-XXXX,4G,Smartphone
260306154325+0100,234,30,20601,234-30-XXXX,206-20-XXXX,5G,IoT Device
260310134009+0100,240,16,310260,310-120-XXXX,240-16-XXXX,5G,Smartphone
260305185446+0200,240,16,20601,240-16-XXXX,240-16-XXXX,4G,Tablet
260304124253-0500,310,480,310480,206-01-XXXX,310-480-XXXX,3G,Tablet
260321113951+0100,234,38,24005,234-38-XXXX,234-38-XXXX,5G,IoT Device
260302183826+0200,206,5,20605,206-20-XXXX,206-05-XXXX,3G,Tablet
260312010402+0000,234,30,23430,240-05-XXXX,234-30-XXXX,5G,Tablet
260227184744+0200,240,24,310260,240-24-XXXX,240-24-XXXX,5G,Smartphone
260326015828+0100,240,4,23410,310-260-XXXX,240-04-XXXX,5G,Smartphone
260226125938+0100,240,7,24007,234-20-XXXX,240-07-XXXX,4G,IoT Device
260305154156+0000,234,38,24024,234-38-XXXX,234-38-XXXX,4G,IoT Device
260310001341+0200,206,20,20620,206-20-XXXX,206-20-XXXX,3G,Smartphone
260319235613+0200,206,20,23430,206-20-XXXX,206-20-XXXX,5G,Smartphone
260226144737-0800,310,410,20605,234-38-XXXX,234-30-XXXX,5G,Smartphone
260313161650+0100,234,15,23415,234-15-XXXX,234-15-XXXX,4G,Smartphone
260320001952+0200,206,10,20610,206-10-XXXX,206-10-XXXX,3G,Smartphone
260228223552+0100,240,8,24005,206-10-XXXX,240-08-XXXX,4G,Tablet
260320221710-0800,310,260,23438,310-260-XXXX,206-01-XXXX,4G,Smartphone
260319173206+0100,234,20,24024,240-24-XXXX,234-10-XXXX,4G,IoT Device
260312020058+0100,234,10,23410,234-15-XXXX,240-04-XXXX,3G,Tablet
260318114447-0800,310,120,310260,310-480-XXXX,310-120-XXXX,4G,Smartphone
260301131151+0000,234,38,23438,234-38-XXXX,234-38-XXXX,5G,Tablet
260306220544+0200,206,1,23415,206-01-XXXX,206-01-XXXX,4G,Smartphone
260308205315+0100,234,10,23410,234-10-XXXX,310-480-XXXX,4G,Tablet
260314212631+0200,240,24,24004,234-38-XXXX,234-38-XXXX,5G,Tablet
260318081510+0000,234,10,20620,234-33-XXXX,234-10-XXXX,4G,Tablet
260308031040+0000,234,10,24008,234-10-XXXX,234-10-XXXX,4G,IoT Device
260314141332+0100,240,5,24005,240-05-XXXX,240-05-XXXX,5G,Tablet
260314234406+0100,206,20,20620,240-05-XXXX,206-01-XXXX,5G,Tablet
260318172206+0200,206,5,20605,206-05-XXXX,206-05-XXXX,4G,Smartphone
260312192427-0700,310,260,23420,310-260-XXXX,310-260-XXXX,5G,Smartphone
260301122131+0200,240,2,20605,240-02-XXXX,240-02-XXXX,4G,IoT Device
260314061239-0800,310,120,310410,310-120-XXXX,234-15-XXXX,3G,IoT Device
260225153542+0100,206,5,20605,234-30-XXXX,206-05-XXXX,4G,Tablet
260309111729-0700,310,260,310260,310-260-XXXX,310-260-XXXX,3G,Smartphone
260323062320-0700,310,480,23433,310-120-XXXX,310-480-XXXX,5G,IoT Device
260318060706+0000,234,20,23420,234-20-XXXX,234-20-XXXX,4G,Smartphone
260327003631+0200,240,8,24008,234-33-XXXX,240-08-XXXX,4G,Smartphone
260306115143+0200,206,20,20620,206-20-XXXX,206-20-XXXX,5G,Tablet
260313111637+0200,240,4,24004,240-05-XXXX,240-04-XXXX,3G,IoT Device
260315091255-0600,310,120,310120,240-05-XXXX,310-120-XXXX,4G,Smartphone
260305105041+0100,234,30,20610,234-30-XXXX,234-30-XXXX,3G,Smartphone
260320051220+0000,234,33,23433,240-16-XXXX,234-33-XXXX,5G,Tablet
260306141346+0100,206,5,20605,206-05-XXXX,206-05-XXXX,3G,Tablet
260305171007+0100,240,16,20601,206-01-XXXX,240-16-XXXX,3G,Smartphone
260323225428+0100,240,16,24016,240-16-XXXX,206-20-XXXX,4G,Smartphone
260325171643-0800,310,120,23420,310-260-XXXX,310-120-XXXX,4G,Smartphone
260226081453+0100,234,15,23415,234-15-XXXX,234-15-XXXX,5G,IoT Device
260307112031+0100,234,30,23430,240-07-XXXX,234-30-XXXX,4G,Tablet
260319120238+0200,240,4,24008,206-20-XXXX,240-04-XXXX,4G,Smartphone
260325014415-0800,310,260,310260,310-260-XXXX,310-260-XXXX,4G,IoT Device
260228083612+0100,206,1,20601,206-01-XXXX,206-10-XXXX,3G,Tablet
260304083148-0700,310,410,310410,310-410-XXXX,206-10-XXXX,3G,Smartphone
260316051649+0200,206,10,310260,206-10-XXXX,206-10-XXXX,3G,Smartphone
260306234618+0100,206,5,310260,206-05-XXXX,206-05-XXXX,5G,Smartphone
260225054127+0100,206,10,310120,234-20-XXXX,240-24-XXXX,4G,Smartphone
260309065601+0100,206,5,23433,240-01-XXXX,206-05-XXXX,5G,Smartphone
260311094323-0600,310,260,310260,310-260-XXXX,310-410-XXXX,5G,IoT Device
260306171203+0100,240,7,24016,240-16-XXXX,206-20-XXXX,5G,Smartphone
260316153655+0100,240,2,24002,240-02-XXXX,240-02-XXXX,4G,Smartphone
260324112908+0100,240,4,24004,240-04-XXXX,310-260-XXXX,5G,Tablet
260325022304+0100,234,33,24001,206-10-XXXX,234-33-XXXX,4G,Smartphone
260320171730+0100,206,10,24001,234-20-XXXX,206-10-XXXX,4G,Tablet
260323091255+0200,206,5,24002,206-05-XXXX,206-05-XXXX,4G,Smartphone
260324222651+0200,240,7,20601,240-07-XXXX,240-07-XXXX,5G,Smartphone
260326180642-0800,310,480,310480,310-480-XXXX,234-33-XXXX,4G,IoT Device
260323181338+0200,240,24,24024,240-01-XXXX,240-24-XXXX,5G,Tablet
260305062410+0100,240,1,24001,240-01-XXXX,234-15-XXXX,5G,Smartphone
260301225722+0200,206,20,20620,310-120-XXXX,206-20-XXXX,5G,Smartphone
260318152103+0100,206,5,23433,206-01-XXXX,206-05-XXXX,4G,Smartphone
260320191846-0800,310,120,310120,310-260-XXXX,310-120-XXXX,3G,Smartphone
260302081859+0200,206,10,20610,234-10-XXXX,240-07-XXXX,5G,Smartphone
260321212334-0700,310,410,310410,310-410-XXXX,310-410-XXXX,3G,IoT Device
260309023336-0500,310,410,310410,240-02-XXXX,310-410-XXXX,5G,IoT Device
260311094338+0100,234,20,23420,234-20-XXXX,234-20-XXXX,3G,Tablet
260304214332+0000,234,30,24004,240-16-XXXX,234-30-XXXX,4G,IoT Device
260325165155-0700,310,410,310410,240-16-XXXX,206-10-XXXX,5G,Smartphone
260304221642-0700,310,480,310480,310-480-XXXX,310-480-XXXX,5G,IoT Device
260226224123+0100,240,24,24024,240-24-XXXX,240-24-XXXX,4G,IoT Device
260301205723-0500,310,120,310410,310-120-XXXX,310-120-XXXX,4G,Tablet
260317185809+0100,206,10,310260,206-10-XXXX,206-01-XXXX,4G,Smartphone
260308023530-0600,310,410,24004,310-410-XXXX,310-410-XXXX,3G,Tablet
260311101504+0000,234,15,23420,206-20-XXXX,240-24-XXXX,4G,Tablet
260309132208+0100,234,15,23415,234-15-XXXX,234-15-XXXX,4G,IoT Device
260319191509+0100,240,7,20601,310-260-XXXX,240-07-XXXX,4G,Smartphone
260319222957+0100,240,5,24005,206-20-XXXX,240-05-XXXX,4G,IoT Device
260312201930+0200,240,5,23430,234-20-XXXX,206-20-XXXX,4G,Tablet
260227101139+0100,234,10,23410,234-10-XXXX,234-10-XXXX,5G,Tablet
260321224039+0100,234,30,23430,310-480-XXXX,234-30-XXXX,4G,IoT Device
260314061819-0500,310,410,310410,310-480-XXXX,310-410-XXXX,3G,Smartphone
260322171124-0800,310,260,310260,310-260-XXXX,310-260-XXXX,5G,Tablet
260318140828-0700,310,410,20610,240-04-XXXX,310-410-XXXX,5G,Smartphone
260321081306-0700,310,260,310260,310-260-XXXX,310-260-XXXX,5G,IoT Device
260310185118+0200,240,24,23430,240-24-XXXX,234-10-XXXX,3G,Smartphone
260317062110-0600,310,480,310480,310-120-XXXX,310-480-XXXX,4G,Tablet
260308230236-0800,310,260,20610,310-260-XXXX,310-260-XXXX,4G,Tablet
260314102039+0200,206,1,24007,206-01-XXXX,206-01-XXXX,4G,Smartphone
260318021414+0100,234,15,20620,234-15-XXXX,234-15-XXXX,5G,Smartphone
260325025135+0200,206,10,20610,310-480-XXXX,206-10-XXXX,3G,Smartphone
260226004833-0700,310,480,310480,206-20-XXXX,310-480-XXXX,4G,Smartphone
260320012122+0200,240,7,20620,310-480-XXXX,240-07-XXXX,5G,Tablet
260308073419+0100,206,5,310410,206-05-XXXX,206-05-XXXX,5G,Tablet
260323040512+0200,240,1,24001,240-01-XXXX,240-08-XXXX,5G,Tablet
260227114424+0000,234,15,310120,234-15-XXXX,234-15-XXXX,3G,Smartphone
260316163017+0200,240,8,310480,240-08-XXXX,240-08-XXXX,5G,Smartphone
260326204835+0200,240,2,24002,240-02-XXXX,240-02-XXXX,3G,IoT Device
260318220105+0000,234,20,23420,234-20-XXXX,234-38-XXXX,5G,Smartphone
260319182434+0100,234,10,24024,234-10-XXXX,310-120-XXXX,3G,Smartphone
260317065248+0200,240,16,24016,240-16-XXXX,206-01-XXXX,4G,Smartphone
260321184647+0100,240,8,24008,206-01-XXXX,234-20-XXXX,5G,IoT Device
260301173851+0100,206,20,20620,240-01-XXXX,206-20-XXXX,5G,Smartphone
260226010924+0200,240,16,24005,240-24-XXXX,206-01-XXXX,5G,Smartphone
260304071424+0100,206,5,20605,310-410-XXXX,206-05-XXXX,3G,Tablet
260310112352+0200,240,24,310260,240-24-XXXX,240-24-XXXX,5G,IoT Device
260304101007+0200,240,4,24004,310-120-XXXX,234-20-XXXX,4G,Tablet
260304024104+0000,234,15,23415,240-02-XXXX,234-15-XXXX,4G,IoT Device
260301065128-0700,310,260,310260,310-260-XXXX,310-260-XXXX,5G,Smartphone
260321131934+0000,234,10,23410,234-10-XXXX,234-10-XXXX,4G,Smartphone
260314094431+0100,234,15,23430,234-15-XXXX,234-15-XXXX,4G,IoT Device
260304043152+0100,234,38,23438,234-38-XXXX,234-38-XXXX,5G,Tablet
260309114325+0200,206,10,20610,206-10-XXXX,206-10-XXXX,3G,Smartphone
260315204031-0500,310,260,24007,310-260-XXXX,310-260-XXXX,4G,IoT Device
260226114300+0100,240,24,24004,310-410-XXXX,240-24-XXXX,4G,Smartphone
260320154422-0600,310,480,310480,234-33-XXXX,310-480-XXXX,4G,IoT Device
260309075424+0200,240,4,24004,240-04-XXXX,240-04-XXXX,4G,Smartphone
260319170823+0000,234,10,23410,234-10-XXXX,206-20-XXXX,3G,Smartphone
260306022925+0000,234,38,20601,234-38-XXXX,310-120-XXXX,5G,Tablet
260324123426-0700,310,410,310480,310-260-XXXX,206-20-XXXX,4G,Tablet
260313191224+0100,206,5,20605,206-05-XXXX,206-05-XXXX,5G,Smartphone
260304173325+0200,206,5,20605,206-05-XXXX,206-10-XXXX,3G,Smartphone
260324175747+0200,240,24,24024,240-24-XXXX,240-24-XXXX,4G,Smartphone
260313033704-0700,310,480,310480,310-120-XXXX,310-480-XXXX,4G,IoT Device
260305031509+0100,240,7,24007,310-120-XXXX,240-07-XXXX,5G,Smartphone
260323065801-0800,310,260,310260,310-260-XXXX,234-10-XXXX,4G,Tablet
260311110726+0200,240,16,24016,234-20-XXXX,240-16-XXXX,5G,Tablet
260306041520+0100,206,1,20601,206-01-XXXX,206-01-XXXX,4G,Smartphone
260325044255+0100,240,5,20605,234-38-XXXX,240-05-XXXX,5G,Smartphone
260319114247-0500,310,480,20620,206-10-XXXX,240-01-XXXX,4G,IoT Device
260317224840+0100,206,20,23415,206-05-XXXX,206-20-XXXX,5G,Smartphone
260324125104+0200,240,5,24005,206-01-XXXX,240-02-XXXX,5G,Smartphone
260308120212+0200,206,5,20605,206-05-XXXX,206-05-XXXX,5G,Smartphone
260306080127+0200,240,16,310260,240-16-XXXX,240-16-XXXX,5G,Smartphone
260311012859+0000,234,33,23410,234-33-XXXX,234-33-XXXX,5G,Tablet
260319221959+0100,206,1,24016,310-260-XXXX,206-01-XXXX,5G,Tablet
260308045204-0600,310,480,310480,310-480-XXXX,240-16-XXXX,4G,Smartphone
260319073943-0600,310,120,310120,206-10-XXXX,310-120-XXXX,5G,IoT Device
260305222955+0100,206,1,23430,206-01-XXXX,206-01-XXXX,5G,IoT Device
260308112641+0000,234,10,310410,234-10-XXXX,310-480-XXXX,4G,Tablet
260313142522-0500,310,260,310260,206-10-XXXX,310-260-XXXX,4G,Smartphone
260304191407+0200,206,10,20610,234-38-XXXX,206-10-XXXX,3G,Smartphone
260310214525-0600,310,410,20610,310-410-XXXX,310-410-XXXX,4G,IoT Device
260302034953+0200,206,20,20620,310-480-XXXX,310-480-XXXX,4G,Smartphone
260302142828+0100,234,38,23438,234-38-XXXX,234-38-XXXX,3G,Smartphone
260312191200-0600,310,120,24016,240-07-XXXX,234-10-XXXX,3G,IoT Device
260325102944+0000,234,15,23415,234-15-XXXX,234-15-XXXX,3G,Tablet
260309105257+0100,206,10,20610,206-10-XXXX,206-10-XXXX,5G,Smartphone
260227025349-0800,310,480,24004,310-480-XXXX,310-480-XXXX,5G,IoT Device
260312060516+0200,240,5,24005,240-05-XXXX,206-10-XXXX,5G,Tablet
260316203842+0100,240,24,23430,240-24-XXXX,240-24-XXXX,4G,Smartphone
260225102934+0000,234,30,23430,234-30-XXXX,240-02-XXXX,5G,Smartphone
260313034130-0500,310,480,310480,240-04-XXXX,310-480-XXXX,4G,Smartphone
260321062403+0200,240,1,310410,240-01-XXXX,240-01-XXXX,5G,Smartphone
260324145719-0500,310,260,24024,206-05-XXXX,234-30-XXXX,3G,Tablet
260302200904+0200,240,24,24016,240-24-XXXX,240-24-XXXX,5G,Smartphone
260305022602+0200,206,5,20605,234-38-XXXX,206-05-XXXX,5G,Smartphone
260325203916+0200,240,1,24001,240-01-XXXX,240-01-XXXX,4G,Smartphone
260326185541-0700,310,260,310260,206-20-XXXX,310-260-XXXX,4G,Smartphone
260316163859+0200,240,8,20610,240-08-XXXX,240-08-XXXX,4G,Tablet
260227211650-0600,310,480,310480,310-120-XXXX,206-10-XXXX,3G,Smartphone
260226182146+0100,206,10,20610,206-20-XXXX,240-02-XXXX,5G,Smartphone
260227132939+0100,234,20,310120,234-20-XXXX,234-20-XXXX,3G,Smartphone
260314012237+0200,206,10,20610,206-10-XXXX,206-10-XXXX,4G,Smartphone
260323221235+0100,240,16,310410,206-10-XXXX,240-16-XXXX,3G,Smartphone
260303101050+0100,206,1,20601,206-01-XXXX,206-01-XXXX,5G,Smartphone
260305050855-0500,310,410,310410,310-410-XXXX,310-410-XXXX,5G,IoT Device
260324012752+0200,206,20,20605,206-05-XXXX,206-20-XXXX,4G,Smartphone
260302110543+0100,206,20,20620,206-10-XXXX,240-16-XXXX,4G,Tablet
260325221305+0100,234,20,23420,206-10-XXXX,234-15-XXXX,4G,Smartphone
260324224500+0100,234,38,23438,234-38-XXXX,234-38-XXXX,3G,IoT Device
260314015852-0700,310,410,310120,310-410-XXXX,310-410-XXXX,4G,Smartphone
260308141946+0000,234,30,23415,234-15-XXXX,234-30-XXXX,3G,Smartphone
260312023152+0200,240,7,24007,240-07-XXXX,206-20-XXXX,5G,Tablet
260228001738+0000,234,15,23415,240-05-XXXX,234-15-XXXX,4G,Tablet
260307071113+0100,240,2,24007,240-02-XXXX,240-02-XXXX,3G,Smartphone
260326033459+0100,206,1,23415,206-01-XXXX,206-01-XXXX,4G,Smartphone
260320140653+0200,240,16,24016,240-16-XXXX,240-16-XXXX,4G,Tablet
260307180839+0200,240,1,24001,310-410-XXXX,206-01-XXXX,4G,Smartphone
260302154129-0600,310,480,20605,310-480-XXXX,310-480-XXXX,4G,Smartphone
260227153936-0500,310,260,23430,234-10-XXXX,310-260-XXXX,5G,Tablet
260318112354-0600,310,260,23430,310-260-XXXX,310-260-XXXX,5G,Tablet
260308113336+0000,234,38,310410,234-38-XXXX,234-38-XXXX,4G,Smartphone
260319063043+0200,206,20,20620,206-20-XXXX,206-20-XXXX,5G,Smartphone
260227195117+0100,240,16,20620,310-120-XXXX,240-16-XXXX,4G,Smartphone
260307210603+0100,206,10,310260,206-10-XXXX,206-10-XXXX,5G,Tablet
260227164851+0200,240,2,20620,206-10-XXXX,240-02-XXXX,3G,IoT Device
260228041952+0100,206,1,20601,234-15-XXXX,310-260-XXXX,4G,Tablet
260314234445+0200,206,1,20601,206-01-XXXX,206-01-XXXX,3G,IoT Device
260225105043-0700,310,480,23430,310-480-XXXX,310-480-XXXX,5G,IoT Device
260318195052+0200,206,1,20601,206-01-XXXX,206-01-XXXX,4G,Tablet
260314054618+0000,234,10,23410,234-30-XXXX,234-10-XXXX,4G,Tablet
260302040005-0600,310,120,24024,310-120-XXXX,310-120-XXXX,4G,Smartphone
260311210034+0100,240,16,23433,240-16-XXXX,234-15-XXXX,5G,Tablet
260305083910+0200,240,2,20601,240-08-XXXX,240-02-XXXX,5G,Smartphone
260307215812+0100,240,5,23415,310-260-XXXX,240-05-XXXX,4G,Smartphone
260314213003+0200,206,20,310410,206-20-XXXX,206-20-XXXX,4G,Smartphone
260301033045+0000,234,38,23438,206-01-XXXX,234-33-XXXX,4G,Tablet
260307010924+0000,234,38,23438,234-38-XXXX,234-38-XXXX,5G,Smartphone
260310065514+0100,206,20,20605,206-01-XXXX,310-410-XXXX,3G,Tablet
260306021625+0200,206,10,20610,206-10-XXXX,206-10-XXXX,4G,Tablet
260311105050+0000,234,38,23438,240-04-XXXX,310-260-XXXX,3G,Tablet
260326032632+0000,234,10,23410,234-10-XXXX,234-10-XXXX,3G,IoT Device
260326024458+0100,240,1,24001,240-01-XXXX,206-20-XXXX,4G,Smartphone
260308084312+0200,240,1,20620,206-10-XXXX,240-01-XXXX,5G,Smartphone
260308004617+0200,206,10,310480,206-10-XXXX,206-10-XXXX,4G,IoT Device
260314202149+0200,240,7,20601,206-10-XXXX,240-07-XXXX,3G,Smartphone
260325160724+0100,234,30,23430,240-16-XXXX,234-30-XXXX,5G,Tablet
260310053852+0100,234,10,23410,240-04-XXXX,310-480-XXXX,4G,Tablet
260321153655+0100,206,1,20605,206-01-XXXX,206-01-XXXX,3G,Smartphone
260317063015+0100,240,8,20610,240-08-XXXX,240-08-XXXX,4G,Smartphone
260304081255+0100,234,15,24005,240-05-XXXX,234-15-XXXX,4G,IoT Device
260320180543+0100,240,2,20601,240-02-XXXX,206-10-XXXX,3G,IoT Device
260314131033+0000,234,33,24008,310-410-XXXX,206-01-XXXX,4G,Smartphone
260313092305+0200,240,5,310120,240-05-XXXX,240-02-XXXX,5G,Smartphone
260318030813+0000,234,30,20610,240-04-XXXX,240-04-XXXX,5G,Smartphone
260228084222+0200,206,5,20605,234-30-XXXX,310-120-XXXX,4G,Tablet
260302014326+0200,206,1,20610,310-480-XXXX,240-08-XXXX,4G,Tablet
260326020351+0100,240,1,20601,234-15-XXXX,240-01-XXXX,3G,Tablet
260228061425-0800,310,480,23433,240-01-XXXX,310-480-XXXX,3G,Smartphone
260312093849+0200,240,24,310120,240-24-XXXX,234-33-XXXX,5G,Tablet
260310105515+0100,234,30,23430,234-30-XXXX,234-30-XXXX,4G,Smartphone
260307102012+0000,234,30,23430,234-30-XXXX,234-30-XXXX,3G,Smartphone
260305224017+0200,206,10,20610,206-05-XXXX,206-10-XXXX,4G,Smartphone
260228133148+0000,234,15,24016,240-24-XXXX,234-15-XXXX,4G,Smartphone
260307124524+0200,240,8,20605,240-08-XXXX,234-10-XXXX,3G,Tablet
260312170946+0200,240,5,310260,240-05-XXXX,240-05-XXXX,4G,Smartphone
260310052623-0800,310,120,310120,240-24-XXXX,310-120-XXXX,3G,Smartphone
260227021932+0200,240,8,20601,206-01-XXXX,240-08-XXXX,5G,Smartphone
260225181317-0700,310,480,20605,310-480-XXXX,310-480-XXXX,5G,Smartphone
260317093002+0100,240,8,24007,206-05-XXXX,240-08-XXXX,5G,Smartphone
260312132833+0100,234,20,23420,234-20-XXXX,206-01-XXXX,3G,Smartphone
260313210305+0200,206,5,20610,206-05-XXXX,206-05-XXXX,4G,Smartphone
260321002040+0200,240,5,310410,310-410-XXXX,240-05-XXXX,5G,Smartphone
260316070618+0100,234,38,23438,240-04-XXXX,310-480-XXXX,4G,Tablet
260319045247+0100,206,10,20610,310-410-XXXX,206-10-XXXX,4G,Smartphone
260314202047+0100,240,2,24002,240-02-XXXX,240-02-XXXX,4G,Smartphone
260303060730+0200,240,16,24001,206-20-XXXX,240-16-XXXX,5G,IoT Device
260314093902+0200,240,1,23438,240-01-XXXX,240-01-XXXX,5G,Smartphone
260308011952+0100,240,2,24002,310-410-XXXX,240-02-XXXX,3G,Smartphone
260304225117+0100,240,4,20620,240-04-XXXX,234-20-XXXX,4G,Tablet
260314234645+0000,234,38,20620,240-01-XXXX,240-01-XXXX,3G,IoT Device
260307122757+0100,206,20,20620,206-20-XXXX,206-20-XXXX,3G,Tablet
260321115106-0800,310,260,310260,234-33-XXXX,234-10-XXXX,4G,IoT Device
260324152442+0200,240,2,24005,310-120-XXXX,234-33-XXXX,4G,Smartphone
260306112714-0500,310,480,20620,310-480-XXXX,310-480-XXXX,5G,IoT Device
260302134508+0000,234,30,23430,234-15-XXXX,206-10-XXXX,3G,Smartphone
260309150532+0200,206,5,20605,310-260-XXXX,240-08-XXXX,4G,Smartphone
260309183253+0200,206,10,20610,310-260-XXXX,206-10-XXXX,5G,Smartphone
260313172950-0600,310,410,310410,240-01-XXXX,310-410-XXXX,4G,Smartphone
260302164016+0100,206,20,24008,206-20-XXXX,206-05-XXXX,4G,Tablet
260323010810+0100,234,20,23420,234-20-XXXX,234-20-XXXX,4G,IoT Device
260301041554+0100,206,10,20601,206-20-XXXX,206-10-XXXX,5G,Tablet
260309083213+0000,234,30,23430,206-10-XXXX,234-30-XXXX,3G,IoT Device
260311174926+0100,234,10,23410,234-30-XXXX,234-10-XXXX,3G,Tablet
260320225940+0100,206,1,20605,206-10-XXXX,206-01-XXXX,4G,Smartphone
260305075115+0100,206,5,20605,234-10-XXXX,206-05-XXXX,5G,Tablet
260320120535+0200,206,5,310480,310-260-XXXX,206-05-XXXX,5G,IoT Device
260313134547+0100,240,5,20605,310-480-XXXX,240-05-XXXX,4G,Smartphone
260305025025+0200,206,1,20601,240-04-XXXX,310-410-XXXX,5G,Tablet
260313081353+0000,234,38,24016,240-07-XXXX,234-38-XXXX,3G,Smartphone
260313112004+0200,206,20,24008,206-20-XXXX,206-01-XXXX,3G,IoT Device
260319035219+0200,206,20,23438,206-20-XXXX,206-20-XXXX,4G,Smartphone
260306001838-0500,310,410,20605,310-410-XXXX,234-33-XXXX,4G,Tablet
260304231114-0500,310,480,310480,310-480-XXXX,310-480-XXXX,4G,IoT Device
260310060526+0100,234,20,20610,234-30-XXXX,234-20-XXXX,4G,Smartphone
260303090421-0700,310,410,310410,310-260-XXXX,310-410-XXXX,5G,Smartphone
260322215455+0000,234,38,20601,234-38-XXXX,234-38-XXXX,5G,IoT Device
260302012801+0100,206,5,20605,206-05-XXXX,206-05-XXXX,5G,Smartphone
260321114206+0000,234,15,23415,234-15-XXXX,234-15-XXXX,5G,Smartphone
260313011208+0200,206,1,20601,206-05-XXXX,206-01-XXXX,5G,Smartphone
260306185927+0100,206,20,20620,206-01-XXXX,206-20-XXXX,5G,Smartphone
260314061947+0000,234,20,23420,234-20-XXXX,234-20-XXXX,3G,Tablet
260301033503+0100,206,20,20620,206-20-XXXX,206-20-XXXX,5G,Tablet
260324152825+0100,206,10,310410,310-260-XXXX,240-02-XXXX,5G,Smartphone
260318025914+0000,234,30,23430,234-30-XXXX,240-01-XXXX,4G,IoT Device
260318100952+0100,206,1,20601,206-01-XXXX,310-480-XXXX,3G,Tablet
260311182214+0100,240,5,310480,234-30-XXXX,240-05-XXXX,4G,IoT Device
260315215907+0000,234,20,24024,234-20-XXXX,234-20-XXXX,4G,Smartphone
260316021020-0600,310,480,310480,206-20-XXXX,310-480-XXXX,4G,Smartphone
260309040046+0200,240,8,310260,240-08-XXXX,240-08-XXXX,4G,Smartphone
260310172028-0800,310,120,310120,206-01-XXXX,310-120-XXXX,5G,Smartphone
260323033425+0200,206,10,23410,206-10-XXXX,206-10-XXXX,4G,Smartphone
260319001352-0600,310,260,20605,310-260-XXXX,310-260-XXXX,5G,IoT Device
260322140212+0200,240,24,24024,240-24-XXXX,310-410-XXXX,5G,Smartphone
260303144752-0800,310,120,23430,240-16-XXXX,310-120-XXXX,5G,Smartphone
260311220918+0100,206,20,20620,234-20-XXXX,206-20-XXXX,5G,Smartphone
260307050838+0000,234,20,23420,206-01-XXXX,234-20-XXXX,3G,IoT Device
260320173220+0100,206,5,20605,206-05-XXXX,206-05-XXXX,3G,Smartphone
260226110221+0200,240,24,24024,310-410-XXXX,240-24-XXXX,5G,Smartphone
260225134058+0100,240,2,24002,310-410-XXXX,234-10-XXXX,5G,IoT Device
260310074110+0200,240,8,310480,310-260-XXXX,240-08-XXXX,5G,Smartphone
260303033745-0500,310,120,310120,234-38-XXXX,310-120-XXXX,5G,Tablet
260323130624+0100,240,8,24008,240-08-XXXX,240-08-XXXX,5G,Smartphone
260227210954+0100,206,10,20610,240-04-XXXX,206-10-XXXX,3G,IoT Device
260308054116+0100,234,30,20610,234-30-XXXX,234-30-XXXX,5G,IoT Device
260226151449+0200,206,1,20601,206-01-XXXX,206-01-XXXX,5G,Smartphone
260309230023+0200,206,20,20620,234-20-XXXX,206-10-XXXX,4G,Smartphone
260225024432+0100,206,1,20601,206-01-XXXX,206-01-XXXX,3G,Smartphone
260314212434+0200,206,5,20605,206-05-XXXX,206-05-XXXX,5G,Smartphone
260225083848-0700,310,410,310120,206-01-XXXX,310-410-XXXX,4G,IoT Device
260326172554+0200,206,5,20605,206-05-XXXX,206-05-XXXX,4G,Smartphone
260311095416+0200,240,5,24005,240-16-XXXX,240-05-XXXX,5G,Tablet
260319000635+0100,206,1,20601,206-01-XXXX,206-01-XXXX,4G,Smartphone
260308023616-0800,310,410,310410,234-15-XXXX,240-04-XXXX,3G,IoT Device
260320065106+0200,240,8,20601,240-08-XXXX,310-120-XXXX,4G,Tablet
260316075342+0100,240,2,23430,310-120-XXXX,240-02-XXXX,5G,IoT Device
260312235534-0600,310,410,310410,206-01-XXXX,310-410-XXXX,5G,Smartphone
260310064954+0200,240,2,24016,240-02-XXXX,240-02-XXXX,3G,Smartphone
260324161702+0100,240,24,24008,240-24-XXXX,240-24-XXXX,4G,Smartphone
260322210759+0200,206,5,23410,206-01-XXXX,206-05-XXXX,4G,Smartphone
260301064611-0700,310,260,310260,310-260-XXXX,310-260-XXXX,4G,IoT Device
260307150357+0100,240,16,24016,240-16-XXXX,240-16-XXXX,4G,Tablet
260304122159+0100,234,10,23410,234-10-XXXX,234-10-XXXX,5G,IoT Device
260313162421+0100,206,1,20610,310-480-XXXX,206-01-XXXX,5G,Smartphone
260320104906-0800,310,260,20620,310-480-XXXX,206-01-XXXX,5G,IoT Device
260303055252-0700,310,120,24002,240-02-XXXX,310-120-XXXX,4G,IoT Device
260319122427-0500,310,480,310480,310-480-XXXX,310-480-XXXX,5G,Smartphone
260320141750+0000,234,38,20605,234-38-XXXX,234-38-XXXX,4G,Tablet
260311221645+0100,240,8,24008,240-08-XXXX,206-01-XXXX,4G,Smartphone
260316052246+0000,234,33,24008,240-05-XXXX,310-260-XXXX,5G,IoT Device
260326163056+0000,234,33,23433,234-33-XXXX,234-33-XXXX,5G,Tablet
260308162901+0100,234,38,23438,234-38-XXXX,310-410-XXXX,3G,IoT Device
260308010326-0500,310,260,24007,310-260-XXXX,310-260-XXXX,5G,IoT Device
260325170959+0100,240,16,23430,240-16-XXXX,240-16-XXXX,3G,Smartphone
260314165143+0200,206,20,23433,206-01-XXXX,206-20-XXXX,5G,Smartphone
260226063808+0100,206,10,20610,240-05-XXXX,206-10-XXXX,4G,IoT Device
260312064311+0100,206,20,20620,206-01-XXXX,206-20-XXXX,4G,IoT Device
260309185604+0000,234,38,23438,310-410-XXXX,234-38-XXXX,4G,Smartphone
260305094413+0100,240,8,23438,240-02-XXXX,240-08-XXXX,3G,Smartphone
260326072757+0100,234,33,23433,234-33-XXXX,234-33-XXXX,4G,Tablet
260308191713+0000,234,15,20601,234-15-XXXX,234-15-XXXX,3G,Tablet
260306091656+0200,240,4,23433,310-120-XXXX,240-08-XXXX,5G,Tablet
260226193909-0800,310,260,310260,310-260-XXXX,310-260-XXXX,5G,Smartphone
260228132814-0600,310,480,24005,310-480-XXXX,310-480-XXXX,5G,Smartphone
260306083856+0100,234,20,23420,234-20-XXXX,234-20-XXXX,5G,Smartphone
260228155733+0100,240,4,24004,240-04-XXXX,240-04-XXXX,5G,Smartphone
260301235511+0000,234,38,23438,240-01-XXXX,234-38-XXXX,4G,Tablet
260302021024+0100,206,5,24016,206-01-XXXX,206-05-XXXX,5G,Smartphone
260319014026+0100,206,5,20605,310-260-XXXX,206-05-XXXX,4G,Smartphone
260307031005+0200,240,2,24002,310-260-XXXX,240-02-XXXX,5G,Smartphone
260304231702-0600,310,120,24001,206-05-XXXX,310-120-XXXX,5G,IoT Device
260311231111+0100,240,1,24001,206-01-XXXX,240-01-XXXX,3G,Smartphone
260312014046+0200,240,16,24016,206-05-XXXX,206-20-XXXX,3G,Smartphone
260301191324-0600,310,120,20620,310-120-XXXX,206-20-XXXX,3G,Smartphone
260303222441+0100,234,10,23410,234-10-XXXX,234-10-XXXX,3G,Tablet
260322201258+0100,206,20,23438,240-24-XXXX,206-20-XXXX,5G,Smartphone
260311053750+0200,206,20,20620,206-20-XXXX,240-24-XXXX,3G,Smartphone
260302104843-0700,310,410,24008,240-24-XXXX,310-410-XXXX,3G,Tablet
260313160122+0000,234,38,310410,310-120-XXXX,234-38-XXXX,3G,Smartphone
260303193640+0200,206,1,310260,234-30-XXXX,206-01-XXXX,4G,Tablet
260305051557+0100,240,16,24005,310-480-XXXX,240-16-XXXX,5G,Smartphone
260228155544+0000,234,10,23410,234-10-XXXX,234-10-XXXX,4G,IoT Device
260302110517-0800,310,120,24001,310-120-XXXX,310-120-XXXX,5G,Smartphone
260325165350+0100,240,5,24005,240-05-XXXX,240-05-XXXX,4G,IoT Device
260323013012+0100,234,30,24005,240-07-XXXX,234-30-XXXX,3G,Smartphone
260306213700-0500,310,120,310120,310-120-XXXX,206-10-XXXX,5G,IoT Device
260308033455+0100,234,30,23430,240-24-XXXX,240-16-XXXX,4G,IoT Device
260319062717+0200,240,24,310260,240-24-XXXX,240-24-XXXX,5G,Smartphone
260314195839-0800,310,120,23410,310-120-XXXX,240-02-XXXX,5G,Tablet
260319012001+0100,234,20,24024,206-10-XXXX,234-20-XXXX,5G,Smartphone
260301142205+0200,240,2,24002,240-02-XXXX,240-02-XXXX,5G,Tablet
260304014307+0200,240,24,310410,206-01-XXXX,240-24-XXXX,5G,Smartphone
260325144023-0600,310,480,24005,310-480-XXXX,310-480-XXXX,4G,Tablet
260322131440+0000,234,15,310120,240-05-XXXX,310-480-XXXX,4G,Tablet
260303054200+0000,234,38,24016,234-38-XXXX,240-01-XXXX,4G,IoT Device
260311201315+0100,240,8,24008,240-08-XXXX,240-02-XXXX,5G,Smartphone
260318102100+0200,206,20,20620,310-120-XXXX,206-20-XXXX,3G,Smartphone
260324000026+0100,206,5,20605,206-05-XXXX,206-05-XXXX,5G,IoT Device
260310200300+0100,234,20,23438,234-10-XXXX,240-02-XXXX,5G,Smartphone
260312055205+0200,206,5,20605,206-20-XXXX,206-05-XXXX,5G,Smartphone
260227075017+0200,240,2,24002,240-02-XXXX,240-02-XXXX,4G,Smartphone
260316225511-0500,310,260,23438,310-260-XXXX,310-260-XXXX,3G,IoT Device
260304215225+0200,240,4,24016,240-04-XXXX,240-04-XXXX,3G,Smartphone
260318022857+0100,206,5,20605,240-08-XXXX,206-05-XXXX,4G,Tablet
260310155645+0100,234,38,23438,234-38-XXXX,234-38-XXXX,5G,Smartphone
260301035738+0100,206,20,310410,206-20-XXXX,234-20-XXXX,5G,Tablet
260301175121+0000,234,33,23433,234-33-XXXX,234-33-XXXX,3G,Smartphone
260306120351+0200,206,20,20620,310-260-XXXX,206-01-XXXX,3G,IoT Device
260326002950+0200,206,1,310120,234-15-XXXX,206-01-XXXX,5G,IoT Device
260310233411+0200,206,1,20601,206-05-XXXX,206-05-XXXX,3G,IoT Device
260301192636+0100,240,8,24008,234-10-XXXX,240-08-XXXX,4G,Smartphone
260303124630-0700,310,120,23420,310-120-XXXX,310-120-XXXX,3G,Smartphone
260227193800+0000,234,15,310410,310-480-XXXX,310-410-XXXX,5G,Smartphone
260308231522+0200,240,24,24008,240-05-XXXX,240-24-XXXX,5G,Smartphone
260304211649+0100,240,8,24008,206-01-XXXX,240-08-XXXX,5G,Smartphone
260325152811+0100,206,1,20601,240-01-XXXX,206-01-XXXX,4G,Smartphone
260227220944+0100,234,30,23433,234-30-XXXX,234-30-XXXX,3G,Smartphone
260228172423+0200,240,7,24005,240-07-XXXX,234-38-XXXX,3G,Smartphone
260301000430+0200,206,5,20605,206-01-XXXX,206-05-XXXX,3G,Smartphone
260317160508+0000,234,20,310260,310-480-XXXX,234-33-XXXX,3G,Tablet
260314131400+0100,234,15,23415,234-15-XXXX,234-15-XXXX,4G,Smartphone
260225173923+0000,234,20,310480,234-20-XXXX,234-20-XXXX,3G,Smartphone
260321083919+0100,234,33,23433,234-33-XXXX,240-16-XXXX,3G,Tablet
260228181048+0100,240,2,24002,206-20-XXXX,240-02-XXXX,5G,IoT Device
260302025445+0200,206,10,24005,234-33-XXXX,234-30-XXXX,3G,IoT Device
260311231016+0200,240,7,310260,234-15-XXXX,240-07-XXXX,5G,IoT Device
260302062253-0700,310,120,310120,240-01-XXXX,310-120-XXXX,3G,Tablet
260305075649+0100,234,10,310480,234-10-XXXX,234-10-XXXX,3G,IoT Device
260226025428-0500,310,480,310480,310-480-XXXX,310-480-XXXX,4G,Smartphone
260316120002+0100,234,20,23420,240-04-XXXX,234-20-XXXX,5G,Smartphone
260226215154+0100,206,5,20605,206-05-XXXX,206-05-XXXX,4G,Tablet
260309154833-0500,310,260,310260,240-24-XXXX,206-20-XXXX,3G,IoT Device
260316000612+0100,234,15,24005,206-20-XXXX,234-15-XXXX,3G,Smartphone
260326181951+0200,240,16,23415,240-16-XXXX,240-16-XXXX,3G,Smartphone
260311111959+0100,206,10,20610,310-260-XXXX,206-10-XXXX,5G,Tablet
260324110515+0200,206,20,20620,240-02-XXXX,310-480-XXXX,5G,Smartphone
260305044026-0700,310,410,310260,310-480-XXXX,310-410-XXXX,4G,Tablet
260225230331+0100,206,20,20601,206-20-XXXX,206-20-XXXX,5G,Tablet
260226200845+0100,240,7,24007,206-10-XXXX,240-07-XXXX,4G,Smartphone
260320020511+0200,206,10,20620,234-38-XXXX,206-10-XXXX,3G,IoT Device
260228020325+0100,240,2,24002,240-02-XXXX,206-01-XXXX,3G,Smartphone
260313021300+0100,240,5,24007,234-38-XXXX,240-05-XXXX,4G,IoT Device
260320000433+0100,206,5,20605,206-10-XXXX,206-05-XXXX,4G,Smartphone
260307172510+0200,240,24,310480,240-24-XXXX,240-24-XXXX,5G,Smartphone
260302084509-0500,310,410,310410,310-410-XXXX,310-410-XXXX,4G,Smartphone
260324120133+0100,234,38,310260,206-10-XXXX,310-260-XXXX,3G,IoT Device
260325121209-0700,310,480,310260,310-480-XXXX,310-480-XXXX,3G,IoT Device
260322042255+0100,240,7,24007,240-07-XXXX,240-07-XXXX,5G,Smartphone
260313081723+0200,206,5,20605,206-05-XXXX,206-05-XXXX,3G,Smartphone
260227185644-0800,310,410,310410,206-10-XXXX,234-33-XXXX,5G,IoT Device
260225161830+0100,240,7,24007,240-02-XXXX,240-07-XXXX,4G,Smartphone
260324145043-0600,310,480,23438,234-30-XXXX,310-480-XXXX,4G,IoT Device
260307071824+0100,240,24,310410,240-02-XXXX,234-30-XXXX,3G,IoT Device
260226205026-0800,310,120,20610,310-120-XXXX,310-120-XXXX,3G,IoT Device
260320073014+0100,234,38,23438,234-38-XXXX,234-38-XXXX,5G,IoT Device
260325213345+0100,206,10,24004,206-10-XXXX,206-10-XXXX,4G,Tablet
260314155332+0100,206,1,20620,206-01-XXXX,206-01-XXXX,5G,Tablet
260301041219-0800,310,410,310410,240-04-XXXX,310-410-XXXX,4G,IoT Device
260320200512+0100,240,5,20620,240-05-XXXX,240-05-XXXX,5G,Tablet
260302072310+0000,234,38,20601,310-410-XXXX,206-01-XXXX,5G,Tablet
260303184127+0100,206,20,20620,206-20-XXXX,240-07-XXXX,4G,Smartphone
260308102348+0100,234,30,23438,234-30-XXXX,234-30-XXXX,5G,Tablet
260228213903+0200,206,5,20605,240-24-XXXX,206-05-XXXX,5G,Smartphone
260322143019+0100,206,1,20601,234-15-XXXX,206-01-XXXX,5G,Smartphone
260302130332+0000,234,38,310410,234-38-XXXX,234-38-XXXX,3G,Smartphone
260316063021+0100,234,20,310480,240-01-XXXX,234-20-XXXX,5G,Smartphone
260301071324+0100,206,20,23420,206-20-XXXX,206-20-XXXX,4G,Smartphone
260307113948+0100,240,5,24005,240-05-XXXX,240-05-XXXX,5G,Smartphone
260321173324+0100,240,24,24024,240-05-XXXX,240-24-XXXX,5G,Smartphone
260310113201-0700,310,480,310480,310-480-XXXX,310-480-XXXX,5G,Smartphone
260317210249+0200,240,1,24001,234-15-XXXX,240-01-XXXX,4G,Smartphone
260318163929+0100,206,10,24016,234-38-XXXX,206-10-XXXX,4G,IoT Device
260319012516+0200,240,2,20605,240-24-XXXX,240-02-XXXX,5G,Tablet
260311205845+0200,240,2,24002,310-120-XXXX,240-02-XXXX,4G,Smartphone
260228025919-0500,310,120,310120,310-120-XXXX,310-120-XXXX,5G,IoT Device
260301230422+0100,234,33,23433,234-33-XXXX,234-33-XXXX,3G,Smartphone
260305221740+0200,240,7,310410,240-07-XXXX,240-07-XXXX,4G,Tablet
260227072304-0700,310,410,310410,310-260-XXXX,310-410-XXXX,4G,Smartphone
260301214841+0200,240,5,24005,240-05-XXXX,240-05-XXXX,5G,Smartphone
260307051704+0200,206,20,20620,206-20-XXXX,206-20-XXXX,4G,IoT Device
260318051213+0100,240,8,24008,240-08-XXXX,240-08-XXXX,3G,Smartphone
260315071344+0100,240,2,24002,240-02-XXXX,240-02-XXXX,4G,Smartphone
260228025157+0100,240,1,24001,234-20-XXXX,240-01-XXXX,5G,Smartphone
260309083830+0100,206,10,20610,310-120-XXXX,206-10-XXXX,3G,IoT Device
260316213526-0700,310,410,310410,310-410-XXXX,310-410-XXXX,5G,IoT Device
260226134152+0100,234,20,23420,234-20-XXXX,234-20-XXXX,3G,Tablet
260301163242+0200,206,5,20605,206-05-XXXX,206-05-XXXX,4G,Smartphone
260227170309+0100,240,5,310410,240-05-XXXX,234-33-XXXX,4G,Smartphone
260303014334-0500,310,120,310480,310-120-XXXX,310-120-XXXX,5G,Smartphone
260316052727+0100,206,20,20601,206-20-XXXX,206-20-XXXX,4G,Smartphone
260322092826+0200,206,1,24007,206-01-XXXX,206-01-XXXX,5G,Smartphone
260311050225+0200,206,20,20620,206-05-XXXX,206-20-XXXX,5G,Smartphone
260227193443+0200,240,16,20601,240-16-XXXX,240-16-XXXX,5G,Smartphone
260308050542-0500,310,410,310410,310-410-XXXX,310-410-XXXX,5G,Smartphone
260310105506+0200,206,10,23433,206-10-XXXX,206-10-XXXX,4G,Tablet
260304233631-0500,310,120,24005,234-30-XXXX,310-120-XXXX,5G,Smartphone
260301144627-0700,310,410,310410,206-01-XXXX,234-10-XXXX,4G,IoT Device
260227154010+0000,234,30,23430,234-30-XXXX,310-260-XXXX,4G,Tablet
260326045205+0200,206,1,20601,206-05-XXXX,206-01-XXXX,5G,Smartphone
260322072003+0000,234,10,310480,310-120-XXXX,234-10-XXXX,3G,Smartphone
260326011244-0700,310,410,310410,240-05-XXXX,206-10-XXXX,4G,IoT Device
260314061852-0800,310,410,24016,234-20-XXXX,310-410-XXXX,5G,IoT Device
260227104828-0700,310,260,310260,310-260-XXXX,310-260-XXXX,4G,Smartphone
260312032824+0100,234,20,24008,234-20-XXXX,234-20-XXXX,4G,Tablet
260228163347+0100,240,5,24005,240-05-XXXX,240-05-XXXX,5G,IoT Device
260325131704+0100,206,20,23438,240-05-XXXX,310-260-XXXX,5G,IoT Device
260321080307+0100,240,24,24024,240-24-XXXX,240-24-XXXX,3G,Smartphone
260227102308+0100,234,38,23438,206-10-XXXX,234-38-XXXX,3G,Tablet
260326235938+0200,206,10,23415,206-10-XXXX,206-10-XXXX,4G,Smartphone
260306161047+0200,240,1,24001,234-20-XXXX,240-01-XXXX,5G,Smartphone
260227163712-0700,310,120,24016,240-24-XXXX,310-120-XXXX,4G,IoT Device
260322184346+0200,206,20,24007,206-20-XXXX,206-20-XXXX,5G,Smartphone
260320161636+0100,240,2,24002,240-02-XXXX,234-38-XXXX,5G,IoT Device
260228105825-0600,310,480,310410,206-05-XXXX,310-480-XXXX,3G,IoT Device
260324195430+0200,206,5,20605,206-05-XXXX,206-05-XXXX,4G,Tablet
260320154149-0500,310,410,310410,310-410-XXXX,310-410-XXXX,5G,IoT Device
260323100237+0100,240,4,24004,310-120-XXXX,240-04-XXXX,3G,Smartphone
260314054901+0100,234,33,20620,234-10-XXXX,234-33-XXXX,5G,IoT Device
260305081530-0700,310,260,310260,310-480-XXXX,240-08-XXXX,5G,Smartphone
260226055301+0100,240,7,24007,240-07-XXXX,240-07-XXXX,4G,Tablet
260317190748+0100,234,30,23430,234-30-XXXX,234-30-XXXX,4G,Smartphone
260324165741+0100,240,4,24004,240-01-XXXX,240-04-XXXX,4G,IoT Device
260307051325-0700,310,410,310410,310-120-XXXX,310-410-XXXX,4G,Smartphone
260305114835+0100,240,2,24002,240-02-XXXX,240-02-XXXX,4G,Smartphone
260326060928+0100,240,7,24008,240-01-XXXX,240-07-XXXX,4G,Smartphone
260326072353+0200,240,24,24024,234-33-XXXX,240-24-XXXX,4G,Smartphone
260305035633+0200,240,8,24008,240-08-XXXX,234-30-XXXX,4G,Smartphone
260302171626+0200,240,7,24007,240-07-XXXX,234-38-XXXX,4G,Smartphone
260319072625+0100,240,16,24016,234-38-XXXX,240-16-XXXX,5G,Smartphone
260321170534-0500,310,120,24008,240-05-XXXX,310-120-XXXX,4G,Smartphone
260227011216+0100,234,15,24004,234-15-XXXX,234-15-XXXX,5G,Tablet
260301033741+0200,206,10,20610,206-10-XXXX,310-410-XXXX,4G,Smartphone
260302070304+0000,234,38,23438,206-05-XXXX,234-38-XXXX,4G,Smartphone
260322043500+0100,206,20,20605,206-20-XXXX,206-20-XXXX,5G,Smartphone
260226142146+0100,206,5,23415,206-01-XXXX,206-05-XXXX,4G,Smartphone
260305071326+0200,240,16,24016,310-260-XXXX,240-16-XXXX,5G,Smartphone
260316032719-0500,310,260,24008,240-24-XXXX,310-260-XXXX,4G,Smartphone
260304080920+0100,206,5,20605,206-05-XXXX,206-05-XXXX,5G,Tablet
260302094913-0700,310,120,310120,310-120-XXXX,206-05-XXXX,4G,Smartphone
260307094910+0200,206,1,24008,206-01-XXXX,206-01-XXXX,4G,Smartphone
260319131244+0200,240,1,20620,240-08-XXXX,240-01-XXXX,4G,IoT Device
260225214328-0800,310,410,23410,310-410-XXXX,240-07-XXXX,3G,Tablet
260322190449+0200,240,16,20610,310-260-XXXX,234-20-XXXX,5G,Smartphone
260305034201+0100,206,20,20620,240-05-XXXX,206-20-XXXX,5G,Smartphone
260323002937+0200,240,5,20605,310-480-XXXX,240-05-XXXX,5G,Smartphone
260311071836+0200,240,5,20601,240-05-XXXX,240-05-XXXX,4G,Smartphone
260315024656-0800,310,480,310480,234-30-XXXX,206-20-XXXX,4G,IoT Device
260315075804+0100,240,1,24001,240-01-XXXX,234-30-XXXX,4G,Smartphone
260309190604+0100,206,20,24002,206-20-XXXX,206-20-XXXX,5G,Tablet
260310202619+0200,240,8,310480,234-20-XXXX,240-08-XXXX,4G,Smartphone
260317093229-0800,310,260,310260,310-260-XXXX,240-02-XXXX,4G,Smartphone
260314144727+0100,206,5,20605,206-05-XXXX,206-05-XXXX,3G,Tablet
260313221233+0000,234,15,23415,234-15-XXXX,234-15-XXXX,3G,Smartphone
260306005146-0600,310,410,23415,234-30-XXXX,234-33-XXXX,4G,IoT Device
260307040504-0500,310,410,310120,310-410-XXXX,310-410-XXXX,5G,Smartphone
260322221403-0600,310,260,310260,310-260-XXXX,234-15-XXXX,4G,Smartphone
260302173446+0000,234,30,23430,234-30-XXXX,234-30-XXXX,5G,IoT Device
260324014405-0800,310,410,310260,310-410-XXXX,234-33-XXXX,3G,Smartphone
260316213231+0100,206,1,20601,234-33-XXXX,206-01-XXXX,5G,Tablet
260316175055+0100,206,1,20610,234-20-XXXX,206-01-XXXX,4G,Tablet
260324065611+0200,206,20,20620,240-05-XXXX,206-20-XXXX,4G,Smartphone
260314134414+0000,234,15,24005,240-24-XXXX,234-15-XXXX,3G,Smartphone
260307090225-0800,310,480,310480,310-480-XXXX,310-480-XXXX,3G,IoT Device
260324063933+0100,234,38,24002,234-38-XXXX,234-38-XXXX,5G,Smartphone
260322103943+0200,240,7,23430,310-260-XXXX,240-01-XXXX,5G,Tablet
260305212905+0100,234,38,23415,234-33-XXXX,234-38-XXXX,5G,IoT Device
260318200540+0000,234,20,23438,234-33-XXXX,234-20-XXXX,4G,Smartphone
260325114442+0100,206,10,20610,206-10-XXXX,206-10-XXXX,3G,Smartphone
260303175858-0700,310,260,310260,240-24-XXXX,240-07-XXXX,5G,Smartphone
260309164201+0000,234,38,23438,310-410-XXXX,234-38-XXXX,3G,Smartphone
260304213346+0100,234,10,23410,234-10-XXXX,234-10-XXXX,3G,IoT Device
260311044447+0100,240,1,310120,240-01-XXXX,240-01-XXXX,4G,Tablet
260311055730-0700,310,120,310260,206-10-XXXX,310-120-XXXX,4G,IoT Device
260323023331+0100,234,30,23430,234-30-XXXX,234-30-XXXX,4G,IoT Device
260309112351+0000,234,20,20605,240-08-XXXX,234-20-XXXX,4G,Smartphone
260301045147+0100,206,5,23420,240-07-XXXX,234-30-XXXX,4G,Tablet
260326164417+0100,240,16,24016,240-16-XXXX,240-16-XXXX,5G,Smartphone
260301090454+0100,234,15,310480,234-15-XXXX,234-15-XXXX,5G,IoT Device
260320104752+0000,234,38,23438,206-05-XXXX,310-410-XXXX,3G,Tablet
260306113706+0100,234,33,23433,234-33-XXXX,234-33-XXXX,5G,IoT Device
260305065401-0800,310,480,20610,310-120-XXXX,310-480-XXXX,3G,Smartphone
260314085251+0100,234,38,310260,234-38-XXXX,206-05-XXXX,5G,Smartphone
260228230757+0100,206,5,310120,206-05-XXXX,206-05-XXXX,5G,IoT Device
260309042412+0100,234,30,23438,234-30-XXXX,234-30-XXXX,4G,IoT Device
260225051919+0200,240,4,310260,240-04-XXXX,206-01-XXXX,5G,Smartphone
260325140034+0100,206,5,20605,206-01-XXXX,206-05-XXXX,4G,Smartphone
260225145135+0100,206,20,24007,206-20-XXXX,206-20-XXXX,4G,Smartphone
260303205217+0200,240,1,24001,240-07-XXXX,240-01-XXXX,3G,Smartphone
260228224725+0200,206,10,23410,234-15-XXXX,234-30-XXXX,4G,Smartphone
260302021253-0700,310,260,310260,206-10-XXXX,310-260-XXXX,4G,Smartphone
260325125114+0000,234,10,23410,234-38-XXXX,234-33-XXXX,4G,Smartphone
260310021157-0700,310,480,24007,310-480-XXXX,310-480-XXXX,3G,Smartphone
260307084340+0100,240,7,23420,234-20-XXXX,310-480-XXXX,5G,Smartphone
260319140236-0700,310,480,24001,206-10-XXXX,310-480-XXXX,5G,Tablet
260225154348+0200,206,20,20620,206-20-XXXX,310-260-XXXX,5G,Smartphone
260303100102+0000,234,10,23410,234-10-XXXX,234-10-XXXX,4G,Smartphone
260228183812+0000,234,30,23430,234-30-XXXX,240-01-XXXX,5G,Tablet
260308080555+0100,234,33,23433,234-30-XXXX,234-33-XXXX,3G,Tablet
260314213508-0600,310,410,310410,206-05-XXXX,310-410-XXXX,5G,Smartphone
260316163144-0800,310,120,20605,310-120-XXXX,310-120-XXXX,5G,Smartphone
260309140219-0600,310,120,23430,310-120-XXXX,310-120-XXXX,4G,Smartphone
260311073132+0200,240,16,24016,310-480-XXXX,240-16-XXXX,5G,Smartphone
260306024550+0000,234,10,23410,240-02-XXXX,310-480-XXXX,5G,Tablet
260315182228+0100,240,2,23420,310-120-XXXX,240-02-XXXX,5G,Smartphone
260322000148+0000,234,30,23430,206-01-XXXX,206-10-XXXX,5G,Smartphone
260305133032+0200,206,20,23430,206-20-XXXX,206-05-XXXX,3G,Tablet
260303005909-0600,310,260,310260,234-33-XXXX,310-260-XXXX,3G,Smartphone
260322003821-0700,310,480,20610,310-480-XXXX,310-480-XXXX,4G,Smartphone
260318042605+0100,234,30,310260,310-120-XXXX,240-04-XXXX,5G,IoT Device
260313123712+0100,234,33,23433,234-33-XXXX,234-30-XXXX,5G,Smartphone
260306235941+0100,240,16,24016,310-120-XXXX,234-15-XXXX,3G,Tablet
260324065450+0200,206,1,20610,206-01-XXXX,206-01-XXXX,4G,IoT Device
260301132039+0100,234,20,23420,206-01-XXXX,234-20-XXXX,4G,Tablet
260318185533+0100,240,2,20601,240-05-XXXX,240-02-XXXX,5G,Smartphone
260316095257+0100,234,38,23438,234-38-XXXX,310-480-XXXX,3G,Smartphone
260305000749+0100,234,10,23410,234-30-XXXX,240-05-XXXX,4G,Tablet
260323072029+0000,234,15,23415,234-20-XXXX,234-15-XXXX,4G,Smartphone
260321030634-0700,310,260,310260,310-260-XXXX,310-260-XXXX,5G,Smartphone
260227222133+0100,206,1,20610,206-01-XXXX,240-07-XXXX,4G,Smartphone
260225085527+0200,206,20,20620,206-20-XXXX,206-20-XXXX,4G,IoT Device
260306223545+0100,234,33,310410,240-07-XXXX,234-33-XXXX,5G,IoT Device
260323102745+0100,234,30,23430,234-33-XXXX,234-30-XXXX,4G,Smartphone
260302133734+0100,240,7,20620,240-07-XXXX,240-07-XXXX,5G,Smartphone
260305054048+0000,234,10,20610,234-10-XXXX,234-10-XXXX,5G,IoT Device
260321015315+0100,206,10,20610,310-410-XXXX,310-260-XXXX,5G,Smartphone
260228112139-0800,310,410,23410,206-01-XXXX,310-410-XXXX,3G,Tablet
260326124124+0100,240,8,24008,310-410-XXXX,240-08-XXXX,3G,Smartphone
260309133000+0200,206,20,20620,310-480-XXXX,206-20-XXXX,4G,Smartphone
260302122804+0100,234,10,23410,234-10-XXXX,234-10-XXXX,4G,Smartphone
260315100818+0200,240,24,24024,240-07-XXXX,240-24-XXXX,5G,Smartphone
260311134639+0000,234,38,310260,206-05-XXXX,206-20-XXXX,5G,IoT Device
260310071519-0500,310,410,310410,310-410-XXXX,240-02-XXXX,3G,IoT Device
260225105134+0100,234,10,23410,240-04-XXXX,234-10-XXXX,3G,Smartphone
260326100242-0500,310,410,310410,310-410-XXXX,310-410-XXXX,4G,IoT Device
260312154243+0100,234,15,23415,234-15-XXXX,310-480-XXXX,5G,Smartphone
260310013638+0200,206,5,20605,206-05-XXXX,240-04-XXXX,5G,IoT Device
260307105359+0100,206,20,20620,310-410-XXXX,240-16-XXXX,5G,IoT Device
260301125929+0000,234,15,23415,310-410-XXXX,234-15-XXXX,3G,Tablet
260225102040+0000,234,33,24004,234-33-XXXX,240-05-XXXX,5G,Tablet
260322151827-0500,310,410,310410,234-10-XXXX,310-410-XXXX,4G,Smartphone
260319145923-0600,310,260,310260,310-260-XXXX,310-410-XXXX,3G,IoT Device
260326042752+0100,206,1,20601,240-05-XXXX,240-16-XXXX,4G,Smartphone
260313141901+0000,234,33,23433,240-05-XXXX,206-05-XXXX,3G,Tablet
260227104305+0100,206,20,20620,310-410-XXXX,240-16-XXXX,4G,IoT Device
260227172004-0600,310,410,23438,234-33-XXXX,310-410-XXXX,5G,Smartphone
260228152545+0000,234,10,23410,234-30-XXXX,234-10-XXXX,4G,Smartphone
260228035148-0600,310,410,310410,234-38-XXXX,310-410-XXXX,5G,IoT Device
260321203652+0100,206,20,23438,206-01-XXXX,206-20-XXXX,4G,Smartphone
260323185024+0100,234,20,23420,310-260-XXXX,234-20-XXXX,4G,IoT Device
260325141257+0100,234,10,23410,310-410-XXXX,234-10-XXXX,4G,IoT Device
260321135414-0700,310,480,310480,310-480-XXXX,310-480-XXXX,4G,Tablet
260313211607+0200,206,10,20610,206-05-XXXX,240-04-XXXX,5G,Smartphone
260318135714-0600,310,260,310260,310-260-XXXX,234-15-XXXX,4G,Smartphone
260228120325+0100,234,20,23420,234-33-XXXX,234-20-XXXX,5G,Tablet
260225033231+0100,234,10,23410,234-10-XXXX,310-120-XXXX,4G,Tablet
260313121750-0600,310,410,24007,240-24-XXXX,310-410-XXXX,4G,IoT Device
260226105513+0200,240,5,23415,206-01-XXXX,240-05-XXXX,5G,Tablet
260321174102+0100,240,7,20620,240-07-XXXX,240-07-XXXX,5G,Smartphone
260228065821+0100,234,30,24004,310-410-XXXX,234-30-XXXX,5G,IoT Device
260228165350-0500,310,410,24001,234-33-XXXX,310-410-XXXX,5G,Smartphone
260310190200+0100,206,20,23410,206-20-XXXX,310-120-XXXX,3G,IoT Device
260228073305+0100,206,5,20605,234-10-XXXX,206-05-XXXX,5G,Tablet
260320055417+0000,234,20,23410,234-20-XXXX,240-07-XXXX,3G,Tablet
260325235608+0000,234,10,23410,234-10-XXXX,234-10-XXXX,3G,Tablet
260313161659+0100,240,16,24016,310-480-XXXX,240-16-XXXX,4G,Smartphone
260324193026-0600,310,480,310480,310-480-XXXX,310-480-XXXX,3G,Smartphone
260317200408-0600,310,410,24004,310-410-XXXX,310-410-XXXX,4G,Tablet
260228043108+0100,240,5,24008,240-05-XXXX,240-05-XXXX,3G,Smartphone
260312045510-0600,310,260,310260,310-260-XXXX,310-260-XXXX,5G,Smartphone
260305065657+0200,240,1,24001,310-260-XXXX,240-01-XXXX,4G,Tablet
260310160033+0000,234,10,23410,234-10-XXXX,234-10-XXXX,4G,Tablet
260315034640+0200,206,1,20601,206-01-XXXX,206-01-XXXX,5G,Smartphone
260322085825-0700,310,260,310260,310-260-XXXX,310-260-XXXX,3G,IoT Device
260318103035+0200,206,5,20605,206-05-XXXX,206-05-XXXX,4G,Smartphone
260303023601-0600,310,120,20601,310-410-XXXX,310-120-XXXX,5G,Smartphone
260317161913+0000,234,38,310120,234-38-XXXX,234-38-XXXX,3G,IoT Device
260326123118+0100,234,15,24008,206-05-XXXX,234-15-XXXX,4G,Smartphone
260312044548+0200,206,5,20605,240-01-XXXX,206-05-XXXX,5G,Smartphone
260318092451+0200,240,16,24008,240-16-XXXX,240-16-XXXX,4G,Smartphone
260314133450+0000,234,33,23433,310-480-XXXX,234-33-XXXX,5G,IoT Device
260317072456+0200,240,1,24001,206-10-XXXX,240-01-XXXX,5G,IoT Device
260323094437+0200,206,5,20605,206-10-XXXX,206-20-XXXX,5G,Tablet
260312181933+0100,240,1,23420,240-01-XXXX,240-01-XXXX,5G,Tablet
260226161001-0500,310,260,310260,310-260-XXXX,310-260-XXXX,4G,Smartphone
260319140536+0100,234,33,23433,310-480-XXXX,234-33-XXXX,4G,Smartphone
260317140004+0100,240,24,20605,240-24-XXXX,240-24-XXXX,5G,Smartphone
260317191118-0500,310,480,23433,310-480-XXXX,240-16-XXXX,4G,IoT Device
260307201241+0200,206,5,20605,206-05-XXXX,206-05-XXXX,3G,IoT Device
260319082950-0800,310,410,310410,310-410-XXXX,310-410-XXXX,5G,IoT Device
260312094927+0100,234,38,20601,234-38-XXXX,234-38-XXXX,3G,Tablet
260317205227-0800,310,480,24004,310-410-XXXX,310-480-XXXX,4G,Tablet
260308165958+0000,234,20,20620,234-20-XXXX,234-20-XXXX,4G,IoT Device
260326012136+0200,240,2,24002,206-01-XXXX,206-01-XXXX,4G,Smartphone
260303041059-0500,310,410,310480,240-24-XXXX,240-01-XXXX,4G,Smartphone
260321233254+0100,240,4,310480,310-120-XXXX,240-04-XXXX,4G,Smartphone
260319173816+0200,240,5,20605,240-05-XXXX,240-05-XXXX,5G,Smartphone
260320084709-0700,310,120,310120,234-30-XXXX,310-120-XXXX,4G,IoT Device
260310130625-0500,310,260,23415,310-120-XXXX,310-260-XXXX,5G,IoT Device
260302163500+0200,240,24,24004,206-10-XXXX,240-24-XXXX,3G,Tablet
260308093234+0100,240,4,20610,310-410-XXXX,240-04-XXXX,3G,Smartphone
260228233629+0100,206,1,23410,206-01-XXXX,206-01-XXXX,4G,IoT Device
260225060129+0100,240,24,24024,240-24-XXXX,240-24-XXXX,5G,Smartphone
260226064303+0000,234,33,20620,234-33-XXXX,234-33-XXXX,3G,Smartphone
260320065946+0000,234,33,23433,206-10-XXXX,240-05-XXXX,5G,Tablet
260311190925+0200,206,5,310480,234-20-XXXX,206-05-XXXX,4G,Smartphone
260227062604+0100,240,1,24001,240-01-XXXX,240-01-XXXX,4G,Smartphone
260325185929+0000,234,15,23415,234-15-XXXX,234-15-XXXX,3G,Smartphone
260309132550+0200,240,24,24024,240-24-XXXX,240-24-XXXX,5G,Smartphone
260307133149+0100,206,20,310120,234-15-XXXX,206-20-XXXX,4G,Smartphone
260307001941+0000,234,30,23433,234-30-XXXX,310-260-XXXX,4G,Tablet
260326233204-0600,310,480,20620,206-10-XXXX,310-480-XXXX,4G,IoT Device
260228123336+0200,206,1,310480,206-01-XXXX,206-01-XXXX,3G,Smartphone
260324051151+0100,240,8,24008,240-08-XXXX,240-08-XXXX,4G,Smartphone
260325202157+0200,240,8,23438,234-15-XXXX,240-08-XXXX,5G,Smartphone
260308123254+0000,234,38,310410,234-38-XXXX,234-38-XXXX,5G,Tablet
260308154727+0200,240,8,24024,240-02-XXXX,240-08-XXXX,4G,Tablet
260225194454+0100,240,1,24001,206-20-XXXX,240-01-XXXX,5G,Smartphone
260312121546+0100,206,10,23410,206-01-XXXX,206-10-XXXX,5G,Smartphone
260226093200+0100,234,10,23420,234-38-XXXX,234-10-XXXX,3G,Smartphone
260306163507-0700,310,260,23430,240-01-XXXX,310-260-XXXX,5G,IoT Device
260302022904+0000,234,38,23438,234-38-XXXX,234-38-XXXX,3G,Smartphone
260315212107+0100,206,20,310480,206-20-XXXX,206-20-XXXX,4G,Smartphone
260323004329+0100,234,33,310120,234-33-XXXX,234-33-XXXX,3G,Tablet
260303055839+0100,240,5,20605,240-01-XXXX,240-05-XXXX,3G,Smartphone
260316112903-0500,310,410,310410,206-20-XXXX,310-410-XXXX,4G,Smartphone
260225190344+0200,206,1,23438,310-260-XXXX,206-01-XXXX,3G,Smartphone
260227165831+0200,206,1,20601,206-01-XXXX,206-05-XXXX,5G,Tablet
260313194651+0100,240,7,24007,240-04-XXXX,240-07-XXXX,4G,Smartphone
260324095214+0200,206,20,20620,206-20-XXXX,310-260-XXXX,3G,Smartphone
260315234300+0200,206,10,20610,206-10-XXXX,310-480-XXXX,3G,Smartphone
260308182405+0100,234,10,23438,234-10-XXXX,234-10-XXXX,5G,IoT Device
260316074704-0500,310,480,310480,310-480-XXXX,310-480-XXXX,4G,Smartphone
260318023543+0000,234,20,20610,234-20-XXXX,234-20-XXXX,5G,Smartphone
260305183833+0100,206,5,23430,206-05-XXXX,310-120-XXXX,5G,Tablet
260305123910+0100,234,20,23420,234-20-XXXX,234-20-XXXX,3G,IoT Device
260308222630+0100,240,1,24001,310-260-XXXX,240-01-XXXX,5G,Smartphone
260301183047+0100,240,16,24016,234-30-XXXX,240-16-XXXX,4G,Smartphone
260320233805+0200,240,4,24004,240-01-XXXX,240-04-XXXX,4G,Smartphone
260325211525-0600,310,120,310120,234-20-XXXX,310-120-XXXX,4G,IoT Device
260325191656+0200,206,20,20620,206-05-XXXX,206-20-XXXX,5G,Smartphone
260228184122+0100,234,10,23410,234-10-XXXX,234-38-XXXX,5G,Smartphone
260313044235+0200,240,5,24005,234-20-XXXX,240-05-XXXX,3G,Smartphone
260303091154+0000,234,15,20620,310-120-XXXX,234-15-XXXX,5G,Tablet
260303102439+0000,234,20,24004,206-01-XXXX,234-20-XXXX,5G,Tablet
260301215050+0100,240,8,24008,240-08-XXXX,240-08-XXXX,5G,Smartphone
260302215230+0100,234,10,23410,206-01-XXXX,234-10-XXXX,4G,IoT Device
260322145733+0100,206,20,20620,240-04-XXXX,206-20-XXXX,4G,Smartphone
260316100733+0100,240,8,24007,240-08-XXXX,310-120-XXXX,4G,IoT Device
260304142719-0500,310,410,20610,234-20-XXXX,310-410-XXXX,3G,IoT Device
260325150408+0200,206,1,20601,310-120-XXXX,234-38-XXXX,4G,Smartphone
260228015933+0100,234,15,23415,240-16-XXXX,206-01-XXXX,3G,IoT Device
260306144558-0700,310,410,24008,310-410-XXXX,310-410-XXXX,4G,Tablet
260317211500+0100,240,5,24005,240-07-XXXX,240-05-XXXX,5G,Smartphone
260321073014+0200,206,20,20620,310-260-XXXX,206-20-XXXX,4G,IoT Device
260225052621+0000,234,33,23433,234-33-XXXX,234-38-XXXX,4G,Tablet
260318104437-0500,310,480,20601,234-10-XXXX,310-480-XXXX,4G,IoT Device
260322065022+0100,234,10,24001,234-10-XXXX,234-10-XXXX,4G,Smartphone
260323100217+0100,240,24,20620,310-120-XXXX,240-05-XXXX,5G,Smartphone
260320074732+0200,240,16,24024,240-04-XXXX,240-16-XXXX,5G,Smartphone
260302083053+0100,234,20,23420,234-20-XXXX,234-20-XXXX,5G,Smartphone
260322201402+0200,206,20,310120,206-20-XXXX,206-20-XXXX,5G,Smartphone
260304232921-0500,310,480,310480,310-480-XXXX,310-480-XXXX,4G,IoT Device
260318214223+0100,234,33,23433,234-33-XXXX,234-33-XXXX,3G,Tablet
260321110346-0700,310,120,20610,310-260-XXXX,310-120-XXXX,4G,Tablet
260324062955-0700,310,260,310260,310-260-XXXX,310-260-XXXX,4G,Smartphone
260316164626-0600,310,410,310410,310-410-XXXX,310-410-XXXX,3G,Smartphone
260303184427+0100,234,33,23415,240-16-XXXX,234-33-XXXX,4G,Tablet
260301022117+0000,234,38,23438,234-38-XXXX,240-24-XXXX,3G,Smartphone
260308233844+0200,206,1,23410,310-480-XXXX,206-01-XXXX,4G,IoT Device
260322123025+0100,240,4,24008,310-410-XXXX,240-04-XXXX,3G,Smartphone
260319190855+0100,240,8,20610,310-410-XXXX,206-01-XXXX,5G,IoT Device
260302105641-0500,310,480,310480,310-480-XXXX,310-480-XXXX,5G,Smartphone
260319034921+0100,234,38,23438,310-410-XXXX,240-02-XXXX,5G,IoT Device
260226070345+0000,234,30,24001,234-10-XXXX,234-30-XXXX,5G,Smartphone
260226231313+0200,240,1,24001,240-01-XXXX,240-01-XXXX,3G,Smartphone
260317032030+0100,206,5,24001,206-05-XXXX,206-05-XXXX,5G,Smartphone
260308172314-0800,310,120,24024,310-120-XXXX,310-120-XXXX,3G,IoT Device
260226064129+0000,234,30,310260,234-30-XXXX,234-30-XXXX,3G,Tablet
260318043901+0000,234,33,310120,234-33-XXXX,234-33-XXXX,4G,Tablet
260322030405-0500,310,480,24008,310-480-XXXX,234-33-XXXX,4G,IoT Device
260308090918+0100,240,8,24005,240-08-XXXX,240-08-XXXX,3G,Smartphone
260312135727+0200,206,1,20601,310-410-XXXX,206-01-XXXX,5G,Smartphone
260312134452+0200,240,7,310410,240-07-XXXX,240-07-XXXX,5G,Smartphone
260311163002-0500,310,410,310410,240-08-XXXX,234-33-XXXX,4G,Smartphone
260312031658+0200,240,8,310260,234-20-XXXX,240-08-XXXX,5G,Smartphone
260303233313+0100,206,20,24005,206-20-XXXX,206-20-XXXX,3G,Tablet
260303101509+0200,240,5,23433,240-05-XXXX,240-07-XXXX,4G,Tablet
260315032453+0200,206,20,20620,310-260-XXXX,206-01-XXXX,4G,Tablet
260309122855-0600,310,260,310260,310-260-XXXX,310-260-XXXX,4G,Tablet
260311123908+0100,234,38,23438,234-38-XXXX,234-38-XXXX,3G,Smartphone
260314191947-0800,310,120,310120,310-120-XXXX,310-120-XXXX,5G,IoT Device
260225180717+0100,234,30,23430,310-480-XXXX,234-15-XXXX,3G,Smartphone
260301025741-0800,310,480,310480,310-480-XXXX,310-480-XXXX,3G,Tablet
260226181300+0100,206,10,20610,206-10-XXXX,206-10-XXXX,5G,Tablet
260312135629+0100,240,2,23420,240-02-XXXX,240-02-XXXX,5G,Smartphone
260323102912-0600,310,480,310480,206-05-XXXX,310-480-XXXX,4G,IoT Device
260325115859+0100,240,7,24016,240-07-XXXX,240-07-XXXX,4G,Smartphone
260323022504+0100,234,15,23415,234-15-XXXX,234-15-XXXX,3G,Tablet
260315023350+0100,206,10,310120,206-10-XXXX,206-10-XXXX,5G,Smartphone
260315184021+0100,206,5,20605,234-15-XXXX,206-05-XXXX,5G,Smartphone
260318192229-0700,310,120,23415,240-16-XXXX,310-120-XXXX,4G,IoT Device
260314232751+0100,240,16,24016,240-16-XXXX,240-16-XXXX,5G,Tablet
260308152934+0000,234,15,23415,206-01-XXXX,234-20-XXXX,3G,Smartphone
260312181844+0100,234,20,20620,240-16-XXXX,206-05-XXXX,4G,Smartphone
260321210301+0100,206,5,20605,206-05-XXXX,206-05-XXXX,5G,IoT Device
260311083509-0500,310,120,20605,310-120-XXXX,234-30-XXXX,4G,IoT Device
260323095631+0100,240,8,24008,234-38-XXXX,240-08-XXXX,4G,Tablet
260227210325+0200,206,20,24005,206-20-XXXX,206-20-XXXX,4G,IoT Device
260323234640-0800,310,120,310120,310-120-XXXX,310-120-XXXX,3G,IoT Device
260312174955+0200,240,1,24001,234-33-XXXX,240-01-XXXX,4G,Smartphone
260318001547+0200,240,4,310480,240-08-XXXX,240-04-XXXX,4G,Tablet
260320182625+0200,240,16,24016,206-20-XXXX,240-16-XXXX,5G,Smartphone
260309201845-0800,310,260,20620,310-260-XXXX,310-410-XXXX,5G,Smartphone
260324091318+0200,206,20,20620,310-410-XXXX,310-120-XXXX,3G,Tablet
260304193447+0100,240,7,24007,240-07-XXXX,240-07-XXXX,5G,Tablet
260314100639-0500,310,480,20610,206-20-XXXX,206-10-XXXX,5G,IoT Device
260308075854-0700,310,480,310480,310-480-XXXX,310-480-XXXX,5G,Smartphone
260309081943+0100,206,10,24002,234-38-XXXX,206-10-XXXX,5G,Smartphone
260316150541+0100,206,5,20605,206-05-XXXX,206-05-XXXX,4G,Smartphone
260314003122+0100,206,10,20610,310-410-XXXX,206-10-XXXX,5G,Smartphone
260319173224-0600,310,480,310480,310-260-XXXX,240-24-XXXX,4G,IoT Device
260302103818+0200,240,5,24005,310-260-XXXX,234-15-XXXX,5G,Tablet
260304164048+0100,240,4,24004,206-20-XXXX,310-260-XXXX,4G,Smartphone
260320072249+0200,240,2,310410,240-02-XXXX,240-02-XXXX,5G,Smartphone
260322173334+0100,240,16,24016,240-01-XXXX,240-16-XXXX,3G,Smartphone
260310113030+0200,240,4,24004,234-38-XXXX,240-04-XXXX,5G,Tablet
260228020939+0000,234,10,23430,206-20-XXXX,206-05-XXXX,3G,Smartphone
260321023429+0100,206,1,20601,206-10-XXXX,206-01-XXXX,4G,Smartphone
260301214129+0100,240,8,20601,240-08-XXXX,234-33-XXXX,5G,Smartphone
260321050622+0100,240,16,20601,240-16-XXXX,240-16-XXXX,5G,Tablet
260324203450+0100,206,10,20610,206-10-XXXX,206-10-XXXX,5G,Smartphone
260304232311-0700,310,260,310410,310-260-XXXX,310-260-XXXX,3G,IoT Device
260318193547+0100,234,30,23430,234-30-XXXX,234-30-XXXX,4G,Tablet
260315120055-0800,310,410,310410,310-410-XXXX,310-410-XXXX,4G,IoT Device
260325105232+0100,234,15,23415,310-410-XXXX,234-15-XXXX,4G,Tablet
260310060112+0200,206,5,24002,206-05-XXXX,206-05-XXXX,3G,IoT Device
260302221039+0100,234,15,23420,234-15-XXXX,206-20-XXXX,3G,Smartphone
260315125349+0200,206,1,20620,310-480-XXXX,240-24-XXXX,4G,Smartphone
260304061330+0200,206,20,20620,206-20-XXXX,206-20-XXXX,4G,Smartphone
260227162913+0100,206,10,23438,206-10-XXXX,206-10-XXXX,5G,Smartphone
260307161243+0100,234,20,23420,240-02-XXXX,234-20-XXXX,4G,Smartphone
260312144406-0600,310,260,310260,206-01-XXXX,234-38-XXXX,4G,Smartphone
260324154604+0200,240,1,24001,240-04-XXXX,240-01-XXXX,4G,Tablet
260307120832-0800,310,260,310260,310-260-XXXX,234-38-XXXX,5G,Smartphone
260315063230+0100,206,1,20601,206-01-XXXX,206-01-XXXX,5G,IoT Device
260314075335-0600,310,480,310480,310-260-XXXX,310-480-XXXX,5G,Smartphone
260312062706+0200,206,1,20601,240-24-XXXX,206-01-XXXX,3G,Smartphone
260307064408-0800,310,480,310480,240-02-XXXX,310-480-XXXX,3G,Smartphone
260323084542+0100,240,4,24004,206-10-XXXX,240-04-XXXX,4G,Smartphone
260317214642+0200,240,16,20610,240-16-XXXX,240-16-XXXX,5G,Smartphone
260320042011+0100,206,20,24008,310-410-XXXX,206-20-XXXX,3G,Smartphone
260317124230+0100,234,15,20605,240-24-XXXX,234-10-XXXX,4G,Tablet
260311125843+0200,206,20,20620,206-20-XXXX,240-24-XXXX,4G,Smartphone
260316021148-0500,310,480,310480,310-480-XXXX,310-480-XXXX,5G,Smartphone
260321020435+0100,234,30,23430,240-16-XXXX,234-30-XXXX,5G,Tablet
260312135035-0500,310,260,310480,310-260-XXXX,310-260-XXXX,4G,Smartphone
260304124220+0100,234,33,24005,234-33-XXXX,234-33-XXXX,5G,Tablet
260227084203+0100,206,10,20610,234-10-XXXX,234-33-XXXX,5G,Smartphone
260306115655-0500,310,410,310410,234-10-XXXX,310-410-XXXX,5G,Tablet
260302133354+0100,234,38,20610,310-260-XXXX,234-38-XXXX,5G,Smartphone
260312011423-0600,310,120,310120,310-120-XXXX,310-120-XXXX,4G,Smartphone
260323062005+0200,206,10,20610,310-480-XXXX,206-10-XXXX,5G,Smartphone
260322030702+0000,234,10,23430,234-10-XXXX,240-05-XXXX,3G,Tablet
260301181637+0100,240,1,24001,240-08-XXXX,240-01-XXXX,5G,Smartphone
260317083242-0600,310,120,23438,234-10-XXXX,310-120-XXXX,5G,Smartphone
260320001257+0100,206,5,20605,234-30-XXXX,206-05-XXXX,4G,Smartphone
260322123140+0100,234,30,23438,234-30-XXXX,240-04-XXXX,3G,IoT Device
260311202643+0100,240,7,310260,240-24-XXXX,310-120-XXXX,5G,Smartphone
260311192024-0700,310,120,24001,310-120-XXXX,310-480-XXXX,3G,Smartphone
260309002600+0200,206,5,20605,206-05-XXXX,206-05-XXXX,5G,Smartphone
260226165649+0100,206,1,20601,206-01-XXXX,206-01-XXXX,4G,Tablet
260325063041+0100,240,8,24008,240-08-XXXX,240-08-XXXX,4G,Smartphone
260308212611-0700,310,410,24008,310-410-XXXX,310-410-XXXX,4G,Tablet
260310190829+0100,206,20,20620,240-05-XXXX,206-20-XXXX,4G,IoT Device
260306131345-0700,310,260,310120,240-01-XXXX,310-260-XXXX,5G,IoT Device
260308110854+0100,206,10,20610,310-120-XXXX,234-20-XXXX,3G,Smartphone
260315110937-0500,310,480,310480,234-15-XXXX,234-10-XXXX,4G,IoT Device
260304044201+0100,234,30,20601,234-30-XXXX,234-30-XXXX,4G,IoT Device
260308012532+0000,234,10,23410,310-260-XXXX,234-33-XXXX,3G,Smartphone
260309154225+0000,234,10,23410,234-10-XXXX,234-10-XXXX,5G,Smartphone
260322170430-0500,310,120,310120,206-01-XXXX,310-120-XXXX,5G,IoT Device
260314052230+0100,234,30,23430,234-30-XXXX,234-30-XXXX,3G,IoT Device
260321121039+0000,234,38,23438,310-410-XXXX,234-38-XXXX,5G,Tablet
260313174818+0200,240,4,24004,310-410-XXXX,240-08-XXXX,3G,Tablet
260301105803-0600,310,410,310410,310-260-XXXX,206-05-XXXX,5G,Smartphone
260311063039+0200,240,8,24008,240-08-XXXX,310-410-XXXX,3G,Smartphone
260312014014-0800,310,410,24005,206-05-XXXX,310-410-XXXX,3G,Smartphone
260320152359+0100,240,5,20610,234-38-XXXX,240-05-XXXX,3G,Smartphone
260309004834+0100,240,2,24002,206-10-XXXX,310-410-XXXX,4G,IoT Device
260303130548+0200,240,7,24007,240-07-XXXX,240-07-XXXX,5G,IoT Device
260310135120+0100,234,15,310120,234-15-XXXX,240-04-XXXX,4G,Smartphone
260307212251-0600,310,260,310260,310-260-XXXX,310-260-XXXX,4G,Smartphone
260307094428+0200,206,5,20605,240-08-XXXX,310-480-XXXX,5G,Smartphone
260323022756-0600,310,120,310120,240-16-XXXX,310-120-XXXX,4G,Smartphone
260314091741+0100,234,20,23420,234-20-XXXX,234-20-XXXX,4G,Tablet
260326110632+0100,240,8,23438,206-20-XXXX,234-20-XXXX,3G,Tablet
260317063932+0200,206,10,23410,206-10-XXXX,310-260-XXXX,5G,Smartphone
260323182944+0100,240,1,24001,240-16-XXXX,310-480-XXXX,5G,Smartphone
260310235142+0000,234,20,20620,310-410-XXXX,234-20-XXXX,4G,IoT Device
260316071042+0000,234,33,24024,240-07-XXXX,240-24-XXXX,5G,Tablet
260316002837+0100,234,33,24016,234-33-XXXX,234-33-XXXX,5G,Tablet
260227105515+0200,206,1,20620,206-01-XXXX,206-01-XXXX,5G,Smartphone
260306140645-0700,310,260,310260,310-260-XXXX,310-260-XXXX,4G,Tablet
260315055014+0100,240,1,20610,240-01-XXXX,240-01-XXXX,4G,IoT Device
260320121541+0000,234,20,23420,234-20-XXXX,310-260-XXXX,4G,IoT Device
260309120156-0600,310,260,24016,310-480-XXXX,310-260-XXXX,4G,IoT Device
260228195920+0200,206,10,24016,206-10-XXXX,206-10-XXXX,5G,Smartphone
260325070430+0200,206,10,24024,234-38-XXXX,206-10-XXXX,4G,Smartphone
260303093418+0200,240,1,24001,310-260-XXXX,240-01-XXXX,5G,Smartphone
260226235326+0200,240,5,24005,240-05-XXXX,240-05-XXXX,4G,Smartphone
260225205634+0100,234,15,23415,234-15-XXXX,234-15-XXXX,5G,Smartphone
260228044719+0100,206,10,20610,206-10-XXXX,206-10-XXXX,5G,Smartphone
260316172623+0100,206,20,20620,206-20-XXXX,206-20-XXXX,5G,Smartphone
260303230547-0600,310,260,310260,310-260-XXXX,310-260-XXXX,4G,IoT Device
260315210134+0100,234,30,24005,240-07-XXXX,234-30-XXXX,3G,Tablet
260225223153+0200,240,5,24005,240-05-XXXX,240-05-XXXX,5G,Smartphone
260323001250+0100,234,38,24002,234-38-XXXX,234-38-XXXX,4G,Smartphone
260313125446-0800,310,480,310480,310-480-XXXX,310-480-XXXX,5G,IoT Device
260314192130-0500,310,410,310410,206-01-XXXX,206-05-XXXX,3G,Smartphone
260312185104-0600,310,120,310120,240-04-XXXX,310-120-XXXX,5G,Tablet
260324082305-0600,310,260,24005,206-01-XXXX,310-260-XXXX,5G,IoT Device
260321052059+0200,240,16,24016,240-16-XXXX,240-16-XXXX,4G,Tablet
260309104449+0200,240,4,24004,206-01-XXXX,240-04-XXXX,4G,Tablet
260225020136+0100,234,38,20605,310-260-XXXX,234-38-XXXX,4G,Tablet
260307093326-0500,310,260,23410,310-260-XXXX,206-20-XXXX,5G,IoT Device
260317170916+0000,234,15,23415,310-480-XXXX,234-10-XXXX,5G,Smartphone
260306014047+0100,206,10,23415,206-10-XXXX,206-10-XXXX,4G,Smartphone
260314234810+0100,240,24,20605,240-24-XXXX,240-24-XXXX,3G,Smartphone
260302174352+0200,206,1,310260,206-20-XXXX,206-01-XXXX,5G,Tablet
260308221054+0200,240,5,24005,206-20-XXXX,240-05-XXXX,3G,Smartphone
260321222539+0200,206,1,24008,206-01-XXXX,206-01-XXXX,3G,Smartphone
260309175821+0200,206,1,20601,206-01-XXXX,240-04-XXXX,5G,Tablet
260305145539+0200,240,5,24005,240-05-XXXX,240-05-XXXX,5G,Tablet
260309111503+0100,234,33,23433,234-15-XXXX,234-15-XXXX,5G,IoT Device
260301041946+0100,240,8,24024,240-08-XXXX,240-08-XXXX,5G,Tablet
260315144331-0800,310,480,310480,234-10-XXXX,310-480-XXXX,5G,Smartphone
260302171007+0100,206,10,20610,206-01-XXXX,206-10-XXXX,3G,Smartphone
260326040921-0800,310,120,310120,310-480-XXXX,310-120-XXXX,3G,Smartphone
260305130457+0100,206,5,23415,206-05-XXXX,206-05-XXXX,4G,Smartphone
260318212838+0200,240,5,24005,240-05-XXXX,234-15-XXXX,4G,Tablet
260225123343-0700,310,120,310120,310-120-XXXX,240-07-XXXX,5G,Tablet
260306101743+0000,234,15,23415,234-15-XXXX,310-410-XXXX,3G,Smartphone
260310234847-0700,310,260,310260,310-260-XXXX,310-260-XXXX,5G,Smartphone
260227114315+0200,206,10,20610,206-10-XXXX,240-16-XXXX,5G,Smartphone
260226181828+0200,206,5,20605,206-01-XXXX,206-05-XXXX,3G,Smartphone
260313090330+0200,240,16,23420,206-10-XXXX,240-16-XXXX,5G,Smartphone
260321142250+0100,234,30,23430,234-30-XXXX,234-30-XXXX,5G,Smartphone
260326074016+0200,240,2,24002,240-02-XXXX,240-02-XXXX,4G,IoT Device
260320051433+0100,240,2,24002,240-02-XXXX,240-16-XXXX,5G,Smartphone
260303012211+0100,234,30,23430,234-30-XXXX,234-30-XXXX,5G,IoT Device
260312171049+0100,206,1,310120,206-01-XXXX,206-01-XXXX,5G,Smartphone
260308180743+0100,240,8,24008,240-16-XXXX,240-16-XXXX,5G,Smartphone
260301200937+0200,240,24,24007,206-01-XXXX,240-24-XXXX,5G,Tablet
260304162043+0200,240,7,24007,240-07-XXXX,240-07-XXXX,3G,Tablet
260307212802+0100,240,8,24008,240-08-XXXX,234-20-XXXX,3G,IoT Device
260326064303+0000,234,20,23420,206-05-XXXX,234-20-XXXX,3G,Smartphone
260306193635+0000,234,33,24016,234-38-XXXX,234-33-XXXX,3G,Tablet
260314145631+0000,234,38,310120,234-38-XXXX,234-38-XXXX,5G,Tablet
260225082323+0200,206,1,310260,234-38-XXXX,234-33-XXXX,4G,Smartphone
260317173646-0500,310,120,310120,310-410-XXXX,310-120-XXXX,4G,Smartphone
260304130225+0100,234,38,20601,234-38-XXXX,234-38-XXXX,3G,Tablet
260325001017+0100,206,20,20620,206-20-XXXX,234-20-XXXX,3G,Smartphone
260226205954+0000,234,33,24002,234-33-XXXX,234-33-XXXX,4G,Tablet
260228203321+0100,234,33,23433,240-01-XXXX,234-33-XXXX,3G,Smartphone
260321055618+0200,240,8,24008,240-08-XXXX,240-08-XXXX,3G,IoT Device
260225172003-0800,310,260,310260,206-10-XXXX,240-02-XXXX,3G,Smartphone
260304142741+0100,206,10,20610,206-10-XXXX,206-10-XXXX,3G,IoT Device
260313202729-0500,310,410,310410,310-410-XXXX,310-410-XXXX,3G,Smartphone
260302183555+0100,234,10,24004,234-10-XXXX,234-10-XXXX,4G,IoT Device
260306190037-0600,310,410,20601,206-20-XXXX,310-410-XXXX,3G,Smartphone
260227033305-0800,310,120,310260,240-16-XXXX,310-120-XXXX,5G,Smartphone
260321155629+0000,234,30,23430,206-01-XXXX,234-30-XXXX,4G,Smartphone
260225022842+0100,240,7,24007,240-04-XXXX,240-07-XXXX,5G,IoT Device
260319021137+0100,234,38,23438,234-38-XXXX,234-38-XXXX,3G,Smartphone
260320084131+0200,206,1,24005,206-01-XXXX,206-01-XXXX,3G,Smartphone
260316195543-0500,310,120,310410,240-04-XXXX,310-120-XXXX,4G,Smartphone
260302183958-0600,310,260,310260,234-20-XXXX,310-260-XXXX,4G,Tablet
260315112054+0100,234,38,24008,234-38-XXXX,234-38-XXXX,3G,IoT Device
260228092940+0100,234,10,20620,310-260-XXXX,234-30-XXXX,4G,IoT Device
260226092847-0700,310,260,20620,240-04-XXXX,310-260-XXXX,5G,Tablet
260323065230+0000,234,33,23433,234-33-XXXX,206-01-XXXX,3G,Smartphone
260302195527-0500,310,410,310410,206-20-XXXX,310-410-XXXX,4G,Smartphone
260316193948+0100,206,20,20620,234-15-XXXX,234-33-XXXX,3G,Smartphone
260226131806+0100,234,15,23415,234-10-XXXX,234-15-XXXX,5G,Smartphone
260225112256+0000,234,30,23430,234-30-XXXX,240-02-XXXX,5G,IoT Device
260324222439+0100,240,7,24024,240-07-XXXX,240-07-XXXX,5G,Tablet
260321024140+0000,234,20,23420,240-16-XXXX,234-33-XXXX,4G,Tablet
260321174909+0100,240,7,20601,234-20-XXXX,240-07-XXXX,5G,Smartphone
260321185859+0100,240,16,310120,240-16-XXXX,240-16-XXXX,4G,Smartphone
260319023923-0500,310,480,20605,310-480-XXXX,310-480-XXXX,4G,Tablet
260325100429+0100,234,15,20605,206-20-XXXX,234-15-XXXX,4G,Tablet
260228025032+0000,234,33,23433,234-33-XXXX,234-33-XXXX,4G,Smartphone
260302182218+0200,206,1,24024,234-33-XXXX,206-01-XXXX,5G,Smartphone
260314042248+0100,206,5,20605,234-38-XXXX,206-05-XXXX,5G,Smartphone
260319110929-0800,310,260,310260,310-260-XXXX,310-260-XXXX,4G,Smartphone
260317073541+0200,206,10,20610,206-10-XXXX,206-10-XXXX,4G,Smartphone
260323133536-0800,310,120,310410,234-30-XXXX,310-480-XXXX,4G,Smartphone
260313135607+0100,206,5,24001,234-10-XXXX,206-05-XXXX,5G,Smartphone
260313022207-0700,310,410,310410,310-410-XXXX,310-410-XXXX,3G,Smartphone
260324034458+0000,234,15,23415,240-24-XXXX,234-15-XXXX,5G,Smartphone
260322101518+0100,240,1,24004,240-24-XXXX,240-05-XXXX,5G,Tablet
260321204730-0600,310,410,23410,310-410-XXXX,310-480-XXXX,5G,Smartphone
260313232528+0200,240,24,20620,240-24-XXXX,240-24-XXXX,4G,Smartphone
260307210959+0100,234,20,23420,234-20-XXXX,234-33-XXXX,5G,IoT Device
260225020604+0000,234,38,23438,310-410-XXXX,234-38-XXXX,4G,Smartphone
260314225434-0800,310,260,310260,240-04-XXXX,310-260-XXXX,5G,Smartphone
260225064123+0000,234,30,24001,234-30-XXXX,234-30-XXXX,3G,IoT Device
260322180444+0100,234,10,23410,206-20-XXXX,234-10-XXXX,4G,Smartphone
260324154315+0000,234,30,24024,310-120-XXXX,234-30-XXXX,4G,IoT Device
260227215049+0200,240,2,23433,234-15-XXXX,240-02-XXXX,3G,Smartphone
260301053651+0100,240,1,24001,240-01-XXXX,240-01-XXXX,5G,Smartphone
260304014257+0100,240,8,24008,240-08-XXXX,206-01-XXXX,5G,Tablet
260314044239+0000,234,20,23420,234-20-XXXX,234-20-XXXX,4G,Tablet
260319023754+0200,206,20,20620,206-20-XXXX,206-20-XXXX,4G,Tablet
260302062700-0500,310,410,310120,240-01-XXXX,240-08-XXXX,4G,Tablet
260314223136+0100,206,5,20605,206-05-XXXX,206-05-XXXX,4G,Smartphone
260227102750+0200,206,1,20601,206-01-XXXX,206-01-XXXX,5G,Smartphone
260307122812+0100,240,24,24024,240-24-XXXX,240-24-XXXX,5G,Smartphone
260324234414+0100,234,15,23415,234-15-XXXX,240-16-XXXX,3G,Tablet
260319121720-0700,310,120,310120,310-120-XXXX,206-20-XXXX,5G,IoT Device
260316022132+0100,234,20,310120,234-20-XXXX,234-20-XXXX,3G,Smartphone
260306052415+0100,206,5,23433,206-05-XXXX,206-05-XXXX,5G,IoT Device
260306211644+0100,206,20,20620,206-10-XXXX,310-480-XXXX,5G,IoT Device
260226142004+0000,234,30,23430,310-260-XXXX,234-30-XXXX,5G,IoT Device
260326050633+0200,206,10,20610,206-10-XXXX,206-10-XXXX,4G,Tablet
260303175142-0600,310,410,310410,310-410-XXXX,310-410-XXXX,4G,IoT Device
260301123145-0500,310,410,20610,206-05-XXXX,234-15-XXXX,4G,Smartphone
260314052351+0100,234,20,20610,240-16-XXXX,234-20-XXXX,3G,Smartphone
260304230007-0600,310,480,20601,240-02-XXXX,310-480-XXXX,4G,Smartphone
260320070651-0800,310,260,23430,310-260-XXXX,310-260-XXXX,4G,Smartphone
260311121328+0100,234,15,23430,240-01-XXXX,310-260-XXXX,4G,Smartphone
260316153444+0200,240,16,24016,240-02-XXXX,240-16-XXXX,4G,Smartphone
260304082537+0200,206,10,24001,234-33-XXXX,206-10-XXXX,3G,Smartphone
260306184859-0800,310,480,310480,310-410-XXXX,310-480-XXXX,4G,IoT Device
260228105854+0100,240,4,23410,240-04-XXXX,240-04-XXXX,5G,Smartphone
260307124430+0200,206,20,20620,234-15-XXXX,206-20-XXXX,5G,Smartphone
260320040750-0600,310,120,310120,310-120-XXXX,310-120-XXXX,4G,Smartphone
260315133821+0100,240,8,24001,206-20-XXXX,240-08-XXXX,4G,Smartphone
260315183905-0800,310,120,310120,310-480-XXXX,310-120-XXXX,5G,Smartphone
260303014401+0100,234,10,23410,234-10-XXXX,234-10-XXXX,5G,Smartphone
260228105204-0500,310,260,310260,234-33-XXXX,310-260-XXXX,4G,Smartphone
260323032743-0800,310,480,310480,310-480-XXXX,310-480-XXXX,3G,Smartphone
260307090656+0000,234,30,23430,234-30-XXXX,234-33-XXXX,5G,Tablet
260310140016-0800,310,410,310410,234-33-XXXX,310-410-XXXX,5G,Smartphone
260319064610+0100,206,20,20620,240-05-XXXX,206-01-XXXX,5G,Smartphone
260313130546+0000,234,33,310120,234-33-XXXX,234-33-XXXX,3G,IoT Device
260317222441-0700,310,260,24024,206-20-XXXX,310-260-XXXX,4G,Smartphone
260314134325+0100,206,1,20601,240-08-XXXX,240-08-XXXX,5G,Smartphone
260304175319-0600,310,410,20620,310-410-XXXX,310-410-XXXX,4G,Tablet
260320181033+0100,234,38,20620,234-38-XXXX,234-38-XXXX,3G,Smartphone
260311004355-0500,310,120,310120,206-01-XXXX,310-120-XXXX,5G,Smartphone
260308174705+0200,206,5,310260,206-05-XXXX,206-05-XXXX,3G,Tablet
260323001436-0700,310,260,23438,234-33-XXXX,206-01-XXXX,5G,Smartphone
260304002406+0200,240,16,310480,240-16-XXXX,240-16-XXXX,4G,Smartphone
260324044453-0500,310,410,310410,310-410-XXXX,240-24-XXXX,4G,IoT Device
260302161050-0700,310,480,310480,206-01-XXXX,310-480-XXXX,4G,Smartphone
260313213919+0000,234,38,23433,206-10-XXXX,234-38-XXXX,4G,Smartphone
260304120457+0200,206,1,310480,206-01-XXXX,206-20-XXXX,4G,Tablet
260311184242+0000,234,20,20605,240-05-XXXX,234-20-XXXX,4G,Smartphone
260307113830+0000,234,10,23410,234-38-XXXX,234-10-XXXX,3G,IoT Device
260304040139-0700,310,480,24004,310-480-XXXX,234-10-XXXX,4G,Smartphone
260321103123+0100,240,7,24007,240-07-XXXX,240-07-XXXX,3G,Tablet
260323190259-0800,310,480,310480,310-480-XXXX,310-480-XXXX,5G,IoT Device
260325094419+0100,240,8,310260,240-08-XXXX,240-08-XXXX,3G,Smartphone
260301151124+0100,234,38,23438,206-05-XXXX,234-38-XXXX,5G,Smartphone
260227171021+0100,206,1,24016,206-01-XXXX,206-01-XXXX,4G,Smartphone
260309142625-0500,310,120,310480,234-33-XXXX,206-20-XXXX,4G,IoT Device
260326044449+0100,206,10,20610,206-10-XXXX,234-10-XXXX,5G,Tablet
260310132143+0100,206,1,20601,206-01-XXXX,310-480-XXXX,5G,Smartphone
260314121808+0200,240,8,20610,240-02-XXXX,240-08-XXXX,5G,Smartphone
260322230124+0100,206,20,24024,310-410-XXXX,240-02-XXXX,5G,IoT Device
260309233623+0000,234,10,20601,234-10-XXXX,234-10-XXXX,5G,Tablet
260316182649-0500,310,260,24001,206-10-XXXX,240-04-XXXX,5G,IoT Device
260306143327+0200,206,20,20620,206-20-XXXX,206-20-XXXX,5G,Smartphone
260302143215+0100,234,33,310480,234-33-XXXX,234-33-XXXX,5G,Smartphone
260318212727+0000,234,30,23430,240-08-XXXX,234-30-XXXX,3G,Tablet
260325220117+0100,206,10,20610,240-24-XXXX,206-10-XXXX,5G,Tablet
260301152209-0700,310,480,310480,234-10-XXXX,310-480-XXXX,4G,Tablet
260302145839-0800,310,120,24008,240-05-XXXX,234-15-XXXX,4G,Smartphone
260315055943-0800,310,260,20601,310-260-XXXX,310-260-XXXX,5G,IoT Device
260304001301-0600,310,260,23410,206-01-XXXX,310-260-XXXX,3G,Smartphone
260317172519+0100,240,16,24016,234-33-XXXX,240-16-XXXX,5G,IoT Device
260318103650+0100,234,20,20601,206-01-XXXX,234-20-XXXX,5G,IoT Device
260311194803+0200,206,1,310410,206-20-XXXX,206-01-XXXX,4G,Smartphone
260303205236+0200,206,1,20601,240-16-XXXX,206-01-XXXX,3G,Smartphone
260324201624-0700,310,410,310480,310-410-XXXX,310-410-XXXX,4G,IoT Device
260319082751+0200,206,1,20610,206-01-XXXX,206-01-XXXX,5G,IoT Device
260227013442+0100,240,8,24008,206-10-XXXX,240-08-XXXX,4G,Tablet
260323021735+0100,240,5,20601,240-16-XXXX,240-05-XXXX,5G,Smartphone
260323020217+0100,240,1,23420,240-01-XXXX,234-33-XXXX,5G,Smartphone
260309052751+0200,240,7,20605,240-07-XXXX,240-07-XXXX,3G,Smartphone
260318163017+0100,240,5,24005,310-260-XXXX,240-05-XXXX,5G,Tablet
260312164939+0100,206,10,23415,310-480-XXXX,206-10-XXXX,4G,Smartphone
260323095742-0600,310,260,310260,310-260-XXXX,206-20-XXXX,4G,IoT Device
260326141906-0500,310,260,310260,206-01-XXXX,310-260-XXXX,3G,Smartphone
260312133417+0100,234,20,23420,234-20-XXXX,234-20-XXXX,5G,Tablet
260302183909+0100,240,1,310260,206-05-XXXX,206-10-XXXX,4G,Smartphone
260320070027+0100,206,20,20620,310-260-XXXX,206-20-XXXX,4G,IoT Device
260309180758+0100,206,1,20601,206-01-XXXX,206-01-XXXX,4G,Smartphone
260317184335+0100,234,33,20610,234-33-XXXX,234-33-XXXX,5G,IoT Device
260321232900+0000,234,20,24005,234-20-XXXX,234-20-XXXX,5G,Smartphone
260302112344+0200,206,10,24024,206-20-XXXX,206-10-XXXX,5G,Smartphone
260308205805-0500,310,260,24002,310-260-XXXX,310-260-XXXX,3G,Smartphone
260302104510+0000,234,20,23420,240-02-XXXX,234-20-XXXX,3G,IoT Device
260323132342+0100,240,5,310260,240-05-XXXX,240-02-XXXX,5G,Smartphone
260317195948+0000,234,30,23410,310-480-XXXX,234-20-XXXX,5G,IoT Device
260318151124+0100,240,5,24005,206-01-XXXX,240-07-XXXX,5G,Smartphone
260318062636+0100,206,20,20605,310-480-XXXX,206-20-XXXX,5G,Smartphone
260312190631+0100,240,4,20610,240-04-XXXX,240-04-XXXX,5G,IoT Device
260308103632+0100,240,16,24016,240-16-XXXX,240-16-XXXX,4G,Smartphone
260324104656+0200,206,10,23415,206-10-XXXX,206-10-XXXX,5G,Smartphone
260301224122+0200,240,1,24001,240-16-XXXX,240-01-XXXX,3G,Smartphone
260309160332+0000,234,20,23420,240-08-XXXX,234-20-XXXX,3G,Tablet
260305175256-0500,310,260,23415,240-08-XXXX,310-260-XXXX,4G,Smartphone
260325212821-0800,310,410,24007,310-260-XXXX,240-04-XXXX,5G,Smartphone
260225104459+0200,206,10,24004,206-01-XXXX,206-10-XXXX,3G,Tablet
260313091652+0100,234,15,23415,240-24-XXXX,234-15-XXXX,4G,Smartphone
260304051357+0000,234,30,310480,234-30-XXXX,234-30-XXXX,3G,IoT Device
260310163907+0000,234,30,23430,240-16-XXXX,234-30-XXXX,4G,Tablet
260304100913+0100,240,5,24002,240-05-XXXX,240-05-XXXX,4G,Smartphone
260226131054+0200,206,10,24016,206-10-XXXX,206-10-XXXX,3G,Smartphone
260226042357+0200,240,1,20620,240-01-XXXX,240-01-XXXX,5G,Tablet
260307002136+0000,234,15,310480,234-15-XXXX,234-15-XXXX,5G,IoT Device
260309141009-0700,310,120,310120,240-24-XXXX,310-120-XXXX,4G,Smartphone
260315095641+0200,240,5,24005,234-15-XXXX,240-05-XXXX,3G,Smartphone
260326014129+0200,206,10,20610,206-10-XXXX,206-10-XXXX,5G,Smartphone
260325003732+0100,234,10,23410,234-10-XXXX,310-480-XXXX,3G,IoT Device
260306182331+0200,240,8,20601,240-08-XXXX,234-38-XXXX,4G,Smartphone
260319200218-0800,310,480,310480,240-02-XXXX,310-480-XXXX,4G,Smartphone
260305204759+0100,206,1,310410,234-38-XXXX,234-33-XXXX,4G,Smartphone
260306225925+0100,206,10,20610,206-10-XXXX,206-10-XXXX,5G,IoT Device
260317225727+0100,240,16,20601,240-07-XXXX,234-38-XXXX,3G,Tablet
260314052040+0100,206,1,23420,206-01-XXXX,206-01-XXXX,4G,Tablet
260311141151+0200,240,8,24008,240-08-XXXX,240-08-XXXX,3G,Smartphone
260309212619+0200,240,1,23438,206-10-XXXX,240-01-XXXX,5G,Tablet
260312201431+0100,206,1,23410,206-20-XXXX,206-01-XXXX,3G,Smartphone
260324212834+0200,240,16,310410,240-16-XXXX,240-16-XXXX,5G,Smartphone
260312160854+0000,234,38,23420,234-38-XXXX,234-38-XXXX,4G,IoT Device
260321074222-0800,310,410,310410,310-410-XXXX,310-410-XXXX,4G,Smartphone
260318080834+0200,206,20,23430,206-20-XXXX,206-20-XXXX,5G,Smartphone
260228150409+0100,206,20,20620,234-33-XXXX,206-20-XXXX,5G,Smartphone
260319045615+0200,240,24,24024,240-04-XXXX,240-24-XXXX,4G,Tablet
260309120411+0000,234,30,23433,240-04-XXXX,234-30-XXXX,4G,Tablet
260225100539+0100,234,15,23415,310-410-XXXX,310-410-XXXX,5G,Tablet
260304170827+0000,234,30,23430,234-30-XXXX,206-01-XXXX,4G,Tablet
260312064636-0600,310,480,310480,310-480-XXXX,234-20-XXXX,5G,IoT Device
260228115521+0000,234,10,310260,234-10-XXXX,234-10-XXXX,5G,Smartphone
260318193133+0100,234,38,23438,310-120-XXXX,310-410-XXXX,3G,Smartphone
260322010151+0200,240,1,24002,240-01-XXXX,240-01-XXXX,5G,Smartphone
260324180006+0100,234,33,23430,240-01-XXXX,310-260-XXXX,4G,Tablet
260320235900+0100,234,33,23433,234-33-XXXX,240-01-XXXX,4G,Smartphone
260301175018+0100,240,2,24002,240-02-XXXX,240-02-XXXX,3G,IoT Device
260310225619+0100,240,4,24004,240-04-XXXX,240-04-XXXX,4G,Smartphone
260322031411+0000,234,10,310480,234-10-XXXX,234-10-XXXX,4G,Tablet
260313174116+0200,240,24,24024,234-33-XXXX,240-24-XXXX,4G,Smartphone
260321013732+0100,234,33,23433,310-260-XXXX,234-33-XXXX,5G,Tablet
260227013801-0600,310,120,24007,310-120-XXXX,310-120-XXXX,4G,Smartphone
260307060900+0100,240,1,24001,240-05-XXXX,240-01-XXXX,5G,Smartphone
260314050401+0100,234,20,24007,234-20-XXXX,234-38-XXXX,4G,Smartphone
260323002803-0500,310,410,310410,310-260-XXXX,310-410-XXXX,5G,IoT Device
260318090242+0100,234,38,23438,240-08-XXXX,234-38-XXXX,4G,Smartphone
260311235022+0100,240,1,23430,310-120-XXXX,240-01-XXXX,4G,Smartphone
260321231010-0700,310,480,20620,310-480-XXXX,310-480-XXXX,4G,IoT Device
260302075810+0100,206,20,24016,310-410-XXXX,234-10-XXXX,4G,Smartphone
260320095809-0700,310,480,310480,310-480-XXXX,240-08-XXXX,4G,Smartphone
260312061635+0000,234,15,20605,234-38-XXXX,234-15-XXXX,3G,Smartphone
260302185445+0000,234,10,20610,310-260-XXXX,234-10-XXXX,3G,IoT Device
260320082039+0200,240,5,24005,206-20-XXXX,240-05-XXXX,3G,IoT Device
260321175400+0100,240,1,310410,310-120-XXXX,240-01-XXXX,4G,Smartphone
260303054141+0100,234,30,23430,234-30-XXXX,234-20-XXXX,3G,Tablet
260318114828+0200,206,10,20620,234-15-XXXX,206-10-XXXX,3G,Smartphone
260306095200-0700,310,480,24016,310-480-XXXX,206-20-XXXX,4G,Smartphone
260307015544+0200,206,10,24004,206-10-XXXX,310-410-XXXX,5G,Tablet
260312164634+0200,206,1,20601,310-410-XXXX,234-15-XXXX,5G,Tablet
260225180845+0100,234,15,23415,234-10-XXXX,234-15-XXXX,3G,IoT Device
260306165938+0200,240,2,20610,240-02-XXXX,240-02-XXXX,5G,Tablet
260313011155+0200,240,7,24007,240-07-XXXX,240-07-XXXX,5G,IoT Device
260305061616+0100,240,24,23438,240-24-XXXX,234-33-XXXX,5G,Tablet
260225125642-0700,310,120,310120,310-120-XXXX,234-33-XXXX,4G,Smartphone
260303064145+0000,234,33,23433,234-33-XXXX,310-260-XXXX,5G,Tablet
260305050704+0000,234,15,23438,206-05-XXXX,240-04-XXXX,5G,IoT Device
260314071759+0100,206,10,23420,206-10-XXXX,206-10-XXXX,5G,Smartphone
260315113034+0200,206,10,20610,206-10-XXXX,206-10-XXXX,4G,IoT Device
260226142859+0100,234,10,23410,310-480-XXXX,234-10-XXXX,4G,IoT Device
260228061339+0100,206,5,310120,206-05-XXXX,206-05-XXXX,5G,Tablet
260308200825+0100,206,1,24008,310-480-XXXX,310-120-XXXX,4G,Smartphone
260315134226-0500,310,260,20605,310-260-XXXX,234-15-XXXX,4G,Smartphone
260318111450+0100,234,33,23433,234-33-XXXX,234-33-XXXX,4G,IoT Device
260326070040+0200,240,4,24005,234-38-XXXX,240-05-XXXX,3G,IoT Device
260314024606+0000,234,10,23410,206-20-XXXX,234-10-XXXX,4G,Tablet
260227235922+0100,240,5,23438,240-01-XXXX,240-05-XXXX,4G,Tablet
260311044511+0100,206,1,20601,234-33-XXXX,206-20-XXXX,4G,Smartphone
260322215658+0100,240,2,24016,310-260-XXXX,234-30-XXXX,5G,Smartphone
260308201520+0200,206,10,24001,206-05-XXXX,206-10-XXXX,5G,Smartphone
260320175251+0100,240,1,23415,240-01-XXXX,240-01-XXXX,4G,Smartphone
260311165754+0100,234,20,23420,234-20-XXXX,234-20-XXXX,5G,Smartphone
260307145951+0100,206,20,20620,240-24-XXXX,206-20-XXXX,4G,Smartphone
260305131108+0100,240,7,24004,310-480-XXXX,240-07-XXXX,5G,Tablet
260312074102+0100,234,15,23415,234-15-XXXX,234-15-XXXX,3G,Tablet
260306203511+0100,240,7,23410,234-10-XXXX,240-07-XXXX,4G,Smartphone
260313013213-0700,310,410,310120,310-410-XXXX,234-33-XXXX,5G,Smartphone
260304054404+0100,206,1,23438,206-20-XXXX,206-01-XXXX,3G,Tablet
260326070944-0600,310,260,20605,206-10-XXXX,310-260-XXXX,4G,Smartphone
260303075330+0100,234,38,310410,234-10-XXXX,240-05-XXXX,4G,Tablet
260320143958+0100,206,10,20610,206-10-XXXX,310-410-XXXX,3G,IoT Device
260313100110+0000,234,10,23410,206-05-XXXX,240-01-XXXX,3G,IoT Device
260319061816+0200,206,5,24004,234-10-XXXX,206-05-XXXX,3G,Tablet
260228121621+0200,240,16,24016,240-16-XXXX,234-38-XXXX,4G,Smartphone
260313173724+0100,234,38,310410,234-30-XXXX,234-38-XXXX,5G,Tablet
260306074445-0500,310,260,24007,240-08-XXXX,310-260-XXXX,4G,Smartphone
260317153135+0100,206,1,23410,206-01-XXXX,206-01-XXXX,5G,Smartphone
260306214139-0600,310,120,310120,310-120-XXXX,206-10-XXXX,5G,IoT Device
260227190838+0100,240,4,310410,310-260-XXXX,240-04-XXXX,3G,Smartphone
260319190322-0800,310,120,310120,240-16-XXXX,310-120-XXXX,4G,Tablet
260313002752+0100,206,1,20601,206-01-XXXX,206-01-XXXX,4G,Smartphone
260302225024+0100,206,10,23420,310-410-XXXX,206-10-XXXX,4G,Smartphone
260306014610-0800,310,120,310120,310-120-XXXX,310-120-XXXX,5G,IoT Device
260324151653+0200,240,5,24005,240-05-XXXX,240-05-XXXX,3G,Smartphone
260326185806-0700,310,120,310120,310-120-XXXX,310-120-XXXX,5G,Tablet
260322121531+0000,234,30,23430,234-30-XXXX,234-30-XXXX,3G,Tablet
260308034802+0200,240,2,310410,240-02-XXXX,240-02-XXXX,5G,Smartphone
260225023402+0100,234,20,23420,310-410-XXXX,206-10-XXXX,4G,Tablet
260228085635-0700,310,260,310260,206-01-XXXX,310-410-XXXX,4G,Smartphone
260304032002+0100,234,20,23420,234-20-XXXX,234-20-XXXX,5G,Smartphone
260315200652+0100,234,33,23433,234-33-XXXX,310-480-XXXX,3G,Smartphone
260308124113+0000,234,10,23410,234-10-XXXX,234-10-XXXX,3G,Smartphone
260311075203+0200,240,7,20620,240-07-XXXX,240-07-XXXX,4G,Smartphone
260322090922+0100,234,20,23420,234-20-XXXX,206-20-XXXX,3G,Tablet
260301170157+0200,240,1,24001,310-410-XXXX,310-410-XXXX,5G,Smartphone
260301023824+0200,240,16,24004,240-16-XXXX,240-16-XXXX,5G,Smartphone
260301093814+0100,206,1,20601,310-410-XXXX,234-33-XXXX,4G,Smartphone
260326075632+0100,240,1,24001,240-01-XXXX,240-01-XXXX,4G,Smartphone
260316082230+0100,206,5,310120,206-01-XXXX,206-05-XXXX,5G,Tablet
260323212022+0200,240,4,24004,240-04-XXXX,240-04-XXXX,5G,Smartphone
260315184157+0100,240,8,24008,240-01-XXXX,240-08-XXXX,5G,Tablet
260313152610+0100,206,1,20601,310-480-XXXX,206-01-XXXX,3G,Smartphone
260303202937-0600,310,410,23430,310-410-XXXX,310-410-XXXX,5G,Tablet
260314100433+0200,206,5,24005,206-05-XXXX,206-05-XXXX,4G,Smartphone
260318104137+0200,206,10,24008,206-10-XXXX,206-10-XXXX,5G,Smartphone
260226020310+0100,206,20,24007,206-20-XXXX,234-20-XXXX,4G,IoT Device
260318052832+0100,234,15,20610,206-01-XXXX,234-15-XXXX,4G,Tablet
260325222441+0100,206,20,20620,240-07-XXXX,206-20-XXXX,5G,Smartphone
260311004251-0700,310,260,24024,310-260-XXXX,310-260-XXXX,3G,Tablet
260304103136+0100,240,4,310260,234-30-XXXX,206-20-XXXX,4G,Tablet
260317142936+0100,206,20,20620,234-30-XXXX,206-20-XXXX,3G,Smartphone
260315112054-0700,310,120,310120,310-410-XXXX,310-120-XXXX,4G,Smartphone
260311033244-0500,310,480,310480,310-480-XXXX,310-480-XXXX,5G,IoT Device
260314071255+0100,234,33,310410,234-33-XXXX,234-33-XXXX,5G,Smartphone
260325213443+0100,234,20,23420,240-24-XXXX,234-20-XXXX,5G,Smartphone
260302023358-0800,310,120,23433,310-120-XXXX,240-24-XXXX,3G,IoT Device
260318212247+0100,206,10,20610,206-01-XXXX,206-10-XXXX,3G,IoT Device
260315230322-0800,310,480,310120,310-480-XXXX,310-480-XXXX,4G,Tablet
260316183038+0000,234,30,310410,234-30-XXXX,234-30-XXXX,4G,Smartphone
260305162803-0700,310,120,20620,234-20-XXXX,310-120-XXXX,4G,IoT Device
260322150003+0200,206,5,20601,206-05-XXXX,206-05-XXXX,5G,Smartphone
260315132004+0100,234,33,23433,234-33-XXXX,240-04-XXXX,5G,IoT Device
260225121111+0100,234,33,23415,234-33-XXXX,240-07-XXXX,3G,Smartphone
260324091517+0100,206,5,23415,206-05-XXXX,206-05-XXXX,5G,Smartphone
260308041132+0200,206,5,310480,206-05-XXXX,206-05-XXXX,4G,IoT Device
260311150605+0200,240,7,20605,240-24-XXXX,240-02-XXXX,5G,Smartphone
260307084839+0100,234,20,23420,206-01-XXXX,234-20-XXXX,4G,Smartphone
260314224507+0000,234,15,23415,240-08-XXXX,240-07-XXXX,3G,Smartphone
260319155654+0200,206,5,20601,206-05-XXXX,206-05-XXXX,5G,IoT Device
260304051656+0100,240,24,310120,310-260-XXXX,240-24-XXXX,4G,IoT Device
260303094637+0200,240,16,24016,240-16-XXXX,240-16-XXXX,4G,Tablet
260226170429-0800,310,120,310120,310-120-XXXX,310-120-XXXX,4G,Smartphone
260226154637+0000,234,20,24024,240-01-XXXX,310-480-XXXX,5G,Smartphone
260306025640+0100,240,2,310410,310-260-XXXX,240-02-XXXX,3G,Smartphone
260308112500+0200,206,1,24016,206-01-XXXX,206-01-XXXX,3G,Tablet
260304230301+0100,234,20,20601,234-20-XXXX,234-20-XXXX,5G,Tablet
260225103005+0200,206,20,23433,206-05-XXXX,206-20-XXXX,5G,Smartphone
260308130011-0700,310,260,20605,234-30-XXXX,234-10-XXXX,5G,IoT Device
260228000345-0800,310,410,310410,310-410-XXXX,310-410-XXXX,4G,Tablet
260325182445-0500,310,480,310480,310-480-XXXX,206-05-XXXX,4G,Smartphone
260307030812-0700,310,120,310120,240-01-XXXX,310-120-XXXX,4G,Tablet
260304174828+0200,240,24,20605,234-10-XXXX,310-410-XXXX,4G,IoT Device
260320063744+0200,206,5,20605,206-05-XXXX,206-05-XXXX,5G,Smartphone
260312161933+0200,206,20,20620,310-410-XXXX,234-38-XXXX,3G,Smartphone
260306113052+0200,206,10,20610,206-10-XXXX,206-20-XXXX,4G,Smartphone
260322004636+0200,206,10,310120,206-05-XXXX,234-30-XXXX,4G,IoT Device
260312200901+0100,234,30,20601,234-30-XXXX,234-30-XXXX,4G,Tablet
260303155624-0500,310,410,310410,310-410-XXXX,206-10-XXXX,5G,Smartphone
260226022813+0100,234,30,24024,234-30-XXXX,234-30-XXXX,4G,Smartphone
260325054103-0600,310,480,20620,240-05-XXXX,310-480-XXXX,3G,Smartphone
260325141844+0100,206,5,20610,206-05-XXXX,206-05-XXXX,5G,IoT Device
260227160930+0100,240,4,24004,240-04-XXXX,206-10-XXXX,5G,Smartphone
260316183351-0700,310,260,20620,206-10-XXXX,310-260-XXXX,3G,Smartphone
260323230453+0100,240,1,310260,240-16-XXXX,240-01-XXXX,5G,Smartphone
260305220258+0100,234,33,23433,234-33-XXXX,234-33-XXXX,3G,IoT Device
260316055256+0100,206,1,20601,206-10-XXXX,206-01-XXXX,3G,Smartphone
260320035355+0000,234,33,310260,310-260-XXXX,234-15-XXXX,3G,Tablet
260304191433+0000,234,15,23430,234-15-XXXX,240-08-XXXX,5G,Smartphone
260320092835+0100,206,10,20610,206-01-XXXX,206-10-XXXX,5G,IoT Device
260326230301+0100,206,10,310260,240-24-XXXX,234-15-XXXX,4G,Tablet
260302100410+0200,206,10,24016,310-120-XXXX,206-10-XXXX,3G,Tablet
260315092239+0200,206,5,20605,240-08-XXXX,206-05-XXXX,3G,Tablet
260228080148+0100,234,20,20605,206-10-XXXX,234-20-XXXX,3G,Smartphone
260303151154+0200,206,20,20620,206-20-XXXX,206-20-XXXX,3G,Smartphone
260318130254+0100,240,4,310410,240-04-XXXX,240-04-XXXX,3G,Smartphone
260227043925-0600,310,480,310480,240-04-XXXX,310-480-XXXX,5G,IoT Device
260225152815-0700,310,410,20605,310-410-XXXX,310-410-XXXX,4G,IoT Device
260325013837+0200,206,10,20610,234-20-XXXX,234-20-XXXX,3G,Smartphone
260301150703+0200,240,16,20610,240-16-XXXX,234-10-XXXX,5G,Smartphone
260314074204+0000,234,20,23420,234-20-XXXX,234-20-XXXX,3G,Smartphone
260311101314+0100,240,4,24004,206-10-XXXX,240-04-XXXX,3G,Tablet
260313065110+0200,240,7,20601,240-07-XXXX,310-410-XXXX,5G,Smartphone
260228171336+0100,206,20,23415,234-20-XXXX,234-10-XXXX,3G,Tablet
260307020212+0100,234,20,23420,234-20-XXXX,234-20-XXXX,4G,IoT Device
260316011147+0000,234,33,23433,234-33-XXXX,234-33-XXXX,4G,Smartphone
260308010058-0800,310,410,24005,206-20-XXXX,310-410-XXXX,3G,Smartphone
260227115320+0100,206,1,24001,240-08-XXXX,206-01-XXXX,3G,Smartphone
260316122215+0000,234,10,24007,234-10-XXXX,234-10-XXXX,3G,Smartphone
260326023410+0200,206,5,310260,206-05-XXXX,310-120-XXXX,5G,Tablet
260317225943-0500,310,260,310260,310-260-XXXX,234-30-XXXX,5G,Smartphone
260311161434+0000,234,33,23430,234-33-XXXX,234-33-XXXX,4G,Tablet
260319032337-0500,310,410,23420,310-410-XXXX,310-410-XXXX,5G,Smartphone
260225201322-0800,310,120,310120,310-120-XXXX,206-10-XXXX,5G,Smartphone
260311181227+0000,234,10,23410,234-10-XXXX,234-10-XXXX,4G,Smartphone
260312014358+0100,206,10,20610,206-01-XXXX,310-480-XXXX,4G,IoT Device
260326015337+0100,240,5,24002,240-05-XXXX,234-33-XXXX,5G,IoT Device
260226181910-0500,310,260,310260,310-260-XXXX,310-260-XXXX,4G,IoT Device
260309055533+0100,240,7,310480,206-05-XXXX,240-07-XXXX,4G,Smartphone
260325064929+0200,240,7,24007,234-33-XXXX,240-07-XXXX,4G,Tablet
260319073102+0100,206,5,23420,206-05-XXXX,206-05-XXXX,4G,Smartphone
260226043043-0600,310,410,20620,240-04-XXXX,310-410-XXXX,4G,Tablet
260311051418+0100,206,20,20601,234-10-XXXX,206-20-XXXX,5G,Smartphone
260304084130+0000,234,33,23433,234-33-XXXX,234-33-XXXX,5G,Tablet
260302055846+0200,240,7,20605,240-07-XXXX,240-07-XXXX,5G,Smartphone
260321165333-0600,310,410,310410,310-120-XXXX,310-410-XXXX,4G,IoT Device
260322032449+0100,234,20,23420,240-04-XXXX,310-410-XXXX,3G,Tablet
260228121010+0100,206,10,20610,240-16-XXXX,206-10-XXXX,5G,Smartphone
260226232358+0100,234,20,23420,234-20-XXXX,234-20-XXXX,5G,Tablet
260321101519+0200,206,5,20605,206-05-XXXX,206-05-XXXX,5G,Smartphone
260306192433+0100,206,1,20601,206-20-XXXX,206-01-XXXX,3G,Tablet
260306173017+0100,240,8,24008,240-08-XXXX,240-08-XXXX,4G,Smartphone
260320001215-0600,310,410,310410,310-480-XXXX,310-410-XXXX,3G,IoT Device
260226232848+0200,206,20,24001,310-260-XXXX,206-20-XXXX,5G,Smartphone
260302025724-0800,310,260,310120,234-10-XXXX,310-260-XXXX,4G,IoT Device
260310054746-0700,310,480,310480,206-20-XXXX,310-480-XXXX,5G,Smartphone
260301015914+0200,240,8,24008,240-08-XXXX,234-30-XXXX,3G,Smartphone
260320095235+0200,240,5,24005,240-05-XXXX,240-05-XXXX,3G,Tablet
260227120449+0200,206,1,20601,234-33-XXXX,206-01-XXXX,5G,Smartphone
260318064850-0500,310,480,310480,234-33-XXXX,310-480-XXXX,5G,Smartphone
260309133825+0100,234,20,310260,206-10-XXXX,234-20-XXXX,3G,Smartphone
260317202729+0100,234,38,23438,234-38-XXXX,234-38-XXXX,5G,IoT Device
260312183458+0100,234,20,23420,234-20-XXXX,234-20-XXXX,4G,IoT Device
260315093251+0200,206,20,24004,234-33-XXXX,206-20-XXXX,4G,Tablet
260318142036-0500,310,410,20620,206-05-XXXX,310-410-XXXX,5G,Smartphone
260315213217+0100,234,20,20601,234-20-XXXX,234-20-XXXX,3G,IoT Device
260309152909-0600,310,120,20601,310-120-XXXX,310-120-XXXX,4G,Smartphone
260228143357-0800,310,410,310410,310-410-XXXX,310-410-XXXX,4G,Smartphone
260315153500-0500,310,260,23433,310-260-XXXX,310-260-XXXX,4G,Smartphone
260311001144-0500,310,120,24002,310-120-XXXX,310-120-XXXX,4G,Smartphone
260305085914+0200,240,4,24004,310-120-XXXX,240-04-XXXX,5G,Smartphone
260317152008+0000,234,15,23415,234-15-XXXX,240-16-XXXX,4G,Tablet
260312001015+0100,206,1,20601,206-05-XXXX,206-01-XXXX,5G,Smartphone
260226165136-0500,310,260,310480,206-10-XXXX,310-260-XXXX,4G,Smartphone
260310025525-0800,310,260,20610,310-480-XXXX,310-260-XXXX,5G,IoT Device
260226090855+0100,206,1,20601,206-01-XXXX,310-480-XXXX,3G,Smartphone
260301194511-0800,310,120,310120,310-260-XXXX,310-120-XXXX,5G,Smartphone
260227045844+0100,234,10,23410,240-24-XXXX,234-10-XXXX,5G,Smartphone
260314204232+0200,240,16,310410,240-07-XXXX,240-16-XXXX,4G,Smartphone
260319115145-0500,310,410,310410,234-33-XXXX,310-410-XXXX,4G,Smartphone
260320104920+0200,240,8,20620,310-410-XXXX,234-38-XXXX,4G,Smartphone
260304044107+0200,206,20,23430,206-20-XXXX,310-260-XXXX,5G,Smartphone
260308082036+0100,234,38,23438,234-38-XXXX,234-38-XXXX,5G,Smartphone
260314151336+0100,234,38,310410,234-38-XXXX,234-38-XXXX,5G,Smartphone
260301101904+0200,206,1,20601,206-01-XXXX,206-01-XXXX,5G,Smartphone
260302100950+0100,240,1,20601,240-01-XXXX,310-120-XXXX,3G,Tablet
260318161353+0100,234,33,23433,234-33-XXXX,206-01-XXXX,5G,Tablet
260303033307+0100,240,8,23430,240-08-XXXX,240-08-XXXX,5G,Tablet
260305115942-0600,310,260,310260,234-15-XXXX,310-260-XXXX,4G,IoT Device
260310200813+0200,240,16,24016,240-16-XXXX,240-16-XXXX,5G,Smartphone
260303161517+0200,240,16,24016,240-16-XXXX,310-410-XXXX,5G,Smartphone
260320182602-0600,310,260,24024,240-01-XXXX,310-260-XXXX,4G,Smartphone
260314101227+0200,206,1,24004,206-05-XXXX,240-02-XXXX,4G,Tablet
260227161318+0100,240,16,24005,240-16-XXXX,240-16-XXXX,4G,Smartphone
260322224436+0100,240,24,310120,240-24-XXXX,240-24-XXXX,4G,Smartphone
260322043532-0500,310,480,310480,310-480-XXXX,310-480-XXXX,3G,Tablet
260319040032+0100,240,2,24002,206-20-XXXX,310-410-XXXX,5G,Smartphone
260310023709+0200,240,8,23420,240-08-XXXX,240-08-XXXX,5G,Smartphone
260324115149+0200,206,5,20605,206-05-XXXX,240-16-XXXX,4G,IoT Device
260326114134+0100,234,20,24004,234-20-XXXX,234-20-XXXX,4G,Tablet
260319020347-0700,310,410,310410,310-410-XXXX,310-410-XXXX,4G,Smartphone
260313002204+0100,240,4,24008,240-01-XXXX,240-04-XXXX,5G,Smartphone
260310154305+0100,206,10,24024,234-15-XXXX,206-10-XXXX,5G,Smartphone
260317210207+0000,234,33,23433,310-120-XXXX,234-33-XXXX,4G,Smartphone
260301013046+0100,234,20,23430,234-20-XXXX,234-20-XXXX,3G,Smartphone
260225132547+0000,234,15,24008,310-120-XXXX,234-15-XXXX,4G,IoT Device
260318042022+0100,234,20,23420,234-20-XXXX,234-20-XXXX,4G,Smartphone
260326085859+0100,240,24,24024,240-24-XXXX,240-24-XXXX,5G,IoT Device
260323072300+0100,206,20,20620,310-480-XXXX,206-20-XXXX,5G,Tablet
260315211550+0100,234,30,23430,234-30-XXXX,234-30-XXXX,5G,Tablet
260322212608+0000,234,10,310260,234-20-XXXX,240-24-XXXX,4G,Smartphone
260313001322+0200,206,5,20605,206-05-XXXX,206-20-XXXX,4G,Smartphone
260318003335-0500,310,410,310410,310-410-XXXX,206-10-XXXX,4G,IoT Device
260320170554+0200,240,24,310260,240-24-XXXX,240-24-XXXX,5G,Smartphone
260319034228+0200,240,5,310260,240-05-XXXX,240-05-XXXX,4G,Tablet
260323171815+0100,240,5,24005,240-05-XXXX,240-08-XXXX,3G,Smartphone
260311010051+0100,206,10,24005,206-10-XXXX,206-10-XXXX,5G,IoT Device
260302080910+0000,234,20,23420,234-20-XXXX,206-10-XXXX,5G,Smartphone
260313214222+0200,240,16,24004,206-10-XXXX,240-16-XXXX,5G,IoT Device
260326122741+0100,234,33,23433,206-05-XXXX,234-33-XXXX,3G,Smartphone
260316131604+0200,240,24,24024,240-05-XXXX,240-08-XXXX,5G,Smartphone
260319161442+0200,206,20,24007,206-20-XXXX,206-20-XXXX,5G,Smartphone
260307155445+0100,240,4,24007,206-20-XXXX,240-04-XXXX,4G,Smartphone
260305093017+0000,234,15,20620,234-15-XXXX,240-24-XXXX,3G,Smartphone
260310154145+0200,240,16,24016,310-260-XXXX,240-16-XXXX,5G,Tablet
260311042841+0200,206,10,20610,206-10-XXXX,206-10-XXXX,4G,Tablet
260310152304+0000,234,30,310120,234-30-XXXX,234-30-XXXX,4G,Smartphone
260302173429+0100,234,33,23433,234-33-XXXX,310-260-XXXX,5G,Smartphone
260227114058-0800,310,480,23433,310-480-XXXX,310-480-XXXX,3G,Smartphone
260325195417+0100,240,24,20601,310-120-XXXX,240-24-XXXX,4G,Smartphone
260305083820+0100,240,5,24005,310-120-XXXX,240-05-XXXX,5G,Smartphone
260301141907-0700,310,410,310410,310-410-XXXX,310-410-XXXX,3G,Tablet
260305210232+0100,234,30,23430,234-30-XXXX,234-30-XXXX,4G,Tablet
260311071018-0600,310,260,310260,310-260-XXXX,310-260-XXXX,4G,Smartphone
260305195108+0100,234,33,23433,234-33-XXXX,240-05-XXXX,4G,Tablet
260322030720+0200,240,2,24002,240-02-XXXX,240-02-XXXX,5G,Smartphone
260309102241-0700,310,120,20610,234-38-XXXX,310-120-XXXX,5G,Smartphone
260311155913+0200,206,10,20605,206-05-XXXX,206-10-XXXX,5G,Smartphone
260310194331+0000,234,15,20620,240-07-XXXX,234-15-XXXX,4G,IoT Device
260302053639-0600,310,260,310260,310-260-XXXX,310-260-XXXX,4G,Smartphone
260308054347+0100,234,10,23410,206-10-XXXX,206-01-XXXX,5G,Smartphone
260301124549+0100,240,8,24008,234-10-XXXX,240-08-XXXX,4G,Tablet
260315152226-0600,310,120,20620,310-120-XXXX,310-120-XXXX,4G,Smartphone
260302131208-0500,310,120,24002,310-410-XXXX,234-30-XXXX,5G,Smartphone
260301220349+0200,206,20,20620,206-20-XXXX,310-260-XXXX,5G,Smartphone
260314073706+0100,234,10,23410,310-410-XXXX,234-30-XXXX,3G,Smartphone
260302144752+0100,234,30,23430,234-30-XXXX,234-30-XXXX,3G,Tablet
260317010931+0100,240,24,310410,310-410-XXXX,240-24-XXXX,5G,Smartphone
260308062732+0200,240,8,24008,240-08-XXXX,240-08-XXXX,4G,Smartphone
260313021059+0100,240,24,20610,240-24-XXXX,240-24-XXXX,4G,Smartphone
260309051442+0200,240,7,23415,240-24-XXXX,240-07-XXXX,3G,IoT Device
260325122206-0600,310,260,310260,310-260-XXXX,240-08-XXXX,3G,Smartphone
260225050307+0000,234,30,310410,234-30-XXXX,240-05-XXXX,4G,Smartphone
260316115833+0100,234,20,23420,234-20-XXXX,234-20-XXXX,4G,Tablet
260326040434-0500,310,410,310120,206-20-XXXX,310-410-XXXX,3G,Smartphone
260321013918-0800,310,260,24004,310-260-XXXX,310-260-XXXX,4G,IoT Device
260307054847-0500,310,480,310480,234-30-XXXX,310-480-XXXX,5G,Smartphone
260324020509-0600,310,410,20601,310-410-XXXX,310-410-XXXX,4G,Tablet
260306074646+0200,206,10,24002,310-120-XXXX,206-10-XXXX,5G,Smartphone
260310110338+0000,234,10,23410,310-260-XXXX,240-01-XXXX,4G,Tablet
260315074944+0100,206,20,24007,206-10-XXXX,206-20-XXXX,4G,Smartphone
260320122903+0100,240,16,24016,234-15-XXXX,240-24-XXXX,3G,Smartphone
260225181143+0100,206,1,24002,234-30-XXXX,310-260-XXXX,4G,Smartphone
260317092645+0100,240,7,24024,206-05-XXXX,310-260-XXXX,5G,IoT Device
260302215751+0100,206,10,20610,206-10-XXXX,310-480-XXXX,5G,Smartphone
260324080231+0200,240,16,24016,240-16-XXXX,240-16-XXXX,4G,Smartphone
260318132715-0500,310,410,310410,310-410-XXXX,310-120-XXXX,4G,Tablet
260308062355+0200,206,1,20601,206-01-XXXX,206-01-XXXX,4G,Smartphone
260306074654+0100,240,16,24016,310-120-XXXX,240-16-XXXX,3G,Smartphone
260303131538+0100,206,10,310120,206-10-XXXX,206-10-XXXX,5G,Tablet
260321043649+0200,240,16,24016,240-16-XXXX,240-16-XXXX,5G,Smartphone
260318223322-0600,310,410,310410,310-410-XXXX,310-410-XXXX,5G,Smartphone
260301092250+0100,206,5,20605,310-480-XXXX,206-05-XXXX,4G,Tablet
260227013349+0200,240,5,20605,240-05-XXXX,240-05-XXXX,4G,Smartphone
260227173834+0200,206,5,20620,206-20-XXXX,206-05-XXXX,5G,IoT Device
260309122437+0200,206,10,24024,240-07-XXXX,206-10-XXXX,4G,Smartphone
260303012532+0100,206,10,23433,206-10-XXXX,206-10-XXXX,4G,IoT Device
260313164440+0000,234,15,310260,234-15-XXXX,234-15-XXXX,3G,Tablet
260322025141+0100,206,10,23438,234-15-XXXX,206-10-XXXX,5G,Tablet
260303193653-0700,310,120,310120,310-120-XXXX,310-120-XXXX,5G,Tablet
260304230515+0000,234,15,23415,234-15-XXXX,234-15-XXXX,4G,IoT Device
260228192203+0200,240,2,310480,206-20-XXXX,240-02-XXXX,4G,Smartphone
260309141847-0600,310,480,310480,310-480-XXXX,310-480-XXXX,4G,IoT Device
260225222620+0000,234,15,23415,234-15-XXXX,234-15-XXXX,3G,Tablet
260326215248+0100,234,38,23438,234-38-XXXX,234-38-XXXX,3G,Tablet
260314121939+0100,206,5,20620,240-16-XXXX,234-33-XXXX,3G,Smartphone
260315220702+0100,234,33,23433,206-20-XXXX,234-33-XXXX,5G,Smartphone
260308063957+0100,206,1,24016,206-01-XXXX,234-20-XXXX,5G,Smartphone
260322103342-0700,310,120,24005,310-120-XXXX,310-120-XXXX,5G,IoT Device
260301111044+0100,206,10,23420,240-16-XXXX,234-30-XXXX,4G,Tablet
260307191640+0100,234,38,23438,234-38-XXXX,206-20-XXXX,4G,Smartphone
260309160037+0000,234,30,23430,234-30-XXXX,234-30-XXXX,3G,Smartphone
260226130206+0200,206,1,310120,234-15-XXXX,240-05-XXXX,4G,IoT Device
260312115638-0800,310,260,23430,310-260-XXXX,310-260-XXXX,4G,Tablet
260320003211-0700,310,480,310480,310-120-XXXX,310-480-XXXX,4G,Smartphone
260313092559+0100,240,5,310410,240-05-XXXX,240-05-XXXX,5G,Tablet
260305052438-0500,310,120,310120,310-120-XXXX,240-01-XXXX,3G,Smartphone
260227225737+0200,240,1,24016,234-15-XXXX,310-260-XXXX,3G,Smartphone
260225111447+0200,240,24,310120,310-120-XXXX,240-24-XXXX,3G,Smartphone
260320104206+0200,240,5,20605,206-01-XXXX,240-07-XXXX,5G,Smartphone
260228034204+0100,234,10,310410,310-120-XXXX,234-10-XXXX,5G,Smartphone
260322004135+0200,240,1,310260,206-20-XXXX,240-01-XXXX,5G,Smartphone
260309142658+0100,206,5,310260,206-05-XXXX,206-05-XXXX,5G,IoT Device
260321153142+0200,240,5,20610,240-05-XXXX,234-10-XXXX,5G,Tablet
260307124017-0700,310,260,310260,310-260-XXXX,240-04-XXXX,5G,Tablet
260321141341+0100,206,1,20601,206-01-XXXX,206-01-XXXX,5G,Tablet
260302055657+0100,206,1,310480,310-410-XXXX,206-01-XXXX,3G,Smartphone
260303180328+0000,234,10,23410,234-10-XXXX,234-10-XXXX,4G,IoT Device
260317172115+0200,206,5,24008,206-05-XXXX,206-05-XXXX,4G,IoT Device
260228234302+0100,234,38,310480,206-05-XXXX,206-20-XXXX,3G,Tablet
260227095546+0100,206,20,20620,206-20-XXXX,206-20-XXXX,5G,Tablet
260226083420-0600,310,480,310480,240-08-XXXX,310-480-XXXX,4G,Smartphone
260311034158+0100,206,10,20610,206-10-XXXX,206-10-XXXX,4G,Tablet
260227013930+0000,234,33,23433,310-480-XXXX,206-10-XXXX,4G,Smartphone
260320131602+0100,206,10,24004,206-10-XXXX,206-10-XXXX,5G,Smartphone
260314170204-0800,310,480,24004,310-480-XXXX,310-480-XXXX,4G,IoT Device
260225230136+0200,240,8,20605,206-10-XXXX,240-08-XXXX,4G,IoT Device
260325130524+0000,234,30,20601,234-10-XXXX,310-260-XXXX,3G,IoT Device
260322173934+0100,240,4,24004,240-04-XXXX,240-04-XXXX,3G,IoT Device
260312052941+0100,240,5,24001,240-05-XXXX,240-05-XXXX,4G,Smartphone
260312224327+0200,240,4,310260,240-04-XXXX,240-04-XXXX,3G,Smartphone
260302053813-0500,310,260,24007,310-260-XXXX,240-01-XXXX,3G,Smartphone
260326065616+0100,206,20,23438,310-120-XXXX,310-410-XXXX,4G,Smartphone
260324164213+0000,234,33,23415,234-33-XXXX,234-33-XXXX,5G,IoT Device
260308014849+0100,234,33,24016,240-01-XXXX,234-33-XXXX,3G,IoT Device
260317065355+0200,240,24,20601,240-24-XXXX,240-24-XXXX,4G,Smartphone
260326122949-0600,310,480,310480,234-30-XXXX,206-01-XXXX,5G,Tablet
260309072459+0200,240,16,23438,310-410-XXXX,240-16-XXXX,5G,Smartphone
260228185748+0200,240,24,24024,240-24-XXXX,310-480-XXXX,3G,Tablet
260311225652+0100,240,4,24004,240-04-XXXX,240-04-XXXX,4G,Smartphone
260313190543+0200,240,1,24001,206-10-XXXX,240-01-XXXX,4G,Smartphone
260311212600+0100,240,1,24001,240-24-XXXX,240-01-XXXX,4G,Tablet
260315021426+0000,234,15,23415,206-10-XXXX,234-15-XXXX,4G,Tablet
260303203520-0800,310,480,310480,310-480-XXXX,310-480-XXXX,4G,IoT Device
260302175307+0100,240,8,23430,240-08-XXXX,240-08-XXXX,5G,Smartphone
260325060557+0100,234,10,23410,240-05-XXXX,234-10-XXXX,5G,Tablet
260327010227-0600,310,260,310260,310-260-XXXX,310-260-XXXX,5G,Tablet
260308232047-0600,310,480,20605,310-480-XXXX,310-480-XXXX,4G,Smartphone
260228154749+0100,234,10,310260,310-480-XXXX,234-10-XXXX,5G,Smartphone
260319074729+0100,240,4,310120,240-04-XXXX,240-04-XXXX,4G,Tablet
260227003306-0700,310,260,310260,240-24-XXXX,310-260-XXXX,5G,Smartphone
260303020859+0200,240,2,24002,240-02-XXXX,240-02-XXXX,4G,Smartphone
260228182056+0100,240,24,24005,240-24-XXXX,240-24-XXXX,5G,Tablet
260305102936+0200,206,5,20605,206-05-XXXX,206-05-XXXX,5G,IoT Device
260319182954+0100,206,20,23438,234-33-XXXX,240-24-XXXX,4G,Smartphone
260307182101+0200,206,20,23430,206-20-XXXX,206-20-XXXX,5G,Smartphone
260326165837+0200,206,1,20601,206-01-XXXX,234-38-XXXX,5G,Smartphone
260320025511+0200,206,20,20620,206-20-XXXX,206-20-XXXX,3G,Tablet
260311181709+0100,234,30,23438,234-30-XXXX,234-30-XXXX,3G,Smartphone
260225232140+0000,234,20,24016,310-480-XXXX,234-15-XXXX,5G,Smartphone
260312003702-0600,310,480,23420,310-480-XXXX,310-410-XXXX,5G,Tablet
260308132721+0000,234,20,310480,234-20-XXXX,234-20-XXXX,5G,Smartphone
260306035631+0100,240,24,20610,240-05-XXXX,240-24-XXXX,5G,Smartphone
260316215617+0200,206,5,20605,310-260-XXXX,310-480-XXXX,3G,Tablet
260320204336+0200,206,5,20605,206-05-XXXX,206-05-XXXX,4G,Smartphone
260311185625+0100,234,20,23420,240-04-XXXX,310-260-XXXX,4G,Tablet
260321084713+0100,206,5,20605,206-05-XXXX,206-05-XXXX,3G,IoT Device
260325154905+0100,240,5,24005,240-05-XXXX,240-08-XXXX,5G,Smartphone
260323113902-0600,310,480,20610,206-20-XXXX,240-24-XXXX,4G,Smartphone
260306122634-0600,310,260,310260,310-120-XXXX,310-260-XXXX,5G,IoT Device
260226035200+0100,234,33,23433,234-33-XXXX,206-01-XXXX,3G,Smartphone
260323145639+0100,206,5,20605,206-05-XXXX,234-15-XXXX,5G,Tablet
260301024730+0100,234,38,23438,234-38-XXXX,234-38-XXXX,5G,Smartphone
260320000253+0200,206,1,23433,206-01-XXXX,310-120-XXXX,5G,Smartphone
260316211300+0200,206,20,20620,206-20-XXXX,234-20-XXXX,4G,Smartphone
260311083658+0100,206,5,20605,206-05-XXXX,206-05-XXXX,3G,Smartphone
260308194526+0100,206,5,20605,206-10-XXXX,310-410-XXXX,5G,Smartphone
260315140924+0200,206,10,20610,206-01-XXXX,240-04-XXXX,5G,Tablet
260306164228+0100,240,24,24024,234-38-XXXX,240-24-XXXX,5G,Smartphone
260228221546-0500,310,120,310120,310-480-XXXX,310-120-XXXX,5G,IoT Device
260320005359-0800,310,480,310120,310-480-XXXX,310-480-XXXX,5G,Smartphone
260228000308+0100,240,1,24002,240-01-XXXX,206-01-XXXX,5G,Smartphone
260309103258-0600,310,480,310480,310-260-XXXX,310-480-XXXX,5G,Tablet
260304121432-0500,310,410,310410,310-410-XXXX,310-410-XXXX,5G,Smartphone
260324092625+0200,240,5,24005,240-05-XXXX,206-05-XXXX,5G,Tablet
260228122246+0200,240,2,24002,310-260-XXXX,240-05-XXXX,4G,Smartphone
260226045219+0200,240,24,24024,240-24-XXXX,240-24-XXXX,5G,Smartphone
260314025721+0000,234,15,20620,240-02-XXXX,240-05-XXXX,3G,IoT Device
260225163859-0600,310,410,24024,310-410-XXXX,310-410-XXXX,4G,Tablet
260326154239+0100,234,10,20610,234-10-XXXX,234-10-XXXX,3G,Tablet
260306180613+0100,206,5,20605,206-05-XXXX,310-480-XXXX,4G,Tablet
260228020003+0000,234,30,23430,234-30-XXXX,234-30-XXXX,4G,Tablet
260311233624-0700,310,120,24004,310-120-XXXX,310-120-XXXX,5G,Tablet
260302015554+0000,234,38,23438,234-38-XXXX,234-38-XXXX,4G,Tablet
260303031335+0200,240,16,24016,240-01-XXXX,240-16-XXXX,4G,Smartphone
260322070203+0200,240,16,20610,240-16-XXXX,240-16-XXXX,5G,IoT Device
260305005219-0500,310,260,310260,240-07-XXXX,310-260-XXXX,3G,Smartphone
260321051628-0800,310,260,20610,310-410-XXXX,310-260-XXXX,5G,Tablet
260318144233-0700,310,260,23415,310-260-XXXX,310-260-XXXX,3G,Smartphone
260305064658+0000,234,10,24024,240-24-XXXX,234-10-XXXX,5G,IoT Device
260309212835+0000,234,10,23410,234-10-XXXX,234-10-XXXX,3G,Smartphone
260316150400-0800,310,120,310120,310-120-XXXX,206-20-XXXX,4G,Tablet
260310013920-0500,310,120,310480,310-480-XXXX,310-120-XXXX,3G,IoT Device
260309121559+0100,234,15,23415,240-05-XXXX,234-15-XXXX,4G,Smartphone
260317052901-0500,310,480,310480,310-480-XXXX,234-10-XXXX,5G,Tablet
260315220028-0500,310,120,23430,310-120-XXXX,310-120-XXXX,4G,Smartphone
260314091714-0500,310,120,310120,240-02-XXXX,310-120-XXXX,5G,IoT Device
260305025226-0500,310,480,20601,310-480-XXXX,310-480-XXXX,5G,Smartphone
260325025353+0000,234,15,23415,234-15-XXXX,240-08-XXXX,4G,Tablet
260312175939+0200,206,20,20620,206-10-XXXX,206-20-XXXX,4G,Smartphone
260304070146+0100,234,10,23410,310-120-XXXX,234-10-XXXX,3G,IoT Device
260322094341-0700,310,410,310260,310-410-XXXX,310-410-XXXX,4G,IoT Device
260316022317-0500,310,260,24016,240-07-XXXX,310-410-XXXX,4G,IoT Device
260321190155-0700,310,410,20605,310-410-XXXX,206-20-XXXX,4G,IoT Device
260317162944-0600,310,480,310480,310-480-XXXX,310-480-XXXX,5G,IoT Device
260228114320+0200,206,20,20620,206-01-XXXX,206-20-XXXX,5G,Smartphone
260320234957+0100,240,2,23410,240-02-XXXX,206-01-XXXX,4G,Smartphone
260313210203+0100,206,1,23433,206-01-XXXX,310-260-XXXX,5G,Smartphone
260303032336-0500,310,410,23430,310-410-XXXX,310-410-XXXX,5G,IoT Device
260304200021-0700,310,260,23438,240-01-XXXX,310-260-XXXX,5G,IoT Device
260316095106+0100,240,1,24001,310-260-XXXX,240-01-XXXX,4G,IoT Device
260320131006+0100,234,30,23415,234-30-XXXX,234-30-XXXX,4G,Tablet
260306115818+0100,240,5,24005,240-05-XXXX,240-05-XXXX,4G,Tablet
260324022227+0100,234,10,20610,206-01-XXXX,240-16-XXXX,4G,Smartphone
260317053351+0200,206,5,310260,240-02-XXXX,206-05-XXXX,5G,IoT Device
260325090213+0200,206,5,20601,206-05-XXXX,206-05-XXXX,4G,IoT Device
260304035435+0200,206,5,20605,206-05-XXXX,206-05-XXXX,4G,Smartphone
260312174610+0000,234,30,20610,234-30-XXXX,234-20-XXXX,4G,Smartphone
260311232418+0000,234,20,23410,234-20-XXXX,234-20-XXXX,3G,Smartphone
260320063927+0100,206,20,23433,240-08-XXXX,206-20-XXXX,5G,Tablet
260321060958+0200,206,10,310120,206-10-XXXX,206-10-XXXX,5G,Smartphone
260303145534+0000,234,20,23420,234-20-XXXX,206-05-XXXX,3G,IoT Device
260326041818+0000,234,38,310260,234-38-XXXX,234-38-XXXX,4G,IoT Device
260322231453+0100,206,1,23430,240-16-XXXX,206-01-XXXX,3G,IoT Device
260318014106+0100,206,5,20605,206-05-XXXX,206-05-XXXX,5G,Smartphone
260311075118+0200,206,5,20605,310-410-XXXX,206-05-XXXX,5G,Smartphone
260323110908+0000,234,10,23410,234-10-XXXX,234-10-XXXX,3G,Tablet
260311080711+0100,234,38,23438,234-38-XXXX,234-38-XXXX,5G,Smartphone
260225170801-0800,310,410,23420,310-410-XXXX,310-410-XXXX,5G,Smartphone
260322074914+0100,240,8,20610,240-16-XXXX,240-08-XXXX,5G,Smartphone
260317191505+0100,234,30,23430,234-30-XXXX,234-30-XXXX,5G,Tablet
260304160628+0200,240,4,23430,240-04-XXXX,240-04-XXXX,4G,Tablet
260324041400+0100,206,1,23420,206-01-XXXX,206-01-XXXX,5G,Smartphone
260322192758+0000,234,15,20610,234-15-XXXX,206-20-XXXX,3G,Smartphone
260324214556+0100,234,10,20610,234-10-XXXX,234-10-XXXX,5G,Tablet
260227185625+0200,240,1,24005,240-01-XXXX,310-260-XXXX,5G,Smartphone
260306000617+0100,234,10,24008,234-10-XXXX,234-10-XXXX,3G,Tablet
260324132405+0200,206,10,20605,234-30-XXXX,240-01-XXXX,5G,IoT Device
260320181607+0000,234,30,23430,206-05-XXXX,234-30-XXXX,3G,Tablet
260321183945+0100,206,5,310410,206-01-XXXX,206-05-XXXX,4G,Smartphone
260319043330+0000,234,33,23415,310-260-XXXX,234-33-XXXX,4G,IoT Device
260318142841+0100,206,20,20620,206-20-XXXX,234-20-XXXX,5G,Smartphone
260321193144+0100,234,30,23420,240-16-XXXX,234-30-XXXX,3G,Smartphone
260307151748-0700,310,480,20601,310-480-XXXX,206-20-XXXX,4G,IoT Device
260310161831+0100,240,24,20605,240-24-XXXX,240-24-XXXX,5G,Smartphone
260316074455-0800,310,410,310410,310-410-XXXX,310-410-XXXX,4G,Smartphone
260320192939+0100,206,20,20605,206-20-XXXX,234-15-XXXX,5G,Smartphone
260303020052+0200,240,5,310480,240-05-XXXX,240-04-XXXX,5G,Smartphone
260228094523+0100,206,5,24016,240-02-XXXX,206-05-XXXX,5G,Smartphone
260322114618+0000,234,20,23420,234-20-XXXX,234-20-XXXX,4G,IoT Device
260310150158+0000,234,33,23433,234-33-XXXX,234-33-XXXX,3G,Tablet
260304213859+0200,240,24,24024,240-24-XXXX,240-24-XXXX,4G,Smartphone
260321013715+0200,240,1,23438,240-01-XXXX,240-01-XXXX,3G,Smartphone
260308023755+0100,240,1,24024,240-01-XXXX,310-120-XXXX,3G,Tablet
260325101107-0500,310,410,23420,310-410-XXXX,310-410-XXXX,4G,Smartphone
260225165321+0200,206,10,20620,206-10-XXXX,206-10-XXXX,4G,IoT Device
260324065318-0700,310,480,23410,310-480-XXXX,310-480-XXXX,4G,Smartphone
260304222638+0200,206,20,20620,206-20-XXXX,240-04-XXXX,4G,Smartphone
260309024219-0700,310,260,23430,310-260-XXXX,310-260-XXXX,5G,IoT Device
260301132516-0700,310,120,310120,310-120-XXXX,310-120-XXXX,5G,Smartphone
260325115832+0200,240,24,23410,310-120-XXXX,240-24-XXXX,5G,Smartphone
260320064644-0600,310,410,20601,310-410-XXXX,240-07-XXXX,3G,IoT Device
260228151721+0000,234,30,23430,234-15-XXXX,234-30-XXXX,5G,Smartphone
260325110704+0100,240,16,24016,240-16-XXXX,240-16-XXXX,3G,IoT Device
260305171734-0600,310,260,310260,310-260-XXXX,310-260-XXXX,5G,Tablet
260310003008+0200,206,1,20601,206-05-XXXX,310-120-XXXX,5G,Smartphone
260326223034-0500,310,480,310480,240-16-XXXX,310-480-XXXX,5G,Smartphone
260309150930-0600,310,260,23415,310-260-XXXX,310-260-XXXX,4G,Smartphone
260225224036-0600,310,410,310410,310-410-XXXX,310-410-XXXX,5G,Smartphone
260315144124+0200,206,20,20620,206-20-XXXX,206-20-XXXX,4G,Smartphone
260314133901-0700,310,260,310260,310-260-XXXX,310-480-XXXX,3G,IoT Device
260225092327+0100,234,33,23433,234-33-XXXX,310-480-XXXX,5G,Tablet
260326073139+0200,240,16,310480,234-15-XXXX,240-16-XXXX,5G,Smartphone
260318113343+0100,240,16,24016,240-16-XXXX,240-16-XXXX,3G,Smartphone
260227063337-0800,310,480,24024,234-10-XXXX,234-30-XXXX,3G,Tablet
260307013716+0200,206,10,20610,240-16-XXXX,206-05-XXXX,3G,Smartphone
260326233645+0200,240,24,24024,310-410-XXXX,240-24-XXXX,4G,Smartphone
260225054912+0100,240,8,24008,310-480-XXXX,240-01-XXXX,5G,Smartphone
260306034556+0000,234,33,23433,234-33-XXXX,234-20-XXXX,3G,Smartphone
260301011018+0100,234,33,23433,234-33-XXXX,234-33-XXXX,4G,Smartphone
260314115439+0100,206,10,24008,206-10-XXXX,206-10-XXXX,3G,Tablet
260324234744+0200,206,1,20601,206-20-XXXX,206-20-XXXX,5G,Smartphone
260227183024+0200,206,5,20605,206-05-XXXX,206-05-XXXX,3G,IoT Device
260301080311+0000,234,33,23433,234-33-XXXX,234-33-XXXX,4G,Tablet
260326102932+0200,206,1,20601,206-01-XXXX,206-01-XXXX,5G,Smartphone
260319122335+0200,206,1,20601,240-16-XXXX,310-410-XXXX,3G,IoT Device
260324035815+0200,206,10,24005,310-260-XXXX,206-10-XXXX,5G,Tablet
260312141050+0200,240,24,24001,234-38-XXXX,240-24-XXXX,5G,Tablet
260306130904+0000,234,38,20601,310-410-XXXX,234-38-XXXX,5G,Tablet
260313180245+0000,234,10,23438,240-07-XXXX,234-10-XXXX,3G,IoT Device
260226161648+0100,234,20,24004,234-20-XXXX,234-20-XXXX,3G,Tablet
260302134919+0100,240,5,24005,240-05-XXXX,240-05-XXXX,5G,Smartphone
260318061512+0000,234,30,23430,234-30-XXXX,234-10-XXXX,3G,Smartphone
260226071949+0100,234,33,23433,234-33-XXXX,234-33-XXXX,3G,Tablet
260310193250+0100,234,10,23410,310-480-XXXX,240-07-XXXX,5G,Smartphone
260228185928+0100,240,16,20610,240-16-XXXX,240-16-XXXX,4G,Smartphone
260302120154-0500,310,480,23438,310-480-XXXX,310-260-XXXX,4G,IoT Device
260313232954+0100,240,16,310260,206-20-XXXX,240-16-XXXX,3G,Smartphone
260314140651-0500,310,120,310120,310-120-XXXX,310-120-XXXX,4G,Smartphone
260309134655+0200,206,5,310410,206-05-XXXX,240-05-XXXX,3G,Smartphone
260317092003-0500,310,120,310120,310-120-XXXX,310-120-XXXX,5G,IoT Device
260305143834+0200,206,5,20620,206-10-XXXX,310-410-XXXX,3G,Tablet
260308214545+0200,206,10,23415,206-10-XXXX,206-10-XXXX,5G,Smartphone
260322043501-0700,310,260,310260,310-260-XXXX,310-260-XXXX,4G,Tablet
260310211941-0700,310,260,310260,206-20-XXXX,310-260-XXXX,5G,Tablet
260310165248+0100,234,30,23430,240-24-XXXX,234-30-XXXX,4G,IoT Device
260306230851+0200,240,16,24016,234-20-XXXX,240-16-XXXX,5G,Smartphone
260306195357+0000,234,15,23433,310-260-XXXX,234-33-XXXX,4G,Tablet
260303100839+0100,240,16,24001,310-120-XXXX,240-08-XXXX,5G,Smartphone
260306183835+0100,206,10,23438,206-10-XXXX,234-30-XXXX,5G,Smartphone
260313115445-0500,310,260,310480,234-33-XXXX,310-260-XXXX,5G,Smartphone
260309010818-0500,310,120,310120,310-120-XXXX,310-120-XXXX,4G,IoT Device
260227181033+0200,206,1,24008,310-120-XXXX,206-01-XXXX,3G,Smartphone
260308174056-0800,310,480,310480,310-480-XXXX,310-410-XXXX,5G,Smartphone
260228164737-0800,310,260,310260,206-20-XXXX,310-260-XXXX,4G,Smartphone
260319034802+0200,206,1,20601,206-01-XXXX,206-01-XXXX,4G,Tablet
260307202819-0800,310,260,20620,234-15-XXXX,310-260-XXXX,4G,Smartphone
260312110414+0100,206,20,310480,206-20-XXXX,206-20-XXXX,5G,Smartphone
260311085948+0100,234,20,20610,234-20-XXXX,310-260-XXXX,5G,IoT Device
260227185513+0000,234,30,310260,234-33-XXXX,234-30-XXXX,4G,IoT Device
260315115642-0500,310,120,310120,240-16-XXXX,310-120-XXXX,4G,IoT Device
260227205256+0200,240,8,310410,240-08-XXXX,240-08-XXXX,5G,Smartphone
260317085949+0200,240,4,24004,206-05-XXXX,240-04-XXXX,4G,Smartphone
260325000227+0100,234,38,23430,234-38-XXXX,234-38-XXXX,4G,Tablet
260305191559+0100,240,1,310410,240-01-XXXX,206-20-XXXX,5G,Smartphone
260306021436+0200,206,5,20601,240-07-XXXX,206-20-XXXX,4G,Tablet
260322075203+0200,240,8,24008,234-33-XXXX,240-08-XXXX,4G,Smartphone
260314031821+0100,240,1,20601,240-01-XXXX,240-01-XXXX,4G,Smartphone
260312113707+0100,206,1,23433,240-07-XXXX,206-01-XXXX,3G,Smartphone
260227215920+0000,234,15,23415,310-260-XXXX,234-15-XXXX,3G,Smartphone
260307175323+0200,206,1,20601,206-20-XXXX,206-01-XXXX,5G,Smartphone
260228115937+0100,206,20,20610,206-20-XXXX,206-20-XXXX,3G,Tablet
260320160028-0600,310,480,310480,310-480-XXXX,310-480-XXXX,3G,Smartphone
260227135546+0200,240,7,24007,240-07-XXXX,240-07-XXXX,3G,Smartphone
260306120005+0100,240,2,20605,234-30-XXXX,240-02-XXXX,4G,Smartphone
260315190613+0100,206,20,310120,310-410-XXXX,240-02-XXXX,5G,Smartphone
260303095546-0700,310,480,20601,206-05-XXXX,234-15-XXXX,4G,Smartphone
260323053125+0100,240,4,23433,310-120-XXXX,240-04-XXXX,5G,Tablet
260225061012+0200,240,2,23433,240-02-XXXX,240-02-XXXX,4G,Tablet
260316180813+0200,240,1,310410,240-01-XXXX,240-01-XXXX,5G,Smartphone
260323032856+0000,234,15,23415,310-120-XXXX,234-15-XXXX,4G,IoT Device
260306035834+0100,234,33,20605,240-16-XXXX,234-33-XXXX,5G,Tablet
260317191413+0200,240,7,23433,240-16-XXXX,240-07-XXXX,3G,Tablet
260321051805+0100,234,10,20610,234-10-XXXX,234-30-XXXX,4G,Smartphone
260225115703+0100,240,4,23420,310-260-XXXX,234-38-XXXX,3G,Tablet
260317230613+0000,234,30,23433,240-24-XXXX,234-30-XXXX,3G,Tablet
260303083619+0000,234,33,23433,234-15-XXXX,206-01-XXXX,4G,Tablet
260310034340-0600,310,480,20610,206-05-XXXX,310-480-XXXX,3G,IoT Device
260227155651+0100,240,16,24016,234-10-XXXX,240-07-XXXX,4G,Smartphone
260311071356+0100,240,8,24008,240-08-XXXX,310-480-XXXX,4G,IoT Device
260324034157+0100,234,38,23420,206-01-XXXX,234-38-XXXX,5G,Smartphone
260325235639+0000,234,38,23438,234-38-XXXX,234-38-XXXX,4G,Smartphone
260314151923+0000,234,10,20610,234-10-XXXX,234-20-XXXX,4G,Smartphone
260226143727+0200,206,10,20610,206-10-XXXX,234-30-XXXX,5G,Smartphone
260326111127+0200,206,5,20605,234-38-XXXX,206-05-XXXX,4G,Smartphone
260226043645+0200,206,10,24016,240-01-XXXX,206-20-XXXX,4G,Smartphone
260304005556+0100,206,20,24005,206-20-XXXX,206-20-XXXX,3G,Smartphone
260309174812-0700,310,120,20601,310-120-XXXX,310-120-XXXX,4G,Tablet
260305024841-0800,310,120,23410,240-04-XXXX,310-120-XXXX,5G,Smartphone
260228140927+0100,240,24,310410,240-16-XXXX,234-15-XXXX,5G,Tablet
260310124516+0000,234,38,23420,234-10-XXXX,206-20-XXXX,4G,IoT Device
260305171940+0100,234,20,23420,240-04-XXXX,234-20-XXXX,3G,Smartphone
260310052359+0100,234,30,23433,234-15-XXXX,240-05-XXXX,4G,Tablet
260324173635+0100,234,33,20610,206-01-XXXX,234-33-XXXX,5G,Tablet
260301002340-0800,310,410,310410,234-33-XXXX,310-410-XXXX,5G,Smartphone
260325210107+0000,234,20,23420,234-20-XXXX,240-16-XXXX,4G,Smartphone
260320230338+0000,234,33,23433,206-10-XXXX,234-33-XXXX,5G,Tablet
260315174112+0100,234,30,24008,206-01-XXXX,206-05-XXXX,3G,Smartphone
260317021427+0100,234,33,310260,234-38-XXXX,234-33-XXXX,5G,Smartphone
260301183023-0800,310,480,20610,310-480-XXXX,310-480-XXXX,3G,Smartphone
260325085734+0100,234,20,23420,234-20-XXXX,206-20-XXXX,3G,Tablet
260303084507+0200,206,10,20610,206-10-XXXX,206-20-XXXX,5G,IoT Device
260307201712+0200,240,7,24007,240-07-XXXX,240-07-XXXX,4G,Smartphone
260302074517-0600,310,120,310120,310-120-XXXX,310-260-XXXX,5G,Smartphone
260321065202-0500,310,120,310120,240-16-XXXX,310-120-XXXX,3G,Tablet
260315143620+0200,240,4,24008,206-20-XXXX,206-01-XXXX,5G,IoT Device
260311160835-0700,310,410,310410,310-410-XXXX,234-20-XXXX,4G,Smartphone
260320035434+0100,234,33,23433,240-16-XXXX,310-260-XXXX,4G,Smartphone
260323231832+0200,206,5,23438,206-05-XXXX,206-05-XXXX,4G,Smartphone
260318063418+0200,240,2,23410,240-02-XXXX,240-02-XXXX,3G,Tablet
260321011351+0000,234,30,24002,234-30-XXXX,234-30-XXXX,4G,Smartphone
260326074255+0000,234,33,310410,234-33-XXXX,206-20-XXXX,4G,Smartphone
260321185734-0500,310,410,310410,240-01-XXXX,310-410-XXXX,3G,Smartphone
260302021401-0700,310,260,20610,310-260-XXXX,310-480-XXXX,4G,IoT Device
260324095212+0200,240,7,23415,240-07-XXXX,310-260-XXXX,3G,Smartphone
260318075016-0800,310,410,23433,234-33-XXXX,310-410-XXXX,4G,IoT Device
260319012351+0100,234,33,23433,234-33-XXXX,234-33-XXXX,4G,Tablet
260307025239+0100,240,7,24007,206-20-XXXX,240-08-XXXX,5G,Smartphone
260310060706-0600,310,120,310120,310-120-XXXX,310-410-XXXX,4G,Smartphone
260304103516+0100,240,5,24005,240-05-XXXX,206-10-XXXX,4G,Smartphone
260305162534+0000,234,38,23438,310-260-XXXX,234-38-XXXX,5G,IoT Device
260308060652+0200,206,1,20601,206-01-XXXX,234-33-XXXX,4G,Tablet
260315230926+0200,206,20,24024,206-20-XXXX,206-20-XXXX,5G,Smartphone
260320164520+0100,206,20,20620,206-20-XXXX,206-05-XXXX,4G,Tablet
260309113654+0200,206,5,20605,206-05-XXXX,206-05-XXXX,4G,Tablet
260325151707+0100,206,1,23410,206-05-XXXX,206-01-XXXX,5G,Smartphone
260325092711+0200,240,24,24024,240-24-XXXX,240-24-XXXX,3G,Smartphone
260318143902-0500,310,260,310260,310-260-XXXX,310-410-XXXX,4G,IoT Device
260227150002+0000,234,15,23415,240-08-XXXX,234-15-XXXX,5G,Tablet
260310022932+0100,234,30,23430,234-30-XXXX,234-38-XXXX,3G,Tablet
260316211713+0200,206,5,20605,206-05-XXXX,206-05-XXXX,4G,Smartphone
260326095540+0100,234,20,24008,206-10-XXXX,234-20-XXXX,3G,Smartphone
260309155136-0500,310,410,310410,310-480-XXXX,234-10-XXXX,3G,Smartphone
260318172837+0200,206,1,23420,206-01-XXXX,206-01-XXXX,5G,IoT Device
260225073859+0100,206,1,24008,310-260-XXXX,206-01-XXXX,5G,Smartphone
260318021021+0100,206,1,20601,310-480-XXXX,206-01-XXXX,4G,IoT Device
260323170103-0700,310,410,24001,310-410-XXXX,234-38-XXXX,5G,Tablet
260318000821+0200,240,16,24016,240-16-XXXX,240-16-XXXX,4G,Tablet
260320081454+0100,234,15,23415,310-480-XXXX,310-480-XXXX,3G,Tablet
260226043443+0000,234,33,23433,234-33-XXXX,234-33-XXXX,4G,Tablet
260312164154+0100,206,5,310260,234-30-XXXX,206-05-XXXX,4G,Smartphone
260227204725-0600,310,480,310480,310-480-XXXX,310-120-XXXX,3G,IoT Device
260319190201-0500,310,480,310120,240-01-XXXX,310-480-XXXX,5G,Smartphone
260323185924-0500,310,480,310480,310-480-XXXX,234-10-XXXX,4G,Smartphone
260304074329+0200,240,5,24005,206-10-XXXX,240-05-XXXX,4G,Smartphone
260326163403+0100,206,5,20605,206-05-XXXX,206-05-XXXX,4G,Smartphone
260322075401+0100,240,16,24016,234-30-XXXX,234-10-XXXX,4G,Smartphone
260228190620+0000,234,33,310480,234-33-XXXX,234-33-XXXX,5G,Smartphone
260310130303+0100,234,38,23438,234-38-XXXX,234-38-XXXX,4G,Tablet
260310161334+0100,234,38,23438,206-05-XXXX,234-38-XXXX,3G,IoT Device
260307141210+0000,234,38,23438,234-38-XXXX,234-33-XXXX,5G,Tablet
260318121734+0100,234,20,23420,234-20-XXXX,310-120-XXXX,3G,IoT Device
260228054325-0700,310,260,23420,310-260-XXXX,310-260-XXXX,4G,Smartphone
260321182425-0700,310,120,23430,234-30-XXXX,310-120-XXXX,4G,IoT Device
260301112843-0600,310,410,310120,240-01-XXXX,310-410-XXXX,4G,Smartphone
260227125744-0600,310,410,20620,310-410-XXXX,310-410-XXXX,5G,Tablet
260311085144+0200,240,2,24002,234-15-XXXX,240-02-XXXX,3G,Tablet
260317091620+0100,240,2,24002,240-02-XXXX,240-02-XXXX,5G,Smartphone
260323054839+0100,206,20,20620,240-04-XXXX,234-38-XXXX,3G,Smartphone
260326232655+0100,234,30,23430,234-30-XXXX,234-30-XXXX,4G,Smartphone
260319004747-0800,310,260,310260,234-20-XXXX,310-260-XXXX,5G,IoT Device
260301095322+0000,234,10,23410,240-16-XXXX,234-10-XXXX,4G,Tablet
260228230703+0200,240,24,24024,240-24-XXXX,240-24-XXXX,5G,Smartphone
260317215845+0100,206,10,20620,206-10-XXXX,206-10-XXXX,4G,Smartphone
260319112615+0100,234,15,23415,234-15-XXXX,234-15-XXXX,4G,Smartphone
260324173456-0800,310,410,310410,310-410-XXXX,310-410-XXXX,4G,Smartphone
260228092408+0100,206,1,20601,310-410-XXXX,206-01-XXXX,4G,Smartphone
260226065748+0200,240,2,24002,240-02-XXXX,240-02-XXXX,5G,Smartphone
260306053021+0100,234,20,310480,206-20-XXXX,234-20-XXXX,3G,IoT Device
260311154936-0700,310,120,24004,310-120-XXXX,310-120-XXXX,3G,Smartphone
260320141727+0100,234,33,23433,240-02-XXXX,234-33-XXXX,3G,IoT Device
260323180453-0800,310,410,24001,234-30-XXXX,310-410-XXXX,4G,IoT Device
260225032743+0100,240,2,24002,206-01-XXXX,206-01-XXXX,3G,IoT Device
260323044002+0100,240,8,23433,310-410-XXXX,240-08-XXXX,4G,Smartphone
260314011837+0200,240,7,24007,240-07-XXXX,240-07-XXXX,4G,Smartphone
260311080726+0200,206,1,20601,240-01-XXXX,206-01-XXXX,4G,Smartphone
260319223354+0100,240,2,24002,240-02-XXXX,240-02-XXXX,5G,Smartphone
260319222208+0100,240,7,24007,240-07-XXXX,240-07-XXXX,5G,Tablet
260323014344+0200,240,1,24001,240-01-XXXX,240-01-XXXX,4G,Smartphone
260308164610+0200,206,5,20605,234-33-XXXX,240-07-XXXX,4G,Smartphone
260313072834+0100,234,20,23420,234-20-XXXX,234-20-XXXX,5G,Tablet
260319034902-0700,310,120,23438,206-20-XXXX,310-120-XXXX,5G,IoT Device
260318070901-0500,310,120,23410,310-120-XXXX,206-10-XXXX,3G,Tablet
260313215443+0100,234,30,23430,234-15-XXXX,206-20-XXXX,5G,Tablet
260302203027+0000,234,33,20601,234-33-XXXX,234-33-XXXX,4G,Tablet
260325191239+0200,240,5,24024,310-410-XXXX,240-24-XXXX,5G,Smartphone
260312035136-0700,310,480,23433,240-24-XXXX,310-480-XXXX,5G,Smartphone
260325225217+0100,240,1,24001,234-15-XXXX,240-01-XXXX,3G,Smartphone
260304103400-0500,310,260,310260,234-10-XXXX,310-260-XXXX,5G,Smartphone
260227145424+0100,240,2,310120,310-260-XXXX,240-02-XXXX,5G,Tablet
260309031517+0000,234,38,23438,310-260-XXXX,234-38-XXXX,4G,IoT Device
260307064344-0700,310,410,24004,310-410-XXXX,310-410-XXXX,5G,IoT Device
260322205425+0200,240,8,310480,234-10-XXXX,310-120-XXXX,3G,Smartphone
260227192954+0000,234,20,20605,234-20-XXXX,234-20-XXXX,4G,IoT Device
260305152448+0100,234,15,23415,234-15-XXXX,234-15-XXXX,3G,Tablet
260301170014-0500,310,480,20620,206-20-XXXX,206-20-XXXX,5G,Smartphone
260226202241+0200,240,2,24004,240-02-XXXX,240-02-XXXX,5G,IoT Device
260225213124+0100,234,30,23430,206-05-XXXX,310-260-XXXX,4G,Smartphone
260228010322-0700,310,120,310120,234-15-XXXX,310-120-XXXX,5G,Smartphone
260304194022+0200,206,5,23430,206-05-XXXX,206-05-XXXX,5G,Tablet
260226151845-0600,310,480,310480,240-07-XXXX,310-480-XXXX,5G,Tablet
260311205419+0000,234,33,23433,310-260-XXXX,234-33-XXXX,4G,IoT Device
260325132950+0100,206,20,23430,206-20-XXXX,206-20-XXXX,5G,Smartphone
260311003759+0000,234,10,23410,206-20-XXXX,234-10-XXXX,4G,Tablet
260225224622+0000,234,20,310410,234-20-XXXX,234-20-XXXX,4G,Smartphone
260305034519+0100,240,24,310120,240-24-XXXX,240-24-XXXX,3G,Smartphone
260304111828+0200,206,1,20601,240-24-XXXX,310-410-XXXX,5G,Smartphone
260306051653+0100,240,4,24004,240-04-XXXX,240-04-XXXX,5G,Smartphone
260322111649-0800,310,480,23430,310-480-XXXX,310-410-XXXX,3G,Smartphone
260308064424-0600,310,410,20605,240-16-XXXX,206-05-XXXX,3G,Tablet
260313045909-0600,310,410,310410,240-01-XXXX,310-410-XXXX,5G,Smartphone
260226080302+0100,234,15,310480,234-15-XXXX,234-15-XXXX,3G,Tablet
260316160945+0100,234,20,23420,234-20-XXXX,234-20-XXXX,5G,Smartphone
260325020506+0000,234,30,24002,234-10-XXXX,234-30-XXXX,3G,Tablet
260322062329+0200,206,5,20605,206-05-XXXX,206-05-XXXX,5G,Smartphone
260322083058+0100,240,16,24016,240-16-XXXX,240-16-XXXX,5G,Smartphone
260226104233-0800,310,410,310410,310-410-XXXX,206-20-XXXX,4G,Smartphone
260306022511+0100,240,4,310260,240-04-XXXX,240-04-XXXX,4G,Smartphone
260321235508+0100,240,4,24004,310-410-XXXX,240-04-XXXX,3G,Tablet
260323101916+0100,234,38,23420,234-38-XXXX,234-15-XXXX,3G,Smartphone
260323142327+0100,206,1,20605,206-01-XXXX,206-01-XXXX,5G,Smartphone
260326111804+0200,206,5,20605,310-120-XXXX,206-05-XXXX,5G,Smartphone
260304110143+0200,240,16,24016,206-20-XXXX,240-16-XXXX,3G,IoT Device
260303093634-0800,310,260,310120,310-260-XXXX,240-08-XXXX,3G,Tablet
260225132324+0000,234,10,23420,206-10-XXXX,234-10-XXXX,5G,IoT Device
260315081712+0200,206,1,310260,206-01-XXXX,206-01-XXXX,5G,Smartphone
260317061831+0100,206,20,20620,206-20-XXXX,206-10-XXXX,4G,IoT Device
260319225606-0600,310,260,23438,310-410-XXXX,310-260-XXXX,5G,Smartphone
260313054716+0100,240,16,24016,234-38-XXXX,240-16-XXXX,5G,Tablet
260317055838-0700,310,260,24004,310-260-XXXX,310-260-XXXX,4G,Tablet
260321214411-0600,310,260,23410,310-260-XXXX,310-260-XXXX,4G,Smartphone
260322060842+0100,240,4,23420,240-04-XXXX,310-480-XXXX,4G,Tablet
260228194724+0100,240,1,24001,240-05-XXXX,240-01-XXXX,3G,Smartphone
260310100322-0500,310,480,310480,240-16-XXXX,206-01-XXXX,4G,Smartphone
260319200124+0000,234,15,23415,234-15-XXXX,310-260-XXXX,3G,Smartphone
260302195055+0200,206,20,20620,206-20-XXXX,234-30-XXXX,4G,IoT Device
260321080107-0700,310,120,310120,310-120-XXXX,310-410-XXXX,4G,Smartphone
260326022449+0100,206,1,20601,206-01-XXXX,206-01-XXXX,5G,IoT Device
260324051220+0000,234,20,23420,234-20-XXXX,206-05-XXXX,3G,Tablet
260225070551+0100,240,16,23438,240-04-XXXX,240-16-XXXX,5G,IoT Device
260228095030+0200,206,10,20610,234-20-XXXX,240-16-XXXX,5G,IoT Device
260302044213+0000,234,38,23438,234-38-XXXX,234-38-XXXX,3G,Smartphone
260227010111-0700,310,120,310120,310-120-XXXX,310-410-XXXX,4G,Tablet
260228214237+0100,240,7,310410,234-38-XXXX,240-07-XXXX,4G,Smartphone
260323121657+0100,240,2,20620,240-02-XXXX,240-16-XXXX,4G,Smartphone
260302200536+0200,240,2,24024,240-02-XXXX,240-02-XXXX,5G,Smartphone
260317120300+0200,206,10,20610,310-260-XXXX,206-10-XXXX,5G,Smartphone
260325051428+0200,240,2,24002,206-05-XXXX,240-02-XXXX,5G,Smartphone
260322164421+0100,206,1,20601,234-20-XXXX,206-01-XXXX,5G,Smartphone
260305071557-0600,310,410,310410,310-410-XXXX,310-410-XXXX,3G,IoT Device
260311224626+0000,234,20,23410,234-38-XXXX,310-260-XXXX,5G,Tablet
260323141752+0000,234,20,20610,234-20-XXXX,234-20-XXXX,4G,Smartphone
260324151207+0100,206,1,20620,206-10-XXXX,206-01-XXXX,4G,Tablet
260225054029+0000,234,20,23430,234-20-XXXX,234-20-XXXX,5G,Smartphone
260323113752+0100,234,38,23433,234-38-XXXX,206-01-XXXX,4G,Tablet
260326101120+0100,206,10,20610,206-05-XXXX,240-05-XXXX,5G,Smartphone
260324141148+0200,240,24,20620,206-20-XXXX,240-24-XXXX,4G,Tablet
260306094425+0200,206,1,20601,206-01-XXXX,206-01-XXXX,3G,Smartphone
260225220143+0200,206,20,23433,206-20-XXXX,240-08-XXXX,5G,IoT Device
260314203456-0500,310,410,310410,310-410-XXXX,234-33-XXXX,4G,Tablet
260322070732+0100,206,20,20620,310-480-XXXX,310-260-XXXX,3G,Smartphone
260304053444+0200,240,24,24024,310-480-XXXX,310-260-XXXX,3G,IoT Device
260321173211-0500,310,410,23415,310-410-XXXX,206-10-XXXX,4G,Smartphone
260325091852-0500,310,120,310120,240-07-XXXX,310-120-XXXX,4G,Smartphone
260320000640-0500,310,480,310480,240-07-XXXX,310-480-XXXX,4G,Tablet
260227153242+0000,234,30,24007,206-01-XXXX,234-33-XXXX,4G,Smartphone
260308094105+0200,240,5,310260,234-38-XXXX,240-05-XXXX,5G,Tablet
260320132756+0000,234,15,23415,206-01-XXXX,240-24-XXXX,5G,IoT Device
260226172429+0100,234,30,24005,234-30-XXXX,234-30-XXXX,5G,Smartphone
260227011945+0100,206,10,310480,206-01-XXXX,206-10-XXXX,4G,IoT Device
260305221801+0100,206,1,20601,310-120-XXXX,206-01-XXXX,3G,IoT Device
260315142503+0000,234,10,24005,240-02-XXXX,206-20-XXXX,3G,Smartphone
260310162458+0000,234,10,23410,234-10-XXXX,234-10-XXXX,5G,Smartphone
260323113056+0100,234,10,23410,234-33-XXXX,234-10-XXXX,4G,IoT Device
260316143725+0200,240,4,24004,234-20-XXXX,240-04-XXXX,3G,Smartphone
260310165343+0100,240,2,24002,310-480-XXXX,206-01-XXXX,4G,IoT Device
260228074330+0200,240,16,24016,206-01-XXXX,240-07-XXXX,5G,Smartphone
260314205018+0100,240,7,24007,240-07-XXXX,240-07-XXXX,5G,Smartphone
260316045143+0100,206,5,20605,206-05-XXXX,206-05-XXXX,3G,Smartphone
260311123403+0100,240,1,24001,240-01-XXXX,240-01-XXXX,5G,Smartphone
260304090148-0800,310,480,24024,310-480-XXXX,240-02-XXXX,3G,IoT Device
260228215325+0200,206,20,20620,240-04-XXXX,206-20-XXXX,5G,Smartphone
260306100056+0100,240,24,24016,234-30-XXXX,234-30-XXXX,5G,Smartphone
260301120541+0100,206,20,20610,240-08-XXXX,206-20-XXXX,4G,IoT Device
260305193134+0100,234,15,23415,234-30-XXXX,234-15-XXXX,3G,IoT Device
260226191344+0100,234,33,23433,234-33-XXXX,234-33-XXXX,3G,Smartphone
260309175039+0100,206,5,20605,240-08-XXXX,310-410-XXXX,3G,Tablet
260316070935-0500,310,410,310410,310-410-XXXX,310-410-XXXX,4G,Smartphone
260307075239-0500,310,480,310480,206-10-XXXX,310-480-XXXX,3G,IoT Device
260315014720+0200,206,10,24007,234-30-XXXX,206-10-XXXX,4G,Tablet
260315133316+0000,234,10,23410,240-16-XXXX,234-10-XXXX,3G,Smartphone
260228052702-0500,310,260,310120,310-260-XXXX,234-38-XXXX,3G,Tablet
260311230149+0200,240,24,24024,240-01-XXXX,240-24-XXXX,3G,Smartphone
260317210444-0700,310,120,24024,310-120-XXXX,310-120-XXXX,4G,Smartphone
260304060314+0200,206,10,20610,206-10-XXXX,206-10-XXXX,3G,Smartphone
260321071144+0100,240,1,24001,234-38-XXXX,240-01-XXXX,5G,Smartphone
260302143658+0200,206,20,20620,206-20-XXXX,310-410-XXXX,3G,IoT Device
260225090457+0200,206,10,20610,206-10-XXXX,234-20-XXXX,4G,Smartphone
260301082922+0100,240,7,20605,206-10-XXXX,240-07-XXXX,4G,Smartphone
260226093418+0100,234,33,310260,234-33-XXXX,234-33-XXXX,5G,Smartphone
260305143046+0100,240,7,24004,240-07-XXXX,240-08-XXXX,5G,Smartphone
260318153121+0000,234,33,23433,234-33-XXXX,206-01-XXXX,3G,Tablet
260302103036+0100,234,30,23430,234-15-XXXX,234-30-XXXX,4G,Tablet
260324093739-0800,310,260,310260,310-120-XXXX,310-260-XXXX,4G,Tablet
260308104704+0100,206,10,20620,234-20-XXXX,206-10-XXXX,5G,Smartphone
260307053546+0100,206,1,20601,206-10-XXXX,206-05-XXXX,5G,IoT Device
260304065205+0000,234,30,310410,234-30-XXXX,234-30-XXXX,4G,Smartphone
260325073548+0200,240,7,23420,240-07-XXXX,234-33-XXXX,5G,Tablet
260323102358+0100,240,8,24008,240-08-XXXX,240-01-XXXX,4G,Smartphone
260323133115+0000,234,20,20620,234-20-XXXX,206-01-XXXX,5G,Tablet
260302195814-0800,310,480,24016,310-480-XXXX,310-480-XXXX,3G,Smartphone
260306145307+0000,234,20,310260,234-20-XXXX,234-20-XXXX,5G,IoT Device
260324170524+0100,206,1,20605,206-01-XXXX,206-01-XXXX,5G,Smartphone
260322170913+0200,206,20,20610,234-33-XXXX,206-20-XXXX,4G,Tablet
260306215325+0100,206,20,20601,234-30-XXXX,206-20-XXXX,3G,Smartphone
260323062448+0100,240,24,24024,240-24-XXXX,240-08-XXXX,5G,Smartphone
260303083640-0600,310,410,23415,310-410-XXXX,310-410-XXXX,4G,Smartphone
260320192841+0200,240,1,24001,206-05-XXXX,240-01-XXXX,4G,Smartphone
260312080943-0500,310,260,310260,310-260-XXXX,310-260-XXXX,4G,Smartphone
260312005636-0500,310,410,310410,206-01-XXXX,310-410-XXXX,4G,Smartphone
260318105702+0100,234,30,23430,234-30-XXXX,234-30-XXXX,5G,Tablet
260318131341+0200,240,24,24024,206-05-XXXX,310-260-XXXX,5G,Tablet
260314122452+0100,234,33,23433,234-33-XXXX,234-33-XXXX,4G,Tablet
260303070838-0500,310,260,310260,310-260-XXXX,310-260-XXXX,5G,Smartphone
260322232629-0500,310,120,20605,310-120-XXXX,310-120-XXXX,5G,IoT Device
260309195836-0800,310,480,310480,310-410-XXXX,234-30-XXXX,5G,Smartphone
260325033110+0200,206,20,20620,206-20-XXXX,206-20-XXXX,5G,Smartphone
260301024041+0200,240,7,24016,240-07-XXXX,234-20-XXXX,5G,Smartphone
260312153040-0500,310,120,310120,240-04-XXXX,310-120-XXXX,3G,Smartphone
260311005633+0100,240,4,20610,240-04-XXXX,240-04-XXXX,3G,Smartphone
260310144720+0000,234,33,23433,234-33-XXXX,234-15-XXXX,3G,IoT Device
260321051212+0100,234,20,23420,240-08-XXXX,234-20-XXXX,3G,IoT Device
260225194526+0200,240,4,24004,206-01-XXXX,240-04-XXXX,5G,Tablet
260316103656+0100,206,1,20601,234-10-XXXX,206-01-XXXX,5G,Smartphone
260305220047+0200,206,10,20601,310-410-XXXX,206-20-XXXX,4G,IoT Device
260320154720-0600,310,410,20620,310-260-XXXX,310-410-XXXX,5G,IoT Device
260228152036-0500,310,260,310260,310-260-XXXX,310-260-XXXX,5G,IoT Device
260307021557-0800,310,410,310410,206-05-XXXX,310-410-XXXX,5G,Tablet
260306035455-0600,310,480,310480,310-480-XXXX,310-480-XXXX,4G,Tablet
260302191322+0200,206,10,20610,206-10-XXXX,206-10-XXXX,5G,Smartphone
260327004843-0500,310,480,310480,206-20-XXXX,206-01-XXXX,5G,IoT Device
260225080616+0100,206,10,20610,206-10-XXXX,206-20-XXXX,5G,IoT Device
260320134845+0200,206,5,24005,206-05-XXXX,206-05-XXXX,4G,Tablet
260321174201+0100,234,10,23410,234-10-XXXX,206-20-XXXX,4G,Tablet
260311054811-0500,310,120,310410,234-20-XXXX,240-08-XXXX,4G,IoT Device
260323010545+0100,206,10,310260,310-120-XXXX,310-480-XXXX,3G,Smartphone
260311073320+0100,234,15,23415,234-15-XXXX,234-15-XXXX,5G,IoT Device
260318181003+0100,240,2,20605,240-02-XXXX,206-01-XXXX,5G,Smartphone
260306112226+0200,240,2,24002,240-02-XXXX,234-15-XXXX,3G,Smartphone
260303085140+0100,240,1,24016,310-260-XXXX,240-01-XXXX,4G,Smartphone
260308074439+0100,206,20,20620,206-20-XXXX,240-04-XXXX,3G,Smartphone
260306055819+0200,240,24,310120,240-24-XXXX,240-24-XXXX,4G,Smartphone
260321092657+0100,240,16,24016,234-10-XXXX,310-480-XXXX,4G,Smartphone
260303201848-0700,310,260,23420,310-480-XXXX,310-260-XXXX,5G,Smartphone
260319231222+0000,234,30,23430,234-30-XXXX,234-30-XXXX,4G,Tablet
260306204415-0800,310,480,310480,310-480-XXXX,240-16-XXXX,4G,Smartphone
260324175414+0200,240,1,24001,240-01-XXXX,240-01-XXXX,3G,Smartphone
260314030327+0100,206,10,20610,206-10-XXXX,310-260-XXXX,3G,Tablet
260326114103+0200,206,10,20605,206-05-XXXX,206-10-XXXX,4G,Tablet
260226234951+0200,240,1,24001,240-01-XXXX,310-120-XXXX,4G,Smartphone
260228081047+0200,206,5,310260,206-05-XXXX,240-04-XXXX,4G,IoT Device
260316060233+0100,234,38,23438,240-04-XXXX,234-38-XXXX,3G,IoT Device
260228050356+0200,240,8,24008,240-08-XXXX,234-38-XXXX,5G,Smartphone
260321210119+0100,206,5,24005,206-05-XXXX,206-05-XXXX,4G,IoT Device
260302162242+0200,240,2,24002,310-480-XXXX,240-05-XXXX,5G,Smartphone
260305141832-0700,310,480,310480,310-480-XXXX,240-16-XXXX,4G,IoT Device
260310171905+0100,234,33,20605,234-33-XXXX,206-05-XXXX,3G,Smartphone
260302054029-0700,310,410,310120,310-410-XXXX,310-410-XXXX,3G,IoT Device
260308193321+0100,234,38,24004,234-38-XXXX,234-38-XXXX,4G,Smartphone
260313041223+0100,234,20,24004,240-08-XXXX,234-20-XXXX,4G,Smartphone
260308180206+0200,240,4,23415,240-08-XXXX,240-04-XXXX,5G,IoT Device
260228233041+0000,234,30,23430,234-30-XXXX,234-30-XXXX,4G,Tablet
260321145043+0100,206,1,310480,206-01-XXXX,234-15-XXXX,5G,Smartphone
260315043751+0200,240,16,24005,310-480-XXXX,240-16-XXXX,4G,Smartphone
260312034432+0200,240,8,24008,240-08-XXXX,310-260-XXXX,4G,Smartphone
260303031110+0100,206,10,20610,206-10-XXXX,234-10-XXXX,5G,Smartphone
260227000107+0100,240,16,24016,240-16-XXXX,234-20-XXXX,4G,Smartphone
260312203437+0100,240,2,24002,234-20-XXXX,240-02-XXXX,3G,Tablet
260310211827+0100,206,1,20601,206-01-XXXX,240-24-XXXX,5G,IoT Device
260305171524+0000,234,33,24002,234-33-XXXX,234-33-XXXX,4G,Smartphone
260307113835-0700,310,480,24004,310-480-XXXX,310-480-XXXX,3G,Smartphone
260308193243+0200,206,1,20601,206-01-XXXX,206-01-XXXX,3G,Tablet
260309124753+0200,240,8,310120,240-08-XXXX,310-120-XXXX,5G,Smartphone
260310193547+0200,206,5,20605,206-05-XXXX,206-05-XXXX,4G,IoT Device
260318005346+0200,240,16,24001,240-16-XXXX,240-16-XXXX,5G,Tablet
260304063227+0000,234,30,23430,234-30-XXXX,234-30-XXXX,4G,IoT Device
260323132401-0600,310,120,310120,240-24-XXXX,234-20-XXXX,5G,Smartphone
260318003307+0200,206,5,24024,310-260-XXXX,310-260-XXXX,4G,Smartphone
260324081501+0200,240,8,310480,240-08-XXXX,240-08-XXXX,3G,Smartphone
260326223517+0100,240,7,310480,240-07-XXXX,240-07-XXXX,3G,Smartphone
260312050728+0200,206,1,23433,240-07-XXXX,234-15-XXXX,5G,Smartphone
260310143803+0200,240,1,24005,240-01-XXXX,240-01-XXXX,3G,Smartphone
260310224315-0700,310,480,310480,240-07-XXXX,310-480-XXXX,5G,Smartphone
260308122332-0600,310,120,310120,310-120-XXXX,310-120-XXXX,4G,Smartphone
260308233356-0700,310,480,310410,234-20-XXXX,310-480-XXXX,3G,IoT Device
260318083043+0100,240,1,24024,240-16-XXXX,234-33-XXXX,4G,Smartphone
260311145912+0000,234,15,310260,310-480-XXXX,310-410-XXXX,5G,IoT Device
260318114420+0100,240,1,24001,240-01-XXXX,240-01-XXXX,5G,Tablet
260321164002+0000,234,15,23415,240-07-XXXX,234-33-XXXX,3G,Smartphone
260322054038-0600,310,120,310120,234-15-XXXX,310-120-XXXX,5G,Smartphone
260305214439-0500,310,260,310260,234-15-XXXX,310-260-XXXX,3G,Smartphone
260302031448-0800,310,260,310260,310-260-XXXX,310-260-XXXX,3G,Smartphone
260317094034+0100,206,1,20601,206-01-XXXX,206-10-XXXX,3G,IoT Device
260302100438+0200,206,1,20601,310-410-XXXX,206-01-XXXX,5G,Smartphone
260310081431+0200,206,20,20620,206-20-XXXX,206-20-XXXX,3G,Smartphone
260308191219+0200,206,5,20605,234-30-XXXX,206-05-XXXX,5G,Smartphone
260315004005-0500,310,120,20605,206-10-XXXX,310-120-XXXX,3G,IoT Device
260320021657+0100,240,16,24016,240-16-XXXX,240-16-XXXX,5G,Smartphone
260324081553+0200,240,1,24001,240-01-XXXX,240-01-XXXX,4G,IoT Device
260309173418-0700,310,120,310120,310-120-XXXX,310-120-XXXX,4G,Tablet
260321164421+0100,234,15,23415,206-10-XXXX,310-260-XXXX,4G,Tablet
260303164608-0700,310,410,310410,234-38-XXXX,310-410-XXXX,5G,IoT Device
260318191454+0100,234,20,310260,240-02-XXXX,234-20-XXXX,5G,IoT Device
260321131235-0800,310,260,310260,310-260-XXXX,310-260-XXXX,5G,Smartphone
260315194330-0500,310,260,310260,310-480-XXXX,310-260-XXXX,3G,Tablet
260325055906+0100,234,20,23420,206-05-XXXX,234-20-XXXX,5G,Tablet
260228061151+0100,240,24,310120,206-10-XXXX,240-24-XXXX,4G,Smartphone
260309033002+0100,234,30,20620,234-30-XXXX,234-30-XXXX,5G,Smartphone
260303110911+0100,240,5,310410,310-480-XXXX,240-05-XXXX,4G,Smartphone
260316135514+0100,240,2,24002,240-04-XXXX,240-02-XXXX,4G,Smartphone
260323152929+0200,240,7,24007,234-15-XXXX,240-07-XXXX,4G,Smartphone
260326134738-0700,310,480,310480,206-05-XXXX,234-20-XXXX,4G,Smartphone
260304152125+0100,206,10,20605,234-20-XXXX,206-10-XXXX,5G,IoT Device
260326123446+0100,234,15,24007,234-10-XXXX,234-15-XXXX,4G,Smartphone
260307010201+0000,234,30,310480,240-16-XXXX,234-30-XXXX,3G,IoT Device
260326100808+0200,206,5,20620,206-20-XXXX,206-05-XXXX,4G,Smartphone
260307031409-0600,310,480,310480,234-10-XXXX,234-10-XXXX,3G,IoT Device
260308131603+0200,206,20,20620,206-20-XXXX,206-10-XXXX,3G,Smartphone
260312042521+0100,234,33,310120,234-33-XXXX,234-33-XXXX,5G,Smartphone
260304012611+0000,234,10,20610,206-01-XXXX,234-10-XXXX,3G,Smartphone
260306081952+0100,234,38,24002,234-38-XXXX,240-08-XXXX,4G,IoT Device
260315161131+0100,240,4,310410,206-05-XXXX,310-120-XXXX,5G,Smartphone
260312010236+0100,206,5,20605,206-05-XXXX,206-05-XXXX,3G,Tablet
260303050703+0200,240,1,24001,240-01-XXXX,240-01-XXXX,4G,Smartphone
260319061327+0200,206,20,23415,206-20-XXXX,206-20-XXXX,3G,IoT Device
260306143517-0700,310,260,310260,310-410-XXXX,310-260-XXXX,5G,IoT Device
260312165919+0000,234,38,23438,240-05-XXXX,234-10-XXXX,3G,IoT Device
260319142124+0200,240,4,310480,240-04-XXXX,240-04-XXXX,4G,Smartphone
260307084329-0800,310,260,310260,240-24-XXXX,206-20-XXXX,4G,Smartphone
260324064407-0800,310,260,310260,240-02-XXXX,310-480-XXXX,5G,Tablet
260321030020+0100,234,30,310410,234-30-XXXX,234-30-XXXX,4G,Smartphone
260315074556-0500,310,480,23438,310-480-XXXX,240-16-XXXX,3G,Tablet
260302140646+0000,234,33,23433,206-20-XXXX,234-33-XXXX,3G,IoT Device
260323041551+0100,206,5,20605,206-10-XXXX,206-05-XXXX,5G,Tablet
260226152837+0200,240,4,24007,240-04-XXXX,240-24-XXXX,3G,Smartphone
260228202151-0500,310,410,24001,234-33-XXXX,310-410-XXXX,4G,Tablet
260304040612+0100,234,33,310480,206-20-XXXX,234-33-XXXX,3G,Tablet
260306101249+0200,206,20,20620,310-410-XXXX,206-20-XXXX,4G,IoT Device
260309191508-0800,310,260,310260,310-260-XXXX,310-260-XXXX,4G,Smartphone
260305152451+0200,206,1,20605,234-10-XXXX,206-01-XXXX,3G,Smartphone
260305054200+0100,234,20,23420,234-20-XXXX,234-20-XXXX,5G,IoT Device
260325144123-0700,310,120,24001,310-120-XXXX,310-120-XXXX,3G,Smartphone
260302024506-0600,310,120,310120,234-15-XXXX,310-120-XXXX,4G,Tablet
260319212338+0100,206,1,20601,206-01-XXXX,206-01-XXXX,5G,Smartphone
260225161327+0200,206,10,310260,206-10-XXXX,206-10-XXXX,4G,Smartphone
260319202017+0200,206,10,20610,206-10-XXXX,206-10-XXXX,4G,Tablet
260313160049+0200,240,24,24024,240-24-XXXX,240-24-XXXX,4G,Smartphone
260310234721+0100,234,20,310120,234-20-XXXX,240-05-XXXX,4G,Tablet
260313224209+0100,234,15,310480,234-15-XXXX,206-01-XXXX,3G,IoT Device
260301042110+0200,240,1,24001,310-410-XXXX,240-01-XXXX,4G,Smartphone
260324133430+0100,206,10,20610,206-10-XXXX,206-10-XXXX,4G,IoT Device
260311194825-0500,310,260,310260,206-10-XXXX,310-260-XXXX,4G,Smartphone
260326044253+0100,240,4,310120,240-04-XXXX,240-04-XXXX,5G,IoT Device
260306073502+0100,206,20,20620,206-20-XXXX,206-20-XXXX,4G,IoT Device
260309081714+0100,206,10,20610,206-10-XXXX,234-15-XXXX,4G,Smartphone
260308150206+0100,240,7,23430,240-07-XXXX,206-10-XXXX,3G,Smartphone
260319231705+0000,234,20,23420,234-20-XXXX,234-20-XXXX,5G,Smartphone
260312085241+0200,240,2,24002,240-02-XXXX,240-02-XXXX,5G,Smartphone
260317232429-0500,310,410,23410,310-410-XXXX,206-20-XXXX,5G,IoT Device
260319033818+0200,206,5,23430,206-10-XXXX,206-20-XXXX,5G,Smartphone
260324172503+0100,234,33,23433,240-07-XXXX,234-30-XXXX,5G,IoT Device
260318000822-0600,310,480,310480,206-20-XXXX,206-01-XXXX,4G,Smartphone
260315055226+0200,206,1,20601,206-01-XXXX,206-01-XXXX,3G,Smartphone
260304170251+0100,206,1,20605,234-30-XXXX,206-01-XXXX,5G,Smartphone
260225105035+0100,240,7,24007,240-07-XXXX,240-07-XXXX,4G,IoT Device
260309001649+0200,206,20,20620,206-20-XXXX,240-02-XXXX,5G,Tablet
260312151825+0000,234,33,310480,234-33-XXXX,234-33-XXXX,3G,IoT Device
260302012111+0100,206,20,310480,206-20-XXXX,310-260-XXXX,5G,IoT Device
260312022533+0100,240,1,24001,206-10-XXXX,240-01-XXXX,4G,Smartphone
260314155615+0200,240,4,20601,240-04-XXXX,240-04-XXXX,4G,IoT Device
260228083815-0800,310,480,23438,310-480-XXXX,310-480-XXXX,4G,Tablet
260321121216+0100,234,15,23415,234-15-XXXX,234-15-XXXX,5G,Smartphone
260324233420+0100,240,7,20601,240-07-XXXX,240-07-XXXX,4G,Smartphone
260225063458+0100,240,8,24008,234-30-XXXX,240-01-XXXX,4G,IoT Device
260225030548+0200,206,1,24004,206-01-XXXX,234-15-XXXX,3G,Smartphone
260312195558+0100,240,8,23415,234-20-XXXX,240-08-XXXX,3G,Smartphone
260302044900+0000,234,38,23438,234-38-XXXX,240-04-XXXX,4G,IoT Device
260303003206+0200,206,5,23420,234-30-XXXX,206-05-XXXX,5G,Smartphone
260310142609-0800,310,480,23430,310-480-XXXX,310-260-XXXX,4G,Smartphone
260303023815+0200,206,1,20601,310-410-XXXX,206-10-XXXX,5G,Smartphone
260304204137-0800,310,260,310120,310-260-XXXX,310-260-XXXX,5G,Tablet
260310071710+0100,240,5,24005,240-05-XXXX,240-05-XXXX,3G,Smartphone
260323031051+0000,234,38,23438,310-480-XXXX,234-38-XXXX,4G,IoT Device
260227154009+0100,206,20,20601,240-07-XXXX,206-01-XXXX,4G,Smartphone
260307081834-0600,310,410,20610,310-410-XXXX,206-01-XXXX,4G,Smartphone
260311151800+0200,206,20,20620,206-10-XXXX,206-20-XXXX,3G,Smartphone
260226215515+0200,206,1,23433,206-01-XXXX,206-01-XXXX,5G,Tablet
260317005932+0100,240,24,24005,206-05-XXXX,310-410-XXXX,5G,Tablet
260227234111+0100,206,20,20620,240-02-XXXX,206-20-XXXX,4G,IoT Device
260308082622-0700,310,260,310260,310-260-XXXX,310-260-XXXX,4G,Smartphone
260325010533+0000,234,10,23410,234-10-XXXX,234-10-XXXX,4G,Smartphone
260315050628-0600,310,480,23415,234-10-XXXX,240-08-XXXX,4G,Smartphone
260327013338+0200,206,20,23420,234-20-XXXX,234-33-XXXX,5G,Smartphone
260317004859+0000,234,33,23420,234-30-XXXX,234-33-XXXX,4G,Smartphone
260326081047-0600,310,480,24007,310-480-XXXX,310-480-XXXX,5G,Smartphone
260225041052-0700,310,260,310260,206-05-XXXX,240-07-XXXX,3G,Smartphone
260318200707-0500,310,410,310410,310-410-XXXX,310-410-XXXX,3G,Smartphone
260225202700+0000,234,38,23438,234-38-XXXX,206-01-XXXX,3G,Tablet
260325144329+0100,240,1,24001,240-07-XXXX,240-01-XXXX,4G,Tablet
260308031347-0600,310,120,310120,310-120-XXXX,310-120-XXXX,4G,IoT Device
260312124154+0200,206,5,24002,206-05-XXXX,206-10-XXXX,4G,IoT Device
260326160039-0700,310,260,310260,240-07-XXXX,240-08-XXXX,4G,Tablet
260225135602+0100,240,1,24001,206-20-XXXX,240-01-XXXX,3G,IoT Device
260326040413-0800,310,410,23430,310-410-XXXX,310-410-XXXX,4G,Tablet
260304020721+0100,206,10,310260,206-10-XXXX,206-10-XXXX,3G,Smartphone
260307124538+0000,234,38,23410,234-38-XXXX,234-38-XXXX,4G,Tablet
260326163027+0100,234,10,23410,234-10-XXXX,234-10-XXXX,4G,Tablet
260319023824+0100,206,10,20601,206-10-XXXX,206-10-XXXX,5G,Smartphone
260318103330-0800,310,120,310120,234-15-XXXX,310-120-XXXX,5G,IoT Device
260228220113+0200,240,2,23438,310-480-XXXX,240-02-XXXX,4G,Smartphone
260322011518-0600,310,260,24005,310-260-XXXX,310-260-XXXX,5G,IoT Device
260302025729+0100,206,20,20620,310-480-XXXX,206-20-XXXX,4G,Tablet
260311130717-0700,310,410,310410,234-15-XXXX,310-410-XXXX,4G,Tablet
260303102030-0600,310,120,310120,310-120-XXXX,310-120-XXXX,4G,Smartphone
260228055354+0100,240,16,24016,240-16-XXXX,240-16-XXXX,5G,Tablet
260301211946+0100,234,33,23433,310-410-XXXX,234-33-XXXX,3G,Smartphone
260320014209+0100,240,7,24007,234-30-XXXX,240-07-XXXX,5G,Tablet
260317012554+0200,206,20,20601,206-20-XXXX,206-20-XXXX,5G,Smartphone
260317010611+0200,240,4,23415,206-10-XXXX,240-04-XXXX,5G,Smartphone
260227190442+0100,234,10,24007,240-05-XXXX,234-10-XXXX,5G,IoT Device
260325005030+0000,234,30,23430,234-30-XXXX,234-30-XXXX,4G,IoT Device
260316093750-0800,310,480,23433,234-30-XXXX,310-480-XXXX,4G,Smartphone
260316164656-0500,310,480,310480,234-38-XXXX,310-480-XXXX,5G,Tablet
260321080232+0000,234,38,20605,310-480-XXXX,234-38-XXXX,5G,Smartphone
260305192748+0100,234,20,23420,206-10-XXXX,234-20-XXXX,5G,Smartphone
260319071043+0200,240,1,24001,240-01-XXXX,240-01-XXXX,4G,Smartphone
260314062415-0600,310,120,310480,310-120-XXXX,310-120-XXXX,4G,Smartphone
260325165322-0700,310,260,310480,310-260-XXXX,310-260-XXXX,3G,IoT Device
260306094407+0200,240,7,24007,240-07-XXXX,240-02-XXXX,5G,IoT Device
260322115308+0200,206,10,20601,206-10-XXXX,206-10-XXXX,4G,Tablet
260320051657+0100,234,15,20601,234-15-XXXX,234-15-XXXX,4G,Smartphone
260312161052+0100,234,33,24007,240-05-XXXX,234-33-XXXX,4G,Tablet
260228064207-0800,310,480,310480,310-120-XXXX,240-02-XXXX,5G,Smartphone
260306132537-0700,310,410,310410,310-410-XXXX,234-30-XXXX,4G,Smartphone
260322044522+0100,234,33,23433,240-08-XXXX,234-33-XXXX,4G,IoT Device
260301120623+0100,240,8,23420,240-08-XXXX,240-08-XXXX,4G,Smartphone
260315010914+0200,206,20,23438,206-20-XXXX,206-20-XXXX,4G,Smartphone
260305065045-0700,310,480,310480,310-410-XXXX,310-480-XXXX,4G,IoT Device
260316002008+0100,234,33,23433,234-33-XXXX,234-33-XXXX,5G,Smartphone
260318045629+0000,234,20,23420,234-20-XXXX,234-20-XXXX,3G,Smartphone
260301155421+0100,206,5,20605,240-05-XXXX,310-260-XXXX,4G,IoT Device
260318021513+0100,234,15,23415,310-410-XXXX,234-15-XXXX,3G,Tablet
260322185027+0100,206,20,24008,310-480-XXXX,206-20-XXXX,4G,Smartphone
260326144314+0100,234,33,23433,234-33-XXXX,234-33-XXXX,4G,Tablet
260326193132+0000,234,10,23410,234-10-XXXX,234-10-XXXX,4G,Smartphone
260309180654+0200,240,16,24016,240-16-XXXX,206-20-XXXX,5G,Tablet
260319193052+0200,206,10,24016,206-10-XXXX,206-10-XXXX,3G,Smartphone
260305131544+0200,240,16,24016,240-16-XXXX,310-480-XXXX,5G,IoT Device
260228000149+0200,206,1,20601,206-01-XXXX,206-01-XXXX,4G,Smartphone
260322134923+0100,206,1,23415,206-10-XXXX,206-01-XXXX,3G,Smartphone
260316171748+0200,206,20,23433,206-20-XXXX,206-20-XXXX,4G,Tablet
260317230253+0100,206,1,310410,310-480-XXXX,206-01-XXXX,5G,Smartphone
260303085931-0700,310,120,310120,310-120-XXXX,310-120-XXXX,3G,Tablet
260319032323+0100,240,24,24024,240-24-XXXX,310-260-XXXX,5G,Smartphone
260317102056+0100,240,8,24007,240-16-XXXX,240-08-XXXX,5G,Tablet
260308090449+0200,240,5,24016,240-05-XXXX,240-05-XXXX,5G,IoT Device
260324204010+0200,240,7,24007,240-07-XXXX,240-05-XXXX,4G,Smartphone
260302111745+0100,234,38,20605,234-38-XXXX,234-38-XXXX,4G,Smartphone
260314211210-0700,310,260,24001,310-120-XXXX,310-260-XXXX,4G,IoT Device
260304102139+0000,234,30,20610,310-260-XXXX,234-30-XXXX,4G,Tablet
260311174615+0200,206,10,310480,206-10-XXXX,206-05-XXXX,5G,Smartphone
260316155826+0100,206,20,310260,206-20-XXXX,234-10-XXXX,5G,Smartphone
260320095535+0100,206,1,24004,240-07-XXXX,240-07-XXXX,5G,Smartphone
260305080656+0200,240,7,310260,240-07-XXXX,234-38-XXXX,5G,Smartphone
260225101850+0000,234,30,23430,234-10-XXXX,234-33-XXXX,3G,Smartphone
260311181151+0100,234,33,23433,234-33-XXXX,234-33-XXXX,5G,Smartphone
260225183222+0200,206,10,24016,206-10-XXXX,206-10-XXXX,5G,Smartphone
260305070231-0700,310,260,310260,240-24-XXXX,234-33-XXXX,4G,Tablet
260308142441+0200,206,10,310410,234-38-XXXX,206-10-XXXX,4G,Smartphone
260306004654+0100,234,30,23430,206-10-XXXX,310-120-XXXX,4G,Tablet
260226234044-0500,310,120,310120,206-10-XXXX,310-120-XXXX,3G,Tablet
260309054753+0200,206,10,20610,206-01-XXXX,234-30-XXXX,5G,Smartphone
260313181924-0700,310,260,310260,206-01-XXXX,240-05-XXXX,5G,IoT Device
260226235927+0100,234,10,24001,234-10-XXXX,240-07-XXXX,4G,Tablet
260319162910+0200,206,20,23420,206-20-XXXX,206-20-XXXX,5G,Smartphone
260302120218+0100,234,30,20601,234-30-XXXX,234-30-XXXX,5G,Tablet
260225054736+0100,234,10,310410,234-10-XXXX,234-10-XXXX,3G,Smartphone
260228183310+0200,240,8,24008,240-08-XXXX,240-08-XXXX,5G,Tablet
260316155141+0200,240,2,24002,240-02-XXXX,240-02-XXXX,4G,IoT Device
260322150015+0100,234,33,23433,206-01-XXXX,234-33-XXXX,4G,Smartphone
260312062313+0100,234,38,23438,234-38-XXXX,310-410-XXXX,3G,Tablet
260309183326+0000,234,10,23410,206-01-XXXX,234-10-XXXX,5G,Tablet
260304124546-0800,310,260,310260,310-260-XXXX,310-260-XXXX,3G,Tablet
260316203313+0200,206,1,24007,234-38-XXXX,240-02-XXXX,4G,Tablet
260317222600+0100,206,5,20605,206-05-XXXX,206-05-XXXX,4G,Smartphone
260315062415+0200,240,7,24007,240-01-XXXX,240-07-XXXX,5G,Smartphone
260316230240+0100,206,1,20601,234-10-XXXX,240-02-XXXX,4G,IoT Device
260302172223+0100,234,15,20610,234-30-XXXX,234-15-XXXX,4G,IoT Device
260325191817+0200,206,10,20610,310-260-XXXX,206-10-XXXX,5G,Tablet
260314200238-0800,310,480,310480,206-05-XXXX,310-480-XXXX,5G,IoT Device
260227072957+0100,234,33,20610,234-33-XXXX,234-33-XXXX,4G,Tablet
260316134738+0200,206,20,20620,234-15-XXXX,206-10-XXXX,5G,Smartphone
260227135411-0600,310,260,310260,310-260-XXXX,310-260-XXXX,4G,Smartphone
260325065413+0100,240,2,24002,240-02-XXXX,206-10-XXXX,5G,IoT Device
260227044543+0100,240,1,24001,240-01-XXXX,240-01-XXXX,5G,Smartphone
260318122138-0500,310,410,24005,310-410-XXXX,310-410-XXXX,4G,Tablet
260309160804-0700,310,260,310260,240-05-XXXX,310-260-XXXX,4G,Smartphone
260308104754-0800,310,260,24008,234-30-XXXX,310-260-XXXX,4G,IoT Device
260227094640+0100,234,30,23430,240-05-XXXX,234-30-XXXX,4G,Smartphone
260317142531+0100,240,5,24005,240-05-XXXX,240-05-XXXX,4G,IoT Device
260316065317+0200,240,24,24024,240-24-XXXX,206-20-XXXX,5G,Smartphone
260320101016-0600,310,410,310480,310-410-XXXX,206-10-XXXX,4G,Tablet
260305065909+0100,206,5,20605,206-05-XXXX,206-05-XXXX,4G,Smartphone
260308103432-0700,310,120,310120,310-120-XXXX,310-120-XXXX,5G,Smartphone
260302082912-0700,310,260,310260,310-260-XXXX,234-38-XXXX,5G,IoT Device
260314175456+0200,240,5,24005,240-07-XXXX,240-05-XXXX,4G,Smartphone
260312224841+0000,234,38,23420,240-04-XXXX,234-38-XXXX,4G,Tablet
260313150414+0100,206,10,20610,206-10-XXXX,206-10-XXXX,5G,Tablet
260302045354+0000,234,10,24024,234-10-XXXX,234-10-XXXX,5G,Tablet
260302120240+0100,240,7,24007,240-07-XXXX,240-07-XXXX,5G,Tablet
260311091802+0100,240,16,24004,240-16-XXXX,240-16-XXXX,3G,Smartphone
260317162115+0200,240,1,24001,206-05-XXXX,240-01-XXXX,3G,Tablet
260301084058+0100,234,33,23433,234-33-XXXX,234-33-XXXX,4G,IoT Device
260226160122+0100,234,10,20610,234-10-XXXX,234-10-XXXX,3G,Smartphone
260318072143-0800,310,260,310260,310-260-XXXX,240-02-XXXX,3G,IoT Device
260318065048-0600,310,410,310410,310-260-XXXX,310-410-XXXX,3G,Smartphone
260321005128+0100,240,16,24007,234-38-XXXX,240-16-XXXX,4G,Smartphone
260325155038-0600,310,410,23415,240-07-XXXX,310-410-XXXX,4G,IoT Device
260306054142+0100,240,16,24016,310-260-XXXX,240-16-XXXX,4G,Smartphone
260309063903+0100,240,7,24007,234-10-XXXX,310-260-XXXX,4G,Smartphone
260316025538-0700,310,260,310260,310-260-XXXX,310-260-XXXX,4G,Smartphone
260325101552-0600,310,260,310260,310-260-XXXX,310-260-XXXX,5G,Smartphone
260227145141+0000,234,20,310480,234-20-XXXX,234-20-XXXX,5G,Tablet
260321075812-0700,310,120,310120,310-120-XXXX,310-120-XXXX,5G,Smartphone
260317092526+0100,240,8,24008,240-08-XXXX,240-08-XXXX,3G,Smartphone
260311111845+0100,234,10,23410,234-10-XXXX,206-10-XXXX,4G,IoT Device
260309055359+0200,206,5,24004,206-05-XXXX,206-05-XXXX,5G,Tablet
260318120919+0200,240,2,24002,240-02-XXXX,234-20-XXXX,4G,IoT Device
260304094811-0800,310,260,310260,310-260-XXXX,310-410-XXXX,5G,Smartphone
260315071609+0100,206,10,20610,240-04-XXXX,206-10-XXXX,5G,Smartphone
260302074935+0100,206,10,20601,206-10-XXXX,206-01-XXXX,4G,Smartphone
260312114847+0100,240,5,24005,240-05-XXXX,234-33-XXXX,5G,Tablet
260311224333+0000,234,30,23430,234-30-XXXX,234-30-XXXX,5G,Tablet
260307051725+0100,206,5,24024,206-05-XXXX,206-05-XXXX,5G,IoT Device
260305184824+0100,206,10,20610,310-260-XXXX,206-10-XXXX,4G,Tablet
260303112203-0500,310,120,310120,310-410-XXXX,310-120-XXXX,5G,Tablet
260303143201+0000,234,20,23420,234-20-XXXX,240-05-XXXX,3G,Tablet
260325032731+0000,234,33,23433,234-33-XXXX,234-33-XXXX,5G,Smartphone
260226192128+0200,240,16,24016,240-16-XXXX,206-05-XXXX,4G,Tablet
260306223103+0200,206,20,23433,206-01-XXXX,206-20-XXXX,3G,Tablet
260307134535-0600,310,480,20610,310-480-XXXX,310-480-XXXX,4G,Tablet
260307171324+0000,234,20,23420,310-120-XXXX,234-20-XXXX,3G,Tablet
260303001132-0800,310,120,24016,310-120-XXXX,240-24-XXXX,4G,Smartphone
260309094040+0200,240,4,24004,240-08-XXXX,240-04-XXXX,4G,Smartphone
260301180050+0100,206,20,24002,234-10-XXXX,206-20-XXXX,4G,Smartphone
260311045147+0100,206,1,23438,234-15-XXXX,206-20-XXXX,3G,Smartphone
260309222158+0000,234,20,24007,234-20-XXXX,240-05-XXXX,3G,Smartphone
260228081314+0200,240,5,24002,234-15-XXXX,240-04-XXXX,4G,Smartphone
260301222851+0100,206,20,20620,240-01-XXXX,206-20-XXXX,5G,Smartphone
260225060837+0000,234,33,23433,234-33-XXXX,234-33-XXXX,4G,Tablet
260228093822+0100,206,1,20610,234-30-XXXX,206-01-XXXX,5G,Tablet
260308220200+0100,234,15,310410,234-30-XXXX,234-15-XXXX,3G,Tablet
260301212307+0200,240,16,310260,240-24-XXXX,240-16-XXXX,3G,IoT Device
260325205636-0600,310,260,310480,310-260-XXXX,310-260-XXXX,5G,Smartphone
260309170856+0100,234,33,23433,310-260-XXXX,206-05-XXXX,5G,Smartphone
260306195245+0200,240,16,24024,240-16-XXXX,240-16-XXXX,4G,Tablet
260312031754+0100,206,5,23433,206-05-XXXX,206-05-XXXX,5G,IoT Device
260301003451+0100,206,20,23433,234-20-XXXX,206-20-XXXX,5G,Smartphone
260228204609-0700,310,410,310410,310-410-XXXX,310-410-XXXX,4G,IoT Device
260320022838+0100,240,16,20610,234-20-XXXX,240-16-XXXX,5G,Smartphone
260309231908+0100,234,15,23415,234-15-XXXX,234-15-XXXX,3G,Smartphone
260310024036+0200,240,7,24007,234-33-XXXX,240-07-XXXX,5G,Smartphone
260227132634+0100,234,38,23430,234-38-XXXX,234-38-XXXX,3G,Smartphone
260318230109+0200,240,4,23410,310-120-XXXX,240-04-XXXX,5G,Smartphone
260320020014+0200,240,5,310260,234-15-XXXX,234-20-XXXX,5G,Smartphone
260317014305+0100,240,5,23415,310-120-XXXX,240-05-XXXX,4G,Smartphone
260318063643+0000,234,15,23415,234-15-XXXX,234-15-XXXX,4G,Smartphone
260302174807+0100,240,8,24008,240-02-XXXX,234-15-XXXX,4G,Tablet
260303230700-0700,310,120,24008,310-120-XXXX,310-120-XXXX,4G,IoT Device
260305070826+0200,240,24,24005,310-120-XXXX,240-24-XXXX,3G,Smartphone
260309205354-0600,310,410,310410,240-24-XXXX,310-410-XXXX,5G,Smartphone
260323001732+0100,234,20,24001,234-20-XXXX,206-01-XXXX,5G,IoT Device
260318020428+0100,234,33,23433,310-260-XXXX,234-33-XXXX,4G,Smartphone
260307040029+0100,240,5,310260,240-05-XXXX,206-05-XXXX,4G,Tablet
260316093256-0500,310,410,24001,310-410-XXXX,240-05-XXXX,5G,Tablet
260307234406+0100,234,15,24007,310-480-XXXX,234-15-XXXX,5G,Smartphone
260304114639+0000,234,33,23433,234-33-XXXX,234-10-XXXX,3G,Smartphone
260226072401+0100,240,7,24024,240-07-XXXX,240-07-XXXX,5G,Tablet
260303103502-0500,310,260,310260,310-260-XXXX,310-260-XXXX,3G,Smartphone
260310001249+0000,234,38,20605,234-38-XXXX,234-38-XXXX,4G,Smartphone
260307234419+0100,234,38,24005,234-10-XXXX,234-38-XXXX,5G,Tablet
260317033609+0100,206,1,20601,206-01-XXXX,206-01-XXXX,4G,Smartphone
260307002557+0100,234,10,23410,234-30-XXXX,234-10-XXXX,3G,Tablet
260319085216+0100,206,1,310120,240-16-XXXX,206-01-XXXX,5G,Smartphone
260304053006+0200,206,1,20601,206-20-XXXX,206-01-XXXX,5G,Smartphone
260227164600+0200,206,5,20601,206-05-XXXX,206-05-XXXX,5G,Smartphone
260226073029-0700,310,260,310260,234-15-XXXX,310-260-XXXX,4G,Smartphone
260302205205+0000,234,33,20620,310-480-XXXX,234-33-XXXX,5G,Smartphone
260227075224+0200,240,5,23433,240-05-XXXX,240-05-XXXX,5G,Smartphone
260306030123+0100,240,4,24004,234-15-XXXX,240-04-XXXX,5G,Smartphone
260313020718-0500,310,120,310120,310-120-XXXX,310-120-XXXX,5G,IoT Device
260302195920+0100,234,10,20620,206-20-XXXX,234-15-XXXX,3G,IoT Device
260323195409+0200,206,20,310120,206-20-XXXX,206-20-XXXX,5G,Smartphone
260323221751+0100,240,16,24004,240-02-XXXX,240-16-XXXX,4G,Tablet
260324094618+0100,206,1,20601,206-20-XXXX,206-01-XXXX,4G,Tablet
260312190410-0800,310,480,23420,234-15-XXXX,310-480-XXXX,4G,Smartphone
260302020912-0600,310,260,310260,240-08-XXXX,310-260-XXXX,4G,IoT Device
260305183046+0200,206,1,24016,310-120-XXXX,206-01-XXXX,3G,IoT Device
260320215516+0200,240,16,310120,206-01-XXXX,240-16-XXXX,4G,Smartphone
260311222244+0100,240,8,24007,310-480-XXXX,240-08-XXXX,3G,Smartphone
260302010800+0100,234,38,23430,206-01-XXXX,310-410-XXXX,4G,Smartphone
260313225733+0200,240,5,24016,240-01-XXXX,240-05-XXXX,4G,Smartphone
260303065645-0800,310,480,23420,310-480-XXXX,206-10-XXXX,4G,Smartphone
260314201653+0000,234,20,23420,234-20-XXXX,234-20-XXXX,5G,Tablet
260312044232+0100,234,10,23410,234-10-XXXX,234-10-XXXX,4G,Smartphone
260306042456+0000,234,10,24024,240-02-XXXX,234-10-XXXX,4G,IoT Device
260313153032-0800,310,480,20601,310-480-XXXX,310-480-XXXX,4G,IoT Device
260313020739-0800,310,480,310120,234-38-XXXX,310-120-XXXX,3G,IoT Device
260325081400+0000,234,15,23415,234-15-XXXX,234-15-XXXX,3G,IoT Device
260305044024-0500,310,480,310480,310-480-XXXX,310-480-XXXX,5G,Smartphone
260326182535-0700,310,410,20610,310-410-XXXX,240-07-XXXX,5G,IoT Device
260225025805+0200,240,16,24016,240-16-XXXX,240-16-XXXX,4G,Smartphone
260306193841+0200,206,20,20601,206-20-XXXX,206-20-XXXX,4G,IoT Device
260318175127+0100,234,10,20620,310-410-XXXX,234-10-XXXX,4G,Tablet
260306194151+0100,240,8,24008,206-05-XXXX,240-08-XXXX,3G,IoT Device
260321191128+0000,234,15,23415,206-10-XXXX,234-15-XXXX,3G,Tablet
260302091234-0700,310,260,310260,310-480-XXXX,310-260-XXXX,4G,Smartphone
260318181401+0200,206,10,23438,240-01-XXXX,206-10-XXXX,5G,Tablet
260323042243-0600,310,260,23410,310-260-XXXX,310-260-XXXX,5G,Smartphone
260321140524+0100,240,7,23420,234-33-XXXX,240-07-XXXX,4G,Tablet
260303044654+0100,206,10,20610,234-15-XXXX,206-10-XXXX,4G,IoT Device
260301180119+0100,234,30,23430,206-01-XXXX,234-30-XXXX,4G,Smartphone
260308032251+0200,206,5,20601,240-04-XXXX,310-120-XXXX,4G,IoT Device
260311230308-0800,310,480,310480,240-01-XXXX,310-480-XXXX,4G,IoT Device
260302175621-0700,310,480,310480,310-480-XXXX,240-08-XXXX,5G,Tablet
260316121223-0600,310,120,310120,310-120-XXXX,310-120-XXXX,3G,Smartphone
260323152032+0100,240,1,24007,240-01-XXXX,240-01-XXXX,3G,IoT Device
260227035802-0800,310,480,310480,240-08-XXXX,310-480-XXXX,4G,Smartphone
260310173439+0000,234,15,23410,206-20-XXXX,234-15-XXXX,5G,Smartphone
260228020743+0100,206,5,20601,234-20-XXXX,206-05-XXXX,4G,Smartphone
260315041953-0500,310,260,310410,240-07-XXXX,310-260-XXXX,5G,Tablet
260228091109-0800,310,480,310480,310-480-XXXX,206-20-XXXX,4G,Tablet
260301010745+0200,206,5,20620,240-16-XXXX,206-05-XXXX,3G,Tablet
260301083928-0500,310,480,310480,206-01-XXXX,310-260-XXXX,3G,Smartphone
260320202918+0000,234,38,24004,234-38-XXXX,206-10-XXXX,4G,Tablet
260313082800-0600,310,260,20601,310-260-XXXX,310-260-XXXX,5G,Smartphone
260303033754+0200,206,1,20601,206-01-XXXX,206-01-XXXX,3G,Smartphone
260321130542-0700,310,410,310410,310-410-XXXX,234-10-XXXX,4G,Smartphone
260301171235+0100,234,15,24016,234-38-XXXX,234-15-XXXX,3G,IoT Device
260315214500+0100,240,4,24024,240-07-XXXX,234-20-XXXX,5G,Smartphone
260228035914+0100,206,10,24002,206-10-XXXX,206-10-XXXX,5G,Smartphone
260301080453-0500,310,410,310410,240-08-XXXX,234-33-XXXX,4G,Smartphone
260303210958-0600,310,120,310120,310-120-XXXX,310-120-XXXX,5G,IoT Device
260316174922+0100,234,33,23433,206-05-XXXX,206-01-XXXX,4G,IoT Device
260317162555+0100,234,38,23438,234-38-XXXX,234-38-XXXX,4G,Smartphone
260311200415+0200,240,4,24004,310-410-XXXX,206-01-XXXX,5G,Smartphone
260228031237+0100,206,5,24007,206-05-XXXX,206-05-XXXX,5G,Smartphone
260227085320+0100,234,15,20601,206-01-XXXX,234-15-XXXX,4G,Tablet
260324184501+0100,234,33,23433,234-33-XXXX,234-33-XXXX,5G,Smartphone
260315051217+0000,234,33,23433,310-480-XXXX,234-33-XXXX,4G,Tablet
260315014049+0100,240,1,24001,240-01-XXXX,240-01-XXXX,5G,Smartphone
260323210017+0100,240,5,24001,240-05-XXXX,240-05-XXXX,4G,Smartphone
260307124752+0100,206,5,23415,206-05-XXXX,206-05-XXXX,4G,Tablet
260316222425+0200,240,2,310260,240-02-XXXX,240-02-XXXX,4G,Smartphone
260320175612+0200,206,5,23420,206-05-XXXX,206-05-XXXX,5G,Smartphone
260320095753+0200,206,10,20610,206-10-XXXX,206-10-XXXX,4G,Smartphone
260308191131-0600,310,260,23430,206-10-XXXX,310-260-XXXX,4G,IoT Device
260321123029-0600,310,260,24002,234-10-XXXX,234-15-XXXX,4G,Smartphone
260325205142+0100,234,38,23438,234-38-XXXX,234-38-XXXX,3G,Smartphone
260306183331-0600,310,480,310480,206-20-XXXX,310-480-XXXX,4G,Smartphone
260307155018+0200,206,5,20610,206-05-XXXX,206-05-XXXX,4G,Smartphone
260317211323+0000,234,20,23420,206-01-XXXX,234-20-XXXX,4G,IoT Device
260301052846-0800,310,260,310260,206-10-XXXX,310-260-XXXX,4G,Smartphone
260308135113+0100,206,5,24002,310-260-XXXX,240-16-XXXX,5G,IoT Device
260313012030+0100,206,20,23433,310-260-XXXX,206-20-XXXX,5G,Smartphone
260227140954+0200,206,1,23438,310-480-XXXX,234-38-XXXX,4G,Smartphone
260318041114+0100,206,20,23420,206-20-XXXX,206-20-XXXX,3G,Smartphone
260303041917+0100,234,33,23433,234-38-XXXX,234-33-XXXX,3G,Smartphone
260313195923+0100,240,1,310480,234-33-XXXX,240-01-XXXX,5G,Smartphone
260226205121-0600,310,260,310260,240-24-XXXX,310-260-XXXX,4G,IoT Device
260305220832+0200,206,10,20610,234-10-XXXX,206-01-XXXX,3G,Tablet
260304083330-0800,310,410,310410,310-410-XXXX,234-20-XXXX,3G,Smartphone
260319114748+0000,234,33,23433,240-01-XXXX,240-05-XXXX,4G,Smartphone
260308094355+0100,206,20,20620,310-260-XXXX,310-120-XXXX,4G,Tablet
260308053422-0600,310,260,310260,240-02-XXXX,310-260-XXXX,4G,Smartphone
260311091631+0100,206,20,20620,206-20-XXXX,206-01-XXXX,5G,Tablet
260225234138+0100,234,38,23438,310-410-XXXX,206-20-XXXX,5G,Tablet
260304102335-0600,310,480,310120,310-480-XXXX,310-480-XXXX,5G,IoT Device
260301134524+0100,234,15,20601,234-15-XXXX,240-02-XXXX,4G,Smartphone
260319123550+0100,206,10,20610,206-10-XXXX,206-10-XXXX,5G,Tablet
260311042935+0000,234,20,24002,206-20-XXXX,310-480-XXXX,4G,Smartphone
260320123357+0100,240,16,24004,240-16-XXXX,310-120-XXXX,5G,Smartphone
260228100420-0700,310,480,23438,240-08-XXXX,310-480-XXXX,4G,Smartphone
260315045754+0000,234,38,24024,310-260-XXXX,234-38-XXXX,4G,Smartphone
260225094705+0200,240,24,24024,206-05-XXXX,310-480-XXXX,4G,Smartphone
260313165709+0100,206,10,20620,206-10-XXXX,206-20-XXXX,4G,Smartphone
260318084139+0200,240,24,24024,234-10-XXXX,240-24-XXXX,5G,Smartphone
260305054034+0200,240,2,24002,240-02-XXXX,240-02-XXXX,5G,Smartphone
260326100401+0100,240,4,24008,240-04-XXXX,206-10-XXXX,5G,IoT Device
260309021500+0100,234,20,310260,240-08-XXXX,234-20-XXXX,4G,Smartphone
260302141311+0100,240,5,24005,240-05-XXXX,240-05-XXXX,5G,Smartphone
260321135257+0100,234,38,23438,234-38-XXXX,234-38-XXXX,5G,IoT Device
260316155415+0100,240,24,23410,206-10-XXXX,206-01-XXXX,5G,Smartphone
260302003801+0200,206,1,23430,206-01-XXXX,234-10-XXXX,3G,IoT Device
260302220958+0100,206,5,20605,206-05-XXXX,206-05-XXXX,5G,Smartphone
260307230619-0800,310,410,310410,310-410-XXXX,206-10-XXXX,4G,IoT Device
260225220919-0600,310,480,310480,234-10-XXXX,310-480-XXXX,3G,IoT Device
260227005924+0200,206,5,20605,310-410-XXXX,240-08-XXXX,3G,Tablet
260302170808+0200,206,5,20605,206-05-XXXX,206-05-XXXX,5G,Tablet
260304070005+0200,206,10,310120,234-20-XXXX,206-10-XXXX,4G,Smartphone
260313235109+0000,234,30,23430,310-120-XXXX,240-08-XXXX,4G,Tablet
260226123319+0200,240,4,24004,206-01-XXXX,240-04-XXXX,5G,Smartphone
260225080353+0200,240,2,24002,240-02-XXXX,240-02-XXXX,4G,IoT Device
260325201508+0200,240,1,24001,206-10-XXXX,240-01-XXXX,3G,Smartphone
260319151712+0200,240,1,24002,240-01-XXXX,240-01-XXXX,5G,Smartphone
260318035223+0000,234,33,23433,240-24-XXXX,234-38-XXXX,5G,Smartphone
260323232653+0000,234,15,23415,206-20-XXXX,234-15-XXXX,4G,Smartphone
260225190049-0500,310,480,310480,310-480-XXXX,240-05-XXXX,4G,IoT Device
260314160817+0200,240,5,24005,310-480-XXXX,240-05-XXXX,4G,Smartphone
260301220227+0100,234,33,23433,206-10-XXXX,234-33-XXXX,5G,IoT Device
260323151825+0100,240,2,24002,234-38-XXXX,234-20-XXXX,4G,Tablet
260323144347+0100,234,33,23433,240-01-XXXX,234-15-XXXX,3G,IoT Device
260320033053+0200,206,20,20620,206-20-XXXX,206-20-XXXX,5G,Tablet
260310120845+0000,234,20,23420,206-01-XXXX,234-20-XXXX,4G,Tablet
260307212316+0100,206,1,310480,206-01-XXXX,234-38-XXXX,3G,Smartphone
260226064610+0100,206,5,24007,206-05-XXXX,206-20-XXXX,3G,Tablet
