Region,Country,ISP,Organization,Autonomous System,Postal Code,Latitude,Longitude,count
Aichi,Japan,KATCH Network Inc.,KATCH,AS59108 KATCH NETWORK INC.,46******,35.18,136.89,1
Alabama,United States,AT&T Corp.,Charter Comms - BHM,AS6389 AT&T Corp.,35***,33.48,-86.79,1
Alabama,United States,DoD Network Information Center,Air Force Systems Networking,AS367 DoD Network Information Center,36***,32.4,-86.24,2
Alabama,United States,DoD Network Information Center,Air Force Systems Networking,AS56 DoD Network Information Center,36***,32.4,-86.24,1
Alabama,United States,DoD Network Information Center,Air Force Systems Networking,AS721 DoD Network Information Center,36***,32.4,-86.24,3
Alabama,United States,DoD Network Information Center,Air Force Systems Networking,AS749 DoD Network Information Center,36***,32.4,-86.24,2
Alabama,United States,Google Fiber Inc.,Google Fiber Inc,AS16591 Google Fiber Inc.,35***,34.73,-86.57,1
Alabama,United States,Mediacom Communications,MEDIACOM,AS30036 Mediacom Communications Corp,36***,31.13,-87.1,1
Alabama,United States,Sprint,Alanet,AS1239 Sprint,36***,31.22,-85.39,1
Alabama,United States,"TekLinks, Inc.","TekLinks, Inc","AS33606 TekLinks, Inc.",35***,33.89,-87.17,1
Alabama,United States,WideOpenWest Finance LLC,WideOpenWest Finance LLC,AS12083 WideOpenWest Finance LLC,35***,34.73,-86.57,1
Alaska,United States,"AT&T Services, Inc.",Alascom,"AS7018 AT&T Services, Inc.",99***,61.23,-149.88,1
Alberta,Canada,Elk Island Public Schools Regional Division #14,Elk Island Public Schools Regional Division,AS54605 The Board of Trustees of Elk Island Public Schools,T8*,53.51,-113.33,1
Alberta,Canada,Reserved AS,Edmonton Power,AS23448 ASN-EPCOR,T5*,53.54,-113.51,1
Alberta,Canada,TELUS Communications Inc,TELUS-DSL-EDTNABXM,AS852 TELUS Communications Inc.,T5*,53.56,-113.48,1
Alberta,Canada,TELUS Communications Inc,TELUS-FIBRE-CLGRAB49,AS852 TELUS Communications Inc.,T2*,50.88,-114.03,1
Alberta,Canada,TELUS Communications Inc,TELUS-FIBRE-EDTNABXW,AS852 TELUS Communications Inc.,T5*,53.52,-113.66,1
Alberta,Canada,TELUS Communications Inc.,TELUS Communications Inc.,AS852 TELUS Communications Inc.,T5*,53.55,-113.6,1
Alberta,Canada,University of Alberta,University of Alberta,AS3359 University of Alberta,T6*,53.46,-113.65,1
Altai Krai,Russia,"JSC Rostelecom regional branch ""Siberia""",Sibirtelecom Co.,AS12389 PJSC Rostelecom,65****,53.73,84.93,1
Altai Krai,Russia,TOMTEL networks,CJSC ER-Telecom Holding Tomsk branch,"AS50512 JSC ""ER-Telecom Holding""",65****,53.35,83.78,1
Amazonas,Brazil,Claro NXT Telecomunicacoes Ltda,Claro NXT Telecomunicacoes Ltda,AS28573 Claro NXT Telecomunicacoes Ltda,69***,-3.1,-60.03,1
Andalusia,Spain,Orange Spain,Jazztel triple play services,AS12479 Orange Espagne SA,21***,37.21,-7.4,1
Andalusia,Spain,Telefonica de Espana SAU,RIMA (Red IP Multi Acceso),AS3352 TELEFONICA DE ESPANA S.A.U.,29***,36.55,-4.61,1
Andhra Pradesh,India,Bharti Airtel Limited,BCL NORTH,AS45609 Bharti Airtel Ltd. AS for GPRS Service,53****,17.69,83.24,1
Anhui,China,USTC,The University of Science and Technology of China,AS24362 CERNET2 IX at University of Science and Technology of China,23****,31.84,117.27,1
Ankara,Türkiye,Dogan Iletisim,Dogan Iletisim Elektronik Servis Hizmetleri A.S.,AS12978 ANDROMEDA TV DIGITAL PLATFORM ISLETMECILIGI A.S.,60**,39.98,32.83,1
Ankara,Türkiye,TurkTelecom,Turk Telekomunikasyon A.S,AS47331 TTNet A.S.,60**,39.98,32.83,1
Antioquia,Colombia,Colombia Móvil,Colombia Móvil,AS27831 Colombia Móvil,54***,6.15,-75.37,1
Antioquia,Colombia,Edatel S.a. E.S.P,Edatel S.a. E.S.P,AS27695 EDATEL S.A. E.S.P,50***,6.24,-75.57,1
Antioquia,Colombia,Telmex Colombia S.A.,Telmex Colombia S.A.,AS10620 Telmex Colombia S.A.,50***,6.25,-75.56,1
Arizona,United States,ARNG-HI,USAISC,AS364 DoD Network Information Center,85***,31.56,-110.35,1
Arizona,United States,"Akamai Technologies, Inc.","Akamai Technologies, Inc.","AS16625 Akamai Technologies, Inc.",85***,33.42,-111.91,1
Arizona,United States,CONUS-YPG,Dren,AS668 DoD Network Information Center,85***,31.56,-110.35,1
Arizona,United States,CONUS-YPG,USAISC,AS749 DoD Network Information Center,85***,31.56,-110.35,13
Arizona,United States,CTNOSC,USAISC,AS367 DoD Network Information Center,85***,31.56,-110.35,1
Arizona,United States,City of Tucson,City of Tucson,AS13918 City of Tucson,85***,32.15,-110.95,1
Arizona,United States,"Comcast Cable Communications, LLC","Comcast Cable Communications, LLC","AS33653 Comcast Cable Communications, LLC",85***,32.41,-111.06,1
Arizona,United States,"Comcast Cable Communications, LLC","Comcast Cable Communications, LLC","AS33653 Comcast Cable Communications, LLC",85***,32.41,-110.94,1
Arizona,United States,Cox Communications Inc.,Cox Communications,AS22773 Cox Communications Inc.,85***,33.53,-112.21,1
Arizona,United States,Cox Communications Inc.,Cox Communications Inc,AS22773 Cox Communications Inc.,85***,33.43,-111.93,1
Arizona,United States,DoD Network Information Center,USAISC,AS306 DoD Network Information Center,85***,31.56,-110.35,1
Arizona,United States,DoD Network Information Center,USAISC,AS357 DoD Network Information Center,85***,31.56,-110.35,1
Arizona,United States,DoD Network Information Center,USAISC,AS367 DoD Network Information Center,85***,31.56,-110.35,3
Arizona,United States,DoD Network Information Center,USAISC,AS721 DoD Network Information Center,85***,31.56,-110.35,12
Arizona,United States,"GoDaddy.com, LLC","GoDaddy.com, LLC","AS26496 GoDaddy.com, LLC",85***,33.34,-111.89,1
Arizona,United States,"Headquarters, USAISC",USAISC,"AS1530 Headquarters, USAISC",85***,31.56,-110.35,1
Arizona,United States,Input Output Flood LLC,Input Output Flood LLC,AS53755 Input Output Flood LLC,85***,33.42,-112.03,1
Arizona,United States,Microsoft Corporation,Microsoft Azure Cloud (westus3),AS8075 Microsoft Corporation,85***,33.45,-112.07,1
Arizona,United States,RCC-C,USAISC,AS367 DoD Network Information Center,85***,31.56,-110.35,1
Arizona,United States,Salt River Project Agricultural Improvement & Power District,Salt River Project Agricultural Improvement and Power District,AS2575 Salt River Project Agricultural Improvement & Power District,85***,33.45,-111.96,1
Arizona,United States,USAREC,USAISC,AS367 DoD Network Information Center,85***,31.56,-110.35,1
Arkansas,United States,"AT&T Services, Inc.",AT&T Corp,"AS7018 AT&T Services, Inc.",72***,34.74,-92.29,1
Arkansas,United States,"Wal-Mart Stores, Inc.","Wal-Mart Stores, Inc.","AS10695 Wal-Mart Stores, Inc.",72***,36.37,-94.22,2
Arkansas,United States,Windstream Communications LLC,Windstream Communications LLC,AS7029 Windstream Communications LLC,72***,34.79,-92.4,1
Auckland,New Zealand,FX VoIP Network,CallPlus Services Limited,AS9790 Two Degrees Networks Limited,10**,-36.87,174.78,1
Auckland,New Zealand,Mercury NZ Limited,Mercury NZ Limited,AS55850 Mercury NZ Limited,10**,-36.85,174.76,1
Auckland,New Zealand,One New Zealand Group Limited,Vfnz SVC,AS9500 One New Zealand Group Limited,10**,-36.85,174.76,1
Auckland,New Zealand,Sky Network Television Ltd,Two Degrees Mobile Limited,AS140220 Sky Network Television Ltd,62*,-36.8,174.75,1
Australian Capital Territory,Australia,ACT Government InTACT Group,ACT Government InTACT Group,AS139344 ACT Government InTACT Group,26**,-35.28,149.13,1
Auvergne-Rhône-Alpes,France,BE YS Cloud France SASU,Almerys,AS200102 BE YS Cloud France SASU,63***,45.79,3.11,1
Auvergne-Rhône-Alpes,France,ESRF-GRENOBLE,The ESRF,AS1942 Renater,38***,45.21,5.69,1
Auvergne-Rhône-Alpes,France,Societe Francaise Du Radiotelephone - SFR SA,SFR SA,AS15557 Societe Francaise Du Radiotelephone - SFR SA,38***,45.15,5.69,1
Auvergne-Rhône-Alpes,France,Societe Francaise Du Radiotelephone - SFR SA,SFR User Data,AS15557 Societe Francaise Du Radiotelephone - SFR SA,69***,45.59,4.78,1
Aveiro,Portugal,PT Comunicacoes S.A,PT Comunicacoes S.A.,AS3243 MEO - SERVICOS DE COMUNICACOES E MULTIMEDIA S.A.,45******,40.99,-8.52,1
Azores,Portugal,Cabo TV Acoreana,nos açores comunicacoes s.a.,"AS42580 NOS ACORES COMUNICACOES, S.A.",96******,37.71,-25.45,1
Baden-Wurttemberg,Germany,Deutsche Telekom AG,Deutsche Telekom AG,AS3320 Deutsche Telekom AG,69***,49.3,8.7,1
Baden-Wurttemberg,Germany,Deutsche Telekom AG,Deutsche Telekom AG,AS3320 Deutsche Telekom AG,70***,48.77,9.18,1
Baden-Wurttemberg,Germany,Deutsche Telekom AG,Deutsche Telekom AG,AS3320 Deutsche Telekom AG,71***,48.89,9.22,1
Baden-Wurttemberg,Germany,Deutsche Telekom AG,Deutsche Telekom AG,AS3320 Deutsche Telekom AG,71***,48.92,9.11,1
Baden-Wurttemberg,Germany,Deutsche Telekom AG,Deutsche Telekom AG,AS3320 Deutsche Telekom AG,74***,49.14,9.21,1
Baden-Wurttemberg,Germany,Deutsche Telekom AG,Deutsche Telekom AG,AS3320 Deutsche Telekom AG,76***,49.01,8.42,1
Baden-Wurttemberg,Germany,Deutsche Telekom AG,Deutsche Telekom AG,AS3320 Deutsche Telekom AG,79***,48.23,7.71,1
Baden-Wurttemberg,Germany,Mercedes-Benz Group AG,Daimler AG,AS31399 Mercedes-Benz Group AG,70***,48.79,9.24,8
Baden-Wurttemberg,Germany,Robert Bosch GmbH,Robert Bosch Gesellschaft mit Beschraenkter Haftung,AS9183 Robert Bosch Gesellschaft mit Beschraenkter Haftung,70***,48.78,9.18,1
Bahia,Brazil,TIM S/A,TIM S/A,AS26615 TIM S/A,40***,-12.87,-38.48,1
Baja California,Mexico,Uninet S.A. de C.V.,"Telefonos del Noroeste, S.A. de C.V",AS8151 UNINET,22***,32.46,-117.0,1
Bangkok,Thailand,Advanced Wireless Network Company Limited,Advanced Info Service Public Company Limited,AS45458 SBN-ISP/AWN-ISP and SBN-NIX/AWN-NIX,10***,13.79,100.55,1
Bangkok,Thailand,Advanced Wireless Network Company Limited,Advanced Wireless Network Company Limited,AS131445 Advance Wireless Network,10***,13.77,100.54,1
Bangkok,Thailand,KSC Commercial Internet Co. Ltd.,COMNET,AS7693 KSC Commercial Internet Co. Ltd.,10***,13.93,100.59,1
Bangkok,Thailand,NTT (Thailand) Limited 6th Floor,NTT (Thailand) Limited,AS38566 NTTCTNET,10***,13.71,100.46,1
Banská Bystrica Region,Slovakia,DataCentrum,Financial Directorate of the Slovak Republic,AS30898 DataCentrum,97****,48.74,19.14,1
Basque Country,Spain,Universidad del Pais Vasco / Euskal Herriko Unibertsitatea,Universidad del Pais Vasco - Euskal Herriko Unibertsitatea,AS15488 Universidad del Pais Vasco - Euskal Herriko Unibertsitatea,48***,43.26,-2.94,1
Bavaria,Germany,ARCOR-IP,Arcor AG,AS3209 Vodafone GmbH,87***,47.89,10.62,1
Bavaria,Germany,Contabo GmbH,Contabo GmbH,AS51167 Contabo GmbH,90***,49.4,11.16,1
Bavaria,Germany,Deutsche Telekom AG,Deutsche Telekom AG,AS3320 Deutsche Telekom AG,83***,48.01,12.54,1
Bavaria,Germany,Deutsche Telekom AG,Deutsche Telekom AG,AS3320 Deutsche Telekom AG,93***,48.82,11.85,1
Bavaria,Germany,Schaeffler Technologies AG & Co. KG,Schaeffler Technologies GmbH & Co.,AS20561 Schaeffler Technologies AG & Co. KG,91***,49.57,10.88,1
Bavaria,Germany,VF-Network,Arcor AG,AS3209 Vodafone GmbH,90***,49.41,11.14,1
Beijing,China,CHINA UNICOM China169 Backbone,Jnsib Ibar,AS4837 CHINA UNICOM China169 Backbone,10****,39.9,116.41,1
Beijing,China,China Networks Inter-Exchange,Bjenet,AS4847 China Networks Inter-Exchange,10****,39.9,116.41,2
Beijing,China,China Telecom,"Beijing Yunlin Network Technology Co., Ltd","AS136188 NINGBO, ZHEJIANG Province, P.R.China.",10****,39.9,116.41,1
Beijing,China,China TieTong Telecommunications Corporation,China TieTong Telecommunications Corporation,AS9394 China TieTong Telecommunications Corporation,10****,39.9,116.41,2
Beijing,China,China Unicom Shenzen network,HengShengChang Paper,AS17623 China Unicom Shenzen network,10****,39.9,116.41,1
Beijing,China,Chinanet,Chinanet HN,AS4134 CHINANET-BACKBONE,10****,39.9,116.41,1
Beijing,China,"Hangzhou Alibaba Advertising Co., Ltd.",Aliyun Computing Co.,"AS37963 Hangzhou Alibaba Advertising Co.,Ltd.",10****,39.9,116.41,2
Bern,Switzerland,Swiss Federation represented by FOITT,Swiss Federation represented by FOITT,AS33845 Swiss Federation represented by FOITT,30**,46.94,7.44,1
Bern,Switzerland,Swisscom (Schweiz) AG - Bluewin,Swisscom (Schweiz) AG,AS3303 Swisscom (Schweiz) AG,32**,46.96,7.34,1
Bogota D.C.,Colombia,ETB - Colombia,ETB - Colombia,AS19429 ETB - Colombia,11****,4.64,-74.06,1
Brandenburg,Germany,Stadtwerke Schwedt,Stadtwerke Schwedt GmbH,AS61028 Stadtwerke Schwedt GmbH,16***,53.06,14.28,1
Bratislava Region,Slovakia,Liberty Global B.V.,UPC Slovakia,AS6830 Liberty Global B.V.,81****,48.16,17.09,1
Bratislava Region,Slovakia,Zdruzenie pouzivatelov Slovenskej akademickej datovej siete,Slovak Academy of Sciences,AS2607 Zdruzenie pouzivatelov Slovenskej akademickej datovej siete,84****,48.2,17.05,1
Brașov County,Romania,RCS & RDS,RCS & RDS Residential,AS8708 RCS & RDS,50****,45.65,25.61,1
Bremen,Germany,Deutsche Telekom AG,Deutsche Telekom AG,AS3320 Deutsche Telekom AG,28***,53.08,8.79,2
Bremen,Germany,Verein zur Foerderung eines Deutschen Forschungsnetzes e.V.,Potsblitz,AS680 Verein zur Foerderung eines Deutschen Forschungsnetzes e.V.,27***,53.53,8.58,1
British Columbia,Canada,ABC Allen Business Communications Ltd,ABC Allen Business Communications Ltd,AS62969 ABC Allen Business Communications Ltd,V2*,53.91,-122.73,1
British Columbia,Canada,British Columbia Institute of Technology,British Columbia Institute of Technology,AS4476 British Columbia Institute of Technology,V5*,49.25,-122.99,1
British Columbia,Canada,Province of British Columbia,Province of British Columbia,AS3633 Province of British Columbia,V8*,48.45,-123.37,1
British Columbia,Canada,Shaw Communications Inc.,Shaw Communications Inc,AS6327 Shaw Communications Inc.,V1*,49.9,-119.49,1
British Columbia,Canada,Shaw Communications Inc.,Shaw Communications Inc.,AS6327 Shaw Communications Inc.,V0*,50.58,-126.92,1
British Columbia,Canada,University of British Columbia,University of British Columbia,AS393249 University of British Columbia,V7*,49.13,-123.17,1
București,Romania,Agentia de Administrare a Retelei Nationale de Informatica pentru Educatie si C,Politehnica University of Bucharest,AS2614 Agentia de Administrare a Retelei Nationale de Informatica pentru Educatie si Cercetare,61***,44.45,26.02,1
București,Romania,Euroweb Romania,SC FSP Global SRL,AS6663 Euroweb Romania S.R.L.,23***,44.42,26.17,1
Budapest,Hungary,ELTENET,Eotvos Lorand University of Sciences,AS2012 ELTENET,10**,47.56,19.09,1
Budapest,Hungary,ISZT Nonprofit Kft,ISZT INTERNET SZOLGALTATOK Halozati Koordinacios Kozpontja Nonprofit KFT,AS12303 Council of Hungarian Internet Providers,10**,47.52,19.06,1
Budapest,Hungary,Telenor Hungary Plc,Telenor Hungary Plc.,AS213155 Yettel Hungary Ltd.,10**,47.56,19.09,1
Buenos Aires,Argentina,Telecom Argentina S.A.,Telecom Personal Bs,AS7303 Telecom Argentina S.A.,17**,-36.0,-60.0,1
Buenos Aires,Argentina,Telefonica de Argentina,Telefonica de Argentina,AS22927 Telefonica de Argentina,16**,-34.51,-58.69,1
Buenos Aires,Argentina,Universidad Nacional de Buenos Aires,Universidad Nacional de Buenos Aires,AS3449 Universidad Nacional de Buenos Aires,17**,-36.0,-60.0,1
Buenos Aires F.D.,Argentina,Telecom Argentina S.A.,Telecom Personal Bs,AS7303 Telecom Argentina S.A.,18**,-34.6,-58.38,1
Buenos Aires F.D.,Argentina,Telecom Argentina S.A.,Telecom Personal Bs,AS7303 Telecom Argentina S.A.,18**,-34.58,-58.44,1
Busan,South Korea,BUSAN EDUCATION RESEARCH & INFORMATION INSTITUTE,Petinet,AS9706 BUSAN EDUCATION RESEARCH & INFORMATION INSTITUTE,48***,35.1,129.04,1
Busan,South Korea,Dong-A Universirty,Donganet,AS9753 Dong-A Universirty,48*,35.18,129.14,1
Busan,South Korea,Korea Telecom,Kornet,AS4766 Korea Telecom,48*,35.18,129.09,1
Buskerud,Norway,"University of California, San Diego",Amateur Radio Digital Communications,"AS7377 University of California, San Diego",35**,60.47,8.47,1
Caldas Department,Colombia,Telmex Colombia S.A.,Telmex Colombia S.A,AS10620 Telmex Colombia S.A.,17****,5.07,-75.52,1
California,United States,"8x8, Inc.","8x8, Inc","AS13896 8x8, Inc.",95***,37.18,-121.77,1
California,United States,"AT&T Services, Inc.",AT&T Corp,"AS7018 AT&T Services, Inc.",91***,34.2,-118.54,1
California,United States,"AT&T Services, Inc.",AT&T Corp,"AS7018 AT&T Services, Inc.",92***,33.88,-117.54,1
California,United States,"AT&T Services, Inc.",AT&T Corp,"AS7018 AT&T Services, Inc.",92***,34.03,-117.29,1
California,United States,"AT&T Services, Inc.",AT&T Worldnet Services,"AS7018 AT&T Services, Inc.",94***,37.78,-122.42,1
California,United States,"AT&T Services, Inc.",Acc-american Motors Corporati,"AS7018 AT&T Services, Inc.",95***,37.44,-121.9,1
California,United States,"AT&T Services, Inc.",Liquid Thinking,"AS7018 AT&T Services, Inc.",94***,37.81,-122.41,1
California,United States,Akamai International B.V.,"Akamai Technologies, Inc.",AS20940 Akamai International B.V.,90***,34.05,-118.24,1
California,United States,Akamai International B.V.,"Akamai Technologies, Inc.",AS20940 Akamai International B.V.,95***,37.34,-121.89,2
California,United States,"Akamai Technologies, Inc.",Linode,AS63949 Akamai Connected Cloud,94***,37.56,-122.0,1
California,United States,"Amazon.com, Inc.",AWS EC2 (us-west-1),"AS16509 Amazon.com, Inc.",95***,37.34,-121.9,1
California,United States,Apple Inc.,Apple Inc,AS714 Apple Inc.,95***,37.32,-122.03,3
California,United States,"Beijing Jingdong 360 Degree E-commerce Co., Ltd.","Beijing Jingdong 360 Degree E-commerce Co., Ltd.","AS131486 Beijing Jingdong 360 Degree E-commerce Co., Ltd.",95***,37.34,-121.89,1
California,United States,California Department of Technology,California Department of Insurance,AS1226 California Department of Technology,95***,38.58,-121.5,1
California,United States,California State University,Monterey COE,"AS2152 California State University, Office of the Chancellor",93***,36.61,-121.92,1
California,United States,California State University,Moss Landing Marine Laboratory,"AS2152 California State University, Office of the Chancellor",93***,36.68,-121.79,1
California,United States,CenturyLink Communications,Sony Computer Entertainment-Network Platform/Infrastructure,"AS3561 CenturyLink Communications, LLC",94***,37.56,-122.28,1
California,United States,Charter Communications,Spectrum,AS20001 Charter Communications Inc,90***,34.05,-118.24,1
California,United States,Charter Communications,Spectrum,AS20115 Charter Communications,93***,36.07,-119.03,1
California,United States,"Comcast Cable Communications, LLC","Comcast Cable Communications, IP Services","AS33667 Comcast Cable Communications, LLC",95***,38.66,-121.34,1
California,United States,"Comcast Cable Communications, LLC","Comcast Cable Communications, Inc","AS33667 Comcast Cable Communications, LLC",95***,38.7,-121.27,1
California,United States,"Comcast Cable Communications, LLC","Comcast Cable Communications, Inc.","AS33667 Comcast Cable Communications, LLC",95***,38.7,-121.27,1
California,United States,"Comcast Cable Communications, LLC","Comcast IP Services, L.L.C.","AS33667 Comcast Cable Communications, LLC",95***,38.03,-121.35,1
California,United States,Cox Communications Inc.,Cox Communications Inc,AS22773 Cox Communications Inc.,92***,32.81,-116.92,1
California,United States,Goldstone (Deep Space Network) Facility,Goldstone (Deep Space Network) Facility,AS297 National Aeronautics and Space Administration,92***,35.28,-116.78,1
California,United States,Google LLC,Google LLC,AS396982 Google LLC,94***,37.42,-122.08,3
California,United States,HCL AMERICA INC,HCL AMERICA INC,AS36224 HCL AMERICA INC,94***,37.39,-122.04,1
California,United States,HostPapa,RackNerd LLC,AS36352 HostPapa,90***,34.05,-118.24,1
California,United States,HostRoyale Technologies Pvt Ltd,HostRoyale LLC,AS203020 HostRoyale Technologies Pvt Ltd,94***,37.77,-122.42,1
California,United States,Intercontinental Internet Data Corp,Cloud Innovation Ltd,AS35916 MULTACOM CORPORATION,90***,34.05,-118.24,1
California,United States,Microsoft Corporation,Microsoft Azure Cloud (westus),AS8075 Microsoft Corporation,94***,37.78,-122.42,2
California,United States,Northrop Grumman,TRW Space and Defense Sector,AS1906 Northrop Grumman,90***,33.79,-118.12,1
California,United States,"Salesforce.com, Inc.","Salesforce.com, Inc.","AS14340 Salesforce.com, Inc.",94***,37.79,-122.4,1
California,United States,Sprint Communications,Sprint Kansas City POP,AS1239 Sprint,92***,33.84,-117.92,1
California,United States,The Constant Company,"Vultr Holdings, LLC","AS20473 The Constant Company, LLC",95***,37.39,-121.96,1
California,United States,University of California at Berkeley,University of California at Berkeley,AS25 University of California at Berkeley,94***,37.87,-122.26,1
California,United States,"University of California, San Diego",Amateur Radio Digital Communications,"AS7377 University of California, San Diego",92***,32.82,-117.18,5
California,United States,"University of California, San Diego",Amateur Radio Digital Communications,"AS7377 University of California, San Diego",93***,36.78,-119.42,1
California,United States,Verizon Business,Cellco Partnership DBA Verizon Wireless,AS6167 Verizon Business,92***,32.76,-117.07,1
California,United States,Verizon Business,Cellco Partnership DBA Verizon Wireless,AS6167 Verizon Business,92***,34.01,-117.44,1
California,United States,"Wayport, LLC","Wayport, Inc.",AS14654 AT&T Corp.,90***,34.05,-118.24,1
California,United States,"Zoom Video Communications, Inc","Zoom Video Communications, Inc","AS30103 Zoom Video Communications, Inc",95***,37.33,-121.9,1
Capital Region,Denmark,Telenor Denmark,Cybercity A/S,AS9158 Telenor A/S,26**,55.69,12.46,1
Capital Region,Iceland,Nova hf,Nova ehf,AS44735 Nova hf,10*,64.11,-21.84,1
Carinthia,Austria,Universitaet Klagenfurt,Universitaet Klagenfurt,AS1111 Universitaet Klagenfurt,90**,46.62,14.3,1
Castille-La Mancha,Spain,Telefonica de Espana SAU,RIMA (Red IP Multi Acceso),AS3352 TELEFONICA DE ESPANA S.A.U.,45***,39.86,-4.02,1
Castille-La Mancha,Spain,Telefonica de Espana SAU,RIMA (Red IP Multi Acceso),AS3352 TELEFONICA DE ESPANA S.A.U.,45***,39.96,-4.82,1
Catalonia,Spain,"VODAFONE ONO, S.A",Ono,"AS6739 VODAFONE ONO, S.A.",80**,41.39,2.2,1
Catalonia,Spain,Vodafone Espana S.A.U.,Vodafone Espana S.A.U,AS12430 VODAFONE ESPANA S.A.U.,80**,41.43,2.22,1
Ceará,Brazil,Secretaria Municipal De Planejamento Orcamento E G,Secretaria Municipal De Planejamento Orcamento E G,AS269175 SECRETARIA MUNICIPAL DE PLANEJAMENTO ORCAMENTO E G,60***,-3.71,-38.53,1
Central Jutland,Denmark,Stofa A/S,Energiranderstele Customer and Internal Addr,AS8273 Norlys Digital A/S,89**,56.48,9.97,1
Central Singapore,Singapore,Amazon Technologies Inc.,AWS EC2 (ap-southeast-1),"AS16509 Amazon.com, Inc.",48***,1.28,103.85,2
Central Singapore,Singapore,Microsoft Corporation,Microsoft Azure Resource Manager (southeastasia),AS8075 Microsoft Corporation,16****,1.28,103.83,1
Central Singapore,Singapore,OVH SAS,OVH Singapore PTE. LTD,AS16276 OVH SAS,69***,1.28,103.85,1
Central Singapore,Singapore,"Singapore Telecommunications Ltd, Magix Services",SingNet Pte Ltd,AS9506 Singtel Fibre Broadband,14****,1.29,103.81,1
Central Singapore,Singapore,StarHub Cable Vision Ltd,SGCABLEVISION,AS55430 Starhub Ltd,13****,1.29,103.79,1
Central Singapore,Singapore,Starhub Internet Pte Ltd,Starhub Internet Pte Ltd,AS4657 StarHub Ltd,40****,1.32,103.89,1
Central and Western District,Hong Kong,Microsoft Corporation,Microsoft Azure Cloud (eastasia),AS8075 Microsoft Corporation,0****,22.27,114.19,1
Centre-Val de Loire,France,Proxad / Free SAS,ProXad network / Free,AS12322 Free SAS,37***,47.37,0.48,1
Chelyabinsk Oblast,Russia,"JSC ""Uralsvyazinform"" Chelyabinsk",Chelyabinsk Network Informational Center,AS12389 PJSC Rostelecom,45****,55.16,61.4,1
Chiang Mai,Thailand,CAT Telecom Public Company Limited,Data Comm. Dept. National Telecom Public Company Limited,"AS9931 The Communication Authoity of Thailand, CAT",50***,18.79,99.0,1
Chiba,Japan,296 BROAD NET Com Inc,CABLENET296,AS17682 296 BROAD NET Com Inc,28******,35.69,140.16,1
Chiba,Japan,DION (KDDI CORPORATION),KDDI,AS2516 KDDI CORPORATION,26******,35.61,140.11,1
Chiba,Japan,"JCOM Co., Ltd.","JCOM Co., Ltd","AS9824 JCOM Co., Ltd.",27******,35.71,140.0,1
Chiba,Japan,NTT Communications Corporation,Open Computer Network,AS4713 NTT Communications Corporation,26******,35.6,140.14,1
Chiba,Japan,Open Computer Network,Open Computer Network,AS4713 NTT Communications Corporation,27******,35.69,139.98,1
Chiba,Japan,Open Computer Network,Open Computer Network,AS4713 NTT Communications Corporation,27******,35.78,139.9,1
Chișinău Municipality,Moldova,SC STARNET SRL,StarNet Solutii SRL,AS31252 StarNet Solutii SRL,MD*****,47.0,28.86,1
Chungcheongnam-do,South Korea,CMB,CMB Chungcheong Broadcasting,AS38133 CMB,32*,36.1,127.48,1
Coahuila,Mexico,Uninet S.A. de C.V.,UNINET,AS8151 UNINET,27***,25.54,-103.43,1
Colorado,United States,"CenturyLink Communications, LLC","CenturyLink Communications, LLC","AS22561 CenturyLink Communications, LLC",81***,38.08,-102.62,1
Colorado,United States,Charter Communications Inc,Spectrum,AS20001 Charter Communications Inc,80***,39.6,-104.89,1
Colorado,United States,Comcast Cable Communications,"Comcast Cable Communications Holdings, Inc","AS33652 Comcast Cable Communications, LLC",80***,39.49,-104.83,1
Colorado,United States,Comcast Cable Communications,"Comcast IP Services, L.L.C.","AS7922 Comcast Cable Communications, LLC",80***,39.75,-104.98,1
Colorado,United States,"Comcast Cable Communications, LLC","Comcast Cable Communications, LLC","AS7922 Comcast Cable Communications, LLC",80***,39.75,-104.98,2
Colorado,United States,"Comcast Cable Communications, LLC","Comcast IP Services, L.L.C.","AS33652 Comcast Cable Communications, LLC",80***,39.7,-104.84,1
Colorado,United States,"Comcast Cable Communications, LLC","Comcast IP Services, L.L.C.","AS7922 Comcast Cable Communications, LLC",80***,39.75,-104.98,2
Colorado,United States,"Level 3 Communications, Inc.",Level 3,"AS3356 Level 3 Parent, LLC",80***,39.92,-105.14,1
Colorado,United States,"Level 3 Communications, Inc.","Level 3 Communications, Inc.","AS3356 Level 3 Parent, LLC",80***,39.92,-105.14,2
Colorado,United States,Massive Networks,Massive Networks,AS21777 Massive Networks,80***,39.87,-104.92,1
Colorado,United States,USDA,USDA Office of Operations,AS4152 USDA,80***,40.56,-105.08,3
Colorado,United States,"VELOCITY, A MANAGED SERVICES COMPANY",Velocity Inc,"AS62728 VELOCITY, A MANAGED SERVICES COMPANY",80***,39.05,-104.82,1
Connecticut,United States,Cablevision Systems Corp.,Optimum Online (Cablevision Systems),AS6128 Cablevision Systems Corp.,69**,41.06,-73.55,1
Connecticut,United States,Frontier Communications Solutions,LDSL-D Frontier Communications Wallingford - CT,"AS46690 Southern New England Telephone Company and SNET America, Inc.",64**,41.56,-72.66,1
Connecticut,United States,Static IP Services,590 FORD AM RD INC,AS6128 Cablevision Systems Corp.,68**,41.12,-73.44,1
Dadra and Nagar Haveli and Daman and Diu,India,telnet technoinfra pvt ltd,telnet technoinfra pvt ltd,AS138411 Telnet Technoinfra Pvt Ltd,39****,20.41,72.83,1
Daejeon,South Korea,Daejeon Helath Sciences College,Kren,AS18029 Daejeon Helath Sciences College,30****,36.35,127.45,1
Daejeon,South Korea,LG POWERCOMM,LG POWERCOMM,AS17858 LG POWERCOMM,35*,36.36,127.38,1
Daejeon,South Korea,Woosong Information College,Korean Education Network,AS9782 WooSong University,35***,36.34,127.39,1
Delaware,United States,"Comcast Cable Communications, LLC","Comcast Cable Communications, Inc.","AS33657 Comcast Cable Communications, LLC",19***,39.29,-75.6,1
District of Columbia,United States,"AT&T Services, Inc.",AT&T Internet Services,"AS7018 AT&T Services, Inc.",20***,38.91,-77.04,1
District of Columbia,United States,"AT&T Services, Inc.",AT&T Mobility LLC,"AS7018 AT&T Services, Inc.",20***,38.91,-77.04,1
District of Columbia,United States,Cogent Communications,Cogent Communications - IPENG,AS174 Cogent Communications,56***,38.89,-77.04,1
District of Columbia,United States,Cogent Communications,Cogent communications - IPENG,AS174 Cogent Communications,20***,38.91,-77.05,3
District of Columbia,United States,Verizon Business,Central Intelligence Agency,AS7046 Verizon Business,20***,38.91,-77.04,1
Donetsk,Ukraine,EAST-NET Ltd,EAST.NET Ltd.,AS50780 EAST-NET Ltd,75**,48.02,37.8,1
Dubai,United Arab Emirates,Microsoft Corporation,Microsoft Azure Cloud (uaenorth),AS8075 Microsoft Corporation,17****,25.27,55.32,1
Emilia-Romagna,Italy,Fastweb SpA,FASTWEB VULA Statico,AS12874 Fastweb SpA,42***,44.81,10.79,1
Emilia-Romagna,Italy,Telecom Italia Mobile,Telecom Italia S.p.A.,AS16232 Telecom Italia S.p.A.,40***,44.49,11.38,1
England,United Kingdom,ASK4 Limited,Ask4 Limited,AS41230 ASK4 Limited,S1***,53.39,-1.46,1
England,United Kingdom,Amazon Technologies Inc.,AWS EC2 (eu-west-2),"AS16509 Amazon.com, Inc.",W1*,51.51,-0.13,1
England,United Kingdom,British Telecommunications PLC,BT MBB,AS6871 Plusnet,ST**,52.76,-2.07,1
England,United Kingdom,EE Limited,EEMobile,AS12576 EE Limited,RM*,51.55,0.11,2
England,United Kingdom,EE Limited,MBB Pools,AS12576 EE Limited,AL******,51.77,-0.25,1
England,United Kingdom,EE Limited,Orange PCS GPRS Services,AS12576 EE Limited,AL******,51.77,-0.24,1
England,United Kingdom,IBG-Hosting,Progressive Digital Media Group PLC,AS25180 Exponential-E Ltd.,EC**,51.51,-0.11,1
England,United Kingdom,Jisc Services Limited,De Montfort University,AS786 Jisc Services Limited,LE*****,52.63,-1.14,1
England,United Kingdom,"Level 3 Communications, Inc.",UK Customer Serial Links,"AS3356 Level 3 Parent, LLC",EC******,51.53,-0.1,1
England,United Kingdom,MICROSOFT,Microsoft Limited,AS8075 Microsoft Corporation,W1*,51.51,-0.13,4
England,United Kingdom,Microsoft,Microsoft Limited,AS8075 Microsoft Corporation,W1*,51.51,-0.13,1
England,United Kingdom,Microsoft Corporation,Microsoft Azure Cloud (uksouth),AS8075 Microsoft Corporation,EC******,51.51,-0.08,1
England,United Kingdom,Microsoft Corporation,Microsoft Limited,AS8075 Microsoft Corporation,W1*,51.51,-0.13,3
England,United Kingdom,Oracle Svenska AB,Oracle Corporation,AS43894 Oracle Svenska AB,W1*,51.51,-0.13,1
England,United Kingdom,Portfast Ltd,Portfast Ltd,AS8916 Portfast Ltd,S7***,53.35,-1.49,1
England,United Kingdom,Satellite Mediaport Services Ltd.,Satellite Mediaport Services Ltd,AS13126 Satellite Mediaport Services Ltd.,CV******,52.36,-1.33,1
England,United Kingdom,Sky UK Limited,Sky Broadband,AS5607 Sky UK Limited,LA**,54.11,-3.25,1
England,United Kingdom,Sky UK Limited,Sky Broadband,AS5607 Sky UK Limited,SE**,51.46,-0.05,1
England,United Kingdom,TalkTalk,Carphone Warehouse Broadband Services,AS13285 TalkTalk Communications Limited,BS*,51.46,-2.55,1
England,United Kingdom,TalkTalk,Carphone Warehouse Broadband Services,AS13285 TalkTalk Communications Limited,NW*,51.56,-0.23,1
England,United Kingdom,TalkTalk,TalkTalk Communications Limited,AS13285 TalkTalk Communications Limited,LE*,52.65,-1.09,1
England,United Kingdom,TalkTalk,TalkTalk Communications Limited,AS31655 Gamma Telecom Holdings Ltd,W1*,51.51,-0.13,1
England,United Kingdom,TalkTalk Communications Limited,Opalnet,AS9105 TalkTalk Communications Limited,LE**,52.77,-1.2,1
England,United Kingdom,Telefonica UK Limited,Currently in query,AS35228 Telefonica UK Limited,SL*,51.52,-0.63,1
England,United Kingdom,Trustmarque Solutions Ltd,Trustmarque Solutions Limited,AS196744 Capita Business Services Ltd,SW*,51.51,-0.13,1
England,United Kingdom,UBS AG,UBS AG,AS17071 UBS AG,W1*,51.51,-0.13,1
England,United Kingdom,Verizon Business,Verizon Nederland B.V.,AS702 Verizon Business,W1*,51.51,-0.13,1
England,United Kingdom,Verizon Nederland B.V.,network EU-UUNET,AS702 Verizon Business,W1*,51.51,-0.13,1
England,United Kingdom,Virgin Media Business,Virgin Media Limited,AS5089 Virgin Media Limited,SS*,51.55,0.7,1
England,United Kingdom,Virgin Media Limited,Senior Internet Ltd,AS5089 Virgin Media Limited,NG**,52.95,-1.01,1
England,United Kingdom,Virgin Media Limited,Vmcbbuk,AS5089 Virgin Media Limited,DN**,53.56,-0.08,1
England,United Kingdom,Vodafone,Vodafone Limited,AS5378 Vodafone Limited,DL*,54.55,-1.59,1
England,United Kingdom,Xerox Corporation,Xerox Corporation,AS26662 XEROX CORPORATION,W1*,51.51,-0.13,1
Federal District,Brazil,Servico Federal De Processamento De Dados - Serpro,Servico Federal De Processamento De Dados - Serpro,AS10954 SERVICO FEDERAL DE PROCESSAMENTO DE DADOS - SERPRO,70***,-15.78,-47.93,1
Federal District,Brazil,TELEFÔNICA BRASIL S.A,Global Village Telecom,AS18881 TELEFÔNICA BRASIL S.A,70***,-15.78,-47.93,1
Federal District,Brazil,TELEFÔNICA BRASIL S.A,Global Village Telecom,AS18881 TELEFÔNICA BRASIL S.A,71***,-15.78,-47.78,1
Federal District,Brazil,V tal,V tal,AS8167 V tal,72***,-15.67,-48.21,1
Flanders,Belgium,Mobistar Cable,Mobistar Enterprise Services,AS47377 Orange Belgium SA,20**,51.22,4.39,1
Flanders,Belgium,Proximus,Proximus SA,AS5432 Proximus NV,20**,51.22,4.39,1
Florida,United States,"Akamai Technologies, Inc.","Akamai Technologies, Inc.","AS16625 Akamai Technologies, Inc.",33***,25.77,-80.19,1
Florida,United States,"Arachnitec, INC.",High Speed Web/Genesis 2 Networks,"AS6921 Arachnitec, INC.",32***,30.33,-81.66,1
Florida,United States,Breezeline,"Atlantic Broadband Finance, LLC",AS11776 Breezeline,33***,25.94,-80.14,1
Florida,United States,Charter Communications,Spectrum,"AS33363 Charter Communications, Inc",32***,28.39,-81.42,1
Florida,United States,Charter Communications,Spectrum,"AS33363 Charter Communications, Inc",32***,28.58,-81.44,1
Florida,United States,Charter Communications,Spectrum,"AS33363 Charter Communications, Inc",32***,28.66,-81.41,1
Florida,United States,Charter Communications,Spectrum,"AS33363 Charter Communications, Inc",33***,27.82,-82.68,1
Florida,United States,Charter Communications,Spectrum,"AS33363 Charter Communications, Inc",33***,27.86,-82.82,1
Florida,United States,Charter Communications,Spectrum,"AS33363 Charter Communications, Inc",33***,28.07,-81.81,2
Florida,United States,Charter Communications,Spectrum,"AS33363 Charter Communications, Inc",34***,27.47,-82.62,1
Florida,United States,Charter Communications,Spectrum,"AS33363 Charter Communications, Inc",34***,28.36,-82.68,1
Florida,United States,Columbus Networks USA,Flamingo Television Bonaire,"AS23520 Columbus Networks USA, Inc.",33***,25.76,-80.19,1
Florida,United States,Comcast Cable Communications,"Comcast IP Services, L.L.C.","AS20214 Comcast Cable Communications, LLC",33***,26.52,-80.06,1
Florida,United States,Comcast Cable Communications,"Comcast IP Services, L.L.C.","AS20214 Comcast Cable Communications, LLC",33***,26.66,-80.17,1
Florida,United States,"Comcast Cable Communications, LLC","Comcast Cable Communications, LLC","AS20214 Comcast Cable Communications, LLC",33***,25.81,-80.23,1
Florida,United States,"L3Harris Technologies, Inc.","L3Harris Technologies, Inc","AS243 L3Harris Technologies, Inc.",32***,28.09,-80.64,1
Florida,United States,"L3Harris Technologies, Inc.","L3Harris Technologies, Inc.","AS243 L3Harris Technologies, Inc.",32***,28.09,-80.64,1
Florida,United States,Mediacom Communications,demia005cm9,AS30036 Mediacom Communications Corp,32***,30.66,-87.05,1
Florida,United States,"Omnispring, LLC",1.org.omnispring.com,"AS32083 Omnispring, LLC",32***,28.52,-81.36,1
Florida,United States,Sprint Communications,Sprint Orlando POP,AS1239 Sprint,32***,28.54,-81.37,1
Florida,United States,University of Central Florida,University of Central Florida,AS7939 University of Central Florida,32***,28.6,-81.2,1
Florida,United States,Windstream Communications LLC,Windstream Communications LLC,AS7029 Windstream Communications LLC,33***,25.94,-80.31,1
Free and Hanseatic City of Hamburg,Germany,Deutsche Telekom AG,Deutsche Telekom AG,AS3320 Deutsche Telekom AG,22***,53.56,9.8,1
Free and Hanseatic City of Hamburg,Germany,Deutsche Telekom AG,Deutsche Telekom AG,AS3320 Deutsche Telekom AG,22***,53.6,10.05,1
Free and Hanseatic City of Hamburg,Germany,TNG Stadtnetz GmbH,Ftth Wedelnet Com,AS13101 TNG Stadtnetz GmbH,20***,53.55,9.99,1
Free and Hanseatic City of Hamburg,Germany,Telefonica Deutschland GmbH,Telefonica Deutschland GmbH,AS6805 Telefonica Germany GmbH & Co.OHG,22***,53.58,10.02,1
Free and Hanseatic City of Hamburg,Germany,freenet Datenkommunikations GmbH,freenet Datenkommunikations GmbH,AS5430 freenet Datenkommunikations GmbH,22***,53.6,9.99,1
Fujian,China,Chinanet,Chinanet FJ,AS4134 CHINANET-BACKBONE,36****,24.48,118.09,1
Fukushima,Japan,NTT Communications Corporation,Open Computer Network,AS4713 NTT Communications Corporation,96******,37.76,140.48,1
Gangwon-do,South Korea,Korea Telecom,Kornet,AS4766 Korea Telecom,25*,37.75,128.88,1
Gauteng,South Africa,Cell C (Pty) Ltd,CELLC Corporate,AS37168 Cell C (Pty) Ltd,81***,-25.76,28.26,1
Gauteng,South Africa,Dimension Data,Dimension Data,AS3741 Dimension Data,21**,-26.23,28.06,1
Gauteng,South Africa,MTN SA,MTN SA,AS12091 MTN SA,20**,-26.15,27.93,1
Gauteng,South Africa,Telkom SA Ltd.,Telkom SA Limited,AS5713 Telkom SA Ltd.,18*,-25.75,28.23,1
Georgia,United States,AT&T Mobility LLC,Service Provider Corporation,AS20057 AT&T Mobility LLC,30***,33.75,-84.39,1
Georgia,United States,"AT&T Services, Inc.",AT&T Corp,"AS7018 AT&T Services, Inc.",30***,33.94,-84.08,1
Georgia,United States,"AT&T Services, Inc.",AT&T Mobility LLC,"AS7018 AT&T Services, Inc.",30***,33.76,-84.39,1
Georgia,United States,"Akamai Technologies, Inc.",Linode,AS63949 Akamai Connected Cloud,30***,33.75,-84.39,1
Georgia,United States,BellSouth.net Inc.,GSP ADSL EEUA,AS8075 Microsoft Corporation,30***,33.82,-84.37,1
Georgia,United States,Board of Regents of the University System of Georgia,Board of Regents of the University System of Georgia,AS3479 Board of Regents of the University System of Georgia,30***,33.73,-84.1,1
Georgia,United States,FTBENNING,USAISC,AS367 DoD Network Information Center,31***,32.53,-84.93,1
Georgia,United States,GTT,FreightCheck LLC,AS3257 GTT Communications Inc.,30***,33.76,-84.39,1
Georgia,United States,Georgia Technology Authority,Georgia Technology Authority,AS2897 Georgia Technology Authority,30***,33.75,-84.39,1
Georgia,United States,Georgia Technology Authority,Georgia Technology Authority,AS2897 Georgia Technology Authority,31***,32.89,-83.74,1
Georgia,United States,Mediacom Communications Corp,Mediacom Communications Corp,AS30036 Mediacom Communications Corp,31***,31.55,-84.08,1
Georgia,United States,NCR Corporation,NCR Corporation,AS14962 NCR Corporation,30***,33.78,-84.39,2
Georgia,United States,Spectrum,Road Runner,AS11426 Charter Communications Inc,30***,33.75,-84.39,1
Georgia,United States,Verizon Business,Verizon Business,AS22394 Verizon Business,30***,33.8,-84.39,1
Georgia,United States,"Wayport, LLC","Wayport, LLC",AS14654 AT&T Corp.,30***,33.75,-84.39,1
Gifu,Japan,NTT Communications Corporation,Open Computer Network,AS4713 NTT Communications Corporation,50******,35.42,136.76,1
Goiás,Brazil,V tal,V tal,AS8167 V tal,74***,-16.84,-49.25,1
Goiás,Brazil,V tal,V tal,AS8167 V tal,74***,-16.56,-49.21,1
Guangdong,China,China Internet Network Information Center,"Tencent cloud computing (Beijing) Co., Ltd.",AS45090 Shenzhen Tencent Computer Systems Company Limited,51****,22.54,114.06,3
Guangdong,China,China Mobile,China Mobile Communications Corporation,"AS9808 China Mobile Communications Group Co., Ltd.",51****,22.54,114.06,1
Guangdong,China,China Mobile communications corporation,China Mobile,"AS9808 China Mobile Communications Group Co., Ltd.",51****,22.54,114.06,1
Guangdong,China,China Mobile communications corporation,China Mobile Communications Corporation - shanghai company,"AS9808 China Mobile Communications Group Co., Ltd.",51****,22.54,114.06,1
Guizhou,China,Chinanet,Chinanet GZ,AS4134 CHINANET-BACKBONE,55****,26.65,106.63,1
Gujarat,India,BSNL Internet,NIB,AS9829 National Internet Backbone,39****,22.3,73.2,1
Gunma,Japan,SUN FIELD INTERNET,"RYOMO INTERNET DATACENTER Co., Ltd",AS23785 SUN FIELD INTERNET LIMITED,37******,36.39,139.32,1
Gwangju,South Korea,SK Broadband Co Ltd,broadNnet,AS9318 SK Broadband Co Ltd,61***,35.15,126.92,1
Gyeonggi-do,South Korea,CJ Hello Co.,HVBucheon,AS17839 LG HelloVision Corp.,14*,37.5,126.78,1
Gyeonggi-do,South Korea,DACOM-PUBNETPLUS,Pubnetplus,AS9316 DACOM-PUBNETPLUS,14*,37.5,126.78,1
Gyeonggi-do,South Korea,Jeollanamdo Educational Research Information Institute,Korea Telecom,AS38681 Jeollanamdo Educational Research Information Institute,13***,37.36,127.12,1
Gyeonggi-do,South Korea,Korea Telecom,Korea Telecom,AS4766 Korea Telecom,13***,37.36,127.12,2
Gyeonggi-do,South Korea,Korea Telecom,Kornet,AS4766 Korea Telecom,12*,37.75,127.19,1
Gyeonggi-do,South Korea,Korea Telecom,Kornet,AS4766 Korea Telecom,13***,37.36,127.12,5
Gyeonggi-do,South Korea,LG DACOM Corporation,Boranet,AS3786 LG DACOM Corporation,14***,37.39,126.94,1
Gyeonggi-do,South Korea,LG POWERCOMM,DACOM-PUBNETPLUS,AS17858 LG POWERCOMM,17*,36.99,126.93,1
Gyeonggi-do,South Korea,LG POWERCOMM,LG POWERCOMM,AS17858 LG POWERCOMM,18*,37.21,126.82,1
Gyeonggi-do,South Korea,Nielsen Consumer LLC,Kornet,AS16477 Nielsen Consumer LLC,13***,37.36,127.12,1
Gyeonggi-do,South Korea,SK Broadband Co Ltd,SK Broadband Co Ltd,AS9318 SK Broadband Co Ltd,16*,37.3,127.08,1
Gyeonggi-do,South Korea,SK Broadband Co Ltd,broadNnet,AS9318 SK Broadband Co Ltd,10*,37.68,126.76,1
Gyeonggi-do,South Korea,SK Broadband Co Ltd,broadNnet,AS9318 SK Broadband Co Ltd,13*,37.38,127.11,1
Gyeonggi-do,South Korea,SamsungSDS Inc.,Samsungsds,AS6619 SamsungSDS Inc.,56**,37.52,127.1,1
Gyeongsangnam-do,South Korea,Korea Telecom,Kornet,AS4766 Korea Telecom,51*,35.17,128.83,1
Gävleborg County,Sweden,Microsoft Corporation,Microsoft Azure Cloud (swedencentral),AS8075 Microsoft Corporation,80****,60.67,17.15,1
Halland County,Sweden,Telia Company AB,Telia Network Services,AS3301 Telia Company AB,43****,57.11,12.25,1
Haryana,India,Ttsl KOL ILL,Tata Teleservices Limited,AS45820 Tata Teleservices ISP AS,12****,28.35,76.93,1
Hatay,Türkiye,Avea Iletisim Hizmetleri,Avea Iletisim Hizmetleri A.S,AS20978 TT Mobil Iletisim Hizmetleri A.S,31***,36.21,36.16,1
Hauts-de-France,France,Free Mobile SAS,Free Mobile,AS51207 Free Mobile SAS,59***,50.58,3.12,1
Hauts-de-France,France,ProXad network / Free SAS,Proxad / Free SAS,AS12322 Free SAS,62***,50.95,1.85,1
Hawaii,United States,DoD Network Information Center,Navy Network Information Center,AS647 DoD Network Information Center,96***,21.31,-157.86,1
Hawaii,United States,State of Hawaii,University of Hawaii,AS62712 State of Hawaii,96***,21.3,-157.82,1
Hawaii,United States,SystemMetrics Corporation,Enovatel LLC,AS21686 SystemMetrics Corporation,96***,21.31,-157.86,1
Heilongjiang,China,China Mobile communications corporation,China Mobile,AS132525 HeiLongJiang Mobile Communication Company Limited,15****,45.76,126.64,1
Heilongjiang,China,Chinanet,Communication Corporation,AS4134 CHINANET-BACKBONE,15****,45.74,126.66,1
Henan,China,China Mobile communications corporation,China Mobile Communications Corporation,"AS24445 Henan Mobile Communications Co.,Ltd",45****,34.75,113.62,1
Heredia Province,Costa Rica,Instituto Costarricense de Electricidad y Telecom.,San Pedro,AS11830 Instituto Costarricense de Electricidad y Telecom.,40***,9.97,-84.17,1
Hesse,Germany,1&1 Versatel Deutschland GmbH,Versatel Deutschland,AS8881 1&1 Versatel Deutschland GmbH,60***,50.11,8.68,1
Hesse,Germany,ARCOR-IP,Arcor AG & Co,AS3209 Vodafone GmbH,65***,50.13,8.57,1
Hesse,Germany,AXESS Networks Solutions Germany GmbH,Customer AXESS EMEA,AS39151 AXESS Networks Solutions Germany GmbH,60***,50.11,8.68,1
Hesse,Germany,Amazon Technologies Inc.,AWS EC2 (eu-central-1),"AS16509 Amazon.com, Inc.",60***,50.11,8.68,3
Hesse,Germany,Amazon.com,AWS EC2 (eu-central-1),"AS16509 Amazon.com, Inc.",60***,50.11,8.68,1
Hesse,Germany,COLT Technology Services Group Limited,COLT Telecom,AS8220 COLT Technology Services Group Limited,60***,50.12,8.68,1
Hesse,Germany,Deutsche Post AG,Deutsche Post AG,AS12291 Deutsche Post AG,60***,50.11,8.68,1
Hesse,Germany,Deutsche Telekom AG,Deutsche Telekom AG,AS3320 Deutsche Telekom AG,60***,50.11,8.68,2
Hesse,Germany,Deutsche Telekom AG,mais GmbH,AS3320 Deutsche Telekom AG,60***,50.11,8.68,1
Hesse,Germany,DoD Network Information Center,Air Force Systems Networking,AS367 DoD Network Information Center,60***,50.11,8.68,1
Hesse,Germany,Equinix Frankfurt,Equinix (Germany) GmbH,AS15830 Equinix (EMEA) Acquisition Enterprises B.V.,60***,50.1,8.63,1
Hesse,Germany,Hivelocity Inc,Ipxo Limited,AS61317 Hivelocity Inc,60***,50.12,8.68,1
Hesse,Germany,Microsoft Corporation,Microsoft Azure Cloud (germanywestcentral),AS8075 Microsoft Corporation,60***,50.11,8.68,1
Hesse,Germany,NETHINKS GmbH,NETHINKS GmbH,AS8319 NETHINKS GmbH,36***,50.55,9.68,1
Hesse,Germany,Telekom Deutschland GmbH,Telekom Deutschland GmbH,AS3320 Deutsche Telekom AG,60***,50.11,8.68,2
Hesse,Germany,U.S. Department of Defense Education Activity,U.S. Department of Defense Education Activity,AS6595 U.S. Department of Defense Education Activity,60***,50.11,8.68,1
Hesse,Germany,Vodafone Global Enterprise Inc.,Vodafone D2 GmbH,AS3209 Vodafone GmbH,65***,50.13,8.58,1
Hesse,Germany,marbis GmbH,Marbis Defra,AS199610 marbis GmbH,60***,50.1,8.63,1
Hiroshima,Japan,"Energia Communications, Inc.",Yasuda Womens University Junior College,"AS7670 Enecom,Inc.",73******,34.39,132.45,1
Hokkaido,Japan,Kddi Corporation,KDDI,AS2516 KDDI CORPORATION,09******,44.3,142.65,1
Hunan,China,Chinanet,Chinanet HN,AS4134 CHINANET-BACKBONE,41****,27.63,111.86,1
Hyōgo,Japan,OPTAGE Inc.,OPTAGE Inc.,AS17511 OPTAGE Inc.,66******,34.8,135.4,1
Hyōgo,Japan,"Research Organization of Information and Systems, National Institute of Informa",Konan University,"AS2907 Research Organization of Information and Systems, National Institute of Informatics",65******,34.69,135.18,1
Iași County,Romania,Orange Romania Network,Orange Romania S.A,AS8953 Orange Romania S.A.,70****,47.17,27.61,1
Ibaraki,Japan,Softbank BB Corp.,SOFTBANK Corp,AS17676 SoftBank Corp.,30******,35.9,140.09,1
Idaho,United States,Wholesail networks LLC,Ziply Fiber,AS20055 Wholesail networks LLC,83***,44.89,-116.07,1
Illinois,United States,AT&T Mobility LLC,AT&T Mobility LLC,AS46164 AT&T Mobility LLC,60***,41.88,-87.63,1
Illinois,United States,"AT&T Services, Inc.",AT&T Corp,"AS7018 AT&T Services, Inc.",60***,41.8,-88.01,1
Illinois,United States,"AT&T Services, Inc.","AT&T Services, Inc.","AS7018 AT&T Services, Inc.",60***,41.88,-87.63,1
Illinois,United States,"AT&T Services, Inc.","HYPER-IT SERVICES, LLC","AS7018 AT&T Services, Inc.",60***,41.77,-88.34,1
Illinois,United States,"AT&T Services, Inc.",PPPoX Pool Rback3 EMHRIL,"AS7018 AT&T Services, Inc.",60***,41.9,-87.94,1
Illinois,United States,Argonne National Laboratory,Argonne National Laboratory,AS683 Argonne National Laboratory,60***,41.72,-87.98,1
Illinois,United States,Charter Communications,Spectrum,AS20115 Charter Communications,62***,38.81,-89.96,1
Illinois,United States,"Comcast Cable Communications, LLC","Comcast Cable Communications, Inc.","AS33491 Comcast Cable Communications, LLC",60***,41.62,-87.84,1
Illinois,United States,Eagle Wireless LLC,Eagle Wireless LLC,AS400435 Eagle Wireless LLC,62***,38.98,-88.17,1
Illinois,United States,Google Fiber Inc.,Google Fiber Inc,AS16591 Google Fiber Inc.,60***,41.88,-87.63,1
Illinois,United States,Illinois Century Network,Illinois Century Network,AS6325 Illinois Century Network,62***,39.8,-89.66,1
Illinois,United States,"Inteliquent, inc.","Inteliquent, inc","AS5006 Inteliquent, inc.",60***,41.88,-87.64,1
Illinois,United States,"Motorola, Inc.",Motorola MNIC,"AS19773 Motorola, Inc.",60***,42.07,-88.06,1
Illinois,United States,Netflix Streaming Services Inc.,Netflix Streaming Services Inc,AS2906 Netflix Streaming Services Inc.,60***,41.88,-87.63,1
Illinois,United States,Nokia of America Corporation,Nokia of America Corporation,AS10455 Nokia of America Corporation,60***,41.89,-87.63,2
Illinois,United States,Northwestern Memorial Hospital,Northwestern Memorial Hospital,AS19247 Northwestern Memorial Hospital,60***,41.89,-87.62,1
Illinois,United States,Rackspace Hosting,Rackspace Hosting,AS19994 Rackspace Hosting,60***,41.88,-87.63,1
Illinois,United States,Sargent & Lundy Engineers,Sargent & Lundy Engineers,AS26551 Sargent & Lundy Engineers,60***,41.94,-87.65,1
Illinois,United States,Sprint,Sprint,AS1239 Sprint,60***,41.88,-87.63,1
Illinois,United States,"T-Mobile USA, Inc.","T-Mobile USA, Inc.","AS21928 T-Mobile USA, Inc.",60***,41.88,-87.63,7
Illinois,United States,The University of Chicago,University of Chicago,AS160 The University of Chicago,60***,41.87,-87.66,1
Illinois,United States,United States Cellular Telephone Company,Service Provider Corporation,"AS6614 UNITED STATES CELLULAR TELEPHONE COMPANY (GREATER KNOXVILLE), L.P.",60***,41.88,-87.63,2
Illinois,United States,Verizon Business,Service Provider Corporation,AS6167 Verizon Business,60***,41.73,-87.83,1
Illinois,United States,Verizon Business,Service Provider Corporation,AS6167 Verizon Business,60***,41.92,-87.75,1
Illinois,United States,Verizon Business,Verizon Business,AS6167 Verizon Business,60***,42.05,-87.89,1
Illinois,United States,Verizon Business,Verizon Business,AS701 Verizon Business,60***,41.85,-87.62,2
Illinois,United States,Webpass Inc.,Webpass Inc.,AS19165 Webpass Inc.,60***,41.87,-87.63,1
Incheon,South Korea,DACOM-PUBNETPLUS,Pubnetplus,AS17858 LG POWERCOMM,21*,37.39,126.71,1
Incheon,South Korea,Korea Telecom,KORNET,AS4766 Korea Telecom,22*,37.51,126.66,1
Incheon,South Korea,Korea Telecom,Korea Telecom,AS4766 Korea Telecom,21*,37.51,126.72,1
Incheon,South Korea,Korea Telecom,Korea Telecom,AS4766 Korea Telecom,21***,37.5,126.71,1
Incheon,South Korea,SK Broadband Co Ltd,NQ Games Co,AS9318 SK Broadband Co Ltd,22*,37.51,126.66,1
Indiana,United States,"AT&T Services, Inc.",AT&T Corp,"AS7018 AT&T Services, Inc.",46***,39.59,-86.37,1
Indiana,United States,"AT&T Services, Inc.","AT&T Services, Inc.","AS7018 AT&T Services, Inc.",46***,39.77,-86.16,1
Indiana,United States,Eli Lilly and Company,Eli Lilly and Company,AS4249 Eli Lilly and Company,46***,39.76,-86.15,5
Indiana,United States,Intelligent Fiber Network,Washington County RTC,AS3131 Tele-Media Solutions,47***,38.49,-86.01,1
Indiana,United States,Purdue University,Purdue University,AS397501 Purdue University,47***,40.42,-86.91,1
Indiana,United States,Purdue University,Purdue University Northwest,AS17 Purdue University,46***,41.7,-86.87,1
Iowa,United States,CenturyLink,"CenturyLink, Inc","AS209 CenturyLink Communications, LLC",52***,41.95,-91.69,1
Iowa,United States,Microsoft Corporation,Microsoft Azure Cloud (centralus),AS8075 Microsoft Corporation,50***,41.59,-93.62,1
Iowa,United States,Sprint,CIS Internet Services,AS1239 Sprint,52***,41.87,-90.18,1
Istanbul,Turkey,Ereey Grup Bilisim Teknolojileri Tic. Ltd. Sti.,Ereey Network,AS205961 EREEY GRUP BILISIM TEKNOLOJILERI TIC. LTD. STI.,34***,40.98,29.1,1
Istanbul,Turkey,Superonline Iletisim Hizmetleri A.S.,Superonline Iletisim Hizmetleri,AS34984 Superonline Iletisim Hizmetleri A.S.,34***,40.92,29.18,1
Istanbul,Türkiye,TurkTelecom,Turk Telekomunikasyon A.S,AS47331 TTNet A.S.,34***,41.02,28.93,1
Istanbul,Türkiye,Vodafone Net DSL - ERENKOY,Vodafone Telekomunikasyon A.S.,AS15897 Vodafone Telekomunikasyon A.S.,34***,41.02,28.93,1
Istanbul,Türkiye,descr Avea Iletisim Hizmetleri,Avea Iletisim Hizmetleri A.S,AS20978 TT Mobil Iletisim Hizmetleri A.S,34***,41.02,28.93,1
Iwate,Japan,NTT Communications Corporation,Open Computer Network,AS4713 NTT Communications Corporation,02******,39.7,141.15,1
Jalisco,Mexico,"Mega Cable, S.A. de C.V.","Mega Cable, S.A. de C.V","AS13999 Mega Cable, S.A. de C.V.",44***,20.64,-103.44,1
Jalisco,Mexico,Uninet S.A. de C.V.,UNINET,AS8151 UNINET,45***,20.52,-103.2,1
Jalisco,Mexico,Universidad de Guadalajara,Universidad de Guadalajara,AS2549 Universidad de Guadalajara,45***,20.61,-103.36,1
Jeollanam-do,South Korea,Korea Telecom,Jeonnambonbujang,AS4766 Korea Telecom,58*,35.03,126.71,1
Jiangsu,China,China Mobile communications corporation,China Mobile,AS56046 China Mobile communications corporation,21****,31.3,120.58,1
Jiangsu,China,China Telecom,Chinanet JS,AS140292 CHINATELECOM Jiangsu province Suzhou 5G network,21****,32.06,118.76,1
Jiangsu,China,Chinanet,Chinanet JS,AS4134 CHINANET-BACKBONE,21****,32.06,118.76,3
Jihocesky kraj,Czechia,Vodafone Czech Republic a.s.,Vodafone Czech Republic,AS16019 Vodafone Czech Republic a.s.,37****,48.93,14.44,1
Jujuy,Argentina,TV MUSIC HOUSE JUJUY,TV MUSIC HOUSE JUJUY,AS52312 TV MUSIC HOUSE JUJUY,46**,-24.2,-65.18,1
Jujuy,Argentina,Telecom Argentina S.A.,Telecom Argentina S.A,AS7303 Telecom Argentina S.A.,45**,-23.67,-64.47,1
Kanagawa,Japan,Kddi Corporation,KDDI,AS2516 KDDI CORPORATION,23******,35.23,139.69,1
Kanagawa,Japan,NTT Communications Corporation,Open Computer Network,AS4713 NTT Communications Corporation,24******,35.42,139.55,1
Kanagawa,Japan,Shonan Cable Network,Shonan Cable Network,AS131918 SHONAN CABLE NETWORK,25******,35.33,139.35,1
Kanagawa,Japan,Softbank BB Corp.,SOFTBANK Corp,AS17676 SoftBank Corp.,23******,35.44,139.66,1
Kanagawa,Japan,UCOM Corp.,UCOM Corporation,AS17506 ARTERIA Networks Corporation,22******,35.56,139.53,1
Kanagawa,Japan,UCOM Corp.,broadgate,AS17506 ARTERIA Networks Corporation,22******,35.46,139.63,1
Kanagawa,Japan,Yokohama City University,Yokohama City University,"AS2907 Research Organization of Information and Systems, National Institute of Informatics",23******,35.43,139.65,1
Kansas,United States,Charter Communications,Spectrum,AS11427 Charter Communications Inc,66***,38.95,-94.68,1
Kansas,United States,Clearwave Communications,Clearwave Communications,AS11448 Clearwave Communications,66***,38.79,-95.23,1
Kansas,United States,Cox Communications Inc.,Cox Communications Inc.,AS22773 Cox Communications Inc.,66***,39.05,-95.71,1
Kansas,United States,HamWAN,Amateur Radio Digital Communications,AS63479 HamWAN,67***,37.09,-95.71,2
Kansas,United States,Kansas Research and Education Network,Kansas Research and Education Network,AS2495 Kansas Research and Education Network,66***,38.97,-95.24,1
Karnataka,India,BSNL Internet,Quadgen WiFi Project C/O Addl GM P3 Bangalore,AS9829 National Internet Backbone,56****,13.01,77.56,1
Kentucky,United States,"AT&T Services, Inc.",Private Customer - AT&T Internet Services,"AS7018 AT&T Services, Inc.",40***,38.21,-84.55,1
Kentucky,United States,East Kentucky Network,Appalachian Wireless,"AS36610 East Kentucky Network, LLC.",41***,37.66,-82.76,1
Kentucky,United States,Eastern Kentucky University,Eastern Kentucky University,AS13327 Eastern Kentucky University,40***,37.75,-84.3,1
Kentucky,United States,Fuse Internet Access,FUSE ADSL Ports - CNESR1,AS6181 Cincinnati Bell Telephone Company LLC,41***,38.93,-84.55,1
Kentucky,United States,Level 3,Plamp-keen Agency Inc,"AS3549 Level 3 Parent, LLC",40***,38.41,-85.58,1
Kentucky,United States,Mikrotec Internet Services,Mikrotec Internet Services,AS3801 Mikrotec Internet Services,41***,37.52,-82.52,1
Kentucky,United States,Spectrum,Road Runner,AS10796 Charter Communications Inc,40***,37.99,-84.38,1
Kentucky,United States,Verizon Business,Lumenis LTD,AS701 Verizon Business,40***,38.2,-85.66,1
Kentucky,United States,Windstream Communications LLC,Live Oak Alltel dial customers,AS7029 Windstream Communications LLC,41***,38.57,-83.56,1
Kentucky,United States,Windstream Communications LLC,Windstream Communications LLC,AS7029 Windstream Communications LLC,40***,37.89,-84.57,1
Kerala,India,Indian Institute of Information Technology and Management - Kerala,Indian Institute of Information Technology and Management - Kerala,"AS140192 IIITM-Kerala, IIITM-K Building, Techno park Campus,Thiruvananthapuram,Kerala-695581",69****,8.56,76.88,1
Kowloon,Hong Kong,"Alibaba (US) Technology Co., Ltd.",Alibaba Cloud LLC,"AS45102 Alibaba (US) Technology Co., Ltd.",96***,22.32,114.17,1
Kowloon,Hong Kong,Greacon Limited,Mall Ltd,AS208770 Greacon Limited,96***,22.32,114.17,1
Kowloon City,Hong Kong,Pccw IMS,PCCW Limited,AS4760 HKT Limited,96***,22.29,114.16,1
Krasnodar Krai,Russia,Dmitriy V. Kozmenko,Dmitriy V. Kozmenko,AS47586 Business Svyaz,35****,43.6,39.72,1
Kuala Lumpur,Malaysia,Akamai International B.V.,"Akamai Technologies, Inc.",AS20940 Akamai International B.V.,50***,3.14,101.69,1
Kuala Lumpur,Malaysia,Global Transit Communications,Global Transit Communications,AS24218 Global Transit Communications - Malaysia,50***,3.15,101.71,1
Kuala Lumpur,Malaysia,TM TECHNOLOGY SERVICES SDN BHD,Adsl Streamyx,AS4788 TM TECHNOLOGY SERVICES SDN. BHD.,50***,3.14,101.69,2
Kuala Lumpur,Malaysia,TM TECHNOLOGY SERVICES SDN BHD,Adsl Streamyx,AS4788 TM TECHNOLOGY SERVICES SDN. BHD.,59***,3.12,101.67,1
Kuala Lumpur,Malaysia,TM TECHNOLOGY SERVICES SDN BHD,Streamyx Home Northern,AS4788 TM TECHNOLOGY SERVICES SDN. BHD.,50***,3.14,101.69,1
Kujawsko-Pomorskie,Poland,Netia SA,INTERNETIA,AS12741 Netia SA,86****,53.4,18.71,1
KwaZulu-Natal,South Africa,Dimension Data,Dimension Data,AS10474 Dimension Data,40**,-29.86,31.02,1
KwaZulu-Natal,South Africa,Telkom SA Ltd,Telkom Internet Broadband 105,AS37457 Telkom SA Ltd.,36**,-29.91,30.94,1
KwaZulu-Natal,South Africa,Telkom SA Ltd.,Telkom SA Limited,AS37457 Telkom SA Ltd.,44**,-29.27,31.35,1
Kyiv City,Ukraine,Bilink LLC,Bilink,AS48683 Bilink LLC,31**,50.46,30.53,1
Kyiv City,Ukraine,Lifecell UA,Turkcell LLC,"AS34058 Limited Liability Company ""lifecell""",10**,50.45,30.52,1
Kyiv Oblast,Ukraine,Maximum-Net LLC,Maximum-Net LLC,AS43139 Maximum-Net LLC,81**,50.39,30.37,1
Kyoto,Japan,"Kintetsu Cable Network Co., Ltd.","Kintetsu Cable Network, Ltd","AS18081 Kintetsu Cable Network Co., Ltd.",61******,34.85,135.79,1
Kyoto,Japan,NTT Communications Corporation,Open Computer Network,AS4713 NTT Communications Corporation,60******,35.02,135.76,1
Kyoto,Japan,OPTAGE Inc.,OPTAGE Inc.,AS17511 OPTAGE Inc.,60******,35.02,135.76,1
Kyoto,Japan,Softbank BB Corp.,SOFTBANK Corp,AS17676 SoftBank Corp.,60******,35.02,135.76,1
La Rioja,Spain,BARBI,Andres Santiago S.A.,AS3352 TELEFONICA DE ESPANA S.A.U.,26***,42.01,-1.96,1
Land Berlin,Germany,D2VODAFONE,Vodafone GmbH,AS3209 Vodafone GmbH,10***,52.55,13.41,1
Land Berlin,Germany,Deutsche Telekom AG,Deutsche Telekom AG,AS3320 Deutsche Telekom AG,13***,52.61,13.25,1
Land Berlin,Germany,Verein zur Foerderung eines Deutschen Forschungsnetzes e.V.,Freie Universitaet Berlin,AS680 Verein zur Foerderung eines Deutschen Forschungsnetzes e.V.,14***,52.46,13.28,1
Lazio,Italy,Ministero della Difesa,Ministero della Difesa,AS210026 Ministero della Difesa,18*,41.89,12.51,1
Lazio,Italy,Telecom Italia S.p.A,DATACOM,AS3269 Telecom Italia S.p.A.,18*,41.96,12.46,2
Lazio,Italy,Telecom Italia S.p.A,INTERBUSINESS,AS3269 Telecom Italia S.p.A.,18*,41.96,12.46,1
Lazio,Italy,Telecom Italia S.p.A.,INTERBUSINESS,AS3269 Telecom Italia S.p.A.,13*,41.89,12.51,1
Lazio,Italy,Telecom Italia S.p.A.,Telecom Italia SPA,AS3269 Telecom Italia S.p.A.,18*,41.89,12.4,1
Lazio,Italy,Telecom Italia S.p.A. TIN EASY LITE,INTERBUSINESS,AS3269 Telecom Italia S.p.A.,18*,41.89,12.4,1
Leinster,Ireland,Amazon Technologies Inc.,AWS EC2 (eu-west-1),"AS16509 Amazon.com, Inc.",D0*,53.35,-6.26,2
Leinster,Ireland,"Amazon.com, Inc.",AWS EC2 (eu-west-1),"AS16509 Amazon.com, Inc.",D0*,53.35,-6.26,2
Leinster,Ireland,"Amazon.com, Inc.","Trimble, Inc.","AS16509 Amazon.com, Inc.",D0*,53.35,-6.26,1
Leinster,Ireland,BellSouth.net Inc.,AWS EC2 (eu-west-1),"AS16509 Amazon.com, Inc.",D0*,53.35,-6.26,1
Leinster,Ireland,HEAnet,HEAnet,AS1213 HEAnet CLG,D0*,53.35,-6.25,1
Leinster,Ireland,Microsoft Corporation,Microsoft Azure Cloud (northeurope),AS8075 Microsoft Corporation,D0*,53.35,-6.26,1
Leinster,Ireland,ROI Subs,Hutchison 3G Ireland Ltd.,AS13280 Three Ireland (Hutchison) limited,D2*,53.28,-6.41,1
Leinster,Ireland,RTC-CARLOW,Institute of Technology Carlow,AS1213 HEAnet CLG,R9*,52.83,-6.94,1
Lima region,Peru,America Movil Peru S.A.C.,America Movil Peru S.A.C,AS12252 America Movil Peru S.A.C.,15***,-12.09,-77.01,1
Lombardy,Italy,Consortium GARR,Universita' degli Studi di Milano,AS137 Consortium GARR,20***,45.47,9.19,1
Lombardy,Italy,Hivelocity Inc,Atik Srl,AS61317 Hivelocity Inc,20***,45.61,9.24,1
Lombardy,Italy,Telecom Italia Mobile,Telecom Italia S.p.A.,AS16232 Telecom Italia S.p.A.,20***,45.46,9.19,1
Lombardy,Italy,Telecom Italia S.p.A,INTERBUSINESS,AS3269 Telecom Italia S.p.A.,20***,45.46,9.19,1
Lombardy,Italy,Telecom Italia S.p.A.,Abaco S.P.A.,AS3269 Telecom Italia S.p.A.,20***,45.46,9.19,1
Lombardy,Italy,Telecom Italia S.p.A.,INTERBUSINESS,AS3269 Telecom Italia S.p.A.,20***,45.46,9.19,1
Lombardy,Italy,Telecom Italia S.p.A. TIN EASY LITE,INTERBUSINESS,AS3269 Telecom Italia S.p.A.,20***,45.57,9.08,1
Lombardy,Italy,"University of California, San Diego",Amateur Radio Digital Communications,"AS7377 University of California, San Diego",24***,45.48,9.85,1
Louisiana,United States,AT&T Mobility LLC,AT&T Mobility LLC,AS20057 AT&T Mobility LLC,71***,31.31,-92.45,1
Louisiana,United States,"CenturyLink Communications, LLC","CenturyLink Communications, LLC","AS209 CenturyLink Communications, LLC",71***,32.59,-92.07,1
Louisiana,United States,"Level 3 Communications, Inc.","Level 3, LLC","AS3356 Level 3 Parent, LLC",71***,32.59,-92.07,11
Louisiana,United States,State of Louisiana Office of Technology Services,"Louisiana School the Math, Science, and Arts",AS2048 State of Louisiana Office of Technology Services,71***,31.75,-93.1,1
Louisiana,United States,Verizon Business,BellSouth.Net,AS701 Verizon Business,70***,29.95,-90.07,1
Lower Austria,Austria,A1 Telekom Austria AG,A1ta HSI,AS8447 A1 Telekom Austria AG,36**,48.35,15.12,1
Lower Saxony,Germany,EWE TEL GmbH,EWE TEL GmbH,AS9145 EWE TEL GmbH,26***,53.02,7.86,1
Lower Saxony,Germany,EWE TEL GmbH,EWE TEL GmbH,AS9145 EWE TEL GmbH,26***,53.42,7.73,1
Lower Silesia,Poland,Orange Polska Spolka Akcyjna,Orange Polska S.A.,AS5617 Orange Polska Spolka Akcyjna,59****,51.03,15.41,1
Lubusz,Poland,Netia SA,NETIA,AS12741 Netia SA,65****,51.94,15.51,1
Lubusz,Poland,Orange Polska Spolka Akcyjna,Orange Polska S.A.,AS5617 Orange Polska Spolka Akcyjna,67****,51.8,15.72,1
Luxembourg,Luxembourg,POST Luxembourg,EPT,AS6661 POST Luxembourg,L-****,49.61,6.13,1
Madrid,Spain,Eli Lilly and Company,Eli Lilly and Company,AS4249 Eli Lilly and Company,28***,40.42,-3.69,1
Madrid,Spain,Entidad Publica Empresarial Red.es,UPM,AS766 Entidad Publica Empresarial Red.es,28***,40.38,-3.76,1
Madrid,Spain,GTT Communications Inc.,Eptisa,AS3257 GTT Communications Inc.,28***,40.42,-3.7,1
Madrid,Spain,ITL LLC,"SIA ""Singularity Telecom""",AS59729 ITL LLC,28***,40.42,-3.69,1
Madrid,Spain,Telefonica De Espana S.A.U.,Multichoice Africa Limited,AS3352 TELEFONICA DE ESPANA S.A.U.,28***,40.42,-3.7,1
Madrid,Spain,Telefonica de Espana SAU,RIMA (Red IP Multi Acceso),AS3352 TELEFONICA DE ESPANA S.A.U.,28***,40.52,-3.66,1
Maharashtra,India,Amazon Technologies Inc.,AWS EC2 (ap-south-1),"AS16509 Amazon.com, Inc.",40****,19.08,72.88,1
Maharashtra,India,Bharti Airtel Limited,Bharti Airtel Limited,AS45609 Bharti Airtel Ltd. AS for GPRS Service,40****,19.07,72.89,1
Maharashtra,India,Bharti Airtel Limited,Bharti Airtel Ltd.,AS45609 Bharti Airtel Ltd. AS for GPRS Service,40****,19.07,72.89,1
Maharashtra,India,Microsoft Corporation,Microsoft Azure Cloud (centralindia),AS8075 Microsoft Corporation,41****,18.51,73.86,1
Maharashtra,India,Tata Communications Limited,Tata Communications Limited,AS4755 TATA Communications formerly VSNL is Leading ISP,40****,19.07,72.89,1
Maine,United States,Charter Communications,Spectrum,AS11351 Charter Communications Inc,40**,43.8,-70.42,1
Manipur,India,BHARTI,ABTS Tamilnadu,"AS24560 Bharti Airtel Ltd., Telemedia Services",79****,24.81,93.94,1
Manitoba,Canada,Bell Canada,Bell Canada,AS7122 Bell Canada,R2*,49.88,-97.13,1
Manitoba,Canada,Bell Canada,Bell Canada,AS7122 Bell Canada,R5*,49.53,-96.69,1
Manitoba,Canada,Winnipeg Internet Exchange,True North NET,AS393523 Winnipeg Internet Exchange,R2*,49.83,-97.1,1
Mariy-El Republic,Russia,"JSC ""ER-Telecom Holding""","JSC ""ER-Telecom Holding"" Yoshkar-Ola Branch","AS41786 JSC ""ER-Telecom Holding""",42****,56.64,47.9,1
Maryland,United States,"Comcast Cable Communications, LLC","Comcast Cable Communications, Inc.","AS33657 Comcast Cable Communications, LLC",21***,39.3,-76.61,1
Maryland,United States,Hughes Network Systems,"Hughes Network Systems, LLC","AS6621 Hughes Network Systems, LLC",20***,39.18,-77.25,1
Maryland,United States,Sprint Communications,Sprint Relay POP,AS1239 Sprint,21***,39.24,-76.68,1
Maryland,United States,Verizon Business,Service Provider Corporation,AS6167 Verizon Business,20***,39.07,-76.99,1
Maryland,United States,Verizon Communications,"MCI Communications Services, Inc. d/b/a Verizon Business",AS701 Verizon Business,21***,39.17,-76.64,1
Massachusetts,United States,"AT&T Services, Inc.","Parametric Technology Corp, MA","AS7018 AT&T Services, Inc.",24**,42.3,-71.21,1
Massachusetts,United States,"Akamai Technologies, Inc.",The Bank of New York Mellon Corporation,"AS32787 Akamai Technologies, Inc.",17**,42.3,-71.43,1
Massachusetts,United States,Cogent Communications,"Town of Concord, MA",AS25808 Town of Concord MA,17**,42.45,-71.37,1
Massachusetts,United States,Comcast Cable Communications,"Comcast Cable Communications Holdings, Inc","AS7015 Comcast Cable Communications, LLC",24**,42.35,-71.18,1
Massachusetts,United States,"Comcast Cable Communications, LLC","Comcast Cable Communications, Inc.","AS7015 Comcast Cable Communications, LLC",21**,42.25,-71.08,1
Massachusetts,United States,"Comcast Cable Communications, LLC","Comcast Cable Communications, LLC","AS22258 Comcast Cable Communications, LLC",21**,42.29,-71.07,1
Massachusetts,United States,"Comcast Cable Communications, LLC","Comcast Cable Communications, LLC","AS7015 Comcast Cable Communications, LLC",24**,42.31,-71.27,1
Massachusetts,United States,Harvard University,Harvard University,AS1742 Harvard University,21**,42.37,-71.13,1
Massachusetts,United States,Massachusetts Institute of Technology,Massachusetts Institute of Technology,AS3 Massachusetts Institute of Technology,21**,42.36,-71.1,1
Massachusetts,United States,Verizon Business,Verizon Business,AS22394 Verizon Business,21**,42.36,-71.06,1
Massachusetts,United States,Verizon Business,Verizon Business,AS22394 Verizon Business,24**,42.44,-71.22,1
Mazovia,Poland,Orange Polska Spolka Akcyjna,Telekomunikacja Polska S.A.,AS5617 Orange Polska Spolka Akcyjna,00****,52.22,21.03,1
Mazovia,Poland,PTK CENTERTEL CDMA data services,PTK-Centertel,AS5617 Orange Polska Spolka Akcyjna,02****,52.21,20.95,1
Mecklenburg-Vorpommern,Germany,Deutsche Telekom AG,Deutsche Telekom AG,AS3320 Deutsche Telekom AG,17***,53.6,12.76,1
Mecklenburg-Vorpommern,Germany,Vodafone D2 GmbH,ARCOR-IP,AS3209 Vodafone GmbH,19***,53.43,10.74,1
Metro Manila,Philippines,Philippine Long Distance Telephone Co.,Philippine Long Distance Telephone Co,AS9299 Philippine Long Distance Telephone Company,16**,14.53,121.08,1
Metro Manila,Philippines,Philippine Long Distance Telephone Co.,Philippine Long Distance Telephone Company,AS9299 Philippine Long Distance Telephone Company,15**,14.61,121.05,1
Mexico City,Mexico,"Mexico Red de Telecomunicaciones, S. de R.L. de C.V.","Mexico Red de Telecomunicaciones, S. de R.L. de C.V","AS13591 Mexico Red de Telecomunicaciones, S. de R.L. de C.V.",11***,19.4,-99.24,1
Mexico City,Mexico,UNINET,Gestión de direccionamiento UniNet,AS8151 UNINET,11**,19.4,-99.21,1
Mexico City,Mexico,UNINET,Gestión de direccionamiento UniNet,AS8151 UNINET,74**,19.5,-99.09,1
Mexico City,Mexico,Uninet S.A. de C.V.,UNINET,AS8151 UNINET,51**,19.39,-99.26,1
Mexico City,Mexico,Uninet S.A. de C.V.,UNINET,AS8151 UNINET,67**,19.41,-99.15,1
Mexico City,Mexico,Uninet S.A. de C.V.,UNINET,AS8151 UNINET,98**,19.35,-99.09,1
Michigan,United States,Charter Communications,Spectrum,AS20115 Charter Communications,49***,41.93,-85.0,1
Michigan,United States,"Comcast Cable Communications, LLC","Comcast Cable Communications Holdings, Inc","AS33668 Comcast Cable Communications, LLC",48***,42.56,-83.18,1
Michigan,United States,FreedomNet,Amateur Radio Digital Communications,AS22829 FreedomNet,48***,42.7,-84.48,1
Michigan,United States,Great Lakes Energy Connections Inc.,Great Lakes Energy Connections Inc,AS398143 Great Lakes Energy Connections Inc.,49***,43.54,-85.75,1
Michigan,United States,Jackson National Life Insurance CO.,"Level 3, LLC",AS29841 JACKSON NATIONAL LIFE INSURANCE CO.,48***,42.33,-83.05,1
Michigan,United States,Merit Network Inc.,Merit Network Inc,AS237 Merit Network Inc.,48***,42.21,-83.74,2
Michigan,United States,Merit Network Inc.,Wayne State University,AS237 Merit Network Inc.,48***,42.36,-83.07,1
Michigan,United States,University of Michigan,Merit Network Inc.,AS36375 University of Michigan,48***,42.27,-83.73,1
Michigan,United States,WideOpenWest Finance LLC,Wide Open West,AS12083 WideOpenWest Finance LLC,48***,42.33,-83.38,1
Mie,Japan,"Chubu Telecommunications Company, Inc.","Chubu Telecommunications Co., Inc.","AS18126 Chubu Telecommunications Company, Inc.",51******,34.74,136.52,1
Mie,Japan,"Chubu Telecommunications Company, Inc.","Chubu Telecommunications Co., Inc.","AS18126 Chubu Telecommunications Company, Inc.",51******,35.05,136.67,1
Minas Gerais,Brazil,V tal,V tal,AS7738 V tal,36***,-21.74,-43.43,1
Minas Gerais,Brazil,Videomar Rede Nordeste S/A,Videomar Rede Nordeste S/A,AS28270 Videomar Rede Nordeste S/A,37***,-21.88,-46.36,1
Minnesota,United States,"Allina Health System, Inc.","Allina Health System, Inc.","AS7800 Allina Health System, Inc.",55***,44.95,-93.26,1
Minnesota,United States,Bethel University,Augsburg College,AS40497 Bethel University,55***,45.08,-93.19,1
Minnesota,United States,"Comcast Cable Communications, LLC","Comcast Cable Communications, LLC","AS13367 Comcast Cable Communications, LLC",55***,44.99,-92.95,1
Minnesota,United States,General Mills,"General Mills, Inc.","AS20478 General Mills, Inc.",55***,44.98,-93.4,1
Minnesota,United States,Mayo Foundation Medical Education and Research,Mayo Foundation Medical Education and Research,AS7973 Mayo Foundation for Medical Education and Research,55***,44.05,-92.49,1
Minnesota,United States,McGladrey,"RSM McGladrey, Inc.",AS46552 McGladrey,55***,44.98,-93.27,1
Mississippi,United States,AT&T Corp.,AT&T Corp,AS6389 AT&T Corp.,39***,30.51,-88.97,1
Mississippi,United States,"AT&T Services, Inc.",AT&T Corp,"AS7018 AT&T Services, Inc.",39***,32.24,-90.26,1
Mississippi,United States,"AT&T Services, Inc.",AT&T Corp,"AS7018 AT&T Services, Inc.",39***,32.3,-90.18,1
Missouri,United States,"AT&T Services, Inc.",AT&T Corp,"AS7018 AT&T Services, Inc.",65***,37.17,-93.3,1
Missouri,United States,"AT&T Services, Inc.",Private Customer - AT&T Internet Services,"AS7018 AT&T Services, Inc.",64***,39.1,-94.58,1
Missouri,United States,Charter Communications,Spectrum,AS20115 Charter Communications,63***,38.58,-90.52,1
Missouri,United States,Hallmark Cards Inc.,Hallmark Cards Inc.,AS22089 Hallmark Cards Inc.,64***,39.08,-94.58,1
Missouri,United States,Internet Numbers Authority,Internet Numbers Authority,AS15804 The Way Out Company,64***,38.03,-94.09,1
Missouri,United States,Sprint,Sprint Midwest Group,"AS6157 SPRINT, Business Serices Group",64***,39.08,-94.58,1
Missouri,United States,University of Missouri - dba the Missouri Research and Education Network,Lincoln University,AS2572 University of Missouri - dba the Missouri Research and Education Network (MOREnet),65***,38.57,-92.25,1
Missouri,United States,Windstream Communications LLC,Windstream Communications LLC,AS7029 Windstream Communications LLC,65***,37.61,-93.41,1
Montana,United States,Charter Communications,Spectrum,AS33588 Charter Communications,59***,45.78,-108.5,1
Montana,United States,Montana State University,Montana State University,AS13476 Montana State University,59***,45.67,-111.04,1
Montevideo Department,Uruguay,Administracion Nacional de Telecomunicaciones,Administracion Nacional de Telecomunicaciones,AS6057 Administracion Nacional de Telecomunicaciones,11***,-34.91,-56.19,1
Montevideo Department,Uruguay,Administracion Nacional de Telecomunicaciones,Administracion Nacional de Telecomunicaciones,AS6057 Administracion Nacional de Telecomunicaciones,11***,-34.91,-56.16,1
Moravskoslezsky kraj,Czechia,CZ.CZNET,Czech Telecom a.s.,"AS5610 O2 Czech Republic, a.s.",74****,49.77,17.75,1
Moravskoslezsky kraj,Czechia,Karneval Media,"UPC Ceska republika, a.s.",AS16019 Vodafone Czech Republic a.s.,70****,49.8,18.23,1
Moscow,Russia,MTS PJSC,Customers P2P 2020 25 WAN,AS8359 MTS PJSC,12****,55.75,37.62,1
Moscow,Russia,MTS PJSC,MTS PJSC,AS8359 MTS PJSC,14****,55.77,37.62,1
Moscow,Russia,PJSC Rostelecom,Rusfin1,AS12389 PJSC Rostelecom,14****,55.76,37.62,1
Moscow,Russia,Technology & Networks Co,Technology & Networks LLC,AS30833 Technology & Networks LLC,12****,55.75,37.62,1
Moscow Oblast,Russia,Okno-TV LLC,Okno-TV Ltd.,AS61396 Okno-TV LLC,14****,56.73,37.53,1
México,Mexico,Uninet S.A. de C.V.,UNINET,AS8151 UNINET,52***,19.24,-99.6,1
Nacional,Dominican Republic,Banco Multiple BHD Leon SA,Banco Multiple BHD Leon SA,AS271959 BANCO MULTIPLE BHD LEON SA,10***,18.46,-69.94,1
Nagano,Japan,"Research Organization of Information and Systems, National Institute of Informa",Shinshu University,"AS2907 Research Organization of Information and Systems, National Institute of Informatics",39******,35.82,137.95,1
Nagasaki,Japan,NTT Communications Corporation,Open Computer Network,AS4713 NTT Communications Corporation,83******,32.75,129.88,1
Nairobi County,Kenya,Safaricom Limited,Safaricom LTD,AS33771 Safaricom Limited,98**,-1.28,36.82,1
National Capital Territory of Delhi,India,TATA Communications Internet Services Ltd,PTIL,AS17820 DIRECT INTERNET LTD.,11****,28.64,77.29,1
Nebraska,United States,Union Pacific Railroad Company,Union Pacific Railroad Company,AS10405 Union Pacific Railroad Company,68***,41.26,-95.94,1
Nevada,United States,"CenturyLink Communications, LLC","CenturyLink Communications, LLC","AS209 CenturyLink Communications, LLC",89***,36.13,-115.28,1
Nevada,United States,State of Nevada,State of Nevada,AS21783 State of Nevada,89***,36.18,-115.17,1
New Brunswick,Canada,Bell Canada,Bell Aliant / FibreOp,AS855 Bell Canada,E3*,45.81,-66.68,1
New Brunswick,Canada,New Brunswick Department of Education and Early Childhood Development,New Brunswick Department of Education,AS17120 New Brunswick Department of Education and Early Childhood Development,E7*,46.55,-67.31,1
New Brunswick,Canada,Rogers Communications Canada Inc.,Rogers Communications Canada Inc,AS812 Rogers Communications Canada Inc.,E2*,45.26,-65.95,1
New Hampshire,United States,Comcast Cable Communications,"Comcast IP Services, L.L.C.","AS7015 Comcast Cable Communications, LLC",30**,43.04,-71.08,1
New Hampshire,United States,Dartmouth-Hitchcock Medical Center,Dartmouth Hitchcock Medical Center,AS11197 Dartmouth-Hitchcock Medical Center,32**,43.16,-71.4,1
New Jersey,United States,"Akamai Technologies, Inc.","Akamai Technologies, Inc.","AS16625 Akamai Technologies, Inc.",70**,40.79,-74.06,1
New Jersey,United States,Avaya Inc.,Avaya Inc,AS18676 Avaya Inc.,79**,40.7,-74.58,2
New Jersey,United States,Avaya Inc.,Avaya Inc.,AS18676 Avaya Inc.,79**,40.7,-74.58,2
New Jersey,United States,Cablevision Systems Corp.,Optimum Online (Cablevision Systems),AS6128 Cablevision Systems Corp.,88**,40.59,-74.62,1
New Jersey,United States,"Comcast Cable Communications, LLC","Comcast IP Services, L.L.C.","AS33659 Comcast Cable Communications, LLC",73**,40.72,-74.05,1
New Jersey,United States,FXDD,Unitas Global,AS54739 FXDD,73**,40.73,-74.04,1
New Jersey,United States,Nokia of America Corporation,Nokia of America Corporation,AS7345 Nokia of America Corporation,79**,40.68,-74.4,1
New Jersey,United States,Sprious LLC,"Blazing SEO, LLC",AS64267 Sprious LLC,70**,40.79,-74.06,1
New Jersey,United States,Static IP Services,Darlingt ON Swim,AS6128 Cablevision Systems Corp.,70**,40.85,-74.11,1
New Jersey,United States,Verizon Business,Cellco Partnership DBA Verizon Wireless,AS22394 Verizon Business,71**,40.74,-74.17,1
New Jersey,United States,Verizon Business,Verizon Business,AS22394 Verizon Business,71**,40.74,-74.17,1
New Jersey,United States,Verizon Business,Verizon Business,AS701 Verizon Business,70**,40.61,-74.42,1
New Jersey,United States,Verizon Business,Verizon Online LLC,AS701 Verizon Business,88**,40.39,-74.51,1
New Jersey,United States,Verizon Communications,Princeton Theological/Internet,AS701 Verizon Business,85**,40.34,-74.66,1
New Mexico,United States,CenturyLink,"CenturyLink, Inc","AS209 CenturyLink Communications, LLC",87***,35.11,-106.58,1
New South Wales,Australia,"AT&T Global Network Services, LLC",Manhattan Associates Inc,AS2687 AT&T Corp.,10**,-33.87,151.21,1
New South Wales,Australia,SingTel Optus Pty Ltd,Optus Internet Pty Ltd,AS4804 Microplex PTY LTD,20**,-33.87,151.2,1
New South Wales,Australia,Telstra Corporation Limited,Telstra Corporation,AS1221 Telstra Corporation Ltd,10**,-33.87,151.21,1
New South Wales,Australia,Telstra Corporation Limited,Telstra Corporation,AS1221 Telstra Corporation Ltd,21**,-33.71,150.96,1
New York,United States,"AT&T Services, Inc.",AT&T Corp,"AS7018 AT&T Services, Inc.",10***,40.71,-74.01,5
New York,United States,"AT&T Services, Inc.","AT&T Global Network Services, LLC","AS7018 AT&T Services, Inc.",10***,40.71,-74.01,3
New York,United States,"AT&T Services, Inc.",AT&T Internet Services,"AS7018 AT&T Services, Inc.",10***,40.71,-74.01,1
New York,United States,Buffalo State College,New York State University College at Buffalo,AS19933 Buffalo State College,14***,42.92,-78.88,1
New York,United States,Cablevision Systems Corp.,Optimum Online (Cablevision Systems),AS6128 Cablevision Systems Corp.,11***,40.67,-73.46,1
New York,United States,Cablevision Systems Corp.,Purdue Pharamacy,AS54004 Optimum WiFi,10***,40.87,-73.87,1
New York,United States,CenturyLink,"CenturyLink, Inc","AS209 CenturyLink Communications, LLC",10***,40.71,-74.01,1
New York,United States,"CenturyLink Communications, LLC","CenturyLink Communications, LLC","AS209 CenturyLink Communications, LLC",10***,40.71,-74.01,2
New York,United States,"CenturyLink Communications, LLC","CenturyLink Communications, LLC","AS22561 CenturyLink Communications, LLC",10***,40.71,-74.01,1
New York,United States,"CenturyLink Communications, LLC","CenturyLink Communications, LLC","AS3561 CenturyLink Communications, LLC",10***,40.71,-74.01,2
New York,United States,Charter Communications,Spectrum,AS10838 Charter Communications Inc,10***,40.71,-74.01,1
New York,United States,Charter Communications,Spectrum,AS11351 Charter Communications Inc,12***,42.64,-73.79,1
New York,United States,Charter Communications,Spectrum,AS11351 Charter Communications Inc,12***,42.66,-73.8,1
New York,United States,Charter Communications,Spectrum,AS11351 Charter Communications Inc,13***,43.02,-75.04,1
New York,United States,Charter Communications,Spectrum,AS16787 Charter Communications,10***,40.71,-74.01,1
New York,United States,Charter Communications Inc,Spectrum,AS11351 Charter Communications Inc,13***,44.01,-76.07,1
New York,United States,City University of New York,PSI,AS31822 City University of New York,11***,40.71,-73.74,1
New York,United States,"Level 3 Communications, Inc.","Level 3, LLC","AS3549 Level 3 Parent, LLC",10***,40.71,-74.01,1
New York,United States,MCI,Verizon Business,AS3371 MCI,10***,40.71,-74.01,1
New York,United States,MOD Mission Critical,Fast Track Internet,"AS54103 MOD Mission Critical, LLC",10***,40.76,-73.98,1
New York,United States,"Natural Wireless, LLC","Natural Wireless, LLC","AS18616 Natural Wireless, LLC",10***,40.76,-73.99,1
New York,United States,SoftLayer,"SoftLayer Technologies, Inc",AS36351 SoftLayer Technologies Inc.,10***,40.71,-74.01,1
New York,United States,Spectrum,Gourmet Boutique,AS12271 Charter Communications Inc,10***,40.78,-74.0,1
New York,United States,Spectrum,"Road Runner, VoIP Residential",AS11351 Charter Communications Inc,12***,42.96,-74.17,1
New York,United States,Verizon Business,Cellco Partnership DBA Verizon Wireless,AS22394 Verizon Business,10***,40.71,-74.01,4
New York,United States,Verizon Business,IBM Cloud Managed Application Services,AS701 Verizon Business,10***,40.71,-74.01,1
New York,United States,Verizon Business,Verizon Business,AS22394 Verizon Business,10***,40.71,-74.01,5
New York,United States,Verizon Business,Verizon Business,AS2828 Verizon Business,10***,40.71,-74.01,1
New York,United States,Verizon Business,Verizon Business,AS701 Verizon Business,10***,40.71,-74.01,3
New York,United States,Verizon Business,Verizon Business,AS701 Verizon Business,12***,42.65,-73.76,1
New York,United States,Verizon Communications,"ANS Communications, Inc",AS701 Verizon Business,10***,40.71,-74.01,1
New York,United States,"ViaSat, Inc.","ViaSat, Inc.","AS7155 ViaSat,Inc.",10***,40.71,-74.01,1
New York,United States,Windstream Communications LLC,Care Advantage,AS7029 Windstream Communications LLC,10***,40.84,-73.88,1
New York,United States,Windstream Communications LLC,Hafetz & Necheles,AS7029 Windstream Communications LLC,10***,40.75,-73.98,1
Newfoundland and Labrador,Canada,Bell Canada,Bell Aliant / CORE-INTERNETWORKING,AS855 Bell Canada,A1*,47.57,-52.78,1
Niigata,Japan,BIGLOBE Inc.,NEC BIGLOBE Ltd.,AS2518 BIGLOBE Inc.,95******,37.91,139.07,1
Nizhny Novgorod Oblast,Russia,MTS PJSC,MTS Nizhniy Novgorod Stream network,AS8580 MTS PJSC,60****,56.33,44.0,1
North Brabant,The Netherlands,Surf B.V.,Avans,AS1103 SURF B.V.,47**,51.67,4.53,1
North Carolina,United States,Atos IT Solutions and Services Inc,Arrowpoint Capital,AS33745 Atos IT Solutions and Services Inc,28***,35.15,-80.95,1
North Carolina,United States,CenturyLink Communications,NASD,"AS3561 CenturyLink Communications, LLC",28***,35.32,-80.76,1
North Carolina,United States,Charter Communications,Spectrum,AS11426 Charter Communications Inc,27***,35.76,-78.71,1
North Carolina,United States,Charter Communications,Spectrum,AS20115 Charter Communications,28***,34.16,-77.91,1
North Carolina,United States,Charter Communications,Spectrum,AS20115 Charter Communications,28***,34.86,-77.59,1
North Carolina,United States,Flexential Colorado Corp.,Flexential Colorado Corp,AS13649 Flexential Colorado Corp.,28***,35.13,-80.94,1
North Carolina,United States,Greenlight,Greenlight,AS18624 Greenlight,27***,35.73,-77.92,1
North Carolina,United States,Suddenlink Communications,Optimum,AS19108 Optimum,27***,35.59,-77.34,1
North Carolina,United States,University of North Carolina at Chapel Hill,University of North Carolina at Chapel Hill,AS36850 University of North Carolina at Chapel Hill,27***,35.91,-79.08,1
North Carolina,United States,University of North Carolina at Charlotte,University of North Carolina at Charlotte,AS53384 University of North Carolina at Charlotte,28***,35.31,-80.73,1
North Carolina,United States,Windstream Communications LLC,Private Customer - CT Communications,AS7029 Windstream Communications LLC,28***,35.4,-80.56,1
North Chungcheong,South Korea,Korea Telecom,Korea Telecom,AS4766 Korea Telecom,28*,36.64,127.47,1
North Chungcheong,South Korea,Korea Telecom,Kornet,AS4766 Korea Telecom,28*,36.63,127.43,1
North Chungcheong,South Korea,Korea Telecom,Kornet,AS4766 Korea Telecom,28***,36.82,127.66,1
North Holland,Netherlands,Microsoft Corporation,Microsoft Azure Cloud (westeurope),AS8075 Microsoft Corporation,10**,52.37,4.9,3
North Holland,Netherlands,Oracle Corporation,Oracle Cloud Infrastructure (eu-amsterdam-1),AS31898 Oracle Corporation,10**,52.35,4.94,1
North Holland,The Netherlands,Cisco Webex LLC,Cisco Webex LLC,AS13445 Cisco Webex LLC,10**,52.37,4.9,1
North Holland,The Netherlands,Galaxy Broadband Pvt Ltd,Galaxy Broadband Pvt Ltd,AS984 OCTOPUS WEB SOLUTION INC,10**,52.37,4.89,1
North Holland,The Netherlands,KPN B.V.,KPN B.V,AS1136 KPN B.V.,11**,52.5,5.07,1
North Holland,The Netherlands,Liberty Global B.V.,Liberty Global B.V,AS6830 Liberty Global B.V.,11**,52.28,4.75,1
North Holland,The Netherlands,Schlumberger Limited,Schlumberger Limited,AS72 Schlumberger Limited,10**,52.36,4.95,1
North Holland,The Netherlands,Verizon Nederland B.V,NLNET,AS702 Verizon Business,10**,52.37,4.9,1
North Holland,The Netherlands,Vodafone Libertel B.V.,Ziggo CM,AS33915 Vodafone Libertel B.V.,10**,52.37,4.9,1
North Holland,The Netherlands,in2ip B.V.,Vertebratus B.V,AS34141 in2ip B.V.,10**,52.37,4.9,1
North Rhine-Westphalia,Germany,Cogent Communications,Wir Solutions GmbH,AS174 Cogent Communications,48***,52.09,7.63,1
North Rhine-Westphalia,Germany,DOMAINFACTORY,domainfactory GmbH,AS34011 Host Europe GmbH,50***,50.93,6.95,1
North Rhine-Westphalia,Germany,Deutsche Telekom AG,Deutsche Telekom AG,AS3320 Deutsche Telekom AG,44***,51.5,7.34,1
North Rhine-Westphalia,Germany,NETHINKS GmbH,Global Business Group AG,AS8319 NETHINKS GmbH,51***,50.97,7.0,1
North Rhine-Westphalia,Germany,Telefonica Germany GmbH & Co. OHG,Telefonica Germany GmbH & Co.,AS6805 Telefonica Germany GmbH & Co.OHG,40***,51.23,6.77,1
North Rhine-Westphalia,Germany,UNI-X,BEWATEC Kommunikationstechnik GmbH,AS12371 Avency GmbH,48***,52.03,7.83,1
North Rhine-Westphalia,Germany,Verizon Deutschland GmbH,VERIZON,AS702 Verizon Business,44***,51.49,7.39,1
North Savo,Finland,Enfo Oyj,ENFO,AS29282 Enfo Oy,70***,62.9,27.68,1
North West,Singapore,"Alibaba (US) Technology Co., Ltd.",Alibaba.com LLC,"AS45102 Alibaba (US) Technology Co., Ltd.",85****,1.35,103.82,2
North West,Singapore,CHINANET Guangdong province Guangzhou MAN network,World Crossing Telecom(GuangZhou) Ltd.,AS134773 CHINANET Guangdong province Guangzhou MAN network,85****,1.35,103.82,1
Northern Territory,Australia,Northern Territory of Australia,Northern Territory Government,AS132321 NORTHERN TERRITORY OF AUSTRALIA,81*,-12.36,130.88,1
Nouvelle-Aquitaine,France,Celeste SAS,Oceanettechnology,AS20926 CELESTE SAS,16***,45.65,0.16,1
Nouvelle-Aquitaine,France,ProXad network / Free SAS,Proxad / Free SAS,AS12322 Free SAS,33***,44.69,-0.85,1
Nouvelle-Aquitaine,France,Societe Francaise Du Radiotelephone - SFR SA,N9uf DYN DSL,AS15557 Societe Francaise Du Radiotelephone - SFR SA,17***,46.17,-1.15,1
Nouvelle-Aquitaine,France,Societe Francaise Du Radiotelephone - SFR SA,SFR Infra,AS15557 Societe Francaise Du Radiotelephone - SFR SA,86***,46.59,0.33,1
Novosibirsk Oblast,Russia,Rostelecom networks,JSC Rostelecom regional branch Siberia,AS12389 PJSC Rostelecom,63****,54.9,83.03,1
Odisha,India,Bharti Airtel Limited,Bharti Airtel Limited,AS45609 Bharti Airtel Ltd. AS for GPRS Service,75****,20.27,85.83,1
Ohio,United States,"AT&T Services, Inc.",AT&T Corp,"AS7018 AT&T Services, Inc.",43***,40.09,-83.02,1
Ohio,United States,"Amazon.com, Inc.",AWS EC2 (us-east-2),"AS16509 Amazon.com, Inc.",43***,40.1,-83.11,4
Ohio,United States,Charter Communications,Spectrum,AS10796 Charter Communications Inc,43***,40.11,-83.76,1
Ohio,United States,Charter Communications,Spectrum,AS10796 Charter Communications Inc,44***,41.08,-81.57,1
Ohio,United States,Charter Communications,Spectrum,AS10796 Charter Communications Inc,44***,41.1,-81.64,1
Ohio,United States,Charter Communications,Spectrum,AS10796 Charter Communications Inc,44***,41.59,-81.55,1
Ohio,United States,Cogent Communications,Cogent Communications - IPENG,AS174 Cogent Communications,44***,41.5,-81.69,1
Ohio,United States,Cogent Communications,Cogent communications - IPENG,AS174 Cogent Communications,44***,41.5,-81.69,2
Ohio,United States,Department of Administrative Services,Department of Administrative Services,AS19902 Department of Administrative Services,44***,40.81,-81.5,1
Ohio,United States,DoD Network Information Center,Air Force Systems Networking,AS56 DoD Network Information Center,45***,39.53,-84.31,1
Ohio,United States,DoD Network Information Center,DoD Network Information Center,AS138 DoD Network Information Center,43***,39.97,-82.89,1
Ohio,United States,DoD Network Information Center,DoD Network Information Center,AS5972 DoD Network Information Center,43***,39.97,-82.89,1
Ohio,United States,DoD Network Information Center,DoD Network Information Center,AS6042 DoD Network Information Center,43***,39.97,-82.89,2
Ohio,United States,DoD Network Information Center,DoD Network Information Center,AS721 DoD Network Information Center,43***,39.97,-82.89,8
Ohio,United States,DoD Network Information Center,DoD Network Information Center,AS749 DoD Network Information Center,43***,39.97,-82.89,111
Ohio,United States,The Procter and Gamble Company,The Procter and Gamble Company,AS11003 The Procter and Gamble Company,45***,39.1,-84.51,2
Ohio,United States,Verizon Business,Cellco Partnership DBA Verizon Wireless,AS6167 Verizon Business,44***,41.45,-81.42,1
Oita,Japan,"Research Organization of Information and Systems, National Institute of Informa",Japan150,"AS2907 Research Organization of Information and Systems, National Institute of Informatics",87******,33.24,131.61,1
Oita,Japan,"Research Organization of Information and Systems, National Institute of Informa",Oita University,"AS2907 Research Organization of Information and Systems, National Institute of Informatics",87******,33.23,131.61,1
Okayama,Japan,"RELATION Co., Ltd.","RELATION Co., Ltd.","AS23836 RELATION Co., Ltd.",70******,34.66,133.94,1
Oklahoma,United States,Oklahoma Network for Education Enrichment and,East Central University,AS5078 Oklahoma Network for Education Enrichment and,74***,34.77,-96.66,1
Oklahoma,United States,Rackspace Hosting,Rackspace Hosting,AS33070 Rackspace Hosting,73***,36.39,-97.92,1
Oklahoma,United States,Vyve Broadband,"Vyve Broadband Investments, LLC",AS35986 Vyve Broadband,74***,34.93,-95.76,1
Ontario,Canada,Bell Canada,Sympatico HSE,AS577 Bell Canada,K1*,45.34,-75.63,1
Ontario,Canada,Bell Canada,Sympatico HSE,AS577 Bell Canada,L5*,43.58,-79.63,1
Ontario,Canada,"Cloudflare, Inc.","Cloudflare, Inc.","AS13335 Cloudflare, Inc.",M5*,43.65,-79.38,1
Ontario,Canada,Cogeco Communications Inc.,Cogeco Cable Canada Inc.,AS7992 Cogeco Connexion Inc.,P1*,46.33,-79.59,1
Ontario,Canada,Cogent Communications,Diallog Telecommunications Corp,AS174 Cogent Communications,M5*,43.71,-79.41,1
Ontario,Canada,Google LLC,Google LLC,AS19527 Google LLC,M5*,43.64,-79.38,1
Ontario,Canada,NSI (Holdings) Limited,Together Networks Limited,AS196962 NSI (Holdings) Limited,M1*,43.83,-79.21,1
Ontario,Canada,Nexicom Inc.,Nexicom Inc.,AS11666 Nexicom Inc.,K9*,44.32,-78.32,1
Ontario,Canada,Oracle Corporation,Oracle Cloud Infrastructure (ca-toronto-1),AS31898 Oracle Corporation,L4*,43.81,-79.59,1
Ontario,Canada,Rogers Communications Canada Inc.,Ontario Lottery and Gaming,AS812 Rogers Communications Canada Inc.,M2*,43.76,-79.36,1
Ontario,Canada,Rogers Communications Canada Inc.,Rogers Cable Communications Inc.,AS812 Rogers Communications Canada Inc.,M5*,43.67,-79.38,1
Ontario,Canada,Rogers Communications Canada Inc.,Rogers Cable Inc. BAWK,AS812 Rogers Communications Canada Inc.,M4*,43.7,-79.39,1
Ontario,Canada,Rogers Communications Canada Inc.,Rogers Cable Inc. HNSN,AS812 Rogers Communications Canada Inc.,L4*,43.87,-79.44,1
Ontario,Canada,Rogers Communications Canada Inc.,Rogers Cable Inc. MTMC,AS812 Rogers Communications Canada Inc.,N4*,43.27,-81.17,1
Ontario,Canada,Rogers Communications Canada Inc.,Rogers Cable Inc. YM,AS812 Rogers Communications Canada Inc.,M5*,43.67,-79.38,1
Ontario,Canada,Stark Industries Solutions LTD,Ithostline LTD,AS44477 STARK INDUSTRIES SOLUTIONS LTD,K0*,45.41,-75.7,1
Ontario,Canada,Start Communications,Start Communications,AS40788 Start Communications,M6*,43.67,-79.42,1
Ontario,Canada,University of Ottawa,University of Ottawa,AS25826 University of Ottawa,K1*,45.43,-75.68,1
Oregon,United States,"Amazon.com, Inc.",AWS EC2 (us-west-2),"AS16509 Amazon.com, Inc.",97***,45.52,-122.68,8
Oregon,United States,Cogent Communications,Cogent communications - IPENG,AS174 Cogent Communications,97***,45.52,-122.67,1
Oregon,United States,"Comcast Cable Communications, LLC",Comcast Cable Communications,"AS33490 Comcast Cable Communications, LLC",97***,44.9,-123.05,1
Oregon,United States,Google LLC,Google Cloud (us-west1),AS396982 Google LLC,97***,45.59,-121.18,1
Orenburg Oblast,Russia,Orenburg branch office of VolgaTelecom company,OJSC VolgaTelecom,AS12389 PJSC Rostelecom,46****,51.48,57.36,1
Oslo County,Norway,Norsk Regnesentral,NR NCC,AS59863 Norsk Regnesentral,1****,59.9,10.73,1
Paraná,Brazil,V tal,V tal,AS8167 V tal,80***,-25.5,-49.29,1
Paraíba,Brazil,Vivo,TELEF�NICA BRASIL S.A,AS26599 TELEFÔNICA BRASIL S.A,58***,-7.28,-35.98,1
Pays de la Loire,France,Societe Francaise Du Radiotelephone - SFR SA,Ncnumericable,AS15557 Societe Francaise Du Radiotelephone - SFR SA,49***,47.47,-0.55,1
Pays de la Loire,France,Societe Francaise Du Radiotelephone - SFR SA,SFR SA,AS15557 Societe Francaise Du Radiotelephone - SFR SA,44***,47.2,-1.42,1
Pennsylvania,United States,"AT&T Services, Inc.","AT&T Services, Inc.","AS7018 AT&T Services, Inc.",19***,39.95,-75.16,1
Pennsylvania,United States,Comcast Cable Communications,"Comcast IP Services, L.L.C.","AS7016 Comcast Cable Communications, LLC",15***,40.32,-79.72,1
Pennsylvania,United States,Comcast Cable Communications,"Comcast IP Services, L.L.C.","AS7016 Comcast Cable Communications, LLC",15***,40.57,-79.71,1
Pennsylvania,United States,Comcast Cable Communications,"Comcast IP Services, L.L.C.","AS7016 Comcast Cable Communications, LLC",17***,40.18,-77.0,1
Pennsylvania,United States,"Comcast Cable Communications, LLC","Comcast Cable Communications, LLC","AS33287 Comcast Cable Communications, LLC",19***,39.92,-75.18,1
Pennsylvania,United States,"Comcast Cable Communications, LLC","Comcast Cable Communications, LLC","AS7016 Comcast Cable Communications, LLC",19***,40.34,-75.87,1
Pennsylvania,United States,Drexel University,Drexel University,AS11834 Drexel University,19***,39.96,-75.23,1
Pennsylvania,United States,Hotwire Communications,Hotwire Business Solutions,"AS3356 Level 3 Parent, LLC",19***,40.01,-75.22,1
Pennsylvania,United States,In the Stix Broadband LLC,Meyersdale Area SD,AS396226 In the Stix Broadband LLC,15***,40.51,-78.63,1
Pennsylvania,United States,RCN,RCN Corporation,AS6079 RCN,18***,40.7,-75.48,1
Pennsylvania,United States,"University of California, San Diego",Amateur Radio Digital Communications,"AS7377 University of California, San Diego",19***,40.01,-75.19,1
Perm Krai,Russia,OJSC uralsvyazinform,Dynamic distribution IPs for broadband services,AS12389 PJSC Rostelecom,61****,58.0,56.24,1
Pirkanmaa,Finland,Telia Finland Oyj,Telia Finland Oyj,AS1759 Telia Finland Oyj,33***,61.49,23.76,1
Pomerania,Poland,Netia SA,Scorpion Computer Marcin Cygert,AS12741 Netia SA,84****,54.54,17.74,1
Porto,Portugal,NOS COMUNICACOES S.A,"NOS COMUNICACOES, S.A","AS1897 NOS COMUNICACOES, S.A.",40******,41.17,-8.68,1
Porto,Portugal,NOS Comunicacoes S.A.,TVCABO-Portugal,"AS2860 NOS COMUNICACOES, S.A.",44******,41.14,-8.62,1
Prague,Czechia,CVUT-TCZ + VSCHT-TCZ,Ceske vysoke uceni technicke v Praze,AS2852 CESNET z.s.p.o.,10****,50.05,14.45,1
Prague,Czechia,Network of Ignum s.r.o.,Ignum s.r.o.,"AS29134 Webglobe, s.r.o.",12****,50.08,14.44,1
Prague,Czechia,"Quantcom, a.s.",Dial Telecom,"AS29208 Quantcom, a.s.",46****,50.09,14.45,1
Prague,Czechia,T-Mobile Czech Republic,PC-Datacode s.r.o.,AS13036 T-Mobile Czech Republic a.s.,11****,50.09,14.41,1
Prague,Czechia,T-Mobile Czech Republic a.s.,T Mobile Czech xDSL,AS13036 T-Mobile Czech Republic a.s.,11****,50.09,14.41,1
Provence-Alpes-Côte d'Azur,France,Microsoft Corporation,Microsoft Azure Cloud (francesouth),AS8075 Microsoft Corporation,13***,43.3,5.37,1
Provincia de San Jose,Costa Rica,Instituto Costarricense de Electricidad y Telecom.,LIMON,AS11830 Instituto Costarricense de Electricidad y Telecom.,10***,9.94,-84.14,1
Quebec,Canada,Altima Telecom,Altima Solutions Limited,AS22423 Altima Telecom,H8*,45.44,-73.61,1
Quebec,Canada,Beanfield Technologies Inc.,Beanfield Technologies Inc,AS21548 Beanfield Technologies Inc.,H9*,45.44,-73.78,1
Quebec,Canada,Bell Canada,Gouvernement du Quebec (Government of Quebec),AS11489 Bell Canada,J4*,45.52,-73.5,1
Quebec,Canada,Bell Canada,Sympatico HSE,AS577 Bell Canada,G1*,46.88,-71.19,1
Quebec,Canada,Cogeco Connexion inc,Cogeco Connexion inc,AS11290 Cogeco Connexion inc,J0*,45.65,-76.04,1
Quebec,Canada,Le Groupe Videotron Ltee,Videotron Ltee,AS5769 Videotron Ltee,G0*,47.12,-70.86,1
Quebec,Canada,Le Groupe Videotron Ltee,Videotron Ltee,AS5769 Videotron Ltee,G1*,46.76,-71.29,1
Quebec,Canada,Le Groupe Videotron Ltee,Videotron Ltee,AS5769 Videotron Ltee,J8*,45.65,-74.33,1
Quebec,Canada,McGill University,McGill University,AS15318 McGill University,H4*,45.5,-73.57,1
Quebec,Canada,Reseau d'Informations Scientifiques du Quebec (RISQ Inc.),University of Montreal,AS376 Reseau d'Informations Scientifiques du Quebec (RISQ Inc.),H3*,45.5,-73.62,1
Queensland,Australia,SingTel Optus Pty Ltd,Optus Internet Pty Ltd,AS4804 Microplex PTY LTD,43**,-27.59,152.73,1
Queensland,Australia,SingTel Optus Pty Ltd,Optus Internet Pty Ltd,AS4804 Microplex PTY LTD,47**,-21.14,149.18,1
Queensland,Australia,Telstra Corporation Limited,Telstra Corporation,AS1221 Telstra Corporation Ltd,41**,-27.47,153.02,1
Rajasthan,India,Bharti Airtel,Bharti Airtel Limited,"AS24560 Bharti Airtel Ltd., Telemedia Services",30****,26.95,75.71,1
Rajasthan,India,Bharti Airtel,Bharti Airtel Ltd,AS45609 Bharti Airtel Ltd. AS for GPRS Service,30****,26.95,75.71,1
Rheinland-Pfalz,Germany,Telefonica O2 Germany,Telefonica Germany GmbH & Co.,AS6805 Telefonica Germany GmbH & Co.OHG,67***,49.48,8.44,1
Rhode Island,United States,Cox Communications Inc.,Cox Communications Inc,AS22773 Cox Communications Inc.,28**,41.6,-71.26,1
Rhode Island,United States,University of Rhode Island,University of Rhode Island,AS14348 University of Rhode Island,28**,41.48,-71.53,1
Rhode Island,United States,i3 Broadband,i3 Broadband,AS25710 i3 Broadband,28**,41.74,-71.32,1
Rio Grande do Sul,Brazil,TELEFÔNICA BRASIL S.A,Global Village Telecom,AS18881 TELEFÔNICA BRASIL S.A,90***,-30.12,-51.27,1
Rio Grande do Sul,Brazil,Vivo,TELEF�NICA BRASIL S.A,AS26599 TELEFÔNICA BRASIL S.A,90***,-30.12,-51.27,1
Rio Grande do Sul,Brazil,Vivo,União Sul Brasileira de Educação e Ensino,AS18881 TELEFÔNICA BRASIL S.A,92***,-29.92,-51.17,1
Rio de Janeiro,Brazil,Amazon Technologies Inc.,AWS CloudFront (GLOBAL),"AS16509 Amazon.com, Inc.",20*******,-22.91,-43.17,1
Rio de Janeiro,Brazil,ML Telecom,Metropop Tecn. da Informação Ltda ( ML TELECOM ),AS10704 ML Telecom,28*******,-22.89,-42.47,1
Rio de Janeiro,Brazil,Oi S.A. - Em Recuperação Judicial,Oi S.A. - Em Recuperação Judicial,AS14571 Oi S.A. - Em Recuperação Judicial,20*******,-22.91,-43.17,1
Rio de Janeiro,Brazil,V tal,Telemar Norte Leste S.A.,AS7738 V tal,24***,-22.92,-43.08,1
Riyadh Region,Saudi Arabia,Mobile Telecommunication Company Saudi Arabia Joint-Stock company,Mobile Telecommunication Company Saudi Arabia Joint-Stock company,AS43766 Mobile Telecommunication Company Saudi Arabia Joint-Stock company,98**,24.69,46.68,1
Riyadh Region,Saudi Arabia,Saudi Telecom Company JSC,Saudinet,AS25019 Saudi Telecom Company JSC,98**,24.69,46.72,1
Rīga,Latvia,Tele2 Sverige AB,Telephony IC,AS1257 Tele2 Sverige AB,LV*****,56.95,24.1,1
Saitama,Japan,ASJ INC.,ASJ Inc.,AS55388 ASJ INC.,33******,35.8,139.72,1
Saitama,Japan,"JCOM Co., Ltd.","JCOM Co., Ltd","AS9824 JCOM Co., Ltd.",33******,35.79,139.73,1
Saitama,Japan,NTT-ME Corporation,XePhion,AS9595 NTT-ME Corporation,33******,35.83,139.68,1
Saitama,Japan,Softbank BB Corp.,Japan Nation-wide Network of Softbank Corp.,AS17676 SoftBank Corp.,33******,35.87,139.66,1
Saitama,Japan,Softbank BB Corp.,SOFTBANK Corp,AS17676 SoftBank Corp.,33******,35.81,139.67,1
Saitama,Japan,Softbank BB Corp.,SOFTBANK Corp,AS17676 SoftBank Corp.,33******,35.86,139.64,1
Saitama,Japan,Sony Network Communications Inc,Sony Network Communications Inc.,AS2527 Sony Network Communications Inc.,33******,35.87,139.66,1
San Juan,Puerto Rico,Liberty Communications of Puerto Rico LLC,Liberty Communications of Puerto Rico LLC,AS14638 Liberty Communications of Puerto Rico LLC,90*,18.42,-66.06,1
Santa Catarina,Brazil,TELEFÔNICA BRASIL S.A,Global Village Telecom,AS18881 TELEFÔNICA BRASIL S.A,89***,-26.27,-49.0,1
Santa Catarina,Brazil,TecleNet Solucoes Tecnologicas,TecleNet Solucoes Tecnologicas,AS52775 TecleNet Solucoes Tecnologicas,88***,-28.79,-49.46,1
Santa Catarina,Brazil,UNIFIQUE TELECOMUNICACOES S/A,UNIFIQUE TELECOMUNICACOES S/A,AS28343 UNIFIQUE TELECOMUNICACOES S/A,89***,-26.82,-49.29,1
Santa Catarina,Brazil,Vivo,TELEF�NICA BRASIL S.A,AS26599 TELEFÔNICA BRASIL S.A,88***,-27.21,-49.11,1
Santander Department,Colombia,EPM Telecomunicaciones S.A. E.S.P.,EPM Telecomunicaciones S.A. E.S.P,AS13489 EPM Telecomunicaciones S.A. E.S.P.,68****,7.0,-73.05,1
Santiago Metropolitan,Chile,Claro Chile S.A.,Claro Chile S.A,AS27995 CLARO CHILE S.A.,85*****,-33.38,-70.62,1
Santiago Metropolitan,Chile,Informatica Bluehosting Limitada,Informatica Bluehosting Limitada,AS64111 INFORMATICA BLUEHOSTING LIMITADA,34***,-33.46,-70.65,1
Santiago Metropolitan,Chile,TELEFÓNICA CHILE S.A.,TELEFÓNICA CHILE S.A,AS7418 TELEFÓNICA CHILE S.A.,34***,-33.45,-70.65,1
Sao Paulo,Brazil,Oracle Corporation,Oracle Cloud Infrastructure (sa-saopaulo-1),AS31898 Oracle Corporation,13**,-23.55,-46.64,1
Saskatchewan,Canada,Saskatchewan Telecommunications,SaskTel Wide Area Network Engineering Center,AS803 Saskatchewan Telecommunications,S4*,50.43,-104.53,1
Saskatchewan,Canada,Saskatchewan Telecommunications,SaskTel Wide Area Network Engineering Center,AS803 Saskatchewan Telecommunications,S9*,52.79,-108.29,1
Saskatchewan,Canada,University of Regina,University of Regina,AS26206 University of Regina,S4*,50.43,-104.53,1
Saxony,Germany,Hetzner Online GmbH,Hetzner,AS24940 Hetzner Online GmbH,82**,50.48,12.36,1
Saxony-Anhalt,Germany,Deutsche Telekom AG,Deutsche Telekom AG,AS3320 Deutsche Telekom AG,63**,51.55,11.5,1
Scotland,United Kingdom,TalkTalk,TalkTalk Communications Limited,AS13285 TalkTalk Communications Limited,EH*,55.95,-3.16,1
Sejong-si,South Korea,LG DACOM Corporation,Boranet,AS3786 LG DACOM Corporation,30*,36.59,127.29,1
Selangor,Malaysia,"DiGi Telecommunications Sdn Bhd., Digi Internet Exchange",DiGi Telecommunications Sdn Bhd,AS4818 DiGi Telecommunications Sdn. Bhd.,47***,3.07,101.57,1
Selangor,Malaysia,TM TECHNOLOGY SERVICES SDN BHD,Adsl Streamyx,AS4788 TM TECHNOLOGY SERVICES SDN. BHD.,63***,2.93,101.66,2
Seoul,South Korea,DACOM-PUBNETPLUS,Pubnetplus,AS9316 DACOM-PUBNETPLUS,51***,37.55,127.1,1
Seoul,South Korea,HYUNDAI COMMUNICATIONS & NETWORK,HYUNDAI HCN Cable Tv System Co.Ltd,AS9762 HYUNDAI COMMUNICATIONS NETWORK,60***,37.52,127.04,1
Seoul,South Korea,Konkuk University,Konkuknet,AS9459 Konkuk University,45***,37.55,126.95,1
Seoul,South Korea,Korea Telecom,Kornet,AS4766 Korea Telecom,10***,37.64,127.0,1
Seoul,South Korea,Korea Telecom,Kornet,AS4766 Korea Telecom,69***,37.52,126.92,1
Seoul,South Korea,Korean Education Network,Hangsung University,AS3786 LG DACOM Corporation,13****,37.59,127.01,1
Seoul,South Korea,LG DACOM Corporation,Boranet,AS3786 LG DACOM Corporation,43**,37.54,126.97,1
Seoul,South Korea,LG POWERCOMM,LG POWERCOMM,AS17858 LG POWERCOMM,43**,37.54,126.97,1
Seoul,South Korea,LG POWERCOMM,Xpeed,AS17858 LG POWERCOMM,10***,37.64,127.0,1
Seoul,South Korea,LG POWERCOMM,Xpeed,AS17858 LG POWERCOMM,45**,37.58,126.98,1
Seoul,South Korea,LG POWERCOMM,Xpeed,AS17858 LG POWERCOMM,66***,37.49,127.02,1
Seoul,South Korea,SK Broadband Co Ltd,SK Broadband Co Ltd,AS9318 SK Broadband Co Ltd,45**,37.58,126.98,1
Seoul,South Korea,SK Broadband Co Ltd,SK Broadband Co Ltd,AS9318 SK Broadband Co Ltd,60***,37.52,127.04,1
Seoul,South Korea,SK Broadband Co Ltd,Sejong University,AS9318 SK Broadband Co Ltd,83***,37.48,126.9,1
Seoul,South Korea,SK Broadband Co Ltd,broadNnet,AS9318 SK Broadband Co Ltd,45**,37.58,126.98,1
Seoul,South Korea,SK Broadband Co Ltd,broadNnet,AS9756 SK Broadband Co Ltd,46**,37.56,127.0,1
Seoul,South Korea,SKTelink,SKTL Network Division,AS10171 SKTelink,43**,37.55,126.95,1
Shanghai,China,China Telecom (Group),Chinanet SH,AS4812 China Telecom (Group),20****,31.23,121.47,1
Shizuoka,Japan,NTT Communications Corporation,Open Computer Network,AS4713 NTT Communications Corporation,41******,35.1,138.86,1
Shumen,Bulgaria,A1 Bulgaria EAD,Blizoo Media and Broadband EAD,AS13124 A1 Bulgaria EAD,97**,43.26,26.91,1
Sicily,Italy,Telecom Italia Mobile,Telecom Italia S.p.A.,AS16232 Telecom Italia S.p.A.,91***,37.98,12.97,1
Sicily,Italy,Telecom Italia S.p.A.,INTERBUSINESS,AS3269 Telecom Italia S.p.A.,90***,38.13,13.33,1
Silesia,Poland,"IntegraDesign, Mariusz Barczyk","IntegraDesign, Mariusz Barczyk","AS61154 IntegraDesign, Mariusz Barczyk",42****,50.73,19.01,1
Sinaloa,Mexico,Uninet S.A. de C.V.,UNINET,AS8151 UNINET,81***,25.81,-108.98,1
Sofia-Capital,Bulgaria,MEGALAN,Megalan Network Ltd.,AS35141 A1 Bulgaria EAD,10**,42.7,23.32,1
Sofia-Capital,Bulgaria,Vivacom Bulgaria EAD,Bulgarian Telecommunications Company Plc.,AS8866 Vivacom Bulgaria EAD,10**,42.66,23.38,1
South Dakota,United States,South Dakota State University,South Dakota State University,AS11607 South Dakota State University,57***,44.3,-96.79,1
South Denmark,Denmark,TDC Holding A/S,TDC A/S,AS3292 TDC Holding A/S,67**,55.49,8.5,1
South Holland,The Netherlands,KPN B.V,Entree Vert,AS1136 KPN B.V.,30**,51.94,4.54,1
South Holland,The Netherlands,Universiteit van Amsterdam,Uvanet1,AS1124 Universiteit van Amsterdam,30**,51.92,4.48,1
South Moravian,Czechia,MAXPROGRES,Dial Telecom,"AS34315 Quantcom, a.s.",60****,49.2,16.6,1
Southern,Hong Kong,Joint Universities Computer Centre Limited,Joint Universities Computer Centre Limited,AS137207 Joint Universities Computer Centre Limited,96***,22.28,114.14,1
St.-Petersburg,Russia,PJSC Rostelecom,PJSC Rostelecom North-West Region,AS12389 PJSC Rostelecom,19****,59.94,30.31,1
St.-Petersburg,Russia,SkyNet LLC,SkyNet Networks,AS35807 SkyNet Ltd.,19****,59.9,30.26,1
Stavropol Kray,Russia,"OOO ""Post ltd""","OOO ""Post ltd""","AS12494 OOO ""Post ltd""",35****,44.05,42.86,1
Stockholm County,Sweden,Bredband2 AB,Bredband2,AS29518 Bredband2 AB,10****,59.33,18.07,1
Stockholm County,Sweden,Ericsson Inc.,Ericsson AB,AS158 Ericsson Inc.,16****,59.41,17.95,1
Stockholm County,Sweden,Tele2 SWIPNET,Mobile Services,AS1257 Tele2 Sverige AB,10****,59.33,18.07,1
Stockholm County,Sweden,Tele2 Sverige AB,Tele2 Sverige AB,AS1257 Tele2 Sverige AB,12****,59.26,18.04,1
Stockholm County,Sweden,Telenor Sverige AB,Bredbandsbolaget,AS2119 Telenor Norge AS,10****,59.32,18.05,1
Stockholm County,Sweden,Telia Company AB,Telia Network Services,AS3301 Telia Company AB,10****,59.33,18.07,1
Subcarpathia,Poland,Skyware Sp. z o.o.,Skyware Sp. z o.o,AS42673 Skyware Sp. z o.o.,35****,50.04,22.01,1
Sverdlovsk Oblast,Russia,"JSC ""ER-Telecom Holding""",CJSC Ural WES,"AS5563 JSC ""ER-Telecom Holding""",62****,56.84,60.64,1
Sverdlovsk Oblast,Russia,"JSC ""ER-Telecom Holding"" Yekaterinburg branch",CJSC ER-Telecom Holding Yekaterinburg,"AS51604 JSC ""ER-Telecom Holding""",62****,56.84,60.61,1
São Paulo,Brazil,Amazon Technologies Inc.,AWS EC2 (sa-east-1),"AS16509 Amazon.com, Inc.",01*******,-23.55,-46.63,2
São Paulo,Brazil,Claro NXT Telecomunicacoes Ltda,Claro NXT Telecomunicacoes Ltda,AS28573 Claro NXT Telecomunicacoes Ltda,10**,-23.63,-46.64,1
São Paulo,Brazil,Claro NXT Telecomunicacoes Ltda,Claro NXT Telecomunicacoes Ltda,AS28573 Claro NXT Telecomunicacoes Ltda,13***,-23.09,-47.21,1
São Paulo,Brazil,Claro NXT Telecomunicacoes Ltda,Claro NXT Telecomunicacoes Ltda,AS28573 Claro NXT Telecomunicacoes Ltda,13***,-22.97,-46.99,1
São Paulo,Brazil,Claro NXT Telecomunicacoes Ltda,Claro NXT Telecomunicacoes Ltda,AS28573 Claro NXT Telecomunicacoes Ltda,14***,-21.8,-48.18,1
São Paulo,Brazil,Claro NXT Telecomunicacoes Ltda,NET Serviços de Comunicação S.A.,AS28573 Claro NXT Telecomunicacoes Ltda,68***,-23.53,-46.64,1
São Paulo,Brazil,Claro S.A.,Claro S.A,AS4230 CLARO S.A.,01*******,-23.56,-46.64,3
São Paulo,Brazil,Network Telecomunicacoes S.A.,Network Telecomunicacoes S.A,AS28667 NETWORK TELECOMUNICACOES S.A.,13*******,-22.58,-47.41,1
São Paulo,Brazil,PROCESS SOLUTIONS TECNOLOGIA DA INFORMAÇÃO LTDA,PROCESS SOLUTIONS TECNOLOGIA DA INFORMAÇÃO LTDA,AS28334 PROCESS SOLUTIONS TECNOLOGIA DA INFORMAÇÃO LTDA,15***,-21.6,-48.45,1
São Paulo,Brazil,Sencinet Latam Brasil Ltda,Sencinet Latam Brasil Ltda,AS11271 SENCINET LATAM BRASIL LTDA,13***,-22.9,-47.2,1
São Paulo,Brazil,TELEFÔNICA BRASIL S.A,Vivo,AS27699 TELEFÔNICA BRASIL S.A,10**,-23.63,-46.64,1
São Paulo,Brazil,TIM S/A,TIM S/A,AS26615 TIM S/A,01*******,-23.56,-46.64,1
São Paulo,Brazil,TIM S/A,TIM S/A,AS26615 TIM S/A,10**,-23.63,-46.64,1
São Paulo,Brazil,TIM S/A,Tim Celular S.A.,AS26615 TIM S/A,10**,-23.63,-46.64,1
São Paulo,Brazil,Universidade De SAO Paulo,Universidade De SAO Paulo,AS28571 UNIVERSIDADE DE SAO PAULO,13***,-21.9,-47.88,1
São Paulo,Brazil,V tal,V tal,AS7738 V tal,01*******,-23.56,-46.64,2
São Paulo,Brazil,Vivo,TELEF�NICA BRASIL S.A,AS10429 TELEFÔNICA BRASIL S.A,10**,-23.63,-46.64,1
São Paulo,Brazil,Vivo,TELEF�NICA BRASIL S.A,AS26599 TELEFÔNICA BRASIL S.A,01*******,-23.56,-46.64,2
São Paulo,Brazil,Vivo,TELEF�NICA BRASIL S.A,AS26599 TELEFÔNICA BRASIL S.A,10**,-23.63,-46.64,1
São Paulo,Brazil,Vivo,TELEF�NICA BRASIL S.A,AS27699 TELEFÔNICA BRASIL S.A,10**,-23.63,-46.64,3
Tamil Nadu,India,Hathway IP over Cable Internet Access,Hathway Cable and Datacom Limited,AS17488 Hathway IP Over Cable Internet,60****,12.9,80.22,1
Tamil Nadu,India,Microsoft Corporation,Microsoft Azure Cloud (southindia),AS8075 Microsoft Corporation,60****,13.08,80.27,1
Tamil Nadu,India,SoftLayer,"SoftLayer Technologies, Inc",AS36351 SoftLayer Technologies Inc.,60****,12.9,80.22,1
Tamil Nadu,India,SoftLayer,"SoftLayer Technologies, Inc",AS36351 SoftLayer Technologies Inc.,60****,13.08,80.27,1
Tamil Nadu,India,Tata Communications Limited,Tata Communications Limited,AS4755 TATA Communications formerly VSNL is Leading ISP,60****,13.08,80.27,1
Telangana,India,Reliance Jio Infocomm Limited,Reliance Jio Infocomm Limited,AS55836 Reliance Jio Infocomm Limited,50****,17.37,78.44,1
Telangana,India,"VAINAVI INDUSTIES LTD, INTERNET SERVICE PROVIDER, INDIA",Vainavi Industries Ltd,"AS45582 VAINAVI INDUSTIES LTD, INTERNET SERVICE PROVIDER, INDIA",50****,17.37,78.44,1
Tennessee,United States,AT&T Corp.,Tennessee Board of Regents,AS19957 AT&T Corp.,38***,36.04,-89.39,1
Tennessee,United States,"AT&T Services, Inc.","AT&T Services, Inc.","AS7018 AT&T Services, Inc.",37***,36.4,-86.47,1
Tennessee,United States,"AT&T Services, Inc.",Mcmullen Tool Supply Co,"AS7018 AT&T Services, Inc.",37***,35.85,-86.49,1
Tennessee,United States,FedEx Internet Technologies Corporation,FedEx,AS7726 FedEx Internet Technologies Corporation,38***,35.04,-89.66,1
Tennessee,United States,Peace Communications LLC,Peace Communications LLC,AS6203 Peace Communications LLC,37***,35.04,-85.29,1
Tennessee,United States,"The University of Tennessee, Memphis",University of Tennessee,"AS16989 The University of Tennessee, Memphis",38***,35.14,-90.05,1
Texas,United States,"AT&T Services, Inc.",AT&T Corp,"AS7018 AT&T Services, Inc.",75***,32.95,-96.73,1
Texas,United States,"AT&T Services, Inc.",AT&T Corp,"AS7018 AT&T Services, Inc.",75***,33.14,-96.75,1
Texas,United States,"AT&T Services, Inc.",AT&T Corp,"AS7018 AT&T Services, Inc.",77***,29.76,-95.37,1
Texas,United States,"AT&T Services, Inc.",AT&T Corp,"AS7018 AT&T Services, Inc.",78***,27.68,-97.37,1
Texas,United States,"AT&T Services, Inc.",AT&T Corp,"AS7018 AT&T Services, Inc.",78***,30.51,-97.68,1
Texas,United States,"AT&T Services, Inc.",AT&T Corp,"AS7018 AT&T Services, Inc.",78***,30.52,-97.67,1
Texas,United States,"AT&T Services, Inc.",AT&T IP Team,"AS7018 AT&T Services, Inc.",77***,29.76,-95.37,1
Texas,United States,"AT&T Services, Inc.","AT&T Services, Inc.","AS7018 AT&T Services, Inc.",76***,32.78,-97.3,1
Texas,United States,"AT&T Services, Inc.",Marriott Corporationattn JOH,"AS7018 AT&T Services, Inc.",77***,29.75,-95.36,1
Texas,United States,"AT&T Services, Inc.",PPPoX Pool - AACE5 RCSNTX,"AS7018 AT&T Services, Inc.",75***,32.99,-96.71,1
Texas,United States,"AT&T Services, Inc.",PPPoX Pool - Rback6 SNANTX,"AS7018 AT&T Services, Inc.",78***,29.42,-98.49,1
Texas,United States,"AT&T Services, Inc.",Stratford Visitingnurse Associ,"AS7018 AT&T Services, Inc.",77***,29.74,-95.4,1
Texas,United States,Aptum Technologies,Cogeco Peer 1,AS13768 Aptum Technologies,78***,29.42,-98.49,1
Texas,United States,Charter Communications,Spectrum,AS11427 Charter Communications Inc,76***,32.85,-97.08,1
Texas,United States,Charter Communications,Spectrum,AS11427 Charter Communications Inc,78***,29.57,-98.61,1
Texas,United States,City of San Antonio,City of San Antonio,AS3709 City of San Antonio,78***,29.42,-98.49,1
Texas,United States,"Comcast Cable Communications, LLC","Comcast Cable Communications, Inc.","AS33662 Comcast Cable Communications, LLC",77***,29.72,-95.36,1
Texas,United States,"Comcast Cable Communications, LLC","Comcast Cable Communications, LLC","AS7922 Comcast Cable Communications, LLC",75***,32.78,-96.8,1
Texas,United States,"CoreSpace, Inc.","CoreSpace, Inc.","AS54489 CoreSpace, Inc.",75***,32.82,-96.87,2
Texas,United States,Google Fiber Inc.,Google Fiber Inc,AS16591 Google Fiber Inc.,78***,30.23,-97.72,1
Texas,United States,"Haynes and Boone, L.L.P.","Haynes and Boone, L.L.P.","AS14890 Haynes and Boone, L.L.P.",75***,32.82,-96.75,1
Texas,United States,Houston Community College System,Houston Community College System,AS25977 HOUSTON COMMUNITY COLLEGE SYSTEM,77***,29.77,-95.41,1
Texas,United States,NEC Corporation of America,"NEC USA, Inc.",AS13636 NEC Corporation of America,75***,32.91,-97.0,1
Texas,United States,PRAIRIE VIEW A&M UNIVERSITY,Prairie View A&M University,AS46335 PRAIRIE VIEW A&M UNIVERSITY,77***,29.55,-95.8,1
Texas,United States,"SWITCH, LTD","SWITCH, LTD","AS23005 SWITCH, LTD",78***,30.27,-97.74,1
Texas,United States,Sam Houston State University,Sam Houston State University,AS33187 Sam Houston State University,77***,30.72,-95.55,1
Texas,United States,Schlumberger Limited,Schlumberger Limited,AS72 Schlumberger Limited,77***,29.75,-95.47,1
Texas,United States,SoftLayer,SoftLayer Technologies Inc,AS36351 SoftLayer Technologies Inc.,75***,32.93,-96.83,1
Texas,United States,Suddenlink Communications,Suddenlink Communications,AS19108 Optimum,75***,33.65,-95.54,1
Texas,United States,Texas State Technical College at Waco,Texas State Technical College at Waco,AS17327 Texas State Technical College at Waco,76***,31.52,-97.12,1
Texas,United States,Verizon Business,"CADCentre, Inc.",AS701 Verizon Business,77***,29.73,-95.56,1
Texas,United States,Windstream Communications LLC,Windstream Communications LLC,AS7029 Windstream Communications LLC,77***,29.64,-95.64,1
The Marches,Italy,INTERBUSINESS,NAS DHCP Pool ANCONA,AS3269 Telecom Italia S.p.A.,60***,43.62,13.52,1
The Marches,Italy,INTERBUSINESS,NAS DHCP Pool Nola,AS3269 Telecom Italia S.p.A.,61***,43.84,13.01,1
Thuringia,Germany,Deutsche Telekom AG,Deutsche Telekom AG,AS3320 Deutsche Telekom AG,99***,50.84,10.96,1
Thuringia,Germany,Plusnet GmbH,Top Mehrwert-Logistik GmbH & Co.,AS20676 Plusnet GmbH,99***,50.98,10.32,1
Tocantins,Brazil,SKY POWER INFORMATICA LTDA - ME,SKY POWER INFORMATICA LTDA - ME,AS265487 SKY POWER INFORMATICA LTDA - ME,77***,-9.77,-48.58,1
Tochigi,Japan,NTT Communications Corporation,Open Computer Network,AS4713 NTT Communications Corporation,32******,36.56,139.89,1
Tokyo,Japan,ARTERIA Networks Corporation,ARTERIA Networks Corp.,AS17506 ARTERIA Networks Corporation,10******,35.69,139.77,1
Tokyo,Japan,ARTERIA Networks Corporation,"GMO Internet, Inc.",AS2519 ARTERIA Networks Corporation,15******,35.64,139.7,1
Tokyo,Japan,ARTERIA Networks Corporation,Vectant,AS2519 ARTERIA Networks Corporation,14******,35.62,139.7,1
Tokyo,Japan,Amazon Technologies Inc.,AWS EC2 (ap-northeast-1),"AS16509 Amazon.com, Inc.",15******,35.69,139.69,2
Tokyo,Japan,"Amazon.com, Inc.",AWS EC2 (ap-northeast-1),"AS16509 Amazon.com, Inc.",15******,35.69,139.69,1
Tokyo,Japan,D-cruise,Toyota Systems Corporation,AS7687 TOYOTA DIGITAL CRUISE.INCORPORATED,10******,35.69,139.77,1
Tokyo,Japan,DION (KDDI CORPORATION),KDDI,AS2516 KDDI CORPORATION,10******,35.69,139.77,1
Tokyo,Japan,DION (KDDI CORPORATION),KDDI,AS2516 KDDI CORPORATION,13******,35.65,139.79,1
Tokyo,Japan,Expereo International BV,Pfizer Inc,AS15695 Expereo International BV,10******,35.69,139.75,1
Tokyo,Japan,"Hitachi, Ltd., Managed Services Business Division","Hitachi Systems, Ltd.","AS59109 Hitachi,Ltd., Managed Services Business Division",10******,35.69,139.77,1
Tokyo,Japan,ITOCHU Techno-Solutions Corporation,ITOCHU Techno-Solutions Corporation,AS9993 ITOCHU Techno-Solutions Corporation,10******,35.69,139.77,1
Tokyo,Japan,Internet Initiative Japan,Internet Initiative Japan Inc.,"AS131916 Tokyo Bay Network Co.,Ltd.",13******,35.7,139.83,1
Tokyo,Japan,Internet Initiative Japan Inc.,Hokkaido,AS2497 Internet Initiative Japan Inc.,15******,35.68,139.68,1
Tokyo,Japan,"JCOM Co., Ltd.","JCOM Co., Ltd","AS9824 JCOM Co., Ltd.",17******,35.75,139.62,1
Tokyo,Japan,JR East Information Systems Company,JR East Japan Information Systems Company,AS131932 JR East Information Systems Company,28******,35.67,139.78,1
Tokyo,Japan,Kddi Corporation,KDDI,AS2516 KDDI CORPORATION,10******,35.69,139.77,2
Tokyo,Japan,Kddi Corporation,KDDI,AS2516 KDDI CORPORATION,15******,35.68,139.68,1
Tokyo,Japan,Kddi Corporation,Kddi Corporation,AS2516 KDDI CORPORATION,10******,35.66,139.74,1
Tokyo,Japan,Kddi Corporation,Kddi Corporation,AS2516 KDDI CORPORATION,10******,35.69,139.77,1
Tokyo,Japan,Kddi Corporation,WIMAX,AS2516 KDDI CORPORATION,10******,35.69,139.77,1
Tokyo,Japan,Keio University,KEIO,AS38635 Keio University,15******,35.64,139.7,1
Tokyo,Japan,NTN,NTN corporation,"AS2514 NTT PC Communications, Inc.",15******,35.68,139.68,1
Tokyo,Japan,NTT COMMUNICATIONS CORPORATION,OCN,AS4713 NTT Communications Corporation,15******,35.61,139.64,1
Tokyo,Japan,NTT Communications Corporation,Mitsubishi Corporation,AS4713 NTT Communications Corporation,10******,35.69,139.77,1
Tokyo,Japan,NTT Communications Corporation,NTT Communications Corporation,AS23779 NTT Communications Corporation,28******,35.69,139.77,1
Tokyo,Japan,NTT Communications Corporation,Open Computer Network,AS4713 NTT Communications Corporation,10******,35.69,139.77,1
Tokyo,Japan,"NTT PC Communications, Inc.","NTT PC Communications, Inc.","AS2514 NTT PC Communications, Inc.",20******,35.67,139.75,2
Tokyo,Japan,NTTEAST-NGN,Nippon Telegraph and Telephone East Corporation,AS9595 NTT-ME Corporation,10******,35.69,139.77,1
Tokyo,Japan,SoftLayer,"SoftLayer Technologies, Inc",AS36351 SoftLayer Technologies Inc.,10******,35.69,139.69,1
Tokyo,Japan,Softbank BB Corp.,Japan Nation-wide Network of Softbank BB Corp.,AS17676 SoftBank Corp.,10******,35.66,139.76,1
Tokyo,Japan,Softbank BB Corp.,Japan Nation-wide Network of Softbank Corp.,AS17676 SoftBank Corp.,10******,35.66,139.76,2
Tokyo,Japan,Softbank BB Corp.,Japan nation-wide Network of SOFTBANK BB CORP,AS17676 SoftBank Corp.,10******,35.66,139.76,4
Tokyo,Japan,Softbank BB Corp.,Japan nation-wide Network of SOFTBANK BB Corp.,AS17676 SoftBank Corp.,10******,35.66,139.76,4
Tokyo,Japan,Softbank BB Corp.,Japan nation-wide Network of SOFTBANK Corp.,AS17676 SoftBank Corp.,10******,35.66,139.76,2
Tokyo,Japan,Softbank BB Corp.,SOFTBANK Corp,AS17676 SoftBank Corp.,10******,35.66,139.76,3
Tokyo,Japan,Softbank BB Corp.,SOFTBANK Corp,AS17676 SoftBank Corp.,15******,35.65,139.61,1
Tokyo,Japan,Softbank BB Corp.,SOFTBANK Corp,AS17676 SoftBank Corp.,15******,35.68,139.68,1
Tokyo,Japan,Softbank BB Corp.,SOFTBANK Corp,AS17676 SoftBank Corp.,17******,35.75,139.69,1
Tokyo,Japan,TUAT,National University Corporation Tokyo University of Agriculture and Technology,"AS2907 Research Organization of Information and Systems, National Institute of Informatics",18******,35.7,139.48,1
Tokyo,Japan,UCOM Corp.,broadgate,AS17506 ARTERIA Networks Corporation,15******,35.67,139.69,1
Tokyo,Japan,USEN-BFL,UCOM Corp.,AS17506 ARTERIA Networks Corporation,15******,35.68,139.68,1
Trnava Region,Slovakia,Slovak Telecom AS6855,"Slovak Telekom, a.s.","AS6855 Slovak Telekom, a.s.",91****,48.38,17.58,1
Troms,Norway,Sikt - Kunnskapssektorens Tjenesteleverandor,"Dep. of Information Technology, University of Tromso",AS224 SIKT - KUNNSKAPSSEKTORENS TJENESTELEVERANDOR,90**,69.68,18.96,1
Tuscany,Italy,Consortium GARR,Universita' degli Studi di Firenze,AS137 Consortium GARR,50***,43.79,11.24,1
Tuscany,Italy,PISA,Universita' degli Studi di Pisa,AS137 Consortium GARR,56***,43.71,10.41,1
Tyrol,Austria,MYNET,myNET Internet Solutions,AS31543 myNet GmbH,65**,47.14,10.56,1
Ulsan,South Korea,Ulsan Jung-Ang Broadcasting Network,JCN,AS45361 Ulsan Jung-Ang Broadcasting Network,44*,35.6,129.35,1
Utah,United States,"Comcast Cable Communications, LLC","Comcast Cable Communications, LLC","AS33660 Comcast Cable Communications, LLC",84***,40.39,-111.85,1
Utah,United States,Off Campus Telecommunications,Off Campus Telecommunications,AS29933 Off Campus Telecommunications,84***,40.23,-111.67,1
Utah,United States,Verizon Business,Verizon Business,AS22394 Verizon Business,84***,40.7,-112.09,1
Utrecht,The Netherlands,Concepts ICT B.V.,Concepts ICT Holding B.V.,AS1136 KPN B.V.,36**,52.17,5.01,1
Utrecht,The Netherlands,SURFnet II b,"Graafschap College, Slingelaan 1, NL-7001 EA Doetinchem",AS1103 SURF B.V.,37**,52.1,5.24,1
Utrecht,The Netherlands,SURFnet III a,SURFnet bv,AS1101 SURF B.V.,35**,52.09,5.12,1
Utrecht,The Netherlands,SURFnet III b,SURFnet bv,AS1101 SURF B.V.,35**,52.09,5.12,3
Uttar Pradesh,India,Tata Communications Limited,Tata Communications Limited,AS4755 TATA Communications formerly VSNL is Leading ISP,11****,28.61,77.31,1
Uusimaa,Finland,Cinia Oy,Cinia Oy,AS20904 Cinia Oy,24*,60.21,24.92,1
Uusimaa,Finland,Elisa Oyj,Elisa Oyj,AS719 Elisa Oyj,12**,60.28,25.12,1
Uusimaa,Finland,Equinix (EMEA) Acquisition Enterprises B.V.,Equinix Customer - (Finland) Oy,AS15830 Equinix (EMEA) Acquisition Enterprises B.V.,12*,60.17,24.94,1
Valencia,Spain,Vodafone-BB Global,Internet Link S.L.,AS12430 VODAFONE ESPANA S.A.U.,46***,39.66,-0.22,1
Veneto,Italy,Fastweb SpA,Fastweb POP Internet,AS12874 Fastweb SpA,35***,45.39,11.79,1
Veneto,Italy,INFOSTRADA,WIND Telecomunicazioni S.p.A,AS1267 WIND TRE S.P.A.,30***,45.43,12.13,1
Veneto,Italy,INTERBUSINESS,NAS DHCP Pool VENEZIA,AS3269 Telecom Italia S.p.A.,30***,45.44,12.32,1
Veneto,Italy,Telecom Italia Net,INTERBUSINESS,AS3269 Telecom Italia S.p.A.,35***,45.27,12.11,1
Vermont,United States,Comcast Cable Communications,"Comcast IP Services, L.L.C.","AS7015 Comcast Cable Communications, LLC",54**,44.45,-73.18,1
Victoria,Australia,Australian Academic and Research Network,Royal Melbourne Institute of Technology (RMIT University),AS7575 Australian Academic and Research Network (AARNet),30**,-37.74,144.97,1
Victoria,Australia,Canaccord Genuity Financial Limited,Canaccord Genuity Financial Limited,"AS9472 Level 23, Exchange Plaza",31**,-37.84,145.02,1
Victoria,Australia,Ericsson Inc.,Eric,AS158 Ericsson Inc.,30**,-37.68,144.93,1
Victoria,Australia,SingTel Optus Pty Ltd,Optus Internet Pty Ltd,AS4804 Microplex PTY LTD,30**,-37.71,144.93,1
Victoria,Australia,SingTel Optus Pty Ltd,Optus Internet Pty Ltd,AS4804 Microplex PTY LTD,39**,-38.15,145.19,1
Victoria,Australia,Uniware Managed Services Pty Ltd,Uniware Managed Services Pty Ltd,AS45601 Uniware Managed Services Pty Ltd,30**,-37.81,144.96,1
Vienna,Austria,A1 Telekom Austria AG,A1 Telekom Austria AG,AS8447 A1 Telekom Austria AG,10**,48.23,16.35,1
Vienna,Austria,T-Mobile Austria,T-Mobile Austria GmbH,AS8412 T-Mobile Austria GmbH,10**,48.2,16.39,1
Vilnius,Lithuania,Kauno Technologijos Universitetas,Vilniaus universitetas,AS5479 Kauno Technologijos Universitetas,20**,54.69,25.28,1
Vilnius,Lithuania,Telia Lietuva,"Telia Lietuva, AB","AS8764 Telia Lietuva, AB",81**,54.7,25.26,1
Virginia,United States,Africa on Cloud,Cloud Innovation Ltd,AS328608 Africa on Cloud,20***,39.05,-77.49,1
Virginia,United States,Amazon Technologies Inc.,AWS EC2 (us-east-1),"AS14618 Amazon.com, Inc.",20***,39.04,-77.49,2
Virginia,United States,Amazon.com,AWS EC2 (us-east-1),"AS14618 Amazon.com, Inc.",20***,39.04,-77.49,1
Virginia,United States,"Amazon.com, Inc.",AWS EC2 (us-east-1),"AS14618 Amazon.com, Inc.",20***,39.04,-77.49,2
Virginia,United States,Booz Allen Hamilton Inc.,Advanced Decision Systems,AS7281 Booz Allen Hamilton Inc.,22***,38.92,-77.23,1
Virginia,United States,Cogent Communications,"Interactive Intelligence Canada, Ltd",AS174 Cogent Communications,20***,39.05,-77.49,1
Virginia,United States,Comcast Cable Communications,"Comcast IP Services, L.L.C.","AS21508 Comcast Cable Communications, LLC",24***,37.25,-80.43,1
Virginia,United States,"Comcast Cable Communications, LLC","Comcast Cable Communications, Inc.","AS21508 Comcast Cable Communications, LLC",22***,39.19,-78.19,1
Virginia,United States,Cox Communications Inc.,Cox Communications,AS22773 Cox Communications Inc.,23***,36.83,-76.04,1
Virginia,United States,DXC US Latin America Corporation,DXC US Latin America Corporation,AS21877 DXC US Latin America Corporation,20***,39.05,-77.45,1
Virginia,United States,DoD Network Information Center,Navy Network Information Center,AS367 DoD Network Information Center,20***,38.96,-77.36,1
Virginia,United States,DoD Network Information Center,Navy Network Information Center,AS647 DoD Network Information Center,23***,36.92,-76.19,1
Virginia,United States,DoD Network Information Center,Navy Network Information Center,AS721 DoD Network Information Center,23***,36.92,-76.19,2
Virginia,United States,DoD Network Information Center,Navy Network Information Center,AS749 DoD Network Information Center,23***,36.92,-76.19,1
Virginia,United States,GTT Communications Inc.,GTT,AS3257 GTT Communications Inc.,22***,38.92,-77.22,1
Virginia,United States,George Mason University,George Mason University,AS11279 George Mason University,22***,38.85,-77.33,1
Virginia,United States,Inova Health System Foundation,Inova Health System Foundation,AS393861 Inova Health System Foundation,22***,38.86,-77.27,1
Virginia,United States,MCI,MCI Telecommunications,AS3372 MCI,20***,39.01,-77.47,1
Virginia,United States,Microsoft Corporation,Microsoft Azure Cloud (eastus),AS8075 Microsoft Corporation,23***,36.68,-78.37,5
Virginia,United States,Microsoft Corporation,Microsoft Azure Cloud (eastus2),AS8075 Microsoft Corporation,23***,36.68,-78.37,2
Virginia,United States,Microsoft Corporation,Microsoft Azure Cloud (eastus2euap),AS8075 Microsoft Corporation,23***,36.68,-78.37,1
Virginia,United States,Microsoft Corporation,Microsoft Azure Cloud (usgovvirginia),AS8070 Microsoft Corporation,23***,36.68,-78.37,1
Virginia,United States,"NTT America, Inc.",NTT America Enterprise Hosting - Sterling,"AS2914 NTT America, Inc.",20***,39.04,-77.49,1
Virginia,United States,National Aeronautics and Space Administration,National Aeronautics and Space Administration,AS270 National Aeronautics and Space Administration,20***,38.96,-77.36,1
Virginia,United States,OVH SAS,OVH US LLC,AS16276 OVH SAS,20***,38.96,-77.36,2
Virginia,United States,Sprint,Sprint,AS1239 Sprint,20***,38.95,-77.39,1
Virginia,United States,U.S. Department of the Interior,U.S. Geological Survey,AS22284 U.S. Department of the Interior,20***,38.95,-77.37,1
Virginia,United States,Verizon Business,Verizon Business,AS6167 Verizon Business,20***,39.01,-77.47,1
Virginia,United States,Verizon Business,Verizon Business,AS701 Verizon Business,20***,38.87,-77.65,1
Virginia,United States,Verizon Communications,"MCI Communications Services, Inc. d/b/a Verizon Business",AS701 Verizon Business,20***,39.01,-77.47,1
Virginia,United States,Virginia Polytechnic Institute and State Univ.,Virginia Polytechnic Institute and State Univ.,AS1312 Virginia Polytechnic Institute and State Univ.,24***,37.2,-80.41,1
Virginia,United States,Wilkes Communications,WILKE,"AS22191 Wilkes Communications, Inc.",24***,36.97,-79.34,1
Västerbotten County,Sweden,Telia Company AB,Returpack-Burk Svenska AB,AS3301 Telia Company AB,93****,64.75,20.95,1
Västerbotten County,Sweden,"UMDAC, Umea University","UMDAC, Umea University","AS12501 UMDAC, Umea University",90****,63.82,20.31,1
Västra Götaland County,Sweden,Bredbandsbolaget,B2 Bredband AB,AS2119 Telenor Norge AS,43****,57.7,12.45,1
Västra Götaland County,Sweden,Telia Company AB,Telia Network Services,AS3301 Telia Company AB,41****,57.71,11.97,1
Wakayama,Japan,OPTAGE Inc.,OPTAGE Inc.,AS17511 OPTAGE Inc.,64******,34.35,135.58,1
Wallonia,Belgium,UCLOUVAIN,Universite Catholique de Louvain,AS2611 BELNET,40**,50.63,5.57,1
Wallonia,Belgium,UOFLIEGE,University of Liege,AS2611 BELNET,62**,50.48,4.58,1
Washington,United States,AT&T Mobility LLC,Service Provider Corporation,AS20057 AT&T Mobility LLC,98***,47.61,-122.33,1
Washington,United States,Atlas Networks Corporation,Atlas Networks Corporation,AS21743 Atlas Networks Corporation,98***,47.67,-122.13,1
Washington,United States,CenturyLink,"CenturyLink, Inc","AS209 CenturyLink Communications, LLC",98***,47.69,-122.3,1
Washington,United States,ESnet,Battele Pacific Northwest Laboratory,AS292 ESnet,99***,46.35,-119.28,1
Washington,United States,Hostwinds LLC.,Hostwinds LLC,AS54290 Hostwinds LLC.,98***,47.49,-122.29,1
Washington,United States,Microsoft Corporation,Microsoft Azure Cloud (westus2),AS8075 Microsoft Corporation,98***,47.23,-119.85,1
Washington,United States,Microsoft Corporation,Microsoft Corporation,AS8075 Microsoft Corporation,98***,47.64,-122.14,2
Washington,United States,"NTT America, Inc.","NTT America, Inc","AS2914 NTT America, Inc.",98***,47.67,-122.13,1
Washington,United States,Pierce County,Pierce County,AS33348 Pierce County,98***,47.0,-122.74,1
Washington,United States,"T-Mobile USA, Inc.","T-Mobile USA, Inc.","AS21928 T-Mobile USA, Inc.",98***,47.58,-122.17,1
Washington,United States,Washington State K-20 Telecommunications Network,Washington School Information Processing Cooperative,AS10430 Washington State K-20 Telecommunications Network,98***,46.49,-122.92,1
Washington,United States,"Wayport, LLC","Wayport, Inc.",AS14654 AT&T Corp.,98***,47.61,-122.33,1
West Bengal,India,BHARTI,BCL NORTH,AS45609 Bharti Airtel Ltd. AS for GPRS Service,70****,22.52,88.38,1
West Virginia,United States,Comcast Cable Communications,"Comcast Cable Communications Holdings, Inc","AS33657 Comcast Cable Communications, LLC",25***,39.28,-77.85,1
West Virginia,United States,Frontier Communications Solutions,ADSL Frontier Communications Bluefield WV,"AS5650 Frontier Communications of America, Inc.",25***,37.8,-81.2,1
West Virginia,United States,Suddenlink Communications,Suddenlink Communications,AS19108 Optimum,25***,37.8,-81.2,1
Western Australia,Australia,Australian Academic and Research Network,Murdoch Univ,AS7575 Australian Academic and Research Network (AARNet),61**,-32.19,115.97,1
Western Cape,South Africa,1 GRID (PTY) LTD,Grid,AS36943 1 GRID (PTY) LTD,74**,-33.92,18.47,1
Western Cape,South Africa,Dimension Data,Dimension Data,AS3741 Dimension Data,79**,-33.92,18.42,1
Western Cape,South Africa,Telkom SA Ltd,Telkom Internet Broadband 105,AS37457 Telkom SA Ltd.,79**,-33.92,18.42,1
Western Province,Sri Lanka,Dialog Axiata Plc,Dialog Axiata Plc,AS18001 Dialog Axiata PLC.,50*,6.88,79.86,1
Wisconsin,United States,"AT&T Services, Inc.",Sundquist LAW Office,"AS7018 AT&T Services, Inc.",53***,43.04,-87.91,1
Wisconsin,United States,Bevcomm,Inteliquent,AS15100 Bevcomm,54***,45.79,-91.11,1
Wisconsin,United States,CenturyLink,"CenturyLink, Inc",AS19901 Brightspeed,54***,43.81,-91.25,1
Wisconsin,United States,Charter Communications,Spectrum,AS10796 Charter Communications Inc,54***,44.5,-87.93,1
Wisconsin,United States,Charter Communications,Spectrum,AS20115 Charter Communications,53***,42.68,-89.13,1
Wyoming,United States,Microsoft Corporation,Microsoft Azure Cloud (westcentralus),AS8075 Microsoft Corporation,82***,41.14,-104.82,1
Zacatecas,Mexico,"Mega Cable, S.A. de C.V.","Mega Cable, S.A. de C.V","AS13999 Mega Cable, S.A. de C.V.",98***,22.83,-102.55,1
Zeeland,The Netherlands,DELTA Fiber Nederland,DELTA Fiber Nederland B.V,AS15435 DELTA Fiber Nederland B.V.,44**,51.52,3.89,1
Zhejiang,China,Chinanet,ZJ ZF New Material Co,AS4134 CHINANET-BACKBONE,31****,30.05,119.95,1
Zurich,Switzerland,Amazon.com,Amazon Data Services Switzerland,"AS16509 Amazon.com, Inc.",80**,47.37,8.57,1
Zurich,Switzerland,Provider:Swisscom IP-Plus,Bundesamt fuer Meteorologie und Klimatologie,AS559 SWITCH,83**,47.45,8.56,2
Zurich,Switzerland,Swisscom (Schweiz) AG - SME/Cybernet,Swisscom (Schweiz) AG,AS3303 Swisscom (Schweiz) AG,80**,47.35,8.56,1
Île-de-France,France,"Amazon.com, Inc.","Palo Alto Networks, Inc","AS16509 Amazon.com, Inc.",75***,48.83,2.41,1
Île-de-France,France,Orange S.A,France Telecom Orange,AS3215 Orange S.A.,75***,48.86,2.35,1
Île-de-France,France,Proxad / Free SAS,ProXad network / Free,AS12322 Free SAS,91***,48.61,2.32,1
Île-de-France,France,Proxad / Free SAS,ProXad network / Free,AS12322 Free SAS,95***,49.11,2.35,1
Île-de-France,France,Societe Francaise Du Radiotelephone - SFR SA,N9uf DYN DSL,AS15557 Societe Francaise Du Radiotelephone - SFR SA,75***,48.83,2.41,1
Île-de-France,France,Societe Francaise Du Radiotelephone - SFR SA,SFR SA,AS15557 Societe Francaise Du Radiotelephone - SFR SA,75***,48.83,2.41,1
Île-de-France,France,Societe Francaise Du Radiotelephone - SFR SA,SFR User Data,AS15557 Societe Francaise Du Radiotelephone - SFR SA,75***,48.86,2.35,2
Île-de-France,France,SoftLayer,"SoftLayer Technologies, Inc",AS36351 SoftLayer Technologies Inc.,75***,48.86,2.35,1
İzmir Province,Türkiye,National Academic Network and Information Center,Dokuz Eylul University,AS8517 National Academic Network and Information Center,35***,38.42,27.14,1
Ōsaka,Japan,JCOM,"Jupiter Telecommunications Co., Ltd.","AS9617 JCOM Co., Ltd.",53******,34.71,135.49,1
Ōsaka,Japan,KCC,"Jupiter Telecommunications Co., Ltd.","AS9617 JCOM Co., Ltd.",53******,34.74,135.51,1
Ōsaka,Japan,Kddi Corporation,Denso Corporation,AS2516 KDDI CORPORATION,54******,34.69,135.5,1
Ōsaka,Japan,Softbank BB Corp.,SOFTBANK Corp,AS17676 SoftBank Corp.,54******,34.68,135.52,1
